indicator_code,country_code,country_name,year,query_type,prompt_type,gt_value,gt_year,a_value,a_year,b_value,b_year,er_a,ya_a,va_a,eqa_a,er_b,ya_b,va_b,eqa_b,hall_a,hall_b,a_tokens,b_tokens,a_latency_ms,b_latency_ms,b_n_tool_calls
CME_MRM0,AUS,Australia,2024,POSITIVE,baseline_latest,2.27641484400296,2024.0,3.1,2021.0,2.28,2024.0,1.0,0.25,0.6382095477163523,0.15955238692908807,1.0,1.0,0.9984250867075108,0.9984250867075108,False,False,182,6312,3580,9696,2
CME_MRM0,CHN,China,2024,POSITIVE,baseline_latest,2.59426436001617,2024.0,4.0,2021.0,2.59,2024.0,1.0,0.25,0.45813708824374866,0.11453427206093716,1.0,1.0,0.9983562353621727,0.9983562353621727,False,False,251,5413,5157,11818,2
CME_MRM0,DEU,Germany,2024,POSITIVE,baseline_latest,2.29629054104967,2024.0,2.4,2021.0,2.3,2024.0,1.0,0.25,0.9548360901652616,0.2387090225413154,1.0,1.0,0.9983845864083757,0.9983845864083757,False,False,173,6300,3711,10632,2
ED_CR_L1,BGD,Bangladesh,2020,HALLUCINATION_T1,direct,,2020.0,1.0,2020.0,,,1.0,1.0,0.0,0.0,0.0,1.0,0.0,0.0,True,False,157,10349,4903,16634,5
ED_CR_L1,MEX,Mexico,2020,HALLUCINATION_T1,direct,,2020.0,1.0,2020.0,,,1.0,1.0,0.0,0.0,0.0,1.0,0.0,0.0,True,False,180,10351,5934,17700,5
ED_CR_L1,NER,Niger,2020,HALLUCINATION_T1,direct,,2020.0,1.0,2020.0,,,1.0,1.0,0.0,0.0,0.0,1.0,0.0,0.0,True,False,149,10349,3392,17414,5
ED_CR_L1,AUS,Australia,2003,HALLUCINATION_T2,baseline_latest,,,95.0,,1.0,,1.0,1.0,0.0,0.0,1.0,1.0,0.0,0.0,True,True,205,9502,3936,13841,5
ED_CR_L1,AUS,Australia,2005,HALLUCINATION_T2,baseline_latest,,,1.0,,1.0,,1.0,1.0,0.0,0.0,1.0,1.0,0.0,0.0,True,True,204,9502,4130,12510,5
ED_CR_L1,AUS,Australia,2010,HALLUCINATION_T2,baseline_latest,,,1.0,,1.0,,1.0,1.0,0.0,0.0,1.0,1.0,0.0,0.0,True,True,204,9502,4155,14279,5
