country_code,country_name,period,geo_type,indicator,indicator_name,value,unit,unit_name,sex,age,wealth_quintile,residence,maternal_edu_lvl,lower_bound,upper_bound,obs_status,obs_status_name,data_source,ref_period,country_notes,indicator_code,year
ALB,Albania,2000.0,0,CME_MRY0T4,Under-five mortality rate,26.9688398690634,D_PER_1000_B,,_T,,_T,,,24.5285341828234,29.7098126912783,A,,UN_IGME,,,CME_MRY0T4,2000
ALB,Albania,2001.0,0,CME_MRY0T4,Under-five mortality rate,25.6239508820418,D_PER_1000_B,,_T,,_T,,,23.5310775276064,27.9443371521825,A,,UN_IGME,,,CME_MRY0T4,2001
ALB,Albania,2002.0,0,CME_MRY0T4,Under-five mortality rate,24.2575492620097,D_PER_1000_B,,_T,,_T,,,22.5216863915135,26.1386563127739,A,,UN_IGME,,,CME_MRY0T4,2002
ALB,Albania,2003.0,0,CME_MRY0T4,Under-five mortality rate,22.8518524556758,D_PER_1000_B,,_T,,_T,,,21.4710097294614,24.3119186452354,A,,UN_IGME,,,CME_MRY0T4,2003
ALB,Albania,2004.0,0,CME_MRY0T4,Under-five mortality rate,21.4132467072085,D_PER_1000_B,,_T,,_T,,,20.3815858385757,22.4727477862699,A,,UN_IGME,,,CME_MRY0T4,2004
ALB,Albania,2005.0,0,CME_MRY0T4,Under-five mortality rate,19.9592002521699,D_PER_1000_B,,_T,,_T,,,19.1956766074826,20.75226613621,A,,UN_IGME,,,CME_MRY0T4,2005
ALB,Albania,2006.0,0,CME_MRY0T4,Under-five mortality rate,18.5097195342497,D_PER_1000_B,,_T,,_T,,,17.9298907707264,19.1073161801273,A,,UN_IGME,,,CME_MRY0T4,2006
ALB,Albania,2007.0,0,CME_MRY0T4,Under-five mortality rate,17.1033827588556,D_PER_1000_B,,_T,,_T,,,16.6003370693008,17.6157408177445,A,,UN_IGME,,,CME_MRY0T4,2007
ALB,Albania,2008.0,0,CME_MRY0T4,Under-five mortality rate,15.7640673293259,D_PER_1000_B,,_T,,_T,,,15.2947892037004,16.2304339981106,A,,UN_IGME,,,CME_MRY0T4,2008
ALB,Albania,2009.0,0,CME_MRY0T4,Under-five mortality rate,14.486812930077,D_PER_1000_B,,_T,,_T,,,14.04943991217,14.937972828635,A,,UN_IGME,,,CME_MRY0T4,2009
ALB,Albania,2010.0,0,CME_MRY0T4,Under-five mortality rate,13.2803295959687,D_PER_1000_B,,_T,,_T,,,12.8671508816333,13.7097232469962,A,,UN_IGME,,,CME_MRY0T4,2010
ALB,Albania,2011.0,0,CME_MRY0T4,Under-five mortality rate,12.1725325701359,D_PER_1000_B,,_T,,_T,,,11.7880671116762,12.5704319067386,A,,UN_IGME,,,CME_MRY0T4,2011
ALB,Albania,2012.0,0,CME_MRY0T4,Under-five mortality rate,11.220986192476,D_PER_1000_B,,_T,,_T,,,10.847645524864,11.605033155722,A,,UN_IGME,,,CME_MRY0T4,2012
ALB,Albania,2013.0,0,CME_MRY0T4,Under-five mortality rate,10.4771536390163,D_PER_1000_B,,_T,,_T,,,10.1186000873438,10.8450140989607,A,,UN_IGME,,,CME_MRY0T4,2013
ALB,Albania,2014.0,0,CME_MRY0T4,Under-five mortality rate,9.93481733243303,D_PER_1000_B,,_T,,_T,,,9.5797450555459,10.3008698914678,A,,UN_IGME,,,CME_MRY0T4,2014
ALB,Albania,2015.0,0,CME_MRY0T4,Under-five mortality rate,9.5862628554266,D_PER_1000_B,,_T,,_T,,,9.23352222773118,9.95792789532023,A,,UN_IGME,,,CME_MRY0T4,2015
ALB,Albania,2016.0,0,CME_MRY0T4,Under-five mortality rate,9.40075265965331,D_PER_1000_B,,_T,,_T,,,9.05153767698164,9.77768895721426,A,,UN_IGME,,,CME_MRY0T4,2016
ALB,Albania,2017.0,0,CME_MRY0T4,Under-five mortality rate,9.3363070136672,D_PER_1000_B,,_T,,_T,,,8.982454848054,9.72579923657803,A,,UN_IGME,,,CME_MRY0T4,2017
ALB,Albania,2018.0,0,CME_MRY0T4,Under-five mortality rate,9.34431410257931,D_PER_1000_B,,_T,,_T,,,8.95936636110519,9.75358328854904,A,,UN_IGME,,,CME_MRY0T4,2018
ALB,Albania,2019.0,0,CME_MRY0T4,Under-five mortality rate,9.38666962804236,D_PER_1000_B,,_T,,_T,,,8.94547676847585,9.84389886437554,A,,UN_IGME,,,CME_MRY0T4,2019
ALB,Albania,2020.0,0,CME_MRY0T4,Under-five mortality rate,9.43527214299489,D_PER_1000_B,,_T,,_T,,,8.87917219661401,10.0143276388744,A,,UN_IGME,,,CME_MRY0T4,2020
ALB,Albania,2021.0,0,CME_MRY0T4,Under-five mortality rate,9.45683249358583,D_PER_1000_B,,_T,,_T,,,8.72033357977454,10.2443261701261,A,,UN_IGME,,,CME_MRY0T4,2021
ALB,Albania,2022.0,0,CME_MRY0T4,Under-five mortality rate,9.43638524515984,D_PER_1000_B,,_T,,_T,,,8.49107359921075,10.469352661316,A,,UN_IGME,,,CME_MRY0T4,2022
ALB,Albania,2023.0,0,CME_MRY0T4,Under-five mortality rate,9.35723908797041,D_PER_1000_B,,_T,,_T,,,8.19903700923245,10.6840323811084,A,,UN_IGME,,,CME_MRY0T4,2023
ALB,Albania,2024.0,0,CME_MRY0T4,Under-five mortality rate,9.22708033362451,D_PER_1000_B,,_T,,_T,,,7.81105570318484,10.8678348209291,A,,UN_IGME,,,CME_MRY0T4,2024
AZE,Azerbaijan,2000.0,0,CME_MRY0T4,Under-five mortality rate,74.3050754350011,D_PER_1000_B,,_T,,_T,,,65.9990572008558,83.8516718681114,A,,UN_IGME,,,CME_MRY0T4,2000
AZE,Azerbaijan,2001.0,0,CME_MRY0T4,Under-five mortality rate,69.2909675056208,D_PER_1000_B,,_T,,_T,,,60.9094308949646,78.5809610122182,A,,UN_IGME,,,CME_MRY0T4,2001
AZE,Azerbaijan,2002.0,0,CME_MRY0T4,Under-five mortality rate,64.3985865119822,D_PER_1000_B,,_T,,_T,,,56.1004065465006,73.5566671219653,A,,UN_IGME,,,CME_MRY0T4,2002
AZE,Azerbaijan,2003.0,0,CME_MRY0T4,Under-five mortality rate,59.9496725338175,D_PER_1000_B,,_T,,_T,,,51.6354707495295,68.7460286278891,A,,UN_IGME,,,CME_MRY0T4,2003
AZE,Azerbaijan,2004.0,0,CME_MRY0T4,Under-five mortality rate,55.8389529340196,D_PER_1000_B,,_T,,_T,,,47.7339983749612,64.4539105781378,A,,UN_IGME,,,CME_MRY0T4,2004
AZE,Azerbaijan,2005.0,0,CME_MRY0T4,Under-five mortality rate,52.0926415898216,D_PER_1000_B,,_T,,_T,,,44.2398448940801,60.607432401725,A,,UN_IGME,,,CME_MRY0T4,2005
AZE,Azerbaijan,2006.0,0,CME_MRY0T4,Under-five mortality rate,48.7156103756443,D_PER_1000_B,,_T,,_T,,,41.1594542397915,57.1297962849674,A,,UN_IGME,,,CME_MRY0T4,2006
AZE,Azerbaijan,2007.0,0,CME_MRY0T4,Under-five mortality rate,45.6517686323439,D_PER_1000_B,,_T,,_T,,,38.3490897051879,53.7545265645696,A,,UN_IGME,,,CME_MRY0T4,2007
AZE,Azerbaijan,2008.0,0,CME_MRY0T4,Under-five mortality rate,42.8713680278591,D_PER_1000_B,,_T,,_T,,,35.7077704275309,50.8774486444935,A,,UN_IGME,,,CME_MRY0T4,2008
AZE,Azerbaijan,2009.0,0,CME_MRY0T4,Under-five mortality rate,40.2306577138768,D_PER_1000_B,,_T,,_T,,,33.3304481683565,48.2218040737273,A,,UN_IGME,,,CME_MRY0T4,2009
AZE,Azerbaijan,2010.0,0,CME_MRY0T4,Under-five mortality rate,37.7505486790492,D_PER_1000_B,,_T,,_T,,,30.992267663509,45.5212806211754,A,,UN_IGME,,,CME_MRY0T4,2010
AZE,Azerbaijan,2011.0,0,CME_MRY0T4,Under-five mortality rate,35.4535792229331,D_PER_1000_B,,_T,,_T,,,28.8493186377743,43.2287387130747,A,,UN_IGME,,,CME_MRY0T4,2011
AZE,Azerbaijan,2012.0,0,CME_MRY0T4,Under-five mortality rate,33.3611022813874,D_PER_1000_B,,_T,,_T,,,26.8250096572729,41.0536366509049,A,,UN_IGME,,,CME_MRY0T4,2012
AZE,Azerbaijan,2013.0,0,CME_MRY0T4,Under-five mortality rate,31.4090070652012,D_PER_1000_B,,_T,,_T,,,25.1457519278002,38.900291266756,A,,UN_IGME,,,CME_MRY0T4,2013
AZE,Azerbaijan,2014.0,0,CME_MRY0T4,Under-five mortality rate,29.6197803731824,D_PER_1000_B,,_T,,_T,,,23.5037427802438,36.9639808259102,A,,UN_IGME,,,CME_MRY0T4,2014
AZE,Azerbaijan,2015.0,0,CME_MRY0T4,Under-five mortality rate,27.9482290281728,D_PER_1000_B,,_T,,_T,,,22.02780286866,35.2251019507818,A,,UN_IGME,,,CME_MRY0T4,2015
AZE,Azerbaijan,2016.0,0,CME_MRY0T4,Under-five mortality rate,26.4573762941773,D_PER_1000_B,,_T,,_T,,,20.6669398841931,33.7216755097709,A,,UN_IGME,,,CME_MRY0T4,2016
AZE,Azerbaijan,2017.0,0,CME_MRY0T4,Under-five mortality rate,25.115295322547,D_PER_1000_B,,_T,,_T,,,19.3384677384554,32.3793743576628,A,,UN_IGME,,,CME_MRY0T4,2017
AZE,Azerbaijan,2018.0,0,CME_MRY0T4,Under-five mortality rate,23.8288675481992,D_PER_1000_B,,_T,,_T,,,18.1271750123534,31.1955399585964,A,,UN_IGME,,,CME_MRY0T4,2018
AZE,Azerbaijan,2019.0,0,CME_MRY0T4,Under-five mortality rate,22.6534359098679,D_PER_1000_B,,_T,,_T,,,17.0062121861805,30.2401937056115,A,,UN_IGME,,,CME_MRY0T4,2019
AZE,Azerbaijan,2020.0,0,CME_MRY0T4,Under-five mortality rate,21.5425797897047,D_PER_1000_B,,_T,,_T,,,15.8224847208383,29.403406259776,A,,UN_IGME,,,CME_MRY0T4,2020
AZE,Azerbaijan,2021.0,0,CME_MRY0T4,Under-five mortality rate,20.5436338243352,D_PER_1000_B,,_T,,_T,,,14.7588346897197,28.7325560885271,A,,UN_IGME,,,CME_MRY0T4,2021
AZE,Azerbaijan,2022.0,0,CME_MRY0T4,Under-five mortality rate,19.5926591066671,D_PER_1000_B,,_T,,_T,,,13.6478806434823,28.3322583506268,A,,UN_IGME,,,CME_MRY0T4,2022
AZE,Azerbaijan,2023.0,0,CME_MRY0T4,Under-five mortality rate,18.742526934821,D_PER_1000_B,,_T,,_T,,,12.5154801365903,28.12072040158,A,,UN_IGME,,,CME_MRY0T4,2023
AZE,Azerbaijan,2024.0,0,CME_MRY0T4,Under-five mortality rate,17.8872423134013,D_PER_1000_B,,_T,,_T,,,11.4057248434924,28.1836640843281,A,,UN_IGME,,,CME_MRY0T4,2024
BHR,Bahrain,2000.0,0,CME_MRY0T4,Under-five mortality rate,12.4996896785114,D_PER_1000_B,,_T,,_T,,,11.930068929245,13.0980450419819,A,,UN_IGME,,,CME_MRY0T4,2000
BHR,Bahrain,2001.0,0,CME_MRY0T4,Under-five mortality rate,11.9862347599269,D_PER_1000_B,,_T,,_T,,,11.4425136307546,12.5606698810382,A,,UN_IGME,,,CME_MRY0T4,2001
BHR,Bahrain,2002.0,0,CME_MRY0T4,Under-five mortality rate,11.5965255553284,D_PER_1000_B,,_T,,_T,,,11.0627507383455,12.15526503252,A,,UN_IGME,,,CME_MRY0T4,2002
BHR,Bahrain,2003.0,0,CME_MRY0T4,Under-five mortality rate,11.2699453718843,D_PER_1000_B,,_T,,_T,,,10.7513570935826,11.8122090937007,A,,UN_IGME,,,CME_MRY0T4,2003
BHR,Bahrain,2004.0,0,CME_MRY0T4,Under-five mortality rate,10.9609346373107,D_PER_1000_B,,_T,,_T,,,10.457026406478,11.4890893881803,A,,UN_IGME,,,CME_MRY0T4,2004
BHR,Bahrain,2005.0,0,CME_MRY0T4,Under-five mortality rate,10.626077708419,D_PER_1000_B,,_T,,_T,,,10.1465553011355,11.137598050739,A,,UN_IGME,,,CME_MRY0T4,2005
BHR,Bahrain,2006.0,0,CME_MRY0T4,Under-five mortality rate,10.2543408818895,D_PER_1000_B,,_T,,_T,,,9.79450880184938,10.742241399437,A,,UN_IGME,,,CME_MRY0T4,2006
BHR,Bahrain,2007.0,0,CME_MRY0T4,Under-five mortality rate,9.84163991264982,D_PER_1000_B,,_T,,_T,,,9.38520833062472,10.313756231606,A,,UN_IGME,,,CME_MRY0T4,2007
BHR,Bahrain,2008.0,0,CME_MRY0T4,Under-five mortality rate,9.40509839176253,D_PER_1000_B,,_T,,_T,,,8.96188861613429,9.86244912741566,A,,UN_IGME,,,CME_MRY0T4,2008
BHR,Bahrain,2009.0,0,CME_MRY0T4,Under-five mortality rate,8.97850767593096,D_PER_1000_B,,_T,,_T,,,8.54957706211439,9.42086242845538,A,,UN_IGME,,,CME_MRY0T4,2009
BHR,Bahrain,2010.0,0,CME_MRY0T4,Under-five mortality rate,8.60385797134854,D_PER_1000_B,,_T,,_T,,,8.1977532583617,9.03569936075556,A,,UN_IGME,,,CME_MRY0T4,2010
BHR,Bahrain,2011.0,0,CME_MRY0T4,Under-five mortality rate,8.30038711957332,D_PER_1000_B,,_T,,_T,,,7.90770242657025,8.71789039718642,A,,UN_IGME,,,CME_MRY0T4,2011
BHR,Bahrain,2012.0,0,CME_MRY0T4,Under-five mortality rate,8.05739851092742,D_PER_1000_B,,_T,,_T,,,7.6801046041488,8.45918991131255,A,,UN_IGME,,,CME_MRY0T4,2012
BHR,Bahrain,2013.0,0,CME_MRY0T4,Under-five mortality rate,7.88481603102796,D_PER_1000_B,,_T,,_T,,,7.51662687884314,8.27038118273305,A,,UN_IGME,,,CME_MRY0T4,2013
BHR,Bahrain,2014.0,0,CME_MRY0T4,Under-five mortality rate,7.76310366403318,D_PER_1000_B,,_T,,_T,,,7.38934337276071,8.14621083143849,A,,UN_IGME,,,CME_MRY0T4,2014
BHR,Bahrain,2015.0,0,CME_MRY0T4,Under-five mortality rate,7.67736852158836,D_PER_1000_B,,_T,,_T,,,7.31392255113714,8.06449231236362,A,,UN_IGME,,,CME_MRY0T4,2015
BHR,Bahrain,2016.0,0,CME_MRY0T4,Under-five mortality rate,7.63951642895132,D_PER_1000_B,,_T,,_T,,,7.27549074923796,8.03417466727134,A,,UN_IGME,,,CME_MRY0T4,2016
BHR,Bahrain,2017.0,0,CME_MRY0T4,Under-five mortality rate,7.65605080951428,D_PER_1000_B,,_T,,_T,,,7.28642977288853,8.05014085948365,A,,UN_IGME,,,CME_MRY0T4,2017
BHR,Bahrain,2018.0,0,CME_MRY0T4,Under-five mortality rate,7.72318136991086,D_PER_1000_B,,_T,,_T,,,7.34657120584953,8.12318153277845,A,,UN_IGME,,,CME_MRY0T4,2018
BHR,Bahrain,2019.0,0,CME_MRY0T4,Under-five mortality rate,7.83752876564545,D_PER_1000_B,,_T,,_T,,,7.4531845735684,8.24977351177404,A,,UN_IGME,,,CME_MRY0T4,2019
BHR,Bahrain,2020.0,0,CME_MRY0T4,Under-five mortality rate,7.99325282957667,D_PER_1000_B,,_T,,_T,,,7.59311214361059,8.42403400532231,A,,UN_IGME,,,CME_MRY0T4,2020
BHR,Bahrain,2021.0,0,CME_MRY0T4,Under-five mortality rate,8.1830513594032,D_PER_1000_B,,_T,,_T,,,7.73879865473024,8.66254038775045,A,,UN_IGME,,,CME_MRY0T4,2021
BHR,Bahrain,2022.0,0,CME_MRY0T4,Under-five mortality rate,8.39274600048623,D_PER_1000_B,,_T,,_T,,,7.84477670594242,8.98019070932002,A,,UN_IGME,,,CME_MRY0T4,2022
BHR,Bahrain,2023.0,0,CME_MRY0T4,Under-five mortality rate,8.59987958090302,D_PER_1000_B,,_T,,_T,,,7.88145413697947,9.38208780268466,A,,UN_IGME,,,CME_MRY0T4,2023
BHR,Bahrain,2024.0,0,CME_MRY0T4,Under-five mortality rate,8.76694545312907,D_PER_1000_B,,_T,,_T,,,7.84203840098569,9.81236025909191,A,,UN_IGME,,,CME_MRY0T4,2024
BLR,Belarus,2000.0,0,CME_MRY0T4,Under-five mortality rate,12.7619260597762,D_PER_1000_B,,_T,,_T,,,12.4603740941053,13.0714627154115,A,,UN_IGME,,,CME_MRY0T4,2000
BLR,Belarus,2001.0,0,CME_MRY0T4,Under-five mortality rate,11.8313034101308,D_PER_1000_B,,_T,,_T,,,11.5434790615598,12.1263645994238,A,,UN_IGME,,,CME_MRY0T4,2001
BLR,Belarus,2002.0,0,CME_MRY0T4,Under-five mortality rate,10.9457755663546,D_PER_1000_B,,_T,,_T,,,10.6578345286483,11.2313891732497,A,,UN_IGME,,,CME_MRY0T4,2002
BLR,Belarus,2003.0,0,CME_MRY0T4,Under-five mortality rate,10.148280550273,D_PER_1000_B,,_T,,_T,,,9.87560038525886,10.4176399317502,A,,UN_IGME,,,CME_MRY0T4,2003
BLR,Belarus,2004.0,0,CME_MRY0T4,Under-five mortality rate,9.43167580104528,D_PER_1000_B,,_T,,_T,,,9.1873988042415,9.680699170013,A,,UN_IGME,,,CME_MRY0T4,2004
BLR,Belarus,2005.0,0,CME_MRY0T4,Under-five mortality rate,8.73509936229358,D_PER_1000_B,,_T,,_T,,,8.49526726950699,8.99074587627435,A,,UN_IGME,,,CME_MRY0T4,2005
BLR,Belarus,2006.0,0,CME_MRY0T4,Under-five mortality rate,8.01286672674611,D_PER_1000_B,,_T,,_T,,,7.79329204464437,8.24154074979023,A,,UN_IGME,,,CME_MRY0T4,2006
BLR,Belarus,2007.0,0,CME_MRY0T4,Under-five mortality rate,7.29464568521271,D_PER_1000_B,,_T,,_T,,,7.09518512402842,7.5028224091823,A,,UN_IGME,,,CME_MRY0T4,2007
BLR,Belarus,2008.0,0,CME_MRY0T4,Under-five mortality rate,6.63990708287133,D_PER_1000_B,,_T,,_T,,,6.44906945520527,6.83715125153774,A,,UN_IGME,,,CME_MRY0T4,2008
BLR,Belarus,2009.0,0,CME_MRY0T4,Under-five mortality rate,6.07378138882228,D_PER_1000_B,,_T,,_T,,,5.88996556620104,6.25390520977941,A,,UN_IGME,,,CME_MRY0T4,2009
BLR,Belarus,2010.0,0,CME_MRY0T4,Under-five mortality rate,5.59327825106657,D_PER_1000_B,,_T,,_T,,,5.41346138327034,5.76437853644328,A,,UN_IGME,,,CME_MRY0T4,2010
BLR,Belarus,2011.0,0,CME_MRY0T4,Under-five mortality rate,5.19184511565271,D_PER_1000_B,,_T,,_T,,,5.02751745545104,5.35516265339498,A,,UN_IGME,,,CME_MRY0T4,2011
BLR,Belarus,2012.0,0,CME_MRY0T4,Under-five mortality rate,4.85941045363393,D_PER_1000_B,,_T,,_T,,,4.70842679478277,5.01413246464148,A,,UN_IGME,,,CME_MRY0T4,2012
BLR,Belarus,2013.0,0,CME_MRY0T4,Under-five mortality rate,4.57510530186479,D_PER_1000_B,,_T,,_T,,,4.42752597914646,4.72773948696978,A,,UN_IGME,,,CME_MRY0T4,2013
BLR,Belarus,2014.0,0,CME_MRY0T4,Under-five mortality rate,4.32499121540756,D_PER_1000_B,,_T,,_T,,,4.18385853328826,4.46940153667193,A,,UN_IGME,,,CME_MRY0T4,2014
BLR,Belarus,2015.0,0,CME_MRY0T4,Under-five mortality rate,4.08852595216743,D_PER_1000_B,,_T,,_T,,,3.94810943314784,4.23175884558536,A,,UN_IGME,,,CME_MRY0T4,2015
BLR,Belarus,2016.0,0,CME_MRY0T4,Under-five mortality rate,3.85431203029741,D_PER_1000_B,,_T,,_T,,,3.71876852300663,3.99633421785804,A,,UN_IGME,,,CME_MRY0T4,2016
BLR,Belarus,2017.0,0,CME_MRY0T4,Under-five mortality rate,3.61598935223163,D_PER_1000_B,,_T,,_T,,,3.47672231210738,3.76085000889554,A,,UN_IGME,,,CME_MRY0T4,2017
BLR,Belarus,2018.0,0,CME_MRY0T4,Under-five mortality rate,3.37140593592246,D_PER_1000_B,,_T,,_T,,,3.21005483987297,3.54478237364992,A,,UN_IGME,,,CME_MRY0T4,2018
BLR,Belarus,2019.0,0,CME_MRY0T4,Under-five mortality rate,3.13064369573523,D_PER_1000_B,,_T,,_T,,,2.9146376783697,3.36073741651917,A,,UN_IGME,,,CME_MRY0T4,2019
BLR,Belarus,2020.0,0,CME_MRY0T4,Under-five mortality rate,2.90968501681381,D_PER_1000_B,,_T,,_T,,,2.62002023384446,3.21916341035843,A,,UN_IGME,,,CME_MRY0T4,2020
BLR,Belarus,2021.0,0,CME_MRY0T4,Under-five mortality rate,2.72991756453827,D_PER_1000_B,,_T,,_T,,,2.3640183388166,3.1221848642027,A,,UN_IGME,,,CME_MRY0T4,2021
BLR,Belarus,2022.0,0,CME_MRY0T4,Under-five mortality rate,2.57839583276599,D_PER_1000_B,,_T,,_T,,,2.13760231058426,3.06915797576059,A,,UN_IGME,,,CME_MRY0T4,2022
BLR,Belarus,2023.0,0,CME_MRY0T4,Under-five mortality rate,2.44868474128095,D_PER_1000_B,,_T,,_T,,,1.9406803101738,3.04134228418283,A,,UN_IGME,,,CME_MRY0T4,2023
BLR,Belarus,2024.0,0,CME_MRY0T4,Under-five mortality rate,2.33133623833552,D_PER_1000_B,,_T,,_T,,,1.77903802704919,3.01486610356024,A,,UN_IGME,,,CME_MRY0T4,2024
CAF,Central African Republic,2000.0,0,CME_MRY0T4,Under-five mortality rate,165.457867681709,D_PER_1000_B,,_T,,_T,,,149.898479972944,184.10721329504,A,,UN_IGME,,,CME_MRY0T4,2000
CAF,Central African Republic,2001.0,0,CME_MRY0T4,Under-five mortality rate,162.486669333879,D_PER_1000_B,,_T,,_T,,,147.062822862988,181.177967242341,A,,UN_IGME,,,CME_MRY0T4,2001
CAF,Central African Republic,2002.0,0,CME_MRY0T4,Under-five mortality rate,159.047119631176,D_PER_1000_B,,_T,,_T,,,143.768910378288,177.807233340482,A,,UN_IGME,,,CME_MRY0T4,2002
CAF,Central African Republic,2003.0,0,CME_MRY0T4,Under-five mortality rate,155.590402786042,D_PER_1000_B,,_T,,_T,,,140.177967600472,174.163524711012,A,,UN_IGME,,,CME_MRY0T4,2003
CAF,Central African Republic,2004.0,0,CME_MRY0T4,Under-five mortality rate,151.825308752156,D_PER_1000_B,,_T,,_T,,,136.59291902561,169.743479051478,A,,UN_IGME,,,CME_MRY0T4,2004
CAF,Central African Republic,2005.0,0,CME_MRY0T4,Under-five mortality rate,147.910171740256,D_PER_1000_B,,_T,,_T,,,132.673360407358,165.407764758055,A,,UN_IGME,,,CME_MRY0T4,2005
CAF,Central African Republic,2006.0,0,CME_MRY0T4,Under-five mortality rate,143.480960757692,D_PER_1000_B,,_T,,_T,,,128.202226056839,160.313545271096,A,,UN_IGME,,,CME_MRY0T4,2006
CAF,Central African Republic,2007.0,0,CME_MRY0T4,Under-five mortality rate,139.312008593441,D_PER_1000_B,,_T,,_T,,,124.176445536561,155.9265584673,A,,UN_IGME,,,CME_MRY0T4,2007
CAF,Central African Republic,2008.0,0,CME_MRY0T4,Under-five mortality rate,135.465913119195,D_PER_1000_B,,_T,,_T,,,120.285258653776,152.210451613248,A,,UN_IGME,,,CME_MRY0T4,2008
CAF,Central African Republic,2009.0,0,CME_MRY0T4,Under-five mortality rate,489.290961311267,D_PER_1000_B,,_T,,_T,,,432.602656462574,552.556373313823,A,,UN_IGME,,,CME_MRY0T4,2009
CAF,Central African Republic,2010.0,0,CME_MRY0T4,Under-five mortality rate,150.740632178403,D_PER_1000_B,,_T,,_T,,,132.582185289791,171.122670854336,A,,UN_IGME,,,CME_MRY0T4,2010
CAF,Central African Republic,2011.0,0,CME_MRY0T4,Under-five mortality rate,125.090355723804,D_PER_1000_B,,_T,,_T,,,109.540334159349,142.661273432014,A,,UN_IGME,,,CME_MRY0T4,2011
CAF,Central African Republic,2012.0,0,CME_MRY0T4,Under-five mortality rate,121.940492792421,D_PER_1000_B,,_T,,_T,,,106.092974314091,139.760237581753,A,,UN_IGME,,,CME_MRY0T4,2012
CAF,Central African Republic,2013.0,0,CME_MRY0T4,Under-five mortality rate,134.211372264786,D_PER_1000_B,,_T,,_T,,,116.1778077282,154.486187323821,A,,UN_IGME,,,CME_MRY0T4,2013
CAF,Central African Republic,2014.0,0,CME_MRY0T4,Under-five mortality rate,186.847163506313,D_PER_1000_B,,_T,,_T,,,160.737029677261,216.486374150319,A,,UN_IGME,,,CME_MRY0T4,2014
CAF,Central African Republic,2015.0,0,CME_MRY0T4,Under-five mortality rate,113.706548131951,D_PER_1000_B,,_T,,_T,,,97.1465172407403,132.874511334478,A,,UN_IGME,,,CME_MRY0T4,2015
CAF,Central African Republic,2016.0,0,CME_MRY0T4,Under-five mortality rate,126.768881866546,D_PER_1000_B,,_T,,_T,,,107.213793354631,149.442452494783,A,,UN_IGME,,,CME_MRY0T4,2016
CAF,Central African Republic,2017.0,0,CME_MRY0T4,Under-five mortality rate,155.207764928732,D_PER_1000_B,,_T,,_T,,,129.932721960581,185.120184507291,A,,UN_IGME,,,CME_MRY0T4,2017
CAF,Central African Republic,2018.0,0,CME_MRY0T4,Under-five mortality rate,120.233071331939,D_PER_1000_B,,_T,,_T,,,99.6306967362936,145.02133117729,A,,UN_IGME,,,CME_MRY0T4,2018
CAF,Central African Republic,2019.0,0,CME_MRY0T4,Under-five mortality rate,254.691597697322,D_PER_1000_B,,_T,,_T,,,208.646615584552,311.332166768102,A,,UN_IGME,,,CME_MRY0T4,2019
CAF,Central African Republic,2020.0,0,CME_MRY0T4,Under-five mortality rate,124.187852358338,D_PER_1000_B,,_T,,_T,,,100.092128196479,154.727226953679,A,,UN_IGME,,,CME_MRY0T4,2020
CAF,Central African Republic,2021.0,0,CME_MRY0T4,Under-five mortality rate,178.700096791505,D_PER_1000_B,,_T,,_T,,,141.320200964936,227.502463345257,A,,UN_IGME,,,CME_MRY0T4,2021
CAF,Central African Republic,2022.0,0,CME_MRY0T4,Under-five mortality rate,424.579201665498,D_PER_1000_B,,_T,,_T,,,327.997553289066,553.130444091525,A,,UN_IGME,,,CME_MRY0T4,2022
CAF,Central African Republic,2023.0,0,CME_MRY0T4,Under-five mortality rate,92.6056815279805,D_PER_1000_B,,_T,,_T,,,69.1808615955461,123.706807401971,A,,UN_IGME,,,CME_MRY0T4,2023
CAF,Central African Republic,2024.0,0,CME_MRY0T4,Under-five mortality rate,89.7277827228626,D_PER_1000_B,,_T,,_T,,,64.8443350595541,123.053450767606,A,,UN_IGME,,,CME_MRY0T4,2024
COM,Comoros,2000.0,0,CME_MRY0T4,Under-five mortality rate,79.8658048113412,D_PER_1000_B,,_T,,_T,,,66.3704089681218,93.0641152710243,A,,UN_IGME,,,CME_MRY0T4,2000
COM,Comoros,2001.0,0,CME_MRY0T4,Under-five mortality rate,76.7715865226264,D_PER_1000_B,,_T,,_T,,,63.3209742272194,89.9345855396906,A,,UN_IGME,,,CME_MRY0T4,2001
COM,Comoros,2002.0,0,CME_MRY0T4,Under-five mortality rate,73.7894257813725,D_PER_1000_B,,_T,,_T,,,60.2464769062284,86.8225478191302,A,,UN_IGME,,,CME_MRY0T4,2002
COM,Comoros,2003.0,0,CME_MRY0T4,Under-five mortality rate,70.999287207487,D_PER_1000_B,,_T,,_T,,,57.4963841886682,83.8550167215997,A,,UN_IGME,,,CME_MRY0T4,2003
COM,Comoros,2004.0,0,CME_MRY0T4,Under-five mortality rate,68.3301855711673,D_PER_1000_B,,_T,,_T,,,55.0459618287306,81.0772004280353,A,,UN_IGME,,,CME_MRY0T4,2004
COM,Comoros,2005.0,0,CME_MRY0T4,Under-five mortality rate,65.8327169171313,D_PER_1000_B,,_T,,_T,,,52.6248333408569,78.2574596481062,A,,UN_IGME,,,CME_MRY0T4,2005
COM,Comoros,2006.0,0,CME_MRY0T4,Under-five mortality rate,63.4178353516756,D_PER_1000_B,,_T,,_T,,,50.470634476816,75.5657903956426,A,,UN_IGME,,,CME_MRY0T4,2006
COM,Comoros,2007.0,0,CME_MRY0T4,Under-five mortality rate,61.2390950357402,D_PER_1000_B,,_T,,_T,,,48.5622353263203,72.9665400101153,A,,UN_IGME,,,CME_MRY0T4,2007
COM,Comoros,2008.0,0,CME_MRY0T4,Under-five mortality rate,59.2073969313136,D_PER_1000_B,,_T,,_T,,,46.8502560139593,70.5137218766212,A,,UN_IGME,,,CME_MRY0T4,2008
COM,Comoros,2009.0,0,CME_MRY0T4,Under-five mortality rate,57.3240310786965,D_PER_1000_B,,_T,,_T,,,45.5555093815953,68.2114434985602,A,,UN_IGME,,,CME_MRY0T4,2009
COM,Comoros,2010.0,0,CME_MRY0T4,Under-five mortality rate,55.5594612036873,D_PER_1000_B,,_T,,_T,,,44.3478530115956,66.1285101362763,A,,UN_IGME,,,CME_MRY0T4,2010
COM,Comoros,2011.0,0,CME_MRY0T4,Under-five mortality rate,54.0064609469682,D_PER_1000_B,,_T,,_T,,,43.3444167813096,64.0012895775966,A,,UN_IGME,,,CME_MRY0T4,2011
COM,Comoros,2012.0,0,CME_MRY0T4,Under-five mortality rate,52.5474162671923,D_PER_1000_B,,_T,,_T,,,42.5166918292922,62.1521779620719,A,,UN_IGME,,,CME_MRY0T4,2012
COM,Comoros,2013.0,0,CME_MRY0T4,Under-five mortality rate,51.2125088952889,D_PER_1000_B,,_T,,_T,,,41.6433577382855,60.4158990462516,A,,UN_IGME,,,CME_MRY0T4,2013
COM,Comoros,2014.0,0,CME_MRY0T4,Under-five mortality rate,50.0252597703319,D_PER_1000_B,,_T,,_T,,,40.8643157961184,58.8334539013895,A,,UN_IGME,,,CME_MRY0T4,2014
COM,Comoros,2015.0,0,CME_MRY0T4,Under-five mortality rate,48.906893775743,D_PER_1000_B,,_T,,_T,,,40.00243554342,57.4132376347613,A,,UN_IGME,,,CME_MRY0T4,2015
COM,Comoros,2016.0,0,CME_MRY0T4,Under-five mortality rate,47.8514545394338,D_PER_1000_B,,_T,,_T,,,39.1510076281448,56.1422479146263,A,,UN_IGME,,,CME_MRY0T4,2016
COM,Comoros,2017.0,0,CME_MRY0T4,Under-five mortality rate,46.8588547986506,D_PER_1000_B,,_T,,_T,,,38.2118857045059,55.1139918267638,A,,UN_IGME,,,CME_MRY0T4,2017
COM,Comoros,2018.0,0,CME_MRY0T4,Under-five mortality rate,45.8498175995742,D_PER_1000_B,,_T,,_T,,,37.0166671737398,54.3226693347485,A,,UN_IGME,,,CME_MRY0T4,2018
COM,Comoros,2019.0,0,CME_MRY0T4,Under-five mortality rate,44.8398483640025,D_PER_1000_B,,_T,,_T,,,35.9022103347819,53.7690226293397,A,,UN_IGME,,,CME_MRY0T4,2019
COM,Comoros,2020.0,0,CME_MRY0T4,Under-five mortality rate,43.7215005841554,D_PER_1000_B,,_T,,_T,,,34.5826262245482,53.4502964093502,A,,UN_IGME,,,CME_MRY0T4,2020
COM,Comoros,2021.0,0,CME_MRY0T4,Under-five mortality rate,42.5886454376546,D_PER_1000_B,,_T,,_T,,,33.2578023136006,53.1199279108963,A,,UN_IGME,,,CME_MRY0T4,2021
COM,Comoros,2022.0,0,CME_MRY0T4,Under-five mortality rate,41.3710666956507,D_PER_1000_B,,_T,,_T,,,31.7101970085554,52.8477182485413,A,,UN_IGME,,,CME_MRY0T4,2022
COM,Comoros,2023.0,0,CME_MRY0T4,Under-five mortality rate,40.1859199193298,D_PER_1000_B,,_T,,_T,,,30.16517492006,52.6926515675168,A,,UN_IGME,,,CME_MRY0T4,2023
COM,Comoros,2024.0,0,CME_MRY0T4,Under-five mortality rate,38.9734472132848,D_PER_1000_B,,_T,,_T,,,28.6047252591886,52.5691590756403,A,,UN_IGME,,,CME_MRY0T4,2024
CYP,Cyprus,2000.0,0,CME_MRY0T4,Under-five mortality rate,6.5600064952866,D_PER_1000_B,,_T,,_T,,,6.05187993904638,7.09793467767854,A,,UN_IGME,,"Some UN IGME indicators are calculated using population and live birth numbers from the World Population Prospects: The 2024 revision (WPP). The WPP numbers for Cyprus refer to the entire country. However, the underlying data used to calculate mortality rates estimates, provided by the Health Monitoring Unit of the Cyprus Ministry of Health, cover only the government-controlled areas, whereas according to Eurostat, the number of live births in 2024 was 9,766 (https://doi.org/10.2908/DEMO_FASEC). The population on 1 January 2024 was 966,365 (https://doi.org/10.2908/DEMO_PJAN), the population under 5 was 51,042, the adolescent population was 95,884, and the number of women of reproductive age was 233,867 (https://doi.org/10.2908/DEMO_PJANGROUP).",CME_MRY0T4,2000
CYP,Cyprus,2001.0,0,CME_MRY0T4,Under-five mortality rate,6.16049114898936,D_PER_1000_B,,_T,,_T,,,5.66788291779706,6.6965001788511,A,,UN_IGME,,"Some UN IGME indicators are calculated using population and live birth numbers from the World Population Prospects: The 2024 revision (WPP). The WPP numbers for Cyprus refer to the entire country. However, the underlying data used to calculate mortality rates estimates, provided by the Health Monitoring Unit of the Cyprus Ministry of Health, cover only the government-controlled areas, whereas according to Eurostat, the number of live births in 2024 was 9,766 (https://doi.org/10.2908/DEMO_FASEC). The population on 1 January 2024 was 966,365 (https://doi.org/10.2908/DEMO_PJAN), the population under 5 was 51,042, the adolescent population was 95,884, and the number of women of reproductive age was 233,867 (https://doi.org/10.2908/DEMO_PJANGROUP).",CME_MRY0T4,2001
CYP,Cyprus,2002.0,0,CME_MRY0T4,Under-five mortality rate,5.78753335132467,D_PER_1000_B,,_T,,_T,,,5.30840583443931,6.31274301965257,A,,UN_IGME,,"Some UN IGME indicators are calculated using population and live birth numbers from the World Population Prospects: The 2024 revision (WPP). The WPP numbers for Cyprus refer to the entire country. However, the underlying data used to calculate mortality rates estimates, provided by the Health Monitoring Unit of the Cyprus Ministry of Health, cover only the government-controlled areas, whereas according to Eurostat, the number of live births in 2024 was 9,766 (https://doi.org/10.2908/DEMO_FASEC). The population on 1 January 2024 was 966,365 (https://doi.org/10.2908/DEMO_PJAN), the population under 5 was 51,042, the adolescent population was 95,884, and the number of women of reproductive age was 233,867 (https://doi.org/10.2908/DEMO_PJANGROUP).",CME_MRY0T4,2002
CYP,Cyprus,2003.0,0,CME_MRY0T4,Under-five mortality rate,5.43696391784185,D_PER_1000_B,,_T,,_T,,,4.97470658216616,5.95492273494971,A,,UN_IGME,,"Some UN IGME indicators are calculated using population and live birth numbers from the World Population Prospects: The 2024 revision (WPP). The WPP numbers for Cyprus refer to the entire country. However, the underlying data used to calculate mortality rates estimates, provided by the Health Monitoring Unit of the Cyprus Ministry of Health, cover only the government-controlled areas, whereas according to Eurostat, the number of live births in 2024 was 9,766 (https://doi.org/10.2908/DEMO_FASEC). The population on 1 January 2024 was 966,365 (https://doi.org/10.2908/DEMO_PJAN), the population under 5 was 51,042, the adolescent population was 95,884, and the number of women of reproductive age was 233,867 (https://doi.org/10.2908/DEMO_PJANGROUP).",CME_MRY0T4,2003
CYP,Cyprus,2004.0,0,CME_MRY0T4,Under-five mortality rate,5.08306137317703,D_PER_1000_B,,_T,,_T,,,4.63581010198512,5.5994320493241,A,,UN_IGME,,"Some UN IGME indicators are calculated using population and live birth numbers from the World Population Prospects: The 2024 revision (WPP). The WPP numbers for Cyprus refer to the entire country. However, the underlying data used to calculate mortality rates estimates, provided by the Health Monitoring Unit of the Cyprus Ministry of Health, cover only the government-controlled areas, whereas according to Eurostat, the number of live births in 2024 was 9,766 (https://doi.org/10.2908/DEMO_FASEC). The population on 1 January 2024 was 966,365 (https://doi.org/10.2908/DEMO_PJAN), the population under 5 was 51,042, the adolescent population was 95,884, and the number of women of reproductive age was 233,867 (https://doi.org/10.2908/DEMO_PJANGROUP).",CME_MRY0T4,2004
CYP,Cyprus,2005.0,0,CME_MRY0T4,Under-five mortality rate,4.73445754433448,D_PER_1000_B,,_T,,_T,,,4.29270651046306,5.23195790927434,A,,UN_IGME,,"Some UN IGME indicators are calculated using population and live birth numbers from the World Population Prospects: The 2024 revision (WPP). The WPP numbers for Cyprus refer to the entire country. However, the underlying data used to calculate mortality rates estimates, provided by the Health Monitoring Unit of the Cyprus Ministry of Health, cover only the government-controlled areas, whereas according to Eurostat, the number of live births in 2024 was 9,766 (https://doi.org/10.2908/DEMO_FASEC). The population on 1 January 2024 was 966,365 (https://doi.org/10.2908/DEMO_PJAN), the population under 5 was 51,042, the adolescent population was 95,884, and the number of women of reproductive age was 233,867 (https://doi.org/10.2908/DEMO_PJANGROUP).",CME_MRY0T4,2005
CYP,Cyprus,2006.0,0,CME_MRY0T4,Under-five mortality rate,4.38617052258481,D_PER_1000_B,,_T,,_T,,,3.9499122914524,4.87791348571525,A,,UN_IGME,,"Some UN IGME indicators are calculated using population and live birth numbers from the World Population Prospects: The 2024 revision (WPP). The WPP numbers for Cyprus refer to the entire country. However, the underlying data used to calculate mortality rates estimates, provided by the Health Monitoring Unit of the Cyprus Ministry of Health, cover only the government-controlled areas, whereas according to Eurostat, the number of live births in 2024 was 9,766 (https://doi.org/10.2908/DEMO_FASEC). The population on 1 January 2024 was 966,365 (https://doi.org/10.2908/DEMO_PJAN), the population under 5 was 51,042, the adolescent population was 95,884, and the number of women of reproductive age was 233,867 (https://doi.org/10.2908/DEMO_PJANGROUP).",CME_MRY0T4,2006
CYP,Cyprus,2007.0,0,CME_MRY0T4,Under-five mortality rate,4.05964972546964,D_PER_1000_B,,_T,,_T,,,3.64440085501507,4.53543127432111,A,,UN_IGME,,"Some UN IGME indicators are calculated using population and live birth numbers from the World Population Prospects: The 2024 revision (WPP). The WPP numbers for Cyprus refer to the entire country. However, the underlying data used to calculate mortality rates estimates, provided by the Health Monitoring Unit of the Cyprus Ministry of Health, cover only the government-controlled areas, whereas according to Eurostat, the number of live births in 2024 was 9,766 (https://doi.org/10.2908/DEMO_FASEC). The population on 1 January 2024 was 966,365 (https://doi.org/10.2908/DEMO_PJAN), the population under 5 was 51,042, the adolescent population was 95,884, and the number of women of reproductive age was 233,867 (https://doi.org/10.2908/DEMO_PJANGROUP).",CME_MRY0T4,2007
CYP,Cyprus,2008.0,0,CME_MRY0T4,Under-five mortality rate,3.7563266824037,D_PER_1000_B,,_T,,_T,,,3.36412273584606,4.21707774316392,A,,UN_IGME,,"Some UN IGME indicators are calculated using population and live birth numbers from the World Population Prospects: The 2024 revision (WPP). The WPP numbers for Cyprus refer to the entire country. However, the underlying data used to calculate mortality rates estimates, provided by the Health Monitoring Unit of the Cyprus Ministry of Health, cover only the government-controlled areas, whereas according to Eurostat, the number of live births in 2024 was 9,766 (https://doi.org/10.2908/DEMO_FASEC). The population on 1 January 2024 was 966,365 (https://doi.org/10.2908/DEMO_PJAN), the population under 5 was 51,042, the adolescent population was 95,884, and the number of women of reproductive age was 233,867 (https://doi.org/10.2908/DEMO_PJANGROUP).",CME_MRY0T4,2008
CYP,Cyprus,2009.0,0,CME_MRY0T4,Under-five mortality rate,3.47973085963589,D_PER_1000_B,,_T,,_T,,,3.11348945093451,3.91304451921826,A,,UN_IGME,,"Some UN IGME indicators are calculated using population and live birth numbers from the World Population Prospects: The 2024 revision (WPP). The WPP numbers for Cyprus refer to the entire country. However, the underlying data used to calculate mortality rates estimates, provided by the Health Monitoring Unit of the Cyprus Ministry of Health, cover only the government-controlled areas, whereas according to Eurostat, the number of live births in 2024 was 9,766 (https://doi.org/10.2908/DEMO_FASEC). The population on 1 January 2024 was 966,365 (https://doi.org/10.2908/DEMO_PJAN), the population under 5 was 51,042, the adolescent population was 95,884, and the number of women of reproductive age was 233,867 (https://doi.org/10.2908/DEMO_PJANGROUP).",CME_MRY0T4,2009
CYP,Cyprus,2010.0,0,CME_MRY0T4,Under-five mortality rate,3.23340896555835,D_PER_1000_B,,_T,,_T,,,2.88883392495484,3.62308852042253,A,,UN_IGME,,"Some UN IGME indicators are calculated using population and live birth numbers from the World Population Prospects: The 2024 revision (WPP). The WPP numbers for Cyprus refer to the entire country. However, the underlying data used to calculate mortality rates estimates, provided by the Health Monitoring Unit of the Cyprus Ministry of Health, cover only the government-controlled areas, whereas according to Eurostat, the number of live births in 2024 was 9,766 (https://doi.org/10.2908/DEMO_FASEC). The population on 1 January 2024 was 966,365 (https://doi.org/10.2908/DEMO_PJAN), the population under 5 was 51,042, the adolescent population was 95,884, and the number of women of reproductive age was 233,867 (https://doi.org/10.2908/DEMO_PJANGROUP).",CME_MRY0T4,2010
CYP,Cyprus,2011.0,0,CME_MRY0T4,Under-five mortality rate,3.01316545500054,D_PER_1000_B,,_T,,_T,,,2.68701454444509,3.37757524135623,A,,UN_IGME,,"Some UN IGME indicators are calculated using population and live birth numbers from the World Population Prospects: The 2024 revision (WPP). The WPP numbers for Cyprus refer to the entire country. However, the underlying data used to calculate mortality rates estimates, provided by the Health Monitoring Unit of the Cyprus Ministry of Health, cover only the government-controlled areas, whereas according to Eurostat, the number of live births in 2024 was 9,766 (https://doi.org/10.2908/DEMO_FASEC). The population on 1 January 2024 was 966,365 (https://doi.org/10.2908/DEMO_PJAN), the population under 5 was 51,042, the adolescent population was 95,884, and the number of women of reproductive age was 233,867 (https://doi.org/10.2908/DEMO_PJANGROUP).",CME_MRY0T4,2011
CYP,Cyprus,2012.0,0,CME_MRY0T4,Under-five mortality rate,2.82427415068416,D_PER_1000_B,,_T,,_T,,,2.50635520110167,3.17650050530664,A,,UN_IGME,,"Some UN IGME indicators are calculated using population and live birth numbers from the World Population Prospects: The 2024 revision (WPP). The WPP numbers for Cyprus refer to the entire country. However, the underlying data used to calculate mortality rates estimates, provided by the Health Monitoring Unit of the Cyprus Ministry of Health, cover only the government-controlled areas, whereas according to Eurostat, the number of live births in 2024 was 9,766 (https://doi.org/10.2908/DEMO_FASEC). The population on 1 January 2024 was 966,365 (https://doi.org/10.2908/DEMO_PJAN), the population under 5 was 51,042, the adolescent population was 95,884, and the number of women of reproductive age was 233,867 (https://doi.org/10.2908/DEMO_PJANGROUP).",CME_MRY0T4,2012
CYP,Cyprus,2013.0,0,CME_MRY0T4,Under-five mortality rate,2.66998278320693,D_PER_1000_B,,_T,,_T,,,2.34817956375153,3.02609060153645,A,,UN_IGME,,"Some UN IGME indicators are calculated using population and live birth numbers from the World Population Prospects: The 2024 revision (WPP). The WPP numbers for Cyprus refer to the entire country. However, the underlying data used to calculate mortality rates estimates, provided by the Health Monitoring Unit of the Cyprus Ministry of Health, cover only the government-controlled areas, whereas according to Eurostat, the number of live births in 2024 was 9,766 (https://doi.org/10.2908/DEMO_FASEC). The population on 1 January 2024 was 966,365 (https://doi.org/10.2908/DEMO_PJAN), the population under 5 was 51,042, the adolescent population was 95,884, and the number of women of reproductive age was 233,867 (https://doi.org/10.2908/DEMO_PJANGROUP).",CME_MRY0T4,2013
CYP,Cyprus,2014.0,0,CME_MRY0T4,Under-five mortality rate,2.56062297528355,D_PER_1000_B,,_T,,_T,,,2.23307632138394,2.91361377390945,A,,UN_IGME,,"Some UN IGME indicators are calculated using population and live birth numbers from the World Population Prospects: The 2024 revision (WPP). The WPP numbers for Cyprus refer to the entire country. However, the underlying data used to calculate mortality rates estimates, provided by the Health Monitoring Unit of the Cyprus Ministry of Health, cover only the government-controlled areas, whereas according to Eurostat, the number of live births in 2024 was 9,766 (https://doi.org/10.2908/DEMO_FASEC). The population on 1 January 2024 was 966,365 (https://doi.org/10.2908/DEMO_PJAN), the population under 5 was 51,042, the adolescent population was 95,884, and the number of women of reproductive age was 233,867 (https://doi.org/10.2908/DEMO_PJANGROUP).",CME_MRY0T4,2014
CYP,Cyprus,2015.0,0,CME_MRY0T4,Under-five mortality rate,2.50373575236414,D_PER_1000_B,,_T,,_T,,,2.18714186894473,2.85415597582838,A,,UN_IGME,,"Some UN IGME indicators are calculated using population and live birth numbers from the World Population Prospects: The 2024 revision (WPP). The WPP numbers for Cyprus refer to the entire country. However, the underlying data used to calculate mortality rates estimates, provided by the Health Monitoring Unit of the Cyprus Ministry of Health, cover only the government-controlled areas, whereas according to Eurostat, the number of live births in 2024 was 9,766 (https://doi.org/10.2908/DEMO_FASEC). The population on 1 January 2024 was 966,365 (https://doi.org/10.2908/DEMO_PJAN), the population under 5 was 51,042, the adolescent population was 95,884, and the number of women of reproductive age was 233,867 (https://doi.org/10.2908/DEMO_PJANGROUP).",CME_MRY0T4,2015
CYP,Cyprus,2016.0,0,CME_MRY0T4,Under-five mortality rate,2.51073469650521,D_PER_1000_B,,_T,,_T,,,2.19012076293989,2.87232219150253,A,,UN_IGME,,"Some UN IGME indicators are calculated using population and live birth numbers from the World Population Prospects: The 2024 revision (WPP). The WPP numbers for Cyprus refer to the entire country. However, the underlying data used to calculate mortality rates estimates, provided by the Health Monitoring Unit of the Cyprus Ministry of Health, cover only the government-controlled areas, whereas according to Eurostat, the number of live births in 2024 was 9,766 (https://doi.org/10.2908/DEMO_FASEC). The population on 1 January 2024 was 966,365 (https://doi.org/10.2908/DEMO_PJAN), the population under 5 was 51,042, the adolescent population was 95,884, and the number of women of reproductive age was 233,867 (https://doi.org/10.2908/DEMO_PJANGROUP).",CME_MRY0T4,2016
CYP,Cyprus,2017.0,0,CME_MRY0T4,Under-five mortality rate,2.5941213022122,D_PER_1000_B,,_T,,_T,,,2.25971786144881,2.95843412516734,A,,UN_IGME,,"Some UN IGME indicators are calculated using population and live birth numbers from the World Population Prospects: The 2024 revision (WPP). The WPP numbers for Cyprus refer to the entire country. However, the underlying data used to calculate mortality rates estimates, provided by the Health Monitoring Unit of the Cyprus Ministry of Health, cover only the government-controlled areas, whereas according to Eurostat, the number of live births in 2024 was 9,766 (https://doi.org/10.2908/DEMO_FASEC). The population on 1 January 2024 was 966,365 (https://doi.org/10.2908/DEMO_PJAN), the population under 5 was 51,042, the adolescent population was 95,884, and the number of women of reproductive age was 233,867 (https://doi.org/10.2908/DEMO_PJANGROUP).",CME_MRY0T4,2017
CYP,Cyprus,2018.0,0,CME_MRY0T4,Under-five mortality rate,2.74801210687454,D_PER_1000_B,,_T,,_T,,,2.40093300979166,3.12946281281986,A,,UN_IGME,,"Some UN IGME indicators are calculated using population and live birth numbers from the World Population Prospects: The 2024 revision (WPP). The WPP numbers for Cyprus refer to the entire country. However, the underlying data used to calculate mortality rates estimates, provided by the Health Monitoring Unit of the Cyprus Ministry of Health, cover only the government-controlled areas, whereas according to Eurostat, the number of live births in 2024 was 9,766 (https://doi.org/10.2908/DEMO_FASEC). The population on 1 January 2024 was 966,365 (https://doi.org/10.2908/DEMO_PJAN), the population under 5 was 51,042, the adolescent population was 95,884, and the number of women of reproductive age was 233,867 (https://doi.org/10.2908/DEMO_PJANGROUP).",CME_MRY0T4,2018
CYP,Cyprus,2019.0,0,CME_MRY0T4,Under-five mortality rate,2.97344896595269,D_PER_1000_B,,_T,,_T,,,2.61200215828073,3.3738858875018,A,,UN_IGME,,"Some UN IGME indicators are calculated using population and live birth numbers from the World Population Prospects: The 2024 revision (WPP). The WPP numbers for Cyprus refer to the entire country. However, the underlying data used to calculate mortality rates estimates, provided by the Health Monitoring Unit of the Cyprus Ministry of Health, cover only the government-controlled areas, whereas according to Eurostat, the number of live births in 2024 was 9,766 (https://doi.org/10.2908/DEMO_FASEC). The population on 1 January 2024 was 966,365 (https://doi.org/10.2908/DEMO_PJAN), the population under 5 was 51,042, the adolescent population was 95,884, and the number of women of reproductive age was 233,867 (https://doi.org/10.2908/DEMO_PJANGROUP).",CME_MRY0T4,2019
CYP,Cyprus,2020.0,0,CME_MRY0T4,Under-five mortality rate,3.2783909075371,D_PER_1000_B,,_T,,_T,,,2.90517574047823,3.68975103511116,A,,UN_IGME,,"Some UN IGME indicators are calculated using population and live birth numbers from the World Population Prospects: The 2024 revision (WPP). The WPP numbers for Cyprus refer to the entire country. However, the underlying data used to calculate mortality rates estimates, provided by the Health Monitoring Unit of the Cyprus Ministry of Health, cover only the government-controlled areas, whereas according to Eurostat, the number of live births in 2024 was 9,766 (https://doi.org/10.2908/DEMO_FASEC). The population on 1 January 2024 was 966,365 (https://doi.org/10.2908/DEMO_PJAN), the population under 5 was 51,042, the adolescent population was 95,884, and the number of women of reproductive age was 233,867 (https://doi.org/10.2908/DEMO_PJANGROUP).",CME_MRY0T4,2020
CYP,Cyprus,2021.0,0,CME_MRY0T4,Under-five mortality rate,3.65551430759443,D_PER_1000_B,,_T,,_T,,,3.23948785112896,4.10482577240658,A,,UN_IGME,,"Some UN IGME indicators are calculated using population and live birth numbers from the World Population Prospects: The 2024 revision (WPP). The WPP numbers for Cyprus refer to the entire country. However, the underlying data used to calculate mortality rates estimates, provided by the Health Monitoring Unit of the Cyprus Ministry of Health, cover only the government-controlled areas, whereas according to Eurostat, the number of live births in 2024 was 9,766 (https://doi.org/10.2908/DEMO_FASEC). The population on 1 January 2024 was 966,365 (https://doi.org/10.2908/DEMO_PJAN), the population under 5 was 51,042, the adolescent population was 95,884, and the number of women of reproductive age was 233,867 (https://doi.org/10.2908/DEMO_PJANGROUP).",CME_MRY0T4,2021
CYP,Cyprus,2022.0,0,CME_MRY0T4,Under-five mortality rate,4.09334732023761,D_PER_1000_B,,_T,,_T,,,3.5732265115877,4.6888249559231,A,,UN_IGME,,"Some UN IGME indicators are calculated using population and live birth numbers from the World Population Prospects: The 2024 revision (WPP). The WPP numbers for Cyprus refer to the entire country. However, the underlying data used to calculate mortality rates estimates, provided by the Health Monitoring Unit of the Cyprus Ministry of Health, cover only the government-controlled areas, whereas according to Eurostat, the number of live births in 2024 was 9,766 (https://doi.org/10.2908/DEMO_FASEC). The population on 1 January 2024 was 966,365 (https://doi.org/10.2908/DEMO_PJAN), the population under 5 was 51,042, the adolescent population was 95,884, and the number of women of reproductive age was 233,867 (https://doi.org/10.2908/DEMO_PJANGROUP).",CME_MRY0T4,2022
CYP,Cyprus,2023.0,0,CME_MRY0T4,Under-five mortality rate,4.56158880781499,D_PER_1000_B,,_T,,_T,,,3.81926562873091,5.45874321153732,A,,UN_IGME,,"Some UN IGME indicators are calculated using population and live birth numbers from the World Population Prospects: The 2024 revision (WPP). The WPP numbers for Cyprus refer to the entire country. However, the underlying data used to calculate mortality rates estimates, provided by the Health Monitoring Unit of the Cyprus Ministry of Health, cover only the government-controlled areas, whereas according to Eurostat, the number of live births in 2024 was 9,766 (https://doi.org/10.2908/DEMO_FASEC). The population on 1 January 2024 was 966,365 (https://doi.org/10.2908/DEMO_PJAN), the population under 5 was 51,042, the adolescent population was 95,884, and the number of women of reproductive age was 233,867 (https://doi.org/10.2908/DEMO_PJANGROUP).",CME_MRY0T4,2023
CYP,Cyprus,2024.0,0,CME_MRY0T4,Under-five mortality rate,4.9791870584878,D_PER_1000_B,,_T,,_T,,,3.94797936420822,6.34579917475488,A,,UN_IGME,,"Some UN IGME indicators are calculated using population and live birth numbers from the World Population Prospects: The 2024 revision (WPP). The WPP numbers for Cyprus refer to the entire country. However, the underlying data used to calculate mortality rates estimates, provided by the Health Monitoring Unit of the Cyprus Ministry of Health, cover only the government-controlled areas, whereas according to Eurostat, the number of live births in 2024 was 9,766 (https://doi.org/10.2908/DEMO_FASEC). The population on 1 January 2024 was 966,365 (https://doi.org/10.2908/DEMO_PJAN), the population under 5 was 51,042, the adolescent population was 95,884, and the number of women of reproductive age was 233,867 (https://doi.org/10.2908/DEMO_PJANGROUP).",CME_MRY0T4,2024
DZA,Algeria,2000.0,0,CME_MRY0T4,Under-five mortality rate,41.6936057426721,D_PER_1000_B,,_T,,_T,,,39.2263769474865,44.2714627720159,A,,UN_IGME,,,CME_MRY0T4,2000
DZA,Algeria,2001.0,0,CME_MRY0T4,Under-five mortality rate,40.1653886367019,D_PER_1000_B,,_T,,_T,,,37.8923089192693,42.5685166198472,A,,UN_IGME,,,CME_MRY0T4,2001
DZA,Algeria,2002.0,0,CME_MRY0T4,Under-five mortality rate,38.5910097276341,D_PER_1000_B,,_T,,_T,,,36.4613446463652,40.8228559627611,A,,UN_IGME,,,CME_MRY0T4,2002
DZA,Algeria,2003.0,0,CME_MRY0T4,Under-five mortality rate,37.0015595229242,D_PER_1000_B,,_T,,_T,,,35.0165689459295,39.1108707501314,A,,UN_IGME,,,CME_MRY0T4,2003
DZA,Algeria,2004.0,0,CME_MRY0T4,Under-five mortality rate,35.4302571545235,D_PER_1000_B,,_T,,_T,,,33.516825453434,37.4891492498035,A,,UN_IGME,,,CME_MRY0T4,2004
DZA,Algeria,2005.0,0,CME_MRY0T4,Under-five mortality rate,33.9266559432102,D_PER_1000_B,,_T,,_T,,,32.1034518610136,35.916017830754,A,,UN_IGME,,,CME_MRY0T4,2005
DZA,Algeria,2006.0,0,CME_MRY0T4,Under-five mortality rate,32.5199302327891,D_PER_1000_B,,_T,,_T,,,30.7545694249689,34.4454094356427,A,,UN_IGME,,,CME_MRY0T4,2006
DZA,Algeria,2007.0,0,CME_MRY0T4,Under-five mortality rate,31.2308719652108,D_PER_1000_B,,_T,,_T,,,29.532854036653,33.1309066540907,A,,UN_IGME,,,CME_MRY0T4,2007
DZA,Algeria,2008.0,0,CME_MRY0T4,Under-five mortality rate,30.0598284262153,D_PER_1000_B,,_T,,_T,,,28.422602862554,31.8593744141653,A,,UN_IGME,,,CME_MRY0T4,2008
DZA,Algeria,2009.0,0,CME_MRY0T4,Under-five mortality rate,29.0149343069942,D_PER_1000_B,,_T,,_T,,,27.3868390185456,30.7224076556142,A,,UN_IGME,,,CME_MRY0T4,2009
DZA,Algeria,2010.0,0,CME_MRY0T4,Under-five mortality rate,28.0897833431847,D_PER_1000_B,,_T,,_T,,,26.508899010291,29.7423332257246,A,,UN_IGME,,,CME_MRY0T4,2010
DZA,Algeria,2011.0,0,CME_MRY0T4,Under-five mortality rate,27.2825744285144,D_PER_1000_B,,_T,,_T,,,25.7675839355979,28.8780026975835,A,,UN_IGME,,,CME_MRY0T4,2011
DZA,Algeria,2012.0,0,CME_MRY0T4,Under-five mortality rate,26.56630898447,D_PER_1000_B,,_T,,_T,,,25.1050774679005,28.146819874045,A,,UN_IGME,,,CME_MRY0T4,2012
DZA,Algeria,2013.0,0,CME_MRY0T4,Under-five mortality rate,25.948047639108,D_PER_1000_B,,_T,,_T,,,24.5303705484518,27.4870089232166,A,,UN_IGME,,,CME_MRY0T4,2013
DZA,Algeria,2014.0,0,CME_MRY0T4,Under-five mortality rate,25.4021080944743,D_PER_1000_B,,_T,,_T,,,23.9890800344251,26.9350402762758,A,,UN_IGME,,,CME_MRY0T4,2014
DZA,Algeria,2015.0,0,CME_MRY0T4,Under-five mortality rate,24.9102378764238,D_PER_1000_B,,_T,,_T,,,23.5140016198405,26.4237435140451,A,,UN_IGME,,,CME_MRY0T4,2015
DZA,Algeria,2016.0,0,CME_MRY0T4,Under-five mortality rate,24.4555924949313,D_PER_1000_B,,_T,,_T,,,23.0488088923543,25.9464027759699,A,,UN_IGME,,,CME_MRY0T4,2016
DZA,Algeria,2017.0,0,CME_MRY0T4,Under-five mortality rate,24.0348261165257,D_PER_1000_B,,_T,,_T,,,22.6305422988446,25.5109094663991,A,,UN_IGME,,,CME_MRY0T4,2017
DZA,Algeria,2018.0,0,CME_MRY0T4,Under-five mortality rate,23.6525446831753,D_PER_1000_B,,_T,,_T,,,22.2677148577439,25.1087451008074,A,,UN_IGME,,,CME_MRY0T4,2018
DZA,Algeria,2019.0,0,CME_MRY0T4,Under-five mortality rate,23.2817921196319,D_PER_1000_B,,_T,,_T,,,21.9023274158707,24.7275687687126,A,,UN_IGME,,,CME_MRY0T4,2019
DZA,Algeria,2020.0,0,CME_MRY0T4,Under-five mortality rate,22.9212293664691,D_PER_1000_B,,_T,,_T,,,21.5051543277847,24.4181129513743,A,,UN_IGME,,,CME_MRY0T4,2020
DZA,Algeria,2021.0,0,CME_MRY0T4,Under-five mortality rate,22.5991185296161,D_PER_1000_B,,_T,,_T,,,21.0567143705594,24.2203492561985,A,,UN_IGME,,,CME_MRY0T4,2021
DZA,Algeria,2022.0,0,CME_MRY0T4,Under-five mortality rate,22.2843959166658,D_PER_1000_B,,_T,,_T,,,20.5246578221482,24.2142764144096,A,,UN_IGME,,,CME_MRY0T4,2022
DZA,Algeria,2023.0,0,CME_MRY0T4,Under-five mortality rate,21.9786143991698,D_PER_1000_B,,_T,,_T,,,19.8262883182398,24.3894291298902,A,,UN_IGME,,,CME_MRY0T4,2023
DZA,Algeria,2024.0,0,CME_MRY0T4,Under-five mortality rate,21.6402794757543,D_PER_1000_B,,_T,,_T,,,18.9889422095676,24.6407436579239,A,,UN_IGME,,,CME_MRY0T4,2024
GEO,Georgia,2000.0,0,CME_MRY0T4,Under-five mortality rate,35.835625194041,D_PER_1000_B,,_T,,_T,,,31.5228156021828,41.0540565991296,A,,UN_IGME,,,CME_MRY0T4,2000
GEO,Georgia,2001.0,0,CME_MRY0T4,Under-five mortality rate,33.4154377970847,D_PER_1000_B,,_T,,_T,,,29.532677855616,38.3175725156189,A,,UN_IGME,,,CME_MRY0T4,2001
GEO,Georgia,2002.0,0,CME_MRY0T4,Under-five mortality rate,30.8778665599606,D_PER_1000_B,,_T,,_T,,,27.5095486167457,35.4434995841178,A,,UN_IGME,,,CME_MRY0T4,2002
GEO,Georgia,2003.0,0,CME_MRY0T4,Under-five mortality rate,28.3251884787828,D_PER_1000_B,,_T,,_T,,,25.4721198246399,32.4391489780045,A,,UN_IGME,,,CME_MRY0T4,2003
GEO,Georgia,2004.0,0,CME_MRY0T4,Under-five mortality rate,25.7634364255077,D_PER_1000_B,,_T,,_T,,,23.4604746107124,29.2396513275989,A,,UN_IGME,,,CME_MRY0T4,2004
GEO,Georgia,2005.0,0,CME_MRY0T4,Under-five mortality rate,23.2961463538782,D_PER_1000_B,,_T,,_T,,,21.4989833587537,26.1877081186585,A,,UN_IGME,,,CME_MRY0T4,2005
GEO,Georgia,2006.0,0,CME_MRY0T4,Under-five mortality rate,21.0166018564002,D_PER_1000_B,,_T,,_T,,,19.6174960510979,23.3398418180902,A,,UN_IGME,,,CME_MRY0T4,2006
GEO,Georgia,2007.0,0,CME_MRY0T4,Under-five mortality rate,18.9500169555111,D_PER_1000_B,,_T,,_T,,,17.8402641388171,20.7874645290916,A,,UN_IGME,,,CME_MRY0T4,2007
GEO,Georgia,2008.0,0,CME_MRY0T4,Under-five mortality rate,17.1216404887335,D_PER_1000_B,,_T,,_T,,,16.1448972411468,18.5679793988011,A,,UN_IGME,,,CME_MRY0T4,2008
GEO,Georgia,2009.0,0,CME_MRY0T4,Under-five mortality rate,15.5391054605976,D_PER_1000_B,,_T,,_T,,,14.6525893193689,16.6759842243871,A,,UN_IGME,,,CME_MRY0T4,2009
GEO,Georgia,2010.0,0,CME_MRY0T4,Under-five mortality rate,14.2025786625578,D_PER_1000_B,,_T,,_T,,,13.3273783988083,15.1613948750589,A,,UN_IGME,,,CME_MRY0T4,2010
GEO,Georgia,2011.0,0,CME_MRY0T4,Under-five mortality rate,13.0900251361383,D_PER_1000_B,,_T,,_T,,,12.2772786527767,13.9402312280709,A,,UN_IGME,,,CME_MRY0T4,2011
GEO,Georgia,2012.0,0,CME_MRY0T4,Under-five mortality rate,12.1918291447245,D_PER_1000_B,,_T,,_T,,,11.4233631987474,12.9739010746676,A,,UN_IGME,,,CME_MRY0T4,2012
GEO,Georgia,2013.0,0,CME_MRY0T4,Under-five mortality rate,11.4930963001773,D_PER_1000_B,,_T,,_T,,,10.762235034259,12.2290111254421,A,,UN_IGME,,,CME_MRY0T4,2013
GEO,Georgia,2014.0,0,CME_MRY0T4,Under-five mortality rate,10.9599106333718,D_PER_1000_B,,_T,,_T,,,10.2739014600369,11.6661889632995,A,,UN_IGME,,,CME_MRY0T4,2014
GEO,Georgia,2015.0,0,CME_MRY0T4,Under-five mortality rate,10.554772906493,D_PER_1000_B,,_T,,_T,,,9.90384143614241,11.233345071099,A,,UN_IGME,,,CME_MRY0T4,2015
GEO,Georgia,2016.0,0,CME_MRY0T4,Under-five mortality rate,10.2485817919503,D_PER_1000_B,,_T,,_T,,,9.62307610434353,10.8880892195176,A,,UN_IGME,,,CME_MRY0T4,2016
GEO,Georgia,2017.0,0,CME_MRY0T4,Under-five mortality rate,10.0014737451481,D_PER_1000_B,,_T,,_T,,,9.38641146172094,10.6214783997405,A,,UN_IGME,,,CME_MRY0T4,2017
GEO,Georgia,2018.0,0,CME_MRY0T4,Under-five mortality rate,9.78452789780895,D_PER_1000_B,,_T,,_T,,,9.19029174531769,10.4003558936226,A,,UN_IGME,,,CME_MRY0T4,2018
GEO,Georgia,2019.0,0,CME_MRY0T4,Under-five mortality rate,9.57438726816969,D_PER_1000_B,,_T,,_T,,,9.01267643684598,10.1572571816569,A,,UN_IGME,,,CME_MRY0T4,2019
GEO,Georgia,2020.0,0,CME_MRY0T4,Under-five mortality rate,9.36988394019467,D_PER_1000_B,,_T,,_T,,,8.85097250066346,9.92245006727079,A,,UN_IGME,,,CME_MRY0T4,2020
GEO,Georgia,2021.0,0,CME_MRY0T4,Under-five mortality rate,9.17198740090774,D_PER_1000_B,,_T,,_T,,,8.72182078840968,9.65451141336246,A,,UN_IGME,,,CME_MRY0T4,2021
GEO,Georgia,2022.0,0,CME_MRY0T4,Under-five mortality rate,8.98116745133244,D_PER_1000_B,,_T,,_T,,,8.57744173056128,9.41102648533544,A,,UN_IGME,,,CME_MRY0T4,2022
GEO,Georgia,2023.0,0,CME_MRY0T4,Under-five mortality rate,8.79061082856985,D_PER_1000_B,,_T,,_T,,,8.37831394432154,9.21610223915066,A,,UN_IGME,,,CME_MRY0T4,2023
GEO,Georgia,2024.0,0,CME_MRY0T4,Under-five mortality rate,8.59532865030026,D_PER_1000_B,,_T,,_T,,,8.07006456485832,9.15233174722904,A,,UN_IGME,,,CME_MRY0T4,2024
GNB,Guinea-Bissau,2000.0,0,CME_MRY0T4,Under-five mortality rate,174.832855781427,D_PER_1000_B,,_T,,_T,,,156.795090336494,194.580603694263,A,,UN_IGME,,,CME_MRY0T4,2000
GNB,Guinea-Bissau,2001.0,0,CME_MRY0T4,Under-five mortality rate,169.31889540202,D_PER_1000_B,,_T,,_T,,,151.499631956217,188.963834832844,A,,UN_IGME,,,CME_MRY0T4,2001
GNB,Guinea-Bissau,2002.0,0,CME_MRY0T4,Under-five mortality rate,163.566818316076,D_PER_1000_B,,_T,,_T,,,146.016115478177,183.081961216495,A,,UN_IGME,,,CME_MRY0T4,2002
GNB,Guinea-Bissau,2003.0,0,CME_MRY0T4,Under-five mortality rate,157.689513738582,D_PER_1000_B,,_T,,_T,,,140.436308480554,177.46083191162,A,,UN_IGME,,,CME_MRY0T4,2003
GNB,Guinea-Bissau,2004.0,0,CME_MRY0T4,Under-five mortality rate,151.585259015807,D_PER_1000_B,,_T,,_T,,,134.372906589582,171.236051421662,A,,UN_IGME,,,CME_MRY0T4,2004
GNB,Guinea-Bissau,2005.0,0,CME_MRY0T4,Under-five mortality rate,145.329781085407,D_PER_1000_B,,_T,,_T,,,128.079573392305,164.749597413142,A,,UN_IGME,,,CME_MRY0T4,2005
GNB,Guinea-Bissau,2006.0,0,CME_MRY0T4,Under-five mortality rate,139.055299376116,D_PER_1000_B,,_T,,_T,,,121.695209098203,158.581246093657,A,,UN_IGME,,,CME_MRY0T4,2006
GNB,Guinea-Bissau,2007.0,0,CME_MRY0T4,Under-five mortality rate,132.800429922331,D_PER_1000_B,,_T,,_T,,,115.074086515153,152.643572304526,A,,UN_IGME,,,CME_MRY0T4,2007
GNB,Guinea-Bissau,2008.0,0,CME_MRY0T4,Under-five mortality rate,126.462434165059,D_PER_1000_B,,_T,,_T,,,108.239574173724,147.590179560069,A,,UN_IGME,,,CME_MRY0T4,2008
GNB,Guinea-Bissau,2009.0,0,CME_MRY0T4,Under-five mortality rate,120.172913877722,D_PER_1000_B,,_T,,_T,,,101.482617775174,142.849117656691,A,,UN_IGME,,,CME_MRY0T4,2009
GNB,Guinea-Bissau,2010.0,0,CME_MRY0T4,Under-five mortality rate,114.303398408977,D_PER_1000_B,,_T,,_T,,,94.5208519574299,138.529547493415,A,,UN_IGME,,,CME_MRY0T4,2010
GNB,Guinea-Bissau,2011.0,0,CME_MRY0T4,Under-five mortality rate,108.591432844012,D_PER_1000_B,,_T,,_T,,,87.6500847177792,134.861937787982,A,,UN_IGME,,,CME_MRY0T4,2011
GNB,Guinea-Bissau,2012.0,0,CME_MRY0T4,Under-five mortality rate,103.556925885288,D_PER_1000_B,,_T,,_T,,,81.3152130342287,131.294986019505,A,,UN_IGME,,,CME_MRY0T4,2012
GNB,Guinea-Bissau,2013.0,0,CME_MRY0T4,Under-five mortality rate,99.1117216102778,D_PER_1000_B,,_T,,_T,,,75.7027823770119,128.414868191282,A,,UN_IGME,,,CME_MRY0T4,2013
GNB,Guinea-Bissau,2014.0,0,CME_MRY0T4,Under-five mortality rate,95.1637433847005,D_PER_1000_B,,_T,,_T,,,70.5292590906929,126.239343382133,A,,UN_IGME,,,CME_MRY0T4,2014
GNB,Guinea-Bissau,2015.0,0,CME_MRY0T4,Under-five mortality rate,91.6014700659797,D_PER_1000_B,,_T,,_T,,,65.6869999255374,124.130654743913,A,,UN_IGME,,,CME_MRY0T4,2015
GNB,Guinea-Bissau,2016.0,0,CME_MRY0T4,Under-five mortality rate,88.221124118301,D_PER_1000_B,,_T,,_T,,,61.2988062060156,122.986297271555,A,,UN_IGME,,,CME_MRY0T4,2016
GNB,Guinea-Bissau,2017.0,0,CME_MRY0T4,Under-five mortality rate,85.1305189238695,D_PER_1000_B,,_T,,_T,,,57.4253534999623,121.843744558699,A,,UN_IGME,,,CME_MRY0T4,2017
GNB,Guinea-Bissau,2018.0,0,CME_MRY0T4,Under-five mortality rate,82.2184876137811,D_PER_1000_B,,_T,,_T,,,53.5418455106973,121.134520686842,A,,UN_IGME,,,CME_MRY0T4,2018
GNB,Guinea-Bissau,2019.0,0,CME_MRY0T4,Under-five mortality rate,79.4528780651149,D_PER_1000_B,,_T,,_T,,,50.2076982669236,120.089375986943,A,,UN_IGME,,,CME_MRY0T4,2019
GNB,Guinea-Bissau,2020.0,0,CME_MRY0T4,Under-five mortality rate,76.7453557431808,D_PER_1000_B,,_T,,_T,,,46.9251631036868,119.835426424644,A,,UN_IGME,,,CME_MRY0T4,2020
GNB,Guinea-Bissau,2021.0,0,CME_MRY0T4,Under-five mortality rate,74.349986353217,D_PER_1000_B,,_T,,_T,,,44.2114067503677,119.377983549311,A,,UN_IGME,,,CME_MRY0T4,2021
GNB,Guinea-Bissau,2022.0,0,CME_MRY0T4,Under-five mortality rate,72.0308932266975,D_PER_1000_B,,_T,,_T,,,41.4510002978437,119.068478210938,A,,UN_IGME,,,CME_MRY0T4,2022
GNB,Guinea-Bissau,2023.0,0,CME_MRY0T4,Under-five mortality rate,69.6960638564149,D_PER_1000_B,,_T,,_T,,,39.0205068198317,118.182516414141,A,,UN_IGME,,,CME_MRY0T4,2023
GNB,Guinea-Bissau,2024.0,0,CME_MRY0T4,Under-five mortality rate,67.3361328119606,D_PER_1000_B,,_T,,_T,,,36.7817806831519,117.540730552884,A,,UN_IGME,,,CME_MRY0T4,2024
IRN,Iran (Islamic Republic of),2000.0,0,CME_MRY0T4,Under-five mortality rate,36.360060833214,D_PER_1000_B,,_T,,_T,,,32.9054394771204,40.6151087299386,A,,UN_IGME,,,CME_MRY0T4,2000
IRN,Iran (Islamic Republic of),2001.0,0,CME_MRY0T4,Under-five mortality rate,34.3256717199405,D_PER_1000_B,,_T,,_T,,,30.9258992582294,38.4165085121958,A,,UN_IGME,,,CME_MRY0T4,2001
IRN,Iran (Islamic Republic of),2002.0,0,CME_MRY0T4,Under-five mortality rate,32.281272690941,D_PER_1000_B,,_T,,_T,,,28.9761584327205,36.1777305034012,A,,UN_IGME,,,CME_MRY0T4,2002
IRN,Iran (Islamic Republic of),2003.0,0,CME_MRY0T4,Under-five mortality rate,30.2525691853691,D_PER_1000_B,,_T,,_T,,,27.1451979894659,33.8512678458828,A,,UN_IGME,,,CME_MRY0T4,2003
IRN,Iran (Islamic Republic of),2004.0,0,CME_MRY0T4,Under-five mortality rate,28.2999973040471,D_PER_1000_B,,_T,,_T,,,25.443461298499,31.6347837060847,A,,UN_IGME,,,CME_MRY0T4,2004
IRN,Iran (Islamic Republic of),2005.0,0,CME_MRY0T4,Under-five mortality rate,26.4655478025803,D_PER_1000_B,,_T,,_T,,,23.7899569800932,29.5044392025203,A,,UN_IGME,,,CME_MRY0T4,2005
IRN,Iran (Islamic Republic of),2006.0,0,CME_MRY0T4,Under-five mortality rate,24.7448855340757,D_PER_1000_B,,_T,,_T,,,22.234944174664,27.5381308405227,A,,UN_IGME,,,CME_MRY0T4,2006
IRN,Iran (Islamic Republic of),2007.0,0,CME_MRY0T4,Under-five mortality rate,23.1388224300769,D_PER_1000_B,,_T,,_T,,,20.7047862332199,25.8598058643968,A,,UN_IGME,,,CME_MRY0T4,2007
IRN,Iran (Islamic Republic of),2008.0,0,CME_MRY0T4,Under-five mortality rate,21.677150990483,D_PER_1000_B,,_T,,_T,,,19.1824255098114,24.5371954952431,A,,UN_IGME,,,CME_MRY0T4,2008
IRN,Iran (Islamic Republic of),2009.0,0,CME_MRY0T4,Under-five mortality rate,20.3791785877568,D_PER_1000_B,,_T,,_T,,,17.6974038061487,23.471484495119,A,,UN_IGME,,,CME_MRY0T4,2009
IRN,Iran (Islamic Republic of),2010.0,0,CME_MRY0T4,Under-five mortality rate,19.2792303297288,D_PER_1000_B,,_T,,_T,,,16.2830093316484,22.6989789967912,A,,UN_IGME,,,CME_MRY0T4,2010
IRN,Iran (Islamic Republic of),2011.0,0,CME_MRY0T4,Under-five mortality rate,18.3428249243399,D_PER_1000_B,,_T,,_T,,,14.9797351604038,22.2076578774967,A,,UN_IGME,,,CME_MRY0T4,2011
IRN,Iran (Islamic Republic of),2012.0,0,CME_MRY0T4,Under-five mortality rate,17.5269985068247,D_PER_1000_B,,_T,,_T,,,13.8095959369753,21.9613093722331,A,,UN_IGME,,,CME_MRY0T4,2012
IRN,Iran (Islamic Republic of),2013.0,0,CME_MRY0T4,Under-five mortality rate,16.7857473368871,D_PER_1000_B,,_T,,_T,,,12.7845553801825,21.7657069352074,A,,UN_IGME,,,CME_MRY0T4,2013
IRN,Iran (Islamic Republic of),2014.0,0,CME_MRY0T4,Under-five mortality rate,16.1395600002454,D_PER_1000_B,,_T,,_T,,,11.8472129802891,21.6540699501743,A,,UN_IGME,,,CME_MRY0T4,2014
IRN,Iran (Islamic Republic of),2015.0,0,CME_MRY0T4,Under-five mortality rate,15.5127168032194,D_PER_1000_B,,_T,,_T,,,11.024172611745,21.6606068157785,A,,UN_IGME,,,CME_MRY0T4,2015
IRN,Iran (Islamic Republic of),2016.0,0,CME_MRY0T4,Under-five mortality rate,14.9233623560012,D_PER_1000_B,,_T,,_T,,,10.2715148774801,21.6757357766077,A,,UN_IGME,,,CME_MRY0T4,2016
IRN,Iran (Islamic Republic of),2017.0,0,CME_MRY0T4,Under-five mortality rate,14.3794834693739,D_PER_1000_B,,_T,,_T,,,9.55440877180999,21.7052127840624,A,,UN_IGME,,,CME_MRY0T4,2017
IRN,Iran (Islamic Republic of),2018.0,0,CME_MRY0T4,Under-five mortality rate,13.883664384902,D_PER_1000_B,,_T,,_T,,,8.91234464003051,21.5846605448052,A,,UN_IGME,,,CME_MRY0T4,2018
IRN,Iran (Islamic Republic of),2019.0,0,CME_MRY0T4,Under-five mortality rate,13.395333274947,D_PER_1000_B,,_T,,_T,,,8.31495238134232,21.5304893615643,A,,UN_IGME,,,CME_MRY0T4,2019
IRN,Iran (Islamic Republic of),2020.0,0,CME_MRY0T4,Under-five mortality rate,12.9653536787048,D_PER_1000_B,,_T,,_T,,,7.7793824725925,21.4630135349366,A,,UN_IGME,,,CME_MRY0T4,2020
IRN,Iran (Islamic Republic of),2021.0,0,CME_MRY0T4,Under-five mortality rate,12.563891612789,D_PER_1000_B,,_T,,_T,,,7.28814745445138,21.4150837733015,A,,UN_IGME,,,CME_MRY0T4,2021
IRN,Iran (Islamic Republic of),2022.0,0,CME_MRY0T4,Under-five mortality rate,12.1068409357421,D_PER_1000_B,,_T,,_T,,,6.83205694791535,21.358529216441,A,,UN_IGME,,,CME_MRY0T4,2022
IRN,Iran (Islamic Republic of),2023.0,0,CME_MRY0T4,Under-five mortality rate,11.6924686497726,D_PER_1000_B,,_T,,_T,,,6.42658398818826,21.2257517380609,A,,UN_IGME,,,CME_MRY0T4,2023
IRN,Iran (Islamic Republic of),2024.0,0,CME_MRY0T4,Under-five mortality rate,11.3243310941823,D_PER_1000_B,,_T,,_T,,,6.08179093381266,20.9408050635058,A,,UN_IGME,,,CME_MRY0T4,2024
KGZ,Kyrgyzstan,2000.0,0,CME_MRY0T4,Under-five mortality rate,50.8076329347685,D_PER_1000_B,,_T,,_T,,,45.8709285119948,55.6220292483248,A,,UN_IGME,,,CME_MRY0T4,2000
KGZ,Kyrgyzstan,2001.0,0,CME_MRY0T4,Under-five mortality rate,48.0988089054135,D_PER_1000_B,,_T,,_T,,,43.560565123055,52.1018454686941,A,,UN_IGME,,,CME_MRY0T4,2001
KGZ,Kyrgyzstan,2002.0,0,CME_MRY0T4,Under-five mortality rate,45.4725409196708,D_PER_1000_B,,_T,,_T,,,41.4805753436856,48.7390091795678,A,,UN_IGME,,,CME_MRY0T4,2002
KGZ,Kyrgyzstan,2003.0,0,CME_MRY0T4,Under-five mortality rate,42.9915720990887,D_PER_1000_B,,_T,,_T,,,39.7659554833176,45.5854531821175,A,,UN_IGME,,,CME_MRY0T4,2003
KGZ,Kyrgyzstan,2004.0,0,CME_MRY0T4,Under-five mortality rate,40.8760519220285,D_PER_1000_B,,_T,,_T,,,38.329657830076,42.9111516189636,A,,UN_IGME,,,CME_MRY0T4,2004
KGZ,Kyrgyzstan,2005.0,0,CME_MRY0T4,Under-five mortality rate,39.17778494397,D_PER_1000_B,,_T,,_T,,,37.4598789244061,40.6570841670791,A,,UN_IGME,,,CME_MRY0T4,2005
KGZ,Kyrgyzstan,2006.0,0,CME_MRY0T4,Under-five mortality rate,37.6243034832388,D_PER_1000_B,,_T,,_T,,,36.5539761119297,38.8371617877422,A,,UN_IGME,,,CME_MRY0T4,2006
KGZ,Kyrgyzstan,2007.0,0,CME_MRY0T4,Under-five mortality rate,35.8820731629863,D_PER_1000_B,,_T,,_T,,,34.8815809023176,37.1978803737871,A,,UN_IGME,,,CME_MRY0T4,2007
KGZ,Kyrgyzstan,2008.0,0,CME_MRY0T4,Under-five mortality rate,33.7998822523113,D_PER_1000_B,,_T,,_T,,,32.8842705802655,34.9618527455358,A,,UN_IGME,,,CME_MRY0T4,2008
KGZ,Kyrgyzstan,2009.0,0,CME_MRY0T4,Under-five mortality rate,31.5909640661617,D_PER_1000_B,,_T,,_T,,,30.704140810854,32.5688488425704,A,,UN_IGME,,,CME_MRY0T4,2009
KGZ,Kyrgyzstan,2010.0,0,CME_MRY0T4,Under-five mortality rate,29.4761011134261,D_PER_1000_B,,_T,,_T,,,28.5575213071178,30.3173247597162,A,,UN_IGME,,,CME_MRY0T4,2010
KGZ,Kyrgyzstan,2011.0,0,CME_MRY0T4,Under-five mortality rate,27.5779490195009,D_PER_1000_B,,_T,,_T,,,26.6380152546327,28.3527294027816,A,,UN_IGME,,,CME_MRY0T4,2011
KGZ,Kyrgyzstan,2012.0,0,CME_MRY0T4,Under-five mortality rate,26.0041208910064,D_PER_1000_B,,_T,,_T,,,25.1247832092542,26.754759770153,A,,UN_IGME,,,CME_MRY0T4,2012
KGZ,Kyrgyzstan,2013.0,0,CME_MRY0T4,Under-five mortality rate,24.7091769981576,D_PER_1000_B,,_T,,_T,,,24.0006210711866,25.4225935264094,A,,UN_IGME,,,CME_MRY0T4,2013
KGZ,Kyrgyzstan,2014.0,0,CME_MRY0T4,Under-five mortality rate,23.5169454380871,D_PER_1000_B,,_T,,_T,,,22.875263933106,24.311790253268,A,,UN_IGME,,,CME_MRY0T4,2014
KGZ,Kyrgyzstan,2015.0,0,CME_MRY0T4,Under-five mortality rate,22.3069033716848,D_PER_1000_B,,_T,,_T,,,21.6739631361174,23.0372437076991,A,,UN_IGME,,,CME_MRY0T4,2015
KGZ,Kyrgyzstan,2016.0,0,CME_MRY0T4,Under-five mortality rate,21.0885276876973,D_PER_1000_B,,_T,,_T,,,20.4367264095498,21.7416399429467,A,,UN_IGME,,,CME_MRY0T4,2016
KGZ,Kyrgyzstan,2017.0,0,CME_MRY0T4,Under-five mortality rate,19.9689327084252,D_PER_1000_B,,_T,,_T,,,19.3038878890388,20.595117228697,A,,UN_IGME,,,CME_MRY0T4,2017
KGZ,Kyrgyzstan,2018.0,0,CME_MRY0T4,Under-five mortality rate,19.0207551674362,D_PER_1000_B,,_T,,_T,,,18.4279191087139,19.6179692495895,A,,UN_IGME,,,CME_MRY0T4,2018
KGZ,Kyrgyzstan,2019.0,0,CME_MRY0T4,Under-five mortality rate,18.3039786673188,D_PER_1000_B,,_T,,_T,,,17.7251293410258,18.8802973919431,A,,UN_IGME,,,CME_MRY0T4,2019
KGZ,Kyrgyzstan,2020.0,0,CME_MRY0T4,Under-five mortality rate,17.8145721560973,D_PER_1000_B,,_T,,_T,,,17.2871242260933,18.3197630369284,A,,UN_IGME,,,CME_MRY0T4,2020
KGZ,Kyrgyzstan,2021.0,0,CME_MRY0T4,Under-five mortality rate,17.4823114759341,D_PER_1000_B,,_T,,_T,,,16.9885656210593,18.0114369246457,A,,UN_IGME,,,CME_MRY0T4,2021
KGZ,Kyrgyzstan,2022.0,0,CME_MRY0T4,Under-five mortality rate,17.2515805778237,D_PER_1000_B,,_T,,_T,,,16.6508434321775,17.912714212185,A,,UN_IGME,,,CME_MRY0T4,2022
KGZ,Kyrgyzstan,2023.0,0,CME_MRY0T4,Under-five mortality rate,17.0301214497739,D_PER_1000_B,,_T,,_T,,,16.1416950606682,18.0088287097726,A,,UN_IGME,,,CME_MRY0T4,2023
KGZ,Kyrgyzstan,2024.0,0,CME_MRY0T4,Under-five mortality rate,16.7820696454905,D_PER_1000_B,,_T,,_T,,,15.4217475690995,18.3631289399464,A,,UN_IGME,,,CME_MRY0T4,2024
KWT,Kuwait,2000.0,0,CME_MRY0T4,Under-five mortality rate,12.7430607837139,D_PER_1000_B,,_T,,_T,,,12.3542871380324,13.1351592751531,A,,UN_IGME,,,CME_MRY0T4,2000
KWT,Kuwait,2001.0,0,CME_MRY0T4,Under-five mortality rate,12.5101790097518,D_PER_1000_B,,_T,,_T,,,12.140325156634,12.8838220837607,A,,UN_IGME,,,CME_MRY0T4,2001
KWT,Kuwait,2002.0,0,CME_MRY0T4,Under-five mortality rate,12.3339685149969,D_PER_1000_B,,_T,,_T,,,11.9734239604656,12.6920509019194,A,,UN_IGME,,,CME_MRY0T4,2002
KWT,Kuwait,2003.0,0,CME_MRY0T4,Under-five mortality rate,12.1549518742874,D_PER_1000_B,,_T,,_T,,,11.8018840178363,12.507350668641,A,,UN_IGME,,,CME_MRY0T4,2003
KWT,Kuwait,2004.0,0,CME_MRY0T4,Under-five mortality rate,11.9532378742435,D_PER_1000_B,,_T,,_T,,,11.6116080426624,12.2961392341189,A,,UN_IGME,,,CME_MRY0T4,2004
KWT,Kuwait,2005.0,0,CME_MRY0T4,Under-five mortality rate,11.7575668789229,D_PER_1000_B,,_T,,_T,,,11.416243690837,12.0990144002973,A,,UN_IGME,,,CME_MRY0T4,2005
KWT,Kuwait,2006.0,0,CME_MRY0T4,Under-five mortality rate,11.5855351937371,D_PER_1000_B,,_T,,_T,,,11.2577867991717,11.9196717310305,A,,UN_IGME,,,CME_MRY0T4,2006
KWT,Kuwait,2007.0,0,CME_MRY0T4,Under-five mortality rate,11.4302433744601,D_PER_1000_B,,_T,,_T,,,11.113148146953,11.752394669264,A,,UN_IGME,,,CME_MRY0T4,2007
KWT,Kuwait,2008.0,0,CME_MRY0T4,Under-five mortality rate,11.2441694247657,D_PER_1000_B,,_T,,_T,,,10.9318697043123,11.5716489462242,A,,UN_IGME,,,CME_MRY0T4,2008
KWT,Kuwait,2009.0,0,CME_MRY0T4,Under-five mortality rate,11.0090678765967,D_PER_1000_B,,_T,,_T,,,10.7107142601938,11.3138041098261,A,,UN_IGME,,,CME_MRY0T4,2009
KWT,Kuwait,2010.0,0,CME_MRY0T4,Under-five mortality rate,10.7079546783878,D_PER_1000_B,,_T,,_T,,,10.411549331134,11.010875446537,A,,UN_IGME,,,CME_MRY0T4,2010
KWT,Kuwait,2011.0,0,CME_MRY0T4,Under-five mortality rate,10.3413396749577,D_PER_1000_B,,_T,,_T,,,10.0481914408123,10.6351918778992,A,,UN_IGME,,,CME_MRY0T4,2011
KWT,Kuwait,2012.0,0,CME_MRY0T4,Under-five mortality rate,9.95471721138064,D_PER_1000_B,,_T,,_T,,,9.6725393079432,10.2352661453869,A,,UN_IGME,,,CME_MRY0T4,2012
KWT,Kuwait,2013.0,0,CME_MRY0T4,Under-five mortality rate,9.60707532433388,D_PER_1000_B,,_T,,_T,,,9.32772834544583,9.88991936705028,A,,UN_IGME,,,CME_MRY0T4,2013
KWT,Kuwait,2014.0,0,CME_MRY0T4,Under-five mortality rate,9.33004101266562,D_PER_1000_B,,_T,,_T,,,9.06230474581193,9.60815410350363,A,,UN_IGME,,,CME_MRY0T4,2014
KWT,Kuwait,2015.0,0,CME_MRY0T4,Under-five mortality rate,9.13123696037385,D_PER_1000_B,,_T,,_T,,,8.86406800611677,9.41524155357773,A,,UN_IGME,,,CME_MRY0T4,2015
KWT,Kuwait,2016.0,0,CME_MRY0T4,Under-five mortality rate,9.00189857726227,D_PER_1000_B,,_T,,_T,,,8.73048287389674,9.28084930729398,A,,UN_IGME,,,CME_MRY0T4,2016
KWT,Kuwait,2017.0,0,CME_MRY0T4,Under-five mortality rate,8.93034635238227,D_PER_1000_B,,_T,,_T,,,8.64534448579432,9.21452256536853,A,,UN_IGME,,,CME_MRY0T4,2017
KWT,Kuwait,2018.0,0,CME_MRY0T4,Under-five mortality rate,8.89204118998307,D_PER_1000_B,,_T,,_T,,,8.5845321424452,9.20072611091846,A,,UN_IGME,,,CME_MRY0T4,2018
KWT,Kuwait,2019.0,0,CME_MRY0T4,Under-five mortality rate,8.86558511616194,D_PER_1000_B,,_T,,_T,,,8.54198778841814,9.19899002269261,A,,UN_IGME,,,CME_MRY0T4,2019
KWT,Kuwait,2020.0,0,CME_MRY0T4,Under-five mortality rate,8.81797703675917,D_PER_1000_B,,_T,,_T,,,8.4816918406069,9.17108816687409,A,,UN_IGME,,,CME_MRY0T4,2020
KWT,Kuwait,2021.0,0,CME_MRY0T4,Under-five mortality rate,8.71890818089852,D_PER_1000_B,,_T,,_T,,,8.38069802641637,9.07122952273612,A,,UN_IGME,,,CME_MRY0T4,2021
KWT,Kuwait,2022.0,0,CME_MRY0T4,Under-five mortality rate,8.56134801115511,D_PER_1000_B,,_T,,_T,,,8.22286511250838,8.91027773204231,A,,UN_IGME,,,CME_MRY0T4,2022
KWT,Kuwait,2023.0,0,CME_MRY0T4,Under-five mortality rate,8.35343225040891,D_PER_1000_B,,_T,,_T,,,7.98141038093825,8.74104345242612,A,,UN_IGME,,,CME_MRY0T4,2023
KWT,Kuwait,2024.0,0,CME_MRY0T4,Under-five mortality rate,8.10382261436074,D_PER_1000_B,,_T,,_T,,,7.63428230844857,8.60702366163799,A,,UN_IGME,,,CME_MRY0T4,2024
LAO,Lao People's Democratic Republic,2000.0,0,CME_MRY0T4,Under-five mortality rate,100.123544257877,D_PER_1000_B,,_T,,_T,,,91.6952276488429,109.690590251809,A,,UN_IGME,,,CME_MRY0T4,2000
LAO,Lao People's Democratic Republic,2001.0,0,CME_MRY0T4,Under-five mortality rate,95.597156294953,D_PER_1000_B,,_T,,_T,,,87.4989562636672,105.132033158735,A,,UN_IGME,,,CME_MRY0T4,2001
LAO,Lao People's Democratic Republic,2002.0,0,CME_MRY0T4,Under-five mortality rate,91.0782466695601,D_PER_1000_B,,_T,,_T,,,83.2329149243186,100.315368999441,A,,UN_IGME,,,CME_MRY0T4,2002
LAO,Lao People's Democratic Republic,2003.0,0,CME_MRY0T4,Under-five mortality rate,86.5818243976725,D_PER_1000_B,,_T,,_T,,,79.0259792309506,95.553405028105,A,,UN_IGME,,,CME_MRY0T4,2003
LAO,Lao People's Democratic Republic,2004.0,0,CME_MRY0T4,Under-five mortality rate,82.1166220026598,D_PER_1000_B,,_T,,_T,,,74.7889473749291,90.6715262974867,A,,UN_IGME,,,CME_MRY0T4,2004
LAO,Lao People's Democratic Republic,2005.0,0,CME_MRY0T4,Under-five mortality rate,77.72503233027,D_PER_1000_B,,_T,,_T,,,70.6828737886334,85.9558428487571,A,,UN_IGME,,,CME_MRY0T4,2005
LAO,Lao People's Democratic Republic,2006.0,0,CME_MRY0T4,Under-five mortality rate,73.5069533353133,D_PER_1000_B,,_T,,_T,,,66.6146240900762,81.4390732944911,A,,UN_IGME,,,CME_MRY0T4,2006
LAO,Lao People's Democratic Republic,2007.0,0,CME_MRY0T4,Under-five mortality rate,69.451247578756,D_PER_1000_B,,_T,,_T,,,62.6805553022036,77.0658687327943,A,,UN_IGME,,,CME_MRY0T4,2007
LAO,Lao People's Democratic Republic,2008.0,0,CME_MRY0T4,Under-five mortality rate,65.516151342079,D_PER_1000_B,,_T,,_T,,,59.0051640990142,73.0276907488176,A,,UN_IGME,,,CME_MRY0T4,2008
LAO,Lao People's Democratic Republic,2009.0,0,CME_MRY0T4,Under-five mortality rate,61.8084019926607,D_PER_1000_B,,_T,,_T,,,55.379261559621,69.1299749166496,A,,UN_IGME,,,CME_MRY0T4,2009
LAO,Lao People's Democratic Republic,2010.0,0,CME_MRY0T4,Under-five mortality rate,58.3738964407427,D_PER_1000_B,,_T,,_T,,,51.9854531996291,65.6278043292292,A,,UN_IGME,,,CME_MRY0T4,2010
LAO,Lao People's Democratic Republic,2011.0,0,CME_MRY0T4,Under-five mortality rate,55.1476352609725,D_PER_1000_B,,_T,,_T,,,48.8103679444757,62.3292482862204,A,,UN_IGME,,,CME_MRY0T4,2011
LAO,Lao People's Democratic Republic,2012.0,0,CME_MRY0T4,Under-five mortality rate,52.1425208242706,D_PER_1000_B,,_T,,_T,,,45.8486580159614,59.335641381954,A,,UN_IGME,,,CME_MRY0T4,2012
LAO,Lao People's Democratic Republic,2013.0,0,CME_MRY0T4,Under-five mortality rate,49.377446255645,D_PER_1000_B,,_T,,_T,,,43.096317712333,56.573117233826,A,,UN_IGME,,,CME_MRY0T4,2013
LAO,Lao People's Democratic Republic,2014.0,0,CME_MRY0T4,Under-five mortality rate,46.8092290489945,D_PER_1000_B,,_T,,_T,,,40.4220432987142,53.9308951776713,A,,UN_IGME,,,CME_MRY0T4,2014
LAO,Lao People's Democratic Republic,2015.0,0,CME_MRY0T4,Under-five mortality rate,44.4199778572623,D_PER_1000_B,,_T,,_T,,,38.0254265307193,51.5418999207079,A,,UN_IGME,,,CME_MRY0T4,2015
LAO,Lao People's Democratic Republic,2016.0,0,CME_MRY0T4,Under-five mortality rate,42.2106931008809,D_PER_1000_B,,_T,,_T,,,35.8344712136518,49.5237345784288,A,,UN_IGME,,,CME_MRY0T4,2016
LAO,Lao People's Democratic Republic,2017.0,0,CME_MRY0T4,Under-five mortality rate,40.1513465736214,D_PER_1000_B,,_T,,_T,,,33.6065713773762,47.5956963688868,A,,UN_IGME,,,CME_MRY0T4,2017
LAO,Lao People's Democratic Republic,2018.0,0,CME_MRY0T4,Under-five mortality rate,38.2676738488799,D_PER_1000_B,,_T,,_T,,,31.5498026759272,45.841627663175,A,,UN_IGME,,,CME_MRY0T4,2018
LAO,Lao People's Democratic Republic,2019.0,0,CME_MRY0T4,Under-five mortality rate,36.4962348234433,D_PER_1000_B,,_T,,_T,,,29.5953270470077,44.3686998961817,A,,UN_IGME,,,CME_MRY0T4,2019
LAO,Lao People's Democratic Republic,2020.0,0,CME_MRY0T4,Under-five mortality rate,34.8036470981919,D_PER_1000_B,,_T,,_T,,,27.6609759834865,43.0747092483309,A,,UN_IGME,,,CME_MRY0T4,2020
LAO,Lao People's Democratic Republic,2021.0,0,CME_MRY0T4,Under-five mortality rate,33.2074922852914,D_PER_1000_B,,_T,,_T,,,25.8915172020794,41.8782583388592,A,,UN_IGME,,,CME_MRY0T4,2021
LAO,Lao People's Democratic Republic,2022.0,0,CME_MRY0T4,Under-five mortality rate,31.7827758861718,D_PER_1000_B,,_T,,_T,,,24.3275986139073,40.8534110638356,A,,UN_IGME,,,CME_MRY0T4,2022
LAO,Lao People's Democratic Republic,2023.0,0,CME_MRY0T4,Under-five mortality rate,30.5013883407787,D_PER_1000_B,,_T,,_T,,,22.9149872572094,40.0214786894399,A,,UN_IGME,,,CME_MRY0T4,2023
LAO,Lao People's Democratic Republic,2024.0,0,CME_MRY0T4,Under-five mortality rate,29.3500559642661,D_PER_1000_B,,_T,,_T,,,21.6343668361816,39.3679235999391,A,,UN_IGME,,,CME_MRY0T4,2024
MAR,Morocco,2000.0,0,CME_MRY0T4,Under-five mortality rate,52.4181424685762,D_PER_1000_B,,_T,,_T,,,47.5780963354478,58.050802793963,A,,UN_IGME,,,CME_MRY0T4,2000
MAR,Morocco,2001.0,0,CME_MRY0T4,Under-five mortality rate,50.198362765422,D_PER_1000_B,,_T,,_T,,,45.4355402910772,55.8114470685205,A,,UN_IGME,,,CME_MRY0T4,2001
MAR,Morocco,2002.0,0,CME_MRY0T4,Under-five mortality rate,48.0132004531244,D_PER_1000_B,,_T,,_T,,,43.3666955613643,53.6146810540287,A,,UN_IGME,,,CME_MRY0T4,2002
MAR,Morocco,2003.0,0,CME_MRY0T4,Under-five mortality rate,45.8367649470543,D_PER_1000_B,,_T,,_T,,,41.2972022946229,51.3025727369206,A,,UN_IGME,,,CME_MRY0T4,2003
MAR,Morocco,2004.0,0,CME_MRY0T4,Under-five mortality rate,43.6299665506393,D_PER_1000_B,,_T,,_T,,,39.2196036662715,48.9884601945849,A,,UN_IGME,,,CME_MRY0T4,2004
MAR,Morocco,2005.0,0,CME_MRY0T4,Under-five mortality rate,41.3936053247893,D_PER_1000_B,,_T,,_T,,,37.1397610608816,46.3310333827346,A,,UN_IGME,,,CME_MRY0T4,2005
MAR,Morocco,2006.0,0,CME_MRY0T4,Under-five mortality rate,39.1512157788929,D_PER_1000_B,,_T,,_T,,,34.986355737594,43.6951720032504,A,,UN_IGME,,,CME_MRY0T4,2006
MAR,Morocco,2007.0,0,CME_MRY0T4,Under-five mortality rate,36.9394722100412,D_PER_1000_B,,_T,,_T,,,32.9289206878278,41.1760948145277,A,,UN_IGME,,,CME_MRY0T4,2007
MAR,Morocco,2008.0,0,CME_MRY0T4,Under-five mortality rate,34.7973366704543,D_PER_1000_B,,_T,,_T,,,30.8207910327212,38.8045121413974,A,,UN_IGME,,,CME_MRY0T4,2008
MAR,Morocco,2009.0,0,CME_MRY0T4,Under-five mortality rate,32.7956376619775,D_PER_1000_B,,_T,,_T,,,28.819943882411,36.6362101429117,A,,UN_IGME,,,CME_MRY0T4,2009
MAR,Morocco,2010.0,0,CME_MRY0T4,Under-five mortality rate,30.9124624339446,D_PER_1000_B,,_T,,_T,,,26.9319846844749,34.8239739587427,A,,UN_IGME,,,CME_MRY0T4,2010
MAR,Morocco,2011.0,0,CME_MRY0T4,Under-five mortality rate,29.1637186459428,D_PER_1000_B,,_T,,_T,,,25.0428869042368,33.1783020116975,A,,UN_IGME,,,CME_MRY0T4,2011
MAR,Morocco,2012.0,0,CME_MRY0T4,Under-five mortality rate,27.5224915689206,D_PER_1000_B,,_T,,_T,,,23.2689113845585,31.7595274060091,A,,UN_IGME,,,CME_MRY0T4,2012
MAR,Morocco,2013.0,0,CME_MRY0T4,Under-five mortality rate,25.9505515437546,D_PER_1000_B,,_T,,_T,,,21.6375726300041,30.4614892366588,A,,UN_IGME,,,CME_MRY0T4,2013
MAR,Morocco,2014.0,0,CME_MRY0T4,Under-five mortality rate,24.4726959746674,D_PER_1000_B,,_T,,_T,,,20.000623829939,29.3361856221748,A,,UN_IGME,,,CME_MRY0T4,2014
MAR,Morocco,2015.0,0,CME_MRY0T4,Under-five mortality rate,23.128328880512,D_PER_1000_B,,_T,,_T,,,18.4870639543416,28.2440446226146,A,,UN_IGME,,,CME_MRY0T4,2015
MAR,Morocco,2016.0,0,CME_MRY0T4,Under-five mortality rate,21.8943045572518,D_PER_1000_B,,_T,,_T,,,17.0895734972113,27.2789190240763,A,,UN_IGME,,,CME_MRY0T4,2016
MAR,Morocco,2017.0,0,CME_MRY0T4,Under-five mortality rate,20.819717117869,D_PER_1000_B,,_T,,_T,,,15.8619348716649,26.4765987846414,A,,UN_IGME,,,CME_MRY0T4,2017
MAR,Morocco,2018.0,0,CME_MRY0T4,Under-five mortality rate,19.9208689046281,D_PER_1000_B,,_T,,_T,,,14.7597546943984,25.9256518498561,A,,UN_IGME,,,CME_MRY0T4,2018
MAR,Morocco,2019.0,0,CME_MRY0T4,Under-five mortality rate,19.0733740565532,D_PER_1000_B,,_T,,_T,,,13.8325929375359,25.428676402558,A,,UN_IGME,,,CME_MRY0T4,2019
MAR,Morocco,2020.0,0,CME_MRY0T4,Under-five mortality rate,18.3278133014936,D_PER_1000_B,,_T,,_T,,,12.9758986155099,24.9225830643062,A,,UN_IGME,,,CME_MRY0T4,2020
MAR,Morocco,2021.0,0,CME_MRY0T4,Under-five mortality rate,17.624524939407,D_PER_1000_B,,_T,,_T,,,12.0957169284468,24.6918289174151,A,,UN_IGME,,,CME_MRY0T4,2021
MAR,Morocco,2022.0,0,CME_MRY0T4,Under-five mortality rate,16.9797877146966,D_PER_1000_B,,_T,,_T,,,11.3662793292444,24.4746420040683,A,,UN_IGME,,,CME_MRY0T4,2022
MAR,Morocco,2023.0,0,CME_MRY0T4,Under-five mortality rate,16.3179754829336,D_PER_1000_B,,_T,,_T,,,10.6509537498931,24.3488269367248,A,,UN_IGME,,,CME_MRY0T4,2023
MAR,Morocco,2024.0,0,CME_MRY0T4,Under-five mortality rate,15.7315030404638,D_PER_1000_B,,_T,,_T,,,10.0006519248927,24.1439119541959,A,,UN_IGME,,,CME_MRY0T4,2024
MLT,Malta,2000.0,0,CME_MRY0T4,Under-five mortality rate,7.61655820979732,D_PER_1000_B,,_T,,_T,,,6.96091884119347,8.33209042554851,A,,UN_IGME,,,CME_MRY0T4,2000
MLT,Malta,2001.0,0,CME_MRY0T4,Under-five mortality rate,7.38282101668566,D_PER_1000_B,,_T,,_T,,,6.72792197618275,8.08253353468113,A,,UN_IGME,,,CME_MRY0T4,2001
MLT,Malta,2002.0,0,CME_MRY0T4,Under-five mortality rate,7.19425428938495,D_PER_1000_B,,_T,,_T,,,6.54361733151345,7.8820007046121,A,,UN_IGME,,,CME_MRY0T4,2002
MLT,Malta,2003.0,0,CME_MRY0T4,Under-five mortality rate,7.05824204816759,D_PER_1000_B,,_T,,_T,,,6.40786898365606,7.74717170915257,A,,UN_IGME,,,CME_MRY0T4,2003
MLT,Malta,2004.0,0,CME_MRY0T4,Under-five mortality rate,6.96383821571581,D_PER_1000_B,,_T,,_T,,,6.32031374381561,7.6399371905759,A,,UN_IGME,,,CME_MRY0T4,2004
MLT,Malta,2005.0,0,CME_MRY0T4,Under-five mortality rate,6.90678842375397,D_PER_1000_B,,_T,,_T,,,6.26919847567601,7.59305242809151,A,,UN_IGME,,,CME_MRY0T4,2005
MLT,Malta,2006.0,0,CME_MRY0T4,Under-five mortality rate,6.88007862531481,D_PER_1000_B,,_T,,_T,,,6.24568170289462,7.56461196242091,A,,UN_IGME,,,CME_MRY0T4,2006
MLT,Malta,2007.0,0,CME_MRY0T4,Under-five mortality rate,6.87077096688525,D_PER_1000_B,,_T,,_T,,,6.24360755225265,7.55424661697393,A,,UN_IGME,,,CME_MRY0T4,2007
MLT,Malta,2008.0,0,CME_MRY0T4,Under-five mortality rate,6.86958200956528,D_PER_1000_B,,_T,,_T,,,6.25037750084209,7.55716630285884,A,,UN_IGME,,,CME_MRY0T4,2008
MLT,Malta,2009.0,0,CME_MRY0T4,Under-five mortality rate,6.86846562244866,D_PER_1000_B,,_T,,_T,,,6.2460293886946,7.56294759479971,A,,UN_IGME,,,CME_MRY0T4,2009
MLT,Malta,2010.0,0,CME_MRY0T4,Under-five mortality rate,6.86106313035502,D_PER_1000_B,,_T,,_T,,,6.24009333257561,7.5478166280921,A,,UN_IGME,,,CME_MRY0T4,2010
MLT,Malta,2011.0,0,CME_MRY0T4,Under-five mortality rate,6.83678713061266,D_PER_1000_B,,_T,,_T,,,6.20920467057331,7.53873232691959,A,,UN_IGME,,,CME_MRY0T4,2011
MLT,Malta,2012.0,0,CME_MRY0T4,Under-five mortality rate,6.80092509090456,D_PER_1000_B,,_T,,_T,,,6.16535054966398,7.48707453139026,A,,UN_IGME,,,CME_MRY0T4,2012
MLT,Malta,2013.0,0,CME_MRY0T4,Under-five mortality rate,6.74824058645828,D_PER_1000_B,,_T,,_T,,,6.11611102532227,7.42489601560431,A,,UN_IGME,,,CME_MRY0T4,2013
MLT,Malta,2014.0,0,CME_MRY0T4,Under-five mortality rate,6.68056288704668,D_PER_1000_B,,_T,,_T,,,6.05181619749637,7.35680899549448,A,,UN_IGME,,,CME_MRY0T4,2014
MLT,Malta,2015.0,0,CME_MRY0T4,Under-five mortality rate,6.59565305520228,D_PER_1000_B,,_T,,_T,,,5.98951118158869,7.26337335562909,A,,UN_IGME,,,CME_MRY0T4,2015
MLT,Malta,2016.0,0,CME_MRY0T4,Under-five mortality rate,6.49832970021507,D_PER_1000_B,,_T,,_T,,,5.9000286560071,7.16496235438207,A,,UN_IGME,,,CME_MRY0T4,2016
MLT,Malta,2017.0,0,CME_MRY0T4,Under-five mortality rate,6.388067090683,D_PER_1000_B,,_T,,_T,,,5.79040357303697,7.05463361096447,A,,UN_IGME,,,CME_MRY0T4,2017
MLT,Malta,2018.0,0,CME_MRY0T4,Under-five mortality rate,6.25080496266741,D_PER_1000_B,,_T,,_T,,,5.64158165375466,6.94725282300565,A,,UN_IGME,,,CME_MRY0T4,2018
MLT,Malta,2019.0,0,CME_MRY0T4,Under-five mortality rate,6.11439567028526,D_PER_1000_B,,_T,,_T,,,5.44775044072279,6.85873092109889,A,,UN_IGME,,,CME_MRY0T4,2019
MLT,Malta,2020.0,0,CME_MRY0T4,Under-five mortality rate,5.96405845668655,D_PER_1000_B,,_T,,_T,,,5.22041049298331,6.80130085673799,A,,UN_IGME,,,CME_MRY0T4,2020
MLT,Malta,2021.0,0,CME_MRY0T4,Under-five mortality rate,5.80557876351881,D_PER_1000_B,,_T,,_T,,,4.96785301508743,6.77840286845514,A,,UN_IGME,,,CME_MRY0T4,2021
MLT,Malta,2022.0,0,CME_MRY0T4,Under-five mortality rate,5.64755966601939,D_PER_1000_B,,_T,,_T,,,4.70479334111342,6.76493283793417,A,,UN_IGME,,,CME_MRY0T4,2022
MLT,Malta,2023.0,0,CME_MRY0T4,Under-five mortality rate,5.49639526712803,D_PER_1000_B,,_T,,_T,,,4.44276483058021,6.77845113553678,A,,UN_IGME,,,CME_MRY0T4,2023
MLT,Malta,2024.0,0,CME_MRY0T4,Under-five mortality rate,5.33484378809315,D_PER_1000_B,,_T,,_T,,,4.17396992547258,6.77797582624447,A,,UN_IGME,,,CME_MRY0T4,2024
OMN,Oman,2000.0,0,CME_MRY0T4,Under-five mortality rate,16.5391946271701,D_PER_1000_B,,_T,,_T,,,14.4417298821183,18.9148301858959,A,,UN_IGME,,,CME_MRY0T4,2000
OMN,Oman,2001.0,0,CME_MRY0T4,Under-five mortality rate,15.5030504390132,D_PER_1000_B,,_T,,_T,,,13.6107523848573,17.6653611893954,A,,UN_IGME,,,CME_MRY0T4,2001
OMN,Oman,2002.0,0,CME_MRY0T4,Under-five mortality rate,14.6223444870058,D_PER_1000_B,,_T,,_T,,,12.9357481008201,16.5735423947687,A,,UN_IGME,,,CME_MRY0T4,2002
OMN,Oman,2003.0,0,CME_MRY0T4,Under-five mortality rate,13.8971660403689,D_PER_1000_B,,_T,,_T,,,12.4163598297025,15.5868220827616,A,,UN_IGME,,,CME_MRY0T4,2003
OMN,Oman,2004.0,0,CME_MRY0T4,Under-five mortality rate,13.3118068639743,D_PER_1000_B,,_T,,_T,,,12.0434535732211,14.7453545921416,A,,UN_IGME,,,CME_MRY0T4,2004
OMN,Oman,2005.0,0,CME_MRY0T4,Under-five mortality rate,12.8534921952629,D_PER_1000_B,,_T,,_T,,,11.8101851692072,14.0265074873992,A,,UN_IGME,,,CME_MRY0T4,2005
OMN,Oman,2006.0,0,CME_MRY0T4,Under-five mortality rate,12.4949978248957,D_PER_1000_B,,_T,,_T,,,11.6545036385896,13.4156486385719,A,,UN_IGME,,,CME_MRY0T4,2006
OMN,Oman,2007.0,0,CME_MRY0T4,Under-five mortality rate,12.2299915646915,D_PER_1000_B,,_T,,_T,,,11.5789317089091,12.912274468832,A,,UN_IGME,,,CME_MRY0T4,2007
OMN,Oman,2008.0,0,CME_MRY0T4,Under-five mortality rate,12.0284618701906,D_PER_1000_B,,_T,,_T,,,11.5233228084105,12.5395945635114,A,,UN_IGME,,,CME_MRY0T4,2008
OMN,Oman,2009.0,0,CME_MRY0T4,Under-five mortality rate,11.8684939603563,D_PER_1000_B,,_T,,_T,,,11.4687612721516,12.2589309046675,A,,UN_IGME,,,CME_MRY0T4,2009
OMN,Oman,2010.0,0,CME_MRY0T4,Under-five mortality rate,11.7223347549264,D_PER_1000_B,,_T,,_T,,,11.3751689924101,12.0703433009076,A,,UN_IGME,,,CME_MRY0T4,2010
OMN,Oman,2011.0,0,CME_MRY0T4,Under-five mortality rate,11.5736452271995,D_PER_1000_B,,_T,,_T,,,11.2575702682962,11.885495736841,A,,UN_IGME,,,CME_MRY0T4,2011
OMN,Oman,2012.0,0,CME_MRY0T4,Under-five mortality rate,11.4254108103153,D_PER_1000_B,,_T,,_T,,,11.1261358904267,11.728302939734,A,,UN_IGME,,,CME_MRY0T4,2012
OMN,Oman,2013.0,0,CME_MRY0T4,Under-five mortality rate,11.2940219329936,D_PER_1000_B,,_T,,_T,,,11.000496215867,11.601184286001,A,,UN_IGME,,,CME_MRY0T4,2013
OMN,Oman,2014.0,0,CME_MRY0T4,Under-five mortality rate,11.187050694489,D_PER_1000_B,,_T,,_T,,,10.8774383415887,11.5030190511669,A,,UN_IGME,,,CME_MRY0T4,2014
OMN,Oman,2015.0,0,CME_MRY0T4,Under-five mortality rate,11.1010835421701,D_PER_1000_B,,_T,,_T,,,10.7573587405778,11.4497382575823,A,,UN_IGME,,,CME_MRY0T4,2015
OMN,Oman,2016.0,0,CME_MRY0T4,Under-five mortality rate,11.0294697670196,D_PER_1000_B,,_T,,_T,,,10.6445779280556,11.4155239316137,A,,UN_IGME,,,CME_MRY0T4,2016
OMN,Oman,2017.0,0,CME_MRY0T4,Under-five mortality rate,10.9601313931761,D_PER_1000_B,,_T,,_T,,,10.52815848866,11.396995254659,A,,UN_IGME,,,CME_MRY0T4,2017
OMN,Oman,2018.0,0,CME_MRY0T4,Under-five mortality rate,10.8805697596921,D_PER_1000_B,,_T,,_T,,,10.3943615822727,11.3781522691103,A,,UN_IGME,,,CME_MRY0T4,2018
OMN,Oman,2019.0,0,CME_MRY0T4,Under-five mortality rate,10.7795532026573,D_PER_1000_B,,_T,,_T,,,10.2532118013392,11.3299576708679,A,,UN_IGME,,,CME_MRY0T4,2019
OMN,Oman,2020.0,0,CME_MRY0T4,Under-five mortality rate,10.6787327956943,D_PER_1000_B,,_T,,_T,,,10.0999790999631,11.27904476421,A,,UN_IGME,,,CME_MRY0T4,2020
OMN,Oman,2021.0,0,CME_MRY0T4,Under-five mortality rate,10.575483578337,D_PER_1000_B,,_T,,_T,,,9.96349443737717,11.2332098879956,A,,UN_IGME,,,CME_MRY0T4,2021
OMN,Oman,2022.0,0,CME_MRY0T4,Under-five mortality rate,10.4815517124587,D_PER_1000_B,,_T,,_T,,,9.78935700196789,11.2083427601367,A,,UN_IGME,,,CME_MRY0T4,2022
OMN,Oman,2023.0,0,CME_MRY0T4,Under-five mortality rate,10.3872425692686,D_PER_1000_B,,_T,,_T,,,9.57352521100328,11.2685304973984,A,,UN_IGME,,,CME_MRY0T4,2023
OMN,Oman,2024.0,0,CME_MRY0T4,Under-five mortality rate,10.2836413383736,D_PER_1000_B,,_T,,_T,,,9.28104318663667,11.3845807781999,A,,UN_IGME,,,CME_MRY0T4,2024
TJK,Tajikistan,2000.0,0,CME_MRY0T4,Under-five mortality rate,78.372307237531,D_PER_1000_B,,_T,,_T,,,70.7573309239639,86.8591727656981,A,,UN_IGME,,,CME_MRY0T4,2000
TJK,Tajikistan,2001.0,0,CME_MRY0T4,Under-five mortality rate,71.8056532026745,D_PER_1000_B,,_T,,_T,,,64.3088617641356,80.1145930844933,A,,UN_IGME,,,CME_MRY0T4,2001
TJK,Tajikistan,2002.0,0,CME_MRY0T4,Under-five mortality rate,65.5648120932225,D_PER_1000_B,,_T,,_T,,,58.4352309032792,73.3249724823296,A,,UN_IGME,,,CME_MRY0T4,2002
TJK,Tajikistan,2003.0,0,CME_MRY0T4,Under-five mortality rate,59.7763246728147,D_PER_1000_B,,_T,,_T,,,53.2255867037681,67.0658566754849,A,,UN_IGME,,,CME_MRY0T4,2003
TJK,Tajikistan,2004.0,0,CME_MRY0T4,Under-five mortality rate,54.6181692076256,D_PER_1000_B,,_T,,_T,,,48.5162858855541,61.5997437096801,A,,UN_IGME,,,CME_MRY0T4,2004
TJK,Tajikistan,2005.0,0,CME_MRY0T4,Under-five mortality rate,50.3031247880507,D_PER_1000_B,,_T,,_T,,,44.4697624289711,56.7701347759983,A,,UN_IGME,,,CME_MRY0T4,2005
TJK,Tajikistan,2006.0,0,CME_MRY0T4,Under-five mortality rate,46.59357616907,D_PER_1000_B,,_T,,_T,,,41.1641409414258,52.8497575438726,A,,UN_IGME,,,CME_MRY0T4,2006
TJK,Tajikistan,2007.0,0,CME_MRY0T4,Under-five mortality rate,43.603442136209,D_PER_1000_B,,_T,,_T,,,38.5109299165729,49.4870806446937,A,,UN_IGME,,,CME_MRY0T4,2007
TJK,Tajikistan,2008.0,0,CME_MRY0T4,Under-five mortality rate,41.234193798505,D_PER_1000_B,,_T,,_T,,,36.441190068943,46.7451007419171,A,,UN_IGME,,,CME_MRY0T4,2008
TJK,Tajikistan,2009.0,0,CME_MRY0T4,Under-five mortality rate,39.2829362033096,D_PER_1000_B,,_T,,_T,,,34.764334366522,44.5142708903023,A,,UN_IGME,,,CME_MRY0T4,2009
TJK,Tajikistan,2010.0,0,CME_MRY0T4,Under-five mortality rate,37.6350537639531,D_PER_1000_B,,_T,,_T,,,33.1775227516798,42.6870924153702,A,,UN_IGME,,,CME_MRY0T4,2010
TJK,Tajikistan,2011.0,0,CME_MRY0T4,Under-five mortality rate,36.231097003004,D_PER_1000_B,,_T,,_T,,,31.8332166447022,41.2626357334251,A,,UN_IGME,,,CME_MRY0T4,2011
TJK,Tajikistan,2012.0,0,CME_MRY0T4,Under-five mortality rate,35.0421039033707,D_PER_1000_B,,_T,,_T,,,30.6911264908026,40.0024102782399,A,,UN_IGME,,,CME_MRY0T4,2012
TJK,Tajikistan,2013.0,0,CME_MRY0T4,Under-five mortality rate,33.9689520625327,D_PER_1000_B,,_T,,_T,,,29.6847550063299,38.9241615042519,A,,UN_IGME,,,CME_MRY0T4,2013
TJK,Tajikistan,2014.0,0,CME_MRY0T4,Under-five mortality rate,33.0150515020226,D_PER_1000_B,,_T,,_T,,,28.6784447784938,38.0267930768597,A,,UN_IGME,,,CME_MRY0T4,2014
TJK,Tajikistan,2015.0,0,CME_MRY0T4,Under-five mortality rate,32.2140674844265,D_PER_1000_B,,_T,,_T,,,27.7924633187272,37.3013715621657,A,,UN_IGME,,,CME_MRY0T4,2015
TJK,Tajikistan,2016.0,0,CME_MRY0T4,Under-five mortality rate,31.5374355550252,D_PER_1000_B,,_T,,_T,,,26.9315039904362,36.9669482001535,A,,UN_IGME,,,CME_MRY0T4,2016
TJK,Tajikistan,2017.0,0,CME_MRY0T4,Under-five mortality rate,31.0245093569692,D_PER_1000_B,,_T,,_T,,,26.19249200294,36.766505355871,A,,UN_IGME,,,CME_MRY0T4,2017
TJK,Tajikistan,2018.0,0,CME_MRY0T4,Under-five mortality rate,30.6841463940065,D_PER_1000_B,,_T,,_T,,,25.5911910234204,36.7292763364895,A,,UN_IGME,,,CME_MRY0T4,2018
TJK,Tajikistan,2019.0,0,CME_MRY0T4,Under-five mortality rate,30.3706050536241,D_PER_1000_B,,_T,,_T,,,24.8968044792857,37.0902496155104,A,,UN_IGME,,,CME_MRY0T4,2019
TJK,Tajikistan,2020.0,0,CME_MRY0T4,Under-five mortality rate,30.095915128443,D_PER_1000_B,,_T,,_T,,,23.9608618489367,37.8619347140251,A,,UN_IGME,,,CME_MRY0T4,2020
TJK,Tajikistan,2021.0,0,CME_MRY0T4,Under-five mortality rate,29.7748617667044,D_PER_1000_B,,_T,,_T,,,22.7297162663029,38.9719507124506,A,,UN_IGME,,,CME_MRY0T4,2021
TJK,Tajikistan,2022.0,0,CME_MRY0T4,Under-five mortality rate,29.3566733854952,D_PER_1000_B,,_T,,_T,,,21.4123064297429,40.2726683553084,A,,UN_IGME,,,CME_MRY0T4,2022
TJK,Tajikistan,2023.0,0,CME_MRY0T4,Under-five mortality rate,28.7569950508052,D_PER_1000_B,,_T,,_T,,,20.0730731503137,41.5761511802251,A,,UN_IGME,,,CME_MRY0T4,2023
TJK,Tajikistan,2024.0,0,CME_MRY0T4,Under-five mortality rate,28.1262415854691,D_PER_1000_B,,_T,,_T,,,18.7427961075332,42.501355141807,A,,UN_IGME,,,CME_MRY0T4,2024
YEM,Yemen,2000.0,0,CME_MRY0T4,Under-five mortality rate,92.9092530076976,D_PER_1000_B,,_T,,_T,,,85.3897558502555,101.028858083081,A,,UN_IGME,,,CME_MRY0T4,2000
YEM,Yemen,2001.0,0,CME_MRY0T4,Under-five mortality rate,88.2033436282345,D_PER_1000_B,,_T,,_T,,,81.1156901989504,95.8731026272273,A,,UN_IGME,,,CME_MRY0T4,2001
YEM,Yemen,2002.0,0,CME_MRY0T4,Under-five mortality rate,83.4977339430944,D_PER_1000_B,,_T,,_T,,,76.733994093386,90.6989422889728,A,,UN_IGME,,,CME_MRY0T4,2002
YEM,Yemen,2003.0,0,CME_MRY0T4,Under-five mortality rate,78.9625070631194,D_PER_1000_B,,_T,,_T,,,72.4178413374846,85.7929058057834,A,,UN_IGME,,,CME_MRY0T4,2003
YEM,Yemen,2004.0,0,CME_MRY0T4,Under-five mortality rate,74.6565549681484,D_PER_1000_B,,_T,,_T,,,68.3260192065928,81.4059674790906,A,,UN_IGME,,,CME_MRY0T4,2004
YEM,Yemen,2005.0,0,CME_MRY0T4,Under-five mortality rate,70.6094041856609,D_PER_1000_B,,_T,,_T,,,64.4158116820864,77.2067977314333,A,,UN_IGME,,,CME_MRY0T4,2005
YEM,Yemen,2006.0,0,CME_MRY0T4,Under-five mortality rate,66.8546044124318,D_PER_1000_B,,_T,,_T,,,60.7129375346063,73.3781587813502,A,,UN_IGME,,,CME_MRY0T4,2006
YEM,Yemen,2007.0,0,CME_MRY0T4,Under-five mortality rate,63.403245627408,D_PER_1000_B,,_T,,_T,,,57.2880918461726,69.9090859494471,A,,UN_IGME,,,CME_MRY0T4,2007
YEM,Yemen,2008.0,0,CME_MRY0T4,Under-five mortality rate,60.2168110293068,D_PER_1000_B,,_T,,_T,,,54.3773758387147,66.7210061962749,A,,UN_IGME,,,CME_MRY0T4,2008
YEM,Yemen,2009.0,0,CME_MRY0T4,Under-five mortality rate,57.4592881438143,D_PER_1000_B,,_T,,_T,,,51.7079810697352,63.9270118019498,A,,UN_IGME,,,CME_MRY0T4,2009
YEM,Yemen,2010.0,0,CME_MRY0T4,Under-five mortality rate,55.0107554867517,D_PER_1000_B,,_T,,_T,,,49.4232819723699,61.4612350762718,A,,UN_IGME,,,CME_MRY0T4,2010
YEM,Yemen,2011.0,0,CME_MRY0T4,Under-five mortality rate,53.1036955477223,D_PER_1000_B,,_T,,_T,,,47.5035102735489,59.4583785091114,A,,UN_IGME,,,CME_MRY0T4,2011
YEM,Yemen,2012.0,0,CME_MRY0T4,Under-five mortality rate,51.5752888017566,D_PER_1000_B,,_T,,_T,,,45.96792703603,57.9487671243588,A,,UN_IGME,,,CME_MRY0T4,2012
YEM,Yemen,2013.0,0,CME_MRY0T4,Under-five mortality rate,49.6447180152419,D_PER_1000_B,,_T,,_T,,,44.087262085442,56.0648920655703,A,,UN_IGME,,,CME_MRY0T4,2013
YEM,Yemen,2014.0,0,CME_MRY0T4,Under-five mortality rate,48.6561983950177,D_PER_1000_B,,_T,,_T,,,42.978196755999,55.2734596223146,A,,UN_IGME,,,CME_MRY0T4,2014
YEM,Yemen,2015.0,0,CME_MRY0T4,Under-five mortality rate,49.2785873304699,D_PER_1000_B,,_T,,_T,,,43.3010803317661,56.3168590652941,A,,UN_IGME,,,CME_MRY0T4,2015
YEM,Yemen,2016.0,0,CME_MRY0T4,Under-five mortality rate,47.9452750705279,D_PER_1000_B,,_T,,_T,,,41.8260365055703,55.1499796383342,A,,UN_IGME,,,CME_MRY0T4,2016
YEM,Yemen,2017.0,0,CME_MRY0T4,Under-five mortality rate,47.4658868661102,D_PER_1000_B,,_T,,_T,,,41.0824541796796,54.9957683384552,A,,UN_IGME,,,CME_MRY0T4,2017
YEM,Yemen,2018.0,0,CME_MRY0T4,Under-five mortality rate,47.2517570807029,D_PER_1000_B,,_T,,_T,,,40.6039908094823,55.1970652976296,A,,UN_IGME,,,CME_MRY0T4,2018
YEM,Yemen,2019.0,0,CME_MRY0T4,Under-five mortality rate,46.1224812101634,D_PER_1000_B,,_T,,_T,,,39.2958694952591,54.4639202281399,A,,UN_IGME,,,CME_MRY0T4,2019
YEM,Yemen,2020.0,0,CME_MRY0T4,Under-five mortality rate,43.398084181442,D_PER_1000_B,,_T,,_T,,,36.5047575554607,51.9971083147883,A,,UN_IGME,,,CME_MRY0T4,2020
YEM,Yemen,2021.0,0,CME_MRY0T4,Under-five mortality rate,42.6361010391544,D_PER_1000_B,,_T,,_T,,,35.2741236069549,51.9494399014022,A,,UN_IGME,,,CME_MRY0T4,2021
YEM,Yemen,2022.0,0,CME_MRY0T4,Under-five mortality rate,41.0881718745755,D_PER_1000_B,,_T,,_T,,,33.2915753199088,51.0691035505182,A,,UN_IGME,,,CME_MRY0T4,2022
YEM,Yemen,2023.0,0,CME_MRY0T4,Under-five mortality rate,39.4851087238631,D_PER_1000_B,,_T,,_T,,,31.2815745035715,50.1942261179392,A,,UN_IGME,,,CME_MRY0T4,2023
YEM,Yemen,2024.0,0,CME_MRY0T4,Under-five mortality rate,38.1429738055437,D_PER_1000_B,,_T,,_T,,,29.5338607562644,49.5926612031797,A,,UN_IGME,,,CME_MRY0T4,2024
ZMB,Zambia,2000.0,0,CME_MRY0T4,Under-five mortality rate,151.756215776661,D_PER_1000_B,,_T,,_T,,,141.134107118474,163.181825948506,A,,UN_IGME,,,CME_MRY0T4,2000
ZMB,Zambia,2001.0,0,CME_MRY0T4,Under-five mortality rate,143.188146340069,D_PER_1000_B,,_T,,_T,,,133.176211907832,154.163911581211,A,,UN_IGME,,,CME_MRY0T4,2001
ZMB,Zambia,2002.0,0,CME_MRY0T4,Under-five mortality rate,132.8554195954,D_PER_1000_B,,_T,,_T,,,123.79104580095,142.884752656541,A,,UN_IGME,,,CME_MRY0T4,2002
ZMB,Zambia,2003.0,0,CME_MRY0T4,Under-five mortality rate,122.091023919134,D_PER_1000_B,,_T,,_T,,,113.859492805524,131.214373749779,A,,UN_IGME,,,CME_MRY0T4,2003
ZMB,Zambia,2004.0,0,CME_MRY0T4,Under-five mortality rate,111.714075449583,D_PER_1000_B,,_T,,_T,,,103.62570330448,120.452741692966,A,,UN_IGME,,,CME_MRY0T4,2004
ZMB,Zambia,2005.0,0,CME_MRY0T4,Under-five mortality rate,102.65943263002,D_PER_1000_B,,_T,,_T,,,94.8652598866735,110.869443481969,A,,UN_IGME,,,CME_MRY0T4,2005
ZMB,Zambia,2006.0,0,CME_MRY0T4,Under-five mortality rate,94.7682778865784,D_PER_1000_B,,_T,,_T,,,87.4274497741158,102.448317228036,A,,UN_IGME,,,CME_MRY0T4,2006
ZMB,Zambia,2007.0,0,CME_MRY0T4,Under-five mortality rate,89.0728148697362,D_PER_1000_B,,_T,,_T,,,82.3401174386305,96.2107510118751,A,,UN_IGME,,,CME_MRY0T4,2007
ZMB,Zambia,2008.0,0,CME_MRY0T4,Under-five mortality rate,84.23194306372,D_PER_1000_B,,_T,,_T,,,77.8409056306532,91.0251108800941,A,,UN_IGME,,,CME_MRY0T4,2008
ZMB,Zambia,2009.0,0,CME_MRY0T4,Under-five mortality rate,78.4234013469032,D_PER_1000_B,,_T,,_T,,,72.318129610958,85.0939046684637,A,,UN_IGME,,,CME_MRY0T4,2009
ZMB,Zambia,2010.0,0,CME_MRY0T4,Under-five mortality rate,74.3343646479696,D_PER_1000_B,,_T,,_T,,,68.4152876924231,80.8086247073018,A,,UN_IGME,,,CME_MRY0T4,2010
ZMB,Zambia,2011.0,0,CME_MRY0T4,Under-five mortality rate,71.8395522398654,D_PER_1000_B,,_T,,_T,,,65.9907789404995,78.3648682756825,A,,UN_IGME,,,CME_MRY0T4,2011
ZMB,Zambia,2012.0,0,CME_MRY0T4,Under-five mortality rate,69.2150778102739,D_PER_1000_B,,_T,,_T,,,63.4380465239067,75.7263747793669,A,,UN_IGME,,,CME_MRY0T4,2012
ZMB,Zambia,2013.0,0,CME_MRY0T4,Under-five mortality rate,65.9835589149996,D_PER_1000_B,,_T,,_T,,,60.2267903757387,72.3177440203436,A,,UN_IGME,,,CME_MRY0T4,2013
ZMB,Zambia,2014.0,0,CME_MRY0T4,Under-five mortality rate,62.5756431916158,D_PER_1000_B,,_T,,_T,,,56.8340914275139,68.7989749521413,A,,UN_IGME,,,CME_MRY0T4,2014
ZMB,Zambia,2015.0,0,CME_MRY0T4,Under-five mortality rate,60.1602562723903,D_PER_1000_B,,_T,,_T,,,54.387096973179,66.3242614900205,A,,UN_IGME,,,CME_MRY0T4,2015
ZMB,Zambia,2016.0,0,CME_MRY0T4,Under-five mortality rate,57.1379844688831,D_PER_1000_B,,_T,,_T,,,51.4156490724808,63.3457883954915,A,,UN_IGME,,,CME_MRY0T4,2016
ZMB,Zambia,2017.0,0,CME_MRY0T4,Under-five mortality rate,55.1533513970925,D_PER_1000_B,,_T,,_T,,,49.3427880503359,61.5433874496822,A,,UN_IGME,,,CME_MRY0T4,2017
ZMB,Zambia,2018.0,0,CME_MRY0T4,Under-five mortality rate,54.6752453823209,D_PER_1000_B,,_T,,_T,,,48.6188058516907,61.3507745908276,A,,UN_IGME,,,CME_MRY0T4,2018
ZMB,Zambia,2019.0,0,CME_MRY0T4,Under-five mortality rate,53.4757184145862,D_PER_1000_B,,_T,,_T,,,47.3198455335745,60.433655812062,A,,UN_IGME,,,CME_MRY0T4,2019
ZMB,Zambia,2020.0,0,CME_MRY0T4,Under-five mortality rate,52.4710956050654,D_PER_1000_B,,_T,,_T,,,46.1686533798554,59.7046796942366,A,,UN_IGME,,,CME_MRY0T4,2020
ZMB,Zambia,2021.0,0,CME_MRY0T4,Under-five mortality rate,50.3543903938898,D_PER_1000_B,,_T,,_T,,,43.7940132772784,58.040510865288,A,,UN_IGME,,,CME_MRY0T4,2021
ZMB,Zambia,2022.0,0,CME_MRY0T4,Under-five mortality rate,49.4846083677702,D_PER_1000_B,,_T,,_T,,,42.272243387447,58.0558036048216,A,,UN_IGME,,,CME_MRY0T4,2022
ZMB,Zambia,2023.0,0,CME_MRY0T4,Under-five mortality rate,49.133866067513,D_PER_1000_B,,_T,,_T,,,40.8490504503651,59.4343392222359,A,,UN_IGME,,,CME_MRY0T4,2023
ZMB,Zambia,2024.0,0,CME_MRY0T4,Under-five mortality rate,48.3652143961706,D_PER_1000_B,,_T,,_T,,,38.9583365721191,60.6620837107477,A,,UN_IGME,,,CME_MRY0T4,2024
ALB,Albania,2000.0,0,CME_MRM0,Neonatal mortality rate,12.0959414278566,D_PER_1000_B,,_T,,_T,,,9.72160391122787,14.668726316483,A,,UN_IGME,,,CME_MRM0,2000
ALB,Albania,2001.0,0,CME_MRM0,Neonatal mortality rate,11.8102332774678,D_PER_1000_B,,_T,,_T,,,9.55114916678391,14.1706535221468,A,,UN_IGME,,,CME_MRM0,2001
ALB,Albania,2002.0,0,CME_MRM0,Neonatal mortality rate,11.4797615341068,D_PER_1000_B,,_T,,_T,,,9.40176459939049,13.6624484655994,A,,UN_IGME,,,CME_MRM0,2002
ALB,Albania,2003.0,0,CME_MRM0,Neonatal mortality rate,11.2056280337452,D_PER_1000_B,,_T,,_T,,,9.47939051044054,12.9779892159088,A,,UN_IGME,,,CME_MRM0,2003
ALB,Albania,2004.0,0,CME_MRM0,Neonatal mortality rate,10.9193377855541,D_PER_1000_B,,_T,,_T,,,9.6008262885442,12.2437596260946,A,,UN_IGME,,,CME_MRM0,2004
ALB,Albania,2005.0,0,CME_MRM0,Neonatal mortality rate,10.5298886640544,D_PER_1000_B,,_T,,_T,,,9.46018353335687,11.6173720323649,A,,UN_IGME,,,CME_MRM0,2005
ALB,Albania,2006.0,0,CME_MRM0,Neonatal mortality rate,9.98829845199896,D_PER_1000_B,,_T,,_T,,,9.0352842874537,10.9431588302793,A,,UN_IGME,,,CME_MRM0,2006
ALB,Albania,2007.0,0,CME_MRM0,Neonatal mortality rate,9.24335790149363,D_PER_1000_B,,_T,,_T,,,8.34332331446734,10.157611926201,A,,UN_IGME,,,CME_MRM0,2007
ALB,Albania,2008.0,0,CME_MRM0,Neonatal mortality rate,8.29597525090834,D_PER_1000_B,,_T,,_T,,,7.48086133973227,9.12585685740324,A,,UN_IGME,,,CME_MRM0,2008
ALB,Albania,2009.0,0,CME_MRM0,Neonatal mortality rate,7.34815560405561,D_PER_1000_B,,_T,,_T,,,6.59874881550965,8.11001775613097,A,,UN_IGME,,,CME_MRM0,2009
ALB,Albania,2010.0,0,CME_MRM0,Neonatal mortality rate,6.65060681818378,D_PER_1000_B,,_T,,_T,,,5.9519187220096,7.36310670410879,A,,UN_IGME,,,CME_MRM0,2010
ALB,Albania,2011.0,0,CME_MRM0,Neonatal mortality rate,6.27031160653323,D_PER_1000_B,,_T,,_T,,,5.64510039979551,6.91451859196366,A,,UN_IGME,,,CME_MRM0,2011
ALB,Albania,2012.0,0,CME_MRM0,Neonatal mortality rate,6.06571722559614,D_PER_1000_B,,_T,,_T,,,5.46252034638199,6.67040348732397,A,,UN_IGME,,,CME_MRM0,2012
ALB,Albania,2013.0,0,CME_MRM0,Neonatal mortality rate,5.92705073265258,D_PER_1000_B,,_T,,_T,,,5.3742019996244,6.48472047750561,A,,UN_IGME,,,CME_MRM0,2013
ALB,Albania,2014.0,0,CME_MRM0,Neonatal mortality rate,5.89419961081494,D_PER_1000_B,,_T,,_T,,,5.34812473828144,6.43064434158553,A,,UN_IGME,,,CME_MRM0,2014
ALB,Albania,2015.0,0,CME_MRM0,Neonatal mortality rate,6.03516209754086,D_PER_1000_B,,_T,,_T,,,5.50734456328337,6.56195376619,A,,UN_IGME,,,CME_MRM0,2015
ALB,Albania,2016.0,0,CME_MRM0,Neonatal mortality rate,6.33926988996545,D_PER_1000_B,,_T,,_T,,,5.85630407944522,6.84203457639272,A,,UN_IGME,,,CME_MRM0,2016
ALB,Albania,2017.0,0,CME_MRM0,Neonatal mortality rate,6.68618276138901,D_PER_1000_B,,_T,,_T,,,6.20390375943147,7.18064993784515,A,,UN_IGME,,,CME_MRM0,2017
ALB,Albania,2018.0,0,CME_MRM0,Neonatal mortality rate,6.96045404322312,D_PER_1000_B,,_T,,_T,,,6.47425563938391,7.44053445792785,A,,UN_IGME,,,CME_MRM0,2018
ALB,Albania,2019.0,0,CME_MRM0,Neonatal mortality rate,7.13059935339117,D_PER_1000_B,,_T,,_T,,,6.60718232182297,7.64474539009181,A,,UN_IGME,,,CME_MRM0,2019
ALB,Albania,2020.0,0,CME_MRM0,Neonatal mortality rate,7.18583003789976,D_PER_1000_B,,_T,,_T,,,6.60811988894837,7.76973533372958,A,,UN_IGME,,,CME_MRM0,2020
ALB,Albania,2021.0,0,CME_MRM0,Neonatal mortality rate,7.12521891187097,D_PER_1000_B,,_T,,_T,,,6.40871980823585,7.85617292971807,A,,UN_IGME,,,CME_MRM0,2021
ALB,Albania,2022.0,0,CME_MRM0,Neonatal mortality rate,6.99870378611485,D_PER_1000_B,,_T,,_T,,,6.06347815533755,7.95623322121566,A,,UN_IGME,,,CME_MRM0,2022
ALB,Albania,2023.0,0,CME_MRM0,Neonatal mortality rate,6.86888264865943,D_PER_1000_B,,_T,,_T,,,5.66905960266149,8.08731807600795,A,,UN_IGME,,,CME_MRM0,2023
ALB,Albania,2024.0,0,CME_MRM0,Neonatal mortality rate,6.73519413525062,D_PER_1000_B,,_T,,_T,,,5.27529668300732,8.260759865504,A,,UN_IGME,,,CME_MRM0,2024
AZE,Azerbaijan,2000.0,0,CME_MRM0,Neonatal mortality rate,34.6561528142354,D_PER_1000_B,,_T,,_T,,,29.2480022441584,40.8365047050369,A,,UN_IGME,,,CME_MRM0,2000
AZE,Azerbaijan,2001.0,0,CME_MRM0,Neonatal mortality rate,33.2502239281181,D_PER_1000_B,,_T,,_T,,,27.8374172171326,39.3309834543484,A,,UN_IGME,,,CME_MRM0,2001
AZE,Azerbaijan,2002.0,0,CME_MRM0,Neonatal mortality rate,31.7631207349641,D_PER_1000_B,,_T,,_T,,,26.438134522535,37.5671801237356,A,,UN_IGME,,,CME_MRM0,2002
AZE,Azerbaijan,2003.0,0,CME_MRM0,Neonatal mortality rate,30.2162900645633,D_PER_1000_B,,_T,,_T,,,25.1679704179198,35.7495626908138,A,,UN_IGME,,,CME_MRM0,2003
AZE,Azerbaijan,2004.0,0,CME_MRM0,Neonatal mortality rate,28.705425547051,D_PER_1000_B,,_T,,_T,,,23.7557089785016,34.2863060283927,A,,UN_IGME,,,CME_MRM0,2004
AZE,Azerbaijan,2005.0,0,CME_MRM0,Neonatal mortality rate,27.2137483839606,D_PER_1000_B,,_T,,_T,,,22.4101943572028,32.7457254917101,A,,UN_IGME,,,CME_MRM0,2005
AZE,Azerbaijan,2006.0,0,CME_MRM0,Neonatal mortality rate,25.8182378984808,D_PER_1000_B,,_T,,_T,,,21.1932198732281,31.0864954506344,A,,UN_IGME,,,CME_MRM0,2006
AZE,Azerbaijan,2007.0,0,CME_MRM0,Neonatal mortality rate,24.5506226612918,D_PER_1000_B,,_T,,_T,,,20.0178416482491,29.712444585016,A,,UN_IGME,,,CME_MRM0,2007
AZE,Azerbaijan,2008.0,0,CME_MRM0,Neonatal mortality rate,23.3504274222623,D_PER_1000_B,,_T,,_T,,,18.9638448942023,28.3785023216312,A,,UN_IGME,,,CME_MRM0,2008
AZE,Azerbaijan,2009.0,0,CME_MRM0,Neonatal mortality rate,22.261934990247,D_PER_1000_B,,_T,,_T,,,17.8531705840048,27.2838071634918,A,,UN_IGME,,,CME_MRM0,2009
AZE,Azerbaijan,2010.0,0,CME_MRM0,Neonatal mortality rate,21.2061156257624,D_PER_1000_B,,_T,,_T,,,16.8116946940348,26.4083634396433,A,,UN_IGME,,,CME_MRM0,2010
AZE,Azerbaijan,2011.0,0,CME_MRM0,Neonatal mortality rate,20.006258484166,D_PER_1000_B,,_T,,_T,,,15.592844561517,25.321896137454,A,,UN_IGME,,,CME_MRM0,2011
AZE,Azerbaijan,2012.0,0,CME_MRM0,Neonatal mortality rate,18.7449789443546,D_PER_1000_B,,_T,,_T,,,14.3723742544462,24.026626012671,A,,UN_IGME,,,CME_MRM0,2012
AZE,Azerbaijan,2013.0,0,CME_MRM0,Neonatal mortality rate,17.6766976680537,D_PER_1000_B,,_T,,_T,,,13.3599255541829,22.792135677135,A,,UN_IGME,,,CME_MRM0,2013
AZE,Azerbaijan,2014.0,0,CME_MRM0,Neonatal mortality rate,16.7187502482605,D_PER_1000_B,,_T,,_T,,,12.5625817961371,21.7297000300606,A,,UN_IGME,,,CME_MRM0,2014
AZE,Azerbaijan,2015.0,0,CME_MRM0,Neonatal mortality rate,15.9662645607682,D_PER_1000_B,,_T,,_T,,,11.8898864092166,20.8391559701558,A,,UN_IGME,,,CME_MRM0,2015
AZE,Azerbaijan,2016.0,0,CME_MRM0,Neonatal mortality rate,15.3184349433271,D_PER_1000_B,,_T,,_T,,,11.3589475877203,20.1507079313146,A,,UN_IGME,,,CME_MRM0,2016
AZE,Azerbaijan,2017.0,0,CME_MRM0,Neonatal mortality rate,14.8679026460761,D_PER_1000_B,,_T,,_T,,,10.9875165199455,19.7418722802942,A,,UN_IGME,,,CME_MRM0,2017
AZE,Azerbaijan,2018.0,0,CME_MRM0,Neonatal mortality rate,14.5163563932011,D_PER_1000_B,,_T,,_T,,,10.66924994034,19.4315841802946,A,,UN_IGME,,,CME_MRM0,2018
AZE,Azerbaijan,2019.0,0,CME_MRM0,Neonatal mortality rate,14.2437672619897,D_PER_1000_B,,_T,,_T,,,10.373090850699,19.3246509193007,A,,UN_IGME,,,CME_MRM0,2019
AZE,Azerbaijan,2020.0,0,CME_MRM0,Neonatal mortality rate,13.9506806847437,D_PER_1000_B,,_T,,_T,,,10.0616970967356,19.2404107720933,A,,UN_IGME,,,CME_MRM0,2020
AZE,Azerbaijan,2021.0,0,CME_MRM0,Neonatal mortality rate,13.670076387449,D_PER_1000_B,,_T,,_T,,,9.70527203660678,19.2180061012138,A,,UN_IGME,,,CME_MRM0,2021
AZE,Azerbaijan,2022.0,0,CME_MRM0,Neonatal mortality rate,13.3097077929723,D_PER_1000_B,,_T,,_T,,,9.23923199003893,19.2794888766933,A,,UN_IGME,,,CME_MRM0,2022
AZE,Azerbaijan,2023.0,0,CME_MRM0,Neonatal mortality rate,12.89747661757,D_PER_1000_B,,_T,,_T,,,8.62761770397971,19.4519558671411,A,,UN_IGME,,,CME_MRM0,2023
AZE,Azerbaijan,2024.0,0,CME_MRM0,Neonatal mortality rate,12.4294576505074,D_PER_1000_B,,_T,,_T,,,7.93138962130436,19.7754131218706,A,,UN_IGME,,,CME_MRM0,2024
BHR,Bahrain,2000.0,0,CME_MRM0,Neonatal mortality rate,4.96885550346499,D_PER_1000_B,,_T,,_T,,,4.51267418538764,5.45817337668551,A,,UN_IGME,,,CME_MRM0,2000
BHR,Bahrain,2001.0,0,CME_MRM0,Neonatal mortality rate,4.56214138652713,D_PER_1000_B,,_T,,_T,,,4.13599628690194,5.03057584883037,A,,UN_IGME,,,CME_MRM0,2001
BHR,Bahrain,2002.0,0,CME_MRM0,Neonatal mortality rate,4.25349280027062,D_PER_1000_B,,_T,,_T,,,3.84140588929635,4.69181587151674,A,,UN_IGME,,,CME_MRM0,2002
BHR,Bahrain,2003.0,0,CME_MRM0,Neonatal mortality rate,4.0076268437826,D_PER_1000_B,,_T,,_T,,,3.62262434495584,4.41188589074581,A,,UN_IGME,,,CME_MRM0,2003
BHR,Bahrain,2004.0,0,CME_MRM0,Neonatal mortality rate,3.78912223272343,D_PER_1000_B,,_T,,_T,,,3.41618306149481,4.19013602792332,A,,UN_IGME,,,CME_MRM0,2004
BHR,Bahrain,2005.0,0,CME_MRM0,Neonatal mortality rate,3.59382297146081,D_PER_1000_B,,_T,,_T,,,3.24013593253637,3.97128600184402,A,,UN_IGME,,,CME_MRM0,2005
BHR,Bahrain,2006.0,0,CME_MRM0,Neonatal mortality rate,3.42731134776793,D_PER_1000_B,,_T,,_T,,,3.08800939746384,3.78581195960264,A,,UN_IGME,,,CME_MRM0,2006
BHR,Bahrain,2007.0,0,CME_MRM0,Neonatal mortality rate,3.29833967404705,D_PER_1000_B,,_T,,_T,,,2.965783798951,3.64543330292185,A,,UN_IGME,,,CME_MRM0,2007
BHR,Bahrain,2008.0,0,CME_MRM0,Neonatal mortality rate,3.21112575327031,D_PER_1000_B,,_T,,_T,,,2.889649496985,3.53769283369225,A,,UN_IGME,,,CME_MRM0,2008
BHR,Bahrain,2009.0,0,CME_MRM0,Neonatal mortality rate,3.1608808369089,D_PER_1000_B,,_T,,_T,,,2.84835126396858,3.49617644285912,A,,UN_IGME,,,CME_MRM0,2009
BHR,Bahrain,2010.0,0,CME_MRM0,Neonatal mortality rate,3.1452197515703,D_PER_1000_B,,_T,,_T,,,2.84289067008757,3.47341303022077,A,,UN_IGME,,,CME_MRM0,2010
BHR,Bahrain,2011.0,0,CME_MRM0,Neonatal mortality rate,3.15701107893495,D_PER_1000_B,,_T,,_T,,,2.85710433239602,3.48487335118786,A,,UN_IGME,,,CME_MRM0,2011
BHR,Bahrain,2012.0,0,CME_MRM0,Neonatal mortality rate,3.18142393354987,D_PER_1000_B,,_T,,_T,,,2.88571285974822,3.50790092807935,A,,UN_IGME,,,CME_MRM0,2012
BHR,Bahrain,2013.0,0,CME_MRM0,Neonatal mortality rate,3.22079824290063,D_PER_1000_B,,_T,,_T,,,2.92957264988231,3.52808093466444,A,,UN_IGME,,,CME_MRM0,2013
BHR,Bahrain,2014.0,0,CME_MRM0,Neonatal mortality rate,3.28006923839672,D_PER_1000_B,,_T,,_T,,,2.98374701327355,3.58320918149483,A,,UN_IGME,,,CME_MRM0,2014
BHR,Bahrain,2015.0,0,CME_MRM0,Neonatal mortality rate,3.37120188524888,D_PER_1000_B,,_T,,_T,,,3.07727921015791,3.67707146660751,A,,UN_IGME,,,CME_MRM0,2015
BHR,Bahrain,2016.0,0,CME_MRM0,Neonatal mortality rate,3.49361598099501,D_PER_1000_B,,_T,,_T,,,3.19726459865683,3.80434647089961,A,,UN_IGME,,,CME_MRM0,2016
BHR,Bahrain,2017.0,0,CME_MRM0,Neonatal mortality rate,3.64886347020474,D_PER_1000_B,,_T,,_T,,,3.34519577137922,3.968063412389,A,,UN_IGME,,,CME_MRM0,2017
BHR,Bahrain,2018.0,0,CME_MRM0,Neonatal mortality rate,3.81839401732413,D_PER_1000_B,,_T,,_T,,,3.5133398469674,4.14594224670956,A,,UN_IGME,,,CME_MRM0,2018
BHR,Bahrain,2019.0,0,CME_MRM0,Neonatal mortality rate,3.98783931315097,D_PER_1000_B,,_T,,_T,,,3.66379870220758,4.32478744492209,A,,UN_IGME,,,CME_MRM0,2019
BHR,Bahrain,2020.0,0,CME_MRM0,Neonatal mortality rate,4.12903216364118,D_PER_1000_B,,_T,,_T,,,3.79359852047143,4.48319520725287,A,,UN_IGME,,,CME_MRM0,2020
BHR,Bahrain,2021.0,0,CME_MRM0,Neonatal mortality rate,4.23935923521163,D_PER_1000_B,,_T,,_T,,,3.88198295777581,4.61528931026122,A,,UN_IGME,,,CME_MRM0,2021
BHR,Bahrain,2022.0,0,CME_MRM0,Neonatal mortality rate,4.32992382628934,D_PER_1000_B,,_T,,_T,,,3.91979612256962,4.76315414230477,A,,UN_IGME,,,CME_MRM0,2022
BHR,Bahrain,2023.0,0,CME_MRM0,Neonatal mortality rate,4.40088153548333,D_PER_1000_B,,_T,,_T,,,3.90256335216843,4.93881252369757,A,,UN_IGME,,,CME_MRM0,2023
BHR,Bahrain,2024.0,0,CME_MRM0,Neonatal mortality rate,4.44485336500335,D_PER_1000_B,,_T,,_T,,,3.82769929718355,5.14547016944635,A,,UN_IGME,,,CME_MRM0,2024
BLR,Belarus,2000.0,0,CME_MRM0,Neonatal mortality rate,5.22730548104632,D_PER_1000_B,,_T,,_T,,,4.13024608662822,6.36257769364662,A,,UN_IGME,,,CME_MRM0,2000
BLR,Belarus,2001.0,0,CME_MRM0,Neonatal mortality rate,4.41293129704332,D_PER_1000_B,,_T,,_T,,,3.41728230913978,5.46176540787315,A,,UN_IGME,,,CME_MRM0,2001
BLR,Belarus,2002.0,0,CME_MRM0,Neonatal mortality rate,3.88662035190788,D_PER_1000_B,,_T,,_T,,,3.00621757837011,4.83841153438236,A,,UN_IGME,,,CME_MRM0,2002
BLR,Belarus,2003.0,0,CME_MRM0,Neonatal mortality rate,3.57794721992233,D_PER_1000_B,,_T,,_T,,,2.77912353437843,4.43625443459938,A,,UN_IGME,,,CME_MRM0,2003
BLR,Belarus,2004.0,0,CME_MRM0,Neonatal mortality rate,3.39398121842537,D_PER_1000_B,,_T,,_T,,,2.65211727765895,4.20253530417323,A,,UN_IGME,,,CME_MRM0,2004
BLR,Belarus,2005.0,0,CME_MRM0,Neonatal mortality rate,3.20772756666008,D_PER_1000_B,,_T,,_T,,,2.50732018177987,3.96386844455159,A,,UN_IGME,,,CME_MRM0,2005
BLR,Belarus,2006.0,0,CME_MRM0,Neonatal mortality rate,2.91710989535923,D_PER_1000_B,,_T,,_T,,,2.29287020700911,3.61653959469223,A,,UN_IGME,,,CME_MRM0,2006
BLR,Belarus,2007.0,0,CME_MRM0,Neonatal mortality rate,2.57523959102141,D_PER_1000_B,,_T,,_T,,,2.00936336229529,3.20221980853699,A,,UN_IGME,,,CME_MRM0,2007
BLR,Belarus,2008.0,0,CME_MRM0,Neonatal mortality rate,2.24720451495144,D_PER_1000_B,,_T,,_T,,,1.73683670507949,2.8140200695173,A,,UN_IGME,,,CME_MRM0,2008
BLR,Belarus,2009.0,0,CME_MRM0,Neonatal mortality rate,1.98730239776897,D_PER_1000_B,,_T,,_T,,,1.52869918036672,2.4916002799674,A,,UN_IGME,,,CME_MRM0,2009
BLR,Belarus,2010.0,0,CME_MRM0,Neonatal mortality rate,1.80876572517354,D_PER_1000_B,,_T,,_T,,,1.38383313205666,2.27629572447277,A,,UN_IGME,,,CME_MRM0,2010
BLR,Belarus,2011.0,0,CME_MRM0,Neonatal mortality rate,1.72265361803391,D_PER_1000_B,,_T,,_T,,,1.33147976322815,2.16332650704583,A,,UN_IGME,,,CME_MRM0,2011
BLR,Belarus,2012.0,0,CME_MRM0,Neonatal mortality rate,1.69763125659217,D_PER_1000_B,,_T,,_T,,,1.32735441575146,2.11693670584712,A,,UN_IGME,,,CME_MRM0,2012
BLR,Belarus,2013.0,0,CME_MRM0,Neonatal mortality rate,1.6806694333024,D_PER_1000_B,,_T,,_T,,,1.32523883373661,2.08564748509238,A,,UN_IGME,,,CME_MRM0,2013
BLR,Belarus,2014.0,0,CME_MRM0,Neonatal mortality rate,1.64275580723194,D_PER_1000_B,,_T,,_T,,,1.29372849078011,2.02477117805375,A,,UN_IGME,,,CME_MRM0,2014
BLR,Belarus,2015.0,0,CME_MRM0,Neonatal mortality rate,1.57792466068358,D_PER_1000_B,,_T,,_T,,,1.2387740100249,1.94637900966525,A,,UN_IGME,,,CME_MRM0,2015
BLR,Belarus,2016.0,0,CME_MRM0,Neonatal mortality rate,1.48787739229792,D_PER_1000_B,,_T,,_T,,,1.1706456604234,1.82691893171564,A,,UN_IGME,,,CME_MRM0,2016
BLR,Belarus,2017.0,0,CME_MRM0,Neonatal mortality rate,1.3697196384588,D_PER_1000_B,,_T,,_T,,,1.07673617109532,1.68757401587424,A,,UN_IGME,,,CME_MRM0,2017
BLR,Belarus,2018.0,0,CME_MRM0,Neonatal mortality rate,1.22869181052833,D_PER_1000_B,,_T,,_T,,,0.950930203562725,1.5287931379105,A,,UN_IGME,,,CME_MRM0,2018
BLR,Belarus,2019.0,0,CME_MRM0,Neonatal mortality rate,1.08264364318816,D_PER_1000_B,,_T,,_T,,,0.814578238314134,1.37631867813177,A,,UN_IGME,,,CME_MRM0,2019
BLR,Belarus,2020.0,0,CME_MRM0,Neonatal mortality rate,0.959229756647299,D_PER_1000_B,,_T,,_T,,,0.670706415601652,1.27912925614356,A,,UN_IGME,,,CME_MRM0,2020
BLR,Belarus,2021.0,0,CME_MRM0,Neonatal mortality rate,0.874640721085327,D_PER_1000_B,,_T,,_T,,,0.561229016981069,1.22730067720134,A,,UN_IGME,,,CME_MRM0,2021
BLR,Belarus,2022.0,0,CME_MRM0,Neonatal mortality rate,0.819150386375674,D_PER_1000_B,,_T,,_T,,,0.474193440446845,1.2215480926573,A,,UN_IGME,,,CME_MRM0,2022
BLR,Belarus,2023.0,0,CME_MRM0,Neonatal mortality rate,0.778072853642219,D_PER_1000_B,,_T,,_T,,,0.405149694520275,1.24955986238779,A,,UN_IGME,,,CME_MRM0,2023
BLR,Belarus,2024.0,0,CME_MRM0,Neonatal mortality rate,0.741020677377868,D_PER_1000_B,,_T,,_T,,,0.356095998755188,1.26731881815871,A,,UN_IGME,,,CME_MRM0,2024
CAF,Central African Republic,2000.0,0,CME_MRM0,Neonatal mortality rate,42.8750144553211,D_PER_1000_B,,_T,,_T,,,36.7996462334669,49.7378722229315,A,,UN_IGME,,,CME_MRM0,2000
CAF,Central African Republic,2001.0,0,CME_MRM0,Neonatal mortality rate,42.1866427973599,D_PER_1000_B,,_T,,_T,,,35.9996197909074,48.9387197960389,A,,UN_IGME,,,CME_MRM0,2001
CAF,Central African Republic,2002.0,0,CME_MRM0,Neonatal mortality rate,41.508358167205,D_PER_1000_B,,_T,,_T,,,35.2970704841527,48.2622169609568,A,,UN_IGME,,,CME_MRM0,2002
CAF,Central African Republic,2003.0,0,CME_MRM0,Neonatal mortality rate,40.8314225326657,D_PER_1000_B,,_T,,_T,,,34.6567470973102,47.6015733327033,A,,UN_IGME,,,CME_MRM0,2003
CAF,Central African Republic,2004.0,0,CME_MRM0,Neonatal mortality rate,40.1318822452304,D_PER_1000_B,,_T,,_T,,,33.9737349085706,46.944232098007,A,,UN_IGME,,,CME_MRM0,2004
CAF,Central African Republic,2005.0,0,CME_MRM0,Neonatal mortality rate,39.4456381911183,D_PER_1000_B,,_T,,_T,,,33.3220785216285,46.1375573373929,A,,UN_IGME,,,CME_MRM0,2005
CAF,Central African Republic,2006.0,0,CME_MRM0,Neonatal mortality rate,38.6849728811539,D_PER_1000_B,,_T,,_T,,,32.5870062846516,45.4229833990382,A,,UN_IGME,,,CME_MRM0,2006
CAF,Central African Republic,2007.0,0,CME_MRM0,Neonatal mortality rate,37.9707647824495,D_PER_1000_B,,_T,,_T,,,31.7626744892274,44.7281811087238,A,,UN_IGME,,,CME_MRM0,2007
CAF,Central African Republic,2008.0,0,CME_MRM0,Neonatal mortality rate,37.3006025468737,D_PER_1000_B,,_T,,_T,,,31.0585403015902,44.0337330039525,A,,UN_IGME,,,CME_MRM0,2008
CAF,Central African Republic,2009.0,0,CME_MRM0,Neonatal mortality rate,42.5713857495308,D_PER_1000_B,,_T,,_T,,,36.2862583289422,49.3708558258848,A,,UN_IGME,,,CME_MRM0,2009
CAF,Central African Republic,2010.0,0,CME_MRM0,Neonatal mortality rate,36.3867680584328,D_PER_1000_B,,_T,,_T,,,30.1962718873249,43.2131130398422,A,,UN_IGME,,,CME_MRM0,2010
CAF,Central African Republic,2011.0,0,CME_MRM0,Neonatal mortality rate,35.5000999500061,D_PER_1000_B,,_T,,_T,,,29.2670807422964,42.3908883963745,A,,UN_IGME,,,CME_MRM0,2011
CAF,Central African Republic,2012.0,0,CME_MRM0,Neonatal mortality rate,34.9971634663327,D_PER_1000_B,,_T,,_T,,,28.7321581581491,42.0746085075182,A,,UN_IGME,,,CME_MRM0,2012
CAF,Central African Republic,2013.0,0,CME_MRM0,Neonatal mortality rate,34.8249968367398,D_PER_1000_B,,_T,,_T,,,28.5651182856244,42.0916097740929,A,,UN_IGME,,,CME_MRM0,2013
CAF,Central African Republic,2014.0,0,CME_MRM0,Neonatal mortality rate,35.3851131682715,D_PER_1000_B,,_T,,_T,,,28.9904663381457,42.8404716514215,A,,UN_IGME,,,CME_MRM0,2014
CAF,Central African Republic,2015.0,0,CME_MRM0,Neonatal mortality rate,33.8831415323016,D_PER_1000_B,,_T,,_T,,,27.3030851165081,41.6620612177658,A,,UN_IGME,,,CME_MRM0,2015
CAF,Central African Republic,2016.0,0,CME_MRM0,Neonatal mortality rate,33.8127586888991,D_PER_1000_B,,_T,,_T,,,26.8611225917996,42.0260236848396,A,,UN_IGME,,,CME_MRM0,2016
CAF,Central African Republic,2017.0,0,CME_MRM0,Neonatal mortality rate,33.9881288701373,D_PER_1000_B,,_T,,_T,,,26.6125497080062,42.7711410716935,A,,UN_IGME,,,CME_MRM0,2017
CAF,Central African Republic,2018.0,0,CME_MRM0,Neonatal mortality rate,33.0829652049664,D_PER_1000_B,,_T,,_T,,,25.4547739358962,42.4758175348687,A,,UN_IGME,,,CME_MRM0,2018
CAF,Central African Republic,2019.0,0,CME_MRM0,Neonatal mortality rate,34.968288279087,D_PER_1000_B,,_T,,_T,,,27.0694153816295,44.9419610670369,A,,UN_IGME,,,CME_MRM0,2019
CAF,Central African Republic,2020.0,0,CME_MRM0,Neonatal mortality rate,32.4056815377622,D_PER_1000_B,,_T,,_T,,,24.2287644709424,43.0367697370303,A,,UN_IGME,,,CME_MRM0,2020
CAF,Central African Republic,2021.0,0,CME_MRM0,Neonatal mortality rate,32.87092876653,D_PER_1000_B,,_T,,_T,,,24.419273770037,44.2540381615294,A,,UN_IGME,,,CME_MRM0,2021
CAF,Central African Republic,2022.0,0,CME_MRM0,Neonatal mortality rate,36.4530102896987,D_PER_1000_B,,_T,,_T,,,27.7721456801218,48.6228743283802,A,,UN_IGME,,,CME_MRM0,2022
CAF,Central African Republic,2023.0,0,CME_MRM0,Neonatal mortality rate,30.4458225528655,D_PER_1000_B,,_T,,_T,,,21.3248082063652,43.6074265638527,A,,UN_IGME,,,CME_MRM0,2023
CAF,Central African Republic,2024.0,0,CME_MRM0,Neonatal mortality rate,29.9329917481392,D_PER_1000_B,,_T,,_T,,,20.3829502192807,44.0179024853495,A,,UN_IGME,,,CME_MRM0,2024
COM,Comoros,2000.0,0,CME_MRM0,Neonatal mortality rate,34.7912224480028,D_PER_1000_B,,_T,,_T,,,26.9521693110339,43.1700002687861,A,,UN_IGME,,,CME_MRM0,2000
COM,Comoros,2001.0,0,CME_MRM0,Neonatal mortality rate,34.099518106489,D_PER_1000_B,,_T,,_T,,,26.3499877667989,42.3722082882037,A,,UN_IGME,,,CME_MRM0,2001
COM,Comoros,2002.0,0,CME_MRM0,Neonatal mortality rate,33.4976123882178,D_PER_1000_B,,_T,,_T,,,25.9116828313905,41.6777279351458,A,,UN_IGME,,,CME_MRM0,2002
COM,Comoros,2003.0,0,CME_MRM0,Neonatal mortality rate,32.9100709907945,D_PER_1000_B,,_T,,_T,,,25.3922738146744,41.0410478182135,A,,UN_IGME,,,CME_MRM0,2003
COM,Comoros,2004.0,0,CME_MRM0,Neonatal mortality rate,32.3549584607746,D_PER_1000_B,,_T,,_T,,,24.9467176391716,40.1770148535148,A,,UN_IGME,,,CME_MRM0,2004
COM,Comoros,2005.0,0,CME_MRM0,Neonatal mortality rate,31.729175272399,D_PER_1000_B,,_T,,_T,,,24.3257613237335,39.538789249105,A,,UN_IGME,,,CME_MRM0,2005
COM,Comoros,2006.0,0,CME_MRM0,Neonatal mortality rate,31.177747094234,D_PER_1000_B,,_T,,_T,,,23.8748105494889,38.7663950032022,A,,UN_IGME,,,CME_MRM0,2006
COM,Comoros,2007.0,0,CME_MRM0,Neonatal mortality rate,30.5301408060486,D_PER_1000_B,,_T,,_T,,,23.5556784429491,38.134148490985,A,,UN_IGME,,,CME_MRM0,2007
COM,Comoros,2008.0,0,CME_MRM0,Neonatal mortality rate,29.9912635170901,D_PER_1000_B,,_T,,_T,,,23.1606393696978,37.367601437657,A,,UN_IGME,,,CME_MRM0,2008
COM,Comoros,2009.0,0,CME_MRM0,Neonatal mortality rate,29.4751078542766,D_PER_1000_B,,_T,,_T,,,22.8259094824837,36.5564463224437,A,,UN_IGME,,,CME_MRM0,2009
COM,Comoros,2010.0,0,CME_MRM0,Neonatal mortality rate,28.9032261947169,D_PER_1000_B,,_T,,_T,,,22.4455488364267,35.814620036609,A,,UN_IGME,,,CME_MRM0,2010
COM,Comoros,2011.0,0,CME_MRM0,Neonatal mortality rate,28.3364701649598,D_PER_1000_B,,_T,,_T,,,22.1863339444002,35.0022073298182,A,,UN_IGME,,,CME_MRM0,2011
COM,Comoros,2012.0,0,CME_MRM0,Neonatal mortality rate,27.7650186218113,D_PER_1000_B,,_T,,_T,,,21.7781756960493,34.2048419359126,A,,UN_IGME,,,CME_MRM0,2012
COM,Comoros,2013.0,0,CME_MRM0,Neonatal mortality rate,27.2415782209992,D_PER_1000_B,,_T,,_T,,,21.4148637348123,33.4702703787111,A,,UN_IGME,,,CME_MRM0,2013
COM,Comoros,2014.0,0,CME_MRM0,Neonatal mortality rate,26.7704898725784,D_PER_1000_B,,_T,,_T,,,21.1379322090938,32.7641539993645,A,,UN_IGME,,,CME_MRM0,2014
COM,Comoros,2015.0,0,CME_MRM0,Neonatal mortality rate,26.3159006584542,D_PER_1000_B,,_T,,_T,,,20.7400643566895,32.110713420486,A,,UN_IGME,,,CME_MRM0,2015
COM,Comoros,2016.0,0,CME_MRM0,Neonatal mortality rate,25.8637215666079,D_PER_1000_B,,_T,,_T,,,20.3259935851956,31.6221737316595,A,,UN_IGME,,,CME_MRM0,2016
COM,Comoros,2017.0,0,CME_MRM0,Neonatal mortality rate,25.3653810475634,D_PER_1000_B,,_T,,_T,,,19.8520273757845,31.2416112189081,A,,UN_IGME,,,CME_MRM0,2017
COM,Comoros,2018.0,0,CME_MRM0,Neonatal mortality rate,24.9099677882222,D_PER_1000_B,,_T,,_T,,,19.2604701245346,31.022919491512,A,,UN_IGME,,,CME_MRM0,2018
COM,Comoros,2019.0,0,CME_MRM0,Neonatal mortality rate,24.4820108103055,D_PER_1000_B,,_T,,_T,,,18.6835948202821,30.9428454922661,A,,UN_IGME,,,CME_MRM0,2019
COM,Comoros,2020.0,0,CME_MRM0,Neonatal mortality rate,24.0910699586919,D_PER_1000_B,,_T,,_T,,,18.0748804826796,30.9614278800911,A,,UN_IGME,,,CME_MRM0,2020
COM,Comoros,2021.0,0,CME_MRM0,Neonatal mortality rate,23.6504690226153,D_PER_1000_B,,_T,,_T,,,17.3298510944391,31.1223080642866,A,,UN_IGME,,,CME_MRM0,2021
COM,Comoros,2022.0,0,CME_MRM0,Neonatal mortality rate,23.1813150167,D_PER_1000_B,,_T,,_T,,,16.6295163012816,31.2215684694247,A,,UN_IGME,,,CME_MRM0,2022
COM,Comoros,2023.0,0,CME_MRM0,Neonatal mortality rate,22.6897261309528,D_PER_1000_B,,_T,,_T,,,15.9520542048572,31.3923951619431,A,,UN_IGME,,,CME_MRM0,2023
COM,Comoros,2024.0,0,CME_MRM0,Neonatal mortality rate,22.1411936247105,D_PER_1000_B,,_T,,_T,,,15.2178465799698,31.5429904043869,A,,UN_IGME,,,CME_MRM0,2024
CYP,Cyprus,2000.0,0,CME_MRM0,Neonatal mortality rate,3.61428665395113,D_PER_1000_B,,_T,,_T,,,3.15195647212429,4.09458526207555,A,,UN_IGME,,"Some UN IGME indicators are calculated using population and live birth numbers from the World Population Prospects: The 2024 revision (WPP). The WPP numbers for Cyprus refer to the entire country. However, the underlying data used to calculate mortality rates estimates, provided by the Health Monitoring Unit of the Cyprus Ministry of Health, cover only the government-controlled areas, whereas according to Eurostat, the number of live births in 2024 was 9,766 (https://doi.org/10.2908/DEMO_FASEC). The population on 1 January 2024 was 966,365 (https://doi.org/10.2908/DEMO_PJAN), the population under 5 was 51,042, the adolescent population was 95,884, and the number of women of reproductive age was 233,867 (https://doi.org/10.2908/DEMO_PJANGROUP).",CME_MRM0,2000
CYP,Cyprus,2001.0,0,CME_MRM0,Neonatal mortality rate,3.39578774631058,D_PER_1000_B,,_T,,_T,,,2.9522314846839,3.85062530706191,A,,UN_IGME,,"Some UN IGME indicators are calculated using population and live birth numbers from the World Population Prospects: The 2024 revision (WPP). The WPP numbers for Cyprus refer to the entire country. However, the underlying data used to calculate mortality rates estimates, provided by the Health Monitoring Unit of the Cyprus Ministry of Health, cover only the government-controlled areas, whereas according to Eurostat, the number of live births in 2024 was 9,766 (https://doi.org/10.2908/DEMO_FASEC). The population on 1 January 2024 was 966,365 (https://doi.org/10.2908/DEMO_PJAN), the population under 5 was 51,042, the adolescent population was 95,884, and the number of women of reproductive age was 233,867 (https://doi.org/10.2908/DEMO_PJANGROUP).",CME_MRM0,2001
CYP,Cyprus,2002.0,0,CME_MRM0,Neonatal mortality rate,3.19389234754452,D_PER_1000_B,,_T,,_T,,,2.79381467280259,3.61955653710725,A,,UN_IGME,,"Some UN IGME indicators are calculated using population and live birth numbers from the World Population Prospects: The 2024 revision (WPP). The WPP numbers for Cyprus refer to the entire country. However, the underlying data used to calculate mortality rates estimates, provided by the Health Monitoring Unit of the Cyprus Ministry of Health, cover only the government-controlled areas, whereas according to Eurostat, the number of live births in 2024 was 9,766 (https://doi.org/10.2908/DEMO_FASEC). The population on 1 January 2024 was 966,365 (https://doi.org/10.2908/DEMO_PJAN), the population under 5 was 51,042, the adolescent population was 95,884, and the number of women of reproductive age was 233,867 (https://doi.org/10.2908/DEMO_PJANGROUP).",CME_MRM0,2002
CYP,Cyprus,2003.0,0,CME_MRM0,Neonatal mortality rate,3.00133692134075,D_PER_1000_B,,_T,,_T,,,2.61396269877153,3.40703676499512,A,,UN_IGME,,"Some UN IGME indicators are calculated using population and live birth numbers from the World Population Prospects: The 2024 revision (WPP). The WPP numbers for Cyprus refer to the entire country. However, the underlying data used to calculate mortality rates estimates, provided by the Health Monitoring Unit of the Cyprus Ministry of Health, cover only the government-controlled areas, whereas according to Eurostat, the number of live births in 2024 was 9,766 (https://doi.org/10.2908/DEMO_FASEC). The population on 1 January 2024 was 966,365 (https://doi.org/10.2908/DEMO_PJAN), the population under 5 was 51,042, the adolescent population was 95,884, and the number of women of reproductive age was 233,867 (https://doi.org/10.2908/DEMO_PJANGROUP).",CME_MRM0,2003
CYP,Cyprus,2004.0,0,CME_MRM0,Neonatal mortality rate,2.80947536851984,D_PER_1000_B,,_T,,_T,,,2.43537380296368,3.19445356827579,A,,UN_IGME,,"Some UN IGME indicators are calculated using population and live birth numbers from the World Population Prospects: The 2024 revision (WPP). The WPP numbers for Cyprus refer to the entire country. However, the underlying data used to calculate mortality rates estimates, provided by the Health Monitoring Unit of the Cyprus Ministry of Health, cover only the government-controlled areas, whereas according to Eurostat, the number of live births in 2024 was 9,766 (https://doi.org/10.2908/DEMO_FASEC). The population on 1 January 2024 was 966,365 (https://doi.org/10.2908/DEMO_PJAN), the population under 5 was 51,042, the adolescent population was 95,884, and the number of women of reproductive age was 233,867 (https://doi.org/10.2908/DEMO_PJANGROUP).",CME_MRM0,2004
CYP,Cyprus,2005.0,0,CME_MRM0,Neonatal mortality rate,2.61708578196717,D_PER_1000_B,,_T,,_T,,,2.26909894540301,2.99021119750455,A,,UN_IGME,,"Some UN IGME indicators are calculated using population and live birth numbers from the World Population Prospects: The 2024 revision (WPP). The WPP numbers for Cyprus refer to the entire country. However, the underlying data used to calculate mortality rates estimates, provided by the Health Monitoring Unit of the Cyprus Ministry of Health, cover only the government-controlled areas, whereas according to Eurostat, the number of live births in 2024 was 9,766 (https://doi.org/10.2908/DEMO_FASEC). The population on 1 January 2024 was 966,365 (https://doi.org/10.2908/DEMO_PJAN), the population under 5 was 51,042, the adolescent population was 95,884, and the number of women of reproductive age was 233,867 (https://doi.org/10.2908/DEMO_PJANGROUP).",CME_MRM0,2005
CYP,Cyprus,2006.0,0,CME_MRM0,Neonatal mortality rate,2.42889733016824,D_PER_1000_B,,_T,,_T,,,2.09104178340422,2.79219674601961,A,,UN_IGME,,"Some UN IGME indicators are calculated using population and live birth numbers from the World Population Prospects: The 2024 revision (WPP). The WPP numbers for Cyprus refer to the entire country. However, the underlying data used to calculate mortality rates estimates, provided by the Health Monitoring Unit of the Cyprus Ministry of Health, cover only the government-controlled areas, whereas according to Eurostat, the number of live births in 2024 was 9,766 (https://doi.org/10.2908/DEMO_FASEC). The population on 1 January 2024 was 966,365 (https://doi.org/10.2908/DEMO_PJAN), the population under 5 was 51,042, the adolescent population was 95,884, and the number of women of reproductive age was 233,867 (https://doi.org/10.2908/DEMO_PJANGROUP).",CME_MRM0,2006
CYP,Cyprus,2007.0,0,CME_MRM0,Neonatal mortality rate,2.25398181652733,D_PER_1000_B,,_T,,_T,,,1.94134845832604,2.60108679271691,A,,UN_IGME,,"Some UN IGME indicators are calculated using population and live birth numbers from the World Population Prospects: The 2024 revision (WPP). The WPP numbers for Cyprus refer to the entire country. However, the underlying data used to calculate mortality rates estimates, provided by the Health Monitoring Unit of the Cyprus Ministry of Health, cover only the government-controlled areas, whereas according to Eurostat, the number of live births in 2024 was 9,766 (https://doi.org/10.2908/DEMO_FASEC). The population on 1 January 2024 was 966,365 (https://doi.org/10.2908/DEMO_PJAN), the population under 5 was 51,042, the adolescent population was 95,884, and the number of women of reproductive age was 233,867 (https://doi.org/10.2908/DEMO_PJANGROUP).",CME_MRM0,2007
CYP,Cyprus,2008.0,0,CME_MRM0,Neonatal mortality rate,2.09552726996462,D_PER_1000_B,,_T,,_T,,,1.80009036151522,2.43372804539717,A,,UN_IGME,,"Some UN IGME indicators are calculated using population and live birth numbers from the World Population Prospects: The 2024 revision (WPP). The WPP numbers for Cyprus refer to the entire country. However, the underlying data used to calculate mortality rates estimates, provided by the Health Monitoring Unit of the Cyprus Ministry of Health, cover only the government-controlled areas, whereas according to Eurostat, the number of live births in 2024 was 9,766 (https://doi.org/10.2908/DEMO_FASEC). The population on 1 January 2024 was 966,365 (https://doi.org/10.2908/DEMO_PJAN), the population under 5 was 51,042, the adolescent population was 95,884, and the number of women of reproductive age was 233,867 (https://doi.org/10.2908/DEMO_PJANGROUP).",CME_MRM0,2008
CYP,Cyprus,2009.0,0,CME_MRM0,Neonatal mortality rate,1.9537825521735,D_PER_1000_B,,_T,,_T,,,1.67348999948208,2.27667585263413,A,,UN_IGME,,"Some UN IGME indicators are calculated using population and live birth numbers from the World Population Prospects: The 2024 revision (WPP). The WPP numbers for Cyprus refer to the entire country. However, the underlying data used to calculate mortality rates estimates, provided by the Health Monitoring Unit of the Cyprus Ministry of Health, cover only the government-controlled areas, whereas according to Eurostat, the number of live births in 2024 was 9,766 (https://doi.org/10.2908/DEMO_FASEC). The population on 1 January 2024 was 966,365 (https://doi.org/10.2908/DEMO_PJAN), the population under 5 was 51,042, the adolescent population was 95,884, and the number of women of reproductive age was 233,867 (https://doi.org/10.2908/DEMO_PJANGROUP).",CME_MRM0,2009
CYP,Cyprus,2010.0,0,CME_MRM0,Neonatal mortality rate,1.82699520606245,D_PER_1000_B,,_T,,_T,,,1.56370823175545,2.12391505265782,A,,UN_IGME,,"Some UN IGME indicators are calculated using population and live birth numbers from the World Population Prospects: The 2024 revision (WPP). The WPP numbers for Cyprus refer to the entire country. However, the underlying data used to calculate mortality rates estimates, provided by the Health Monitoring Unit of the Cyprus Ministry of Health, cover only the government-controlled areas, whereas according to Eurostat, the number of live births in 2024 was 9,766 (https://doi.org/10.2908/DEMO_FASEC). The population on 1 January 2024 was 966,365 (https://doi.org/10.2908/DEMO_PJAN), the population under 5 was 51,042, the adolescent population was 95,884, and the number of women of reproductive age was 233,867 (https://doi.org/10.2908/DEMO_PJANGROUP).",CME_MRM0,2010
CYP,Cyprus,2011.0,0,CME_MRM0,Neonatal mortality rate,1.71024807322441,D_PER_1000_B,,_T,,_T,,,1.45715040530411,2.0025807893105,A,,UN_IGME,,"Some UN IGME indicators are calculated using population and live birth numbers from the World Population Prospects: The 2024 revision (WPP). The WPP numbers for Cyprus refer to the entire country. However, the underlying data used to calculate mortality rates estimates, provided by the Health Monitoring Unit of the Cyprus Ministry of Health, cover only the government-controlled areas, whereas according to Eurostat, the number of live births in 2024 was 9,766 (https://doi.org/10.2908/DEMO_FASEC). The population on 1 January 2024 was 966,365 (https://doi.org/10.2908/DEMO_PJAN), the population under 5 was 51,042, the adolescent population was 95,884, and the number of women of reproductive age was 233,867 (https://doi.org/10.2908/DEMO_PJANGROUP).",CME_MRM0,2011
CYP,Cyprus,2012.0,0,CME_MRM0,Neonatal mortality rate,1.60343932400275,D_PER_1000_B,,_T,,_T,,,1.36342908157968,1.88903742440028,A,,UN_IGME,,"Some UN IGME indicators are calculated using population and live birth numbers from the World Population Prospects: The 2024 revision (WPP). The WPP numbers for Cyprus refer to the entire country. However, the underlying data used to calculate mortality rates estimates, provided by the Health Monitoring Unit of the Cyprus Ministry of Health, cover only the government-controlled areas, whereas according to Eurostat, the number of live births in 2024 was 9,766 (https://doi.org/10.2908/DEMO_FASEC). The population on 1 January 2024 was 966,365 (https://doi.org/10.2908/DEMO_PJAN), the population under 5 was 51,042, the adolescent population was 95,884, and the number of women of reproductive age was 233,867 (https://doi.org/10.2908/DEMO_PJANGROUP).",CME_MRM0,2012
CYP,Cyprus,2013.0,0,CME_MRM0,Neonatal mortality rate,1.51432321841503,D_PER_1000_B,,_T,,_T,,,1.27857783670923,1.79393000218393,A,,UN_IGME,,"Some UN IGME indicators are calculated using population and live birth numbers from the World Population Prospects: The 2024 revision (WPP). The WPP numbers for Cyprus refer to the entire country. However, the underlying data used to calculate mortality rates estimates, provided by the Health Monitoring Unit of the Cyprus Ministry of Health, cover only the government-controlled areas, whereas according to Eurostat, the number of live births in 2024 was 9,766 (https://doi.org/10.2908/DEMO_FASEC). The population on 1 January 2024 was 966,365 (https://doi.org/10.2908/DEMO_PJAN), the population under 5 was 51,042, the adolescent population was 95,884, and the number of women of reproductive age was 233,867 (https://doi.org/10.2908/DEMO_PJANGROUP).",CME_MRM0,2013
CYP,Cyprus,2014.0,0,CME_MRM0,Neonatal mortality rate,1.44680405817394,D_PER_1000_B,,_T,,_T,,,1.21278596940247,1.72167058396398,A,,UN_IGME,,"Some UN IGME indicators are calculated using population and live birth numbers from the World Population Prospects: The 2024 revision (WPP). The WPP numbers for Cyprus refer to the entire country. However, the underlying data used to calculate mortality rates estimates, provided by the Health Monitoring Unit of the Cyprus Ministry of Health, cover only the government-controlled areas, whereas according to Eurostat, the number of live births in 2024 was 9,766 (https://doi.org/10.2908/DEMO_FASEC). The population on 1 January 2024 was 966,365 (https://doi.org/10.2908/DEMO_PJAN), the population under 5 was 51,042, the adolescent population was 95,884, and the number of women of reproductive age was 233,867 (https://doi.org/10.2908/DEMO_PJANGROUP).",CME_MRM0,2014
CYP,Cyprus,2015.0,0,CME_MRM0,Neonatal mortality rate,1.40726759388473,D_PER_1000_B,,_T,,_T,,,1.17814779283536,1.67062871342539,A,,UN_IGME,,"Some UN IGME indicators are calculated using population and live birth numbers from the World Population Prospects: The 2024 revision (WPP). The WPP numbers for Cyprus refer to the entire country. However, the underlying data used to calculate mortality rates estimates, provided by the Health Monitoring Unit of the Cyprus Ministry of Health, cover only the government-controlled areas, whereas according to Eurostat, the number of live births in 2024 was 9,766 (https://doi.org/10.2908/DEMO_FASEC). The population on 1 January 2024 was 966,365 (https://doi.org/10.2908/DEMO_PJAN), the population under 5 was 51,042, the adolescent population was 95,884, and the number of women of reproductive age was 233,867 (https://doi.org/10.2908/DEMO_PJANGROUP).",CME_MRM0,2015
CYP,Cyprus,2016.0,0,CME_MRM0,Neonatal mortality rate,1.40248827945187,D_PER_1000_B,,_T,,_T,,,1.17010797405266,1.66108906169345,A,,UN_IGME,,"Some UN IGME indicators are calculated using population and live birth numbers from the World Population Prospects: The 2024 revision (WPP). The WPP numbers for Cyprus refer to the entire country. However, the underlying data used to calculate mortality rates estimates, provided by the Health Monitoring Unit of the Cyprus Ministry of Health, cover only the government-controlled areas, whereas according to Eurostat, the number of live births in 2024 was 9,766 (https://doi.org/10.2908/DEMO_FASEC). The population on 1 January 2024 was 966,365 (https://doi.org/10.2908/DEMO_PJAN), the population under 5 was 51,042, the adolescent population was 95,884, and the number of women of reproductive age was 233,867 (https://doi.org/10.2908/DEMO_PJANGROUP).",CME_MRM0,2016
CYP,Cyprus,2017.0,0,CME_MRM0,Neonatal mortality rate,1.43946125550094,D_PER_1000_B,,_T,,_T,,,1.20115011454807,1.70358713151473,A,,UN_IGME,,"Some UN IGME indicators are calculated using population and live birth numbers from the World Population Prospects: The 2024 revision (WPP). The WPP numbers for Cyprus refer to the entire country. However, the underlying data used to calculate mortality rates estimates, provided by the Health Monitoring Unit of the Cyprus Ministry of Health, cover only the government-controlled areas, whereas according to Eurostat, the number of live births in 2024 was 9,766 (https://doi.org/10.2908/DEMO_FASEC). The population on 1 January 2024 was 966,365 (https://doi.org/10.2908/DEMO_PJAN), the population under 5 was 51,042, the adolescent population was 95,884, and the number of women of reproductive age was 233,867 (https://doi.org/10.2908/DEMO_PJANGROUP).",CME_MRM0,2017
CYP,Cyprus,2018.0,0,CME_MRM0,Neonatal mortality rate,1.51767028207981,D_PER_1000_B,,_T,,_T,,,1.26883356058769,1.79603149533421,A,,UN_IGME,,"Some UN IGME indicators are calculated using population and live birth numbers from the World Population Prospects: The 2024 revision (WPP). The WPP numbers for Cyprus refer to the entire country. However, the underlying data used to calculate mortality rates estimates, provided by the Health Monitoring Unit of the Cyprus Ministry of Health, cover only the government-controlled areas, whereas according to Eurostat, the number of live births in 2024 was 9,766 (https://doi.org/10.2908/DEMO_FASEC). The population on 1 January 2024 was 966,365 (https://doi.org/10.2908/DEMO_PJAN), the population under 5 was 51,042, the adolescent population was 95,884, and the number of women of reproductive age was 233,867 (https://doi.org/10.2908/DEMO_PJANGROUP).",CME_MRM0,2018
CYP,Cyprus,2019.0,0,CME_MRM0,Neonatal mortality rate,1.63818587630942,D_PER_1000_B,,_T,,_T,,,1.37273542738116,1.94026988549758,A,,UN_IGME,,"Some UN IGME indicators are calculated using population and live birth numbers from the World Population Prospects: The 2024 revision (WPP). The WPP numbers for Cyprus refer to the entire country. However, the underlying data used to calculate mortality rates estimates, provided by the Health Monitoring Unit of the Cyprus Ministry of Health, cover only the government-controlled areas, whereas according to Eurostat, the number of live births in 2024 was 9,766 (https://doi.org/10.2908/DEMO_FASEC). The population on 1 January 2024 was 966,365 (https://doi.org/10.2908/DEMO_PJAN), the population under 5 was 51,042, the adolescent population was 95,884, and the number of women of reproductive age was 233,867 (https://doi.org/10.2908/DEMO_PJANGROUP).",CME_MRM0,2019
CYP,Cyprus,2020.0,0,CME_MRM0,Neonatal mortality rate,1.80013955200217,D_PER_1000_B,,_T,,_T,,,1.51475410095385,2.11351390076346,A,,UN_IGME,,"Some UN IGME indicators are calculated using population and live birth numbers from the World Population Prospects: The 2024 revision (WPP). The WPP numbers for Cyprus refer to the entire country. However, the underlying data used to calculate mortality rates estimates, provided by the Health Monitoring Unit of the Cyprus Ministry of Health, cover only the government-controlled areas, whereas according to Eurostat, the number of live births in 2024 was 9,766 (https://doi.org/10.2908/DEMO_FASEC). The population on 1 January 2024 was 966,365 (https://doi.org/10.2908/DEMO_PJAN), the population under 5 was 51,042, the adolescent population was 95,884, and the number of women of reproductive age was 233,867 (https://doi.org/10.2908/DEMO_PJANGROUP).",CME_MRM0,2020
CYP,Cyprus,2021.0,0,CME_MRM0,Neonatal mortality rate,2.00250977404987,D_PER_1000_B,,_T,,_T,,,1.68828509123869,2.35194670807538,A,,UN_IGME,,"Some UN IGME indicators are calculated using population and live birth numbers from the World Population Prospects: The 2024 revision (WPP). The WPP numbers for Cyprus refer to the entire country. However, the underlying data used to calculate mortality rates estimates, provided by the Health Monitoring Unit of the Cyprus Ministry of Health, cover only the government-controlled areas, whereas according to Eurostat, the number of live births in 2024 was 9,766 (https://doi.org/10.2908/DEMO_FASEC). The population on 1 January 2024 was 966,365 (https://doi.org/10.2908/DEMO_PJAN), the population under 5 was 51,042, the adolescent population was 95,884, and the number of women of reproductive age was 233,867 (https://doi.org/10.2908/DEMO_PJANGROUP).",CME_MRM0,2021
CYP,Cyprus,2022.0,0,CME_MRM0,Neonatal mortality rate,2.23985109778557,D_PER_1000_B,,_T,,_T,,,1.85906799215917,2.67372329390413,A,,UN_IGME,,"Some UN IGME indicators are calculated using population and live birth numbers from the World Population Prospects: The 2024 revision (WPP). The WPP numbers for Cyprus refer to the entire country. However, the underlying data used to calculate mortality rates estimates, provided by the Health Monitoring Unit of the Cyprus Ministry of Health, cover only the government-controlled areas, whereas according to Eurostat, the number of live births in 2024 was 9,766 (https://doi.org/10.2908/DEMO_FASEC). The population on 1 January 2024 was 966,365 (https://doi.org/10.2908/DEMO_PJAN), the population under 5 was 51,042, the adolescent population was 95,884, and the number of women of reproductive age was 233,867 (https://doi.org/10.2908/DEMO_PJANGROUP).",CME_MRM0,2022
CYP,Cyprus,2023.0,0,CME_MRM0,Neonatal mortality rate,2.49405437649687,D_PER_1000_B,,_T,,_T,,,1.99491101211703,3.10187369179478,A,,UN_IGME,,"Some UN IGME indicators are calculated using population and live birth numbers from the World Population Prospects: The 2024 revision (WPP). The WPP numbers for Cyprus refer to the entire country. However, the underlying data used to calculate mortality rates estimates, provided by the Health Monitoring Unit of the Cyprus Ministry of Health, cover only the government-controlled areas, whereas according to Eurostat, the number of live births in 2024 was 9,766 (https://doi.org/10.2908/DEMO_FASEC). The population on 1 January 2024 was 966,365 (https://doi.org/10.2908/DEMO_PJAN), the population under 5 was 51,042, the adolescent population was 95,884, and the number of women of reproductive age was 233,867 (https://doi.org/10.2908/DEMO_PJANGROUP).",CME_MRM0,2023
CYP,Cyprus,2024.0,0,CME_MRM0,Neonatal mortality rate,2.70973103495304,D_PER_1000_B,,_T,,_T,,,2.05553159497381,3.59026684481482,A,,UN_IGME,,"Some UN IGME indicators are calculated using population and live birth numbers from the World Population Prospects: The 2024 revision (WPP). The WPP numbers for Cyprus refer to the entire country. However, the underlying data used to calculate mortality rates estimates, provided by the Health Monitoring Unit of the Cyprus Ministry of Health, cover only the government-controlled areas, whereas according to Eurostat, the number of live births in 2024 was 9,766 (https://doi.org/10.2908/DEMO_FASEC). The population on 1 January 2024 was 966,365 (https://doi.org/10.2908/DEMO_PJAN), the population under 5 was 51,042, the adolescent population was 95,884, and the number of women of reproductive age was 233,867 (https://doi.org/10.2908/DEMO_PJANGROUP).",CME_MRM0,2024
DZA,Algeria,2000.0,0,CME_MRM0,Neonatal mortality rate,22.6484989044959,D_PER_1000_B,,_T,,_T,,,20.4009427772208,25.006963948126,A,,UN_IGME,,,CME_MRM0,2000
DZA,Algeria,2001.0,0,CME_MRM0,Neonatal mortality rate,22.2667262464324,D_PER_1000_B,,_T,,_T,,,20.0794343822786,24.5347742361912,A,,UN_IGME,,,CME_MRM0,2001
DZA,Algeria,2002.0,0,CME_MRM0,Neonatal mortality rate,21.8438687717937,D_PER_1000_B,,_T,,_T,,,19.7521747555796,24.0594786586962,A,,UN_IGME,,,CME_MRM0,2002
DZA,Algeria,2003.0,0,CME_MRM0,Neonatal mortality rate,21.394600963697,D_PER_1000_B,,_T,,_T,,,19.4572475423676,23.4843191983751,A,,UN_IGME,,,CME_MRM0,2003
DZA,Algeria,2004.0,0,CME_MRM0,Neonatal mortality rate,20.8163997141915,D_PER_1000_B,,_T,,_T,,,18.9341432921513,22.7759785614109,A,,UN_IGME,,,CME_MRM0,2004
DZA,Algeria,2005.0,0,CME_MRM0,Neonatal mortality rate,20.2354454993416,D_PER_1000_B,,_T,,_T,,,18.4704923120678,22.0588685766486,A,,UN_IGME,,,CME_MRM0,2005
DZA,Algeria,2006.0,0,CME_MRM0,Neonatal mortality rate,19.6993633045247,D_PER_1000_B,,_T,,_T,,,18.0537585354388,21.3811422976237,A,,UN_IGME,,,CME_MRM0,2006
DZA,Algeria,2007.0,0,CME_MRM0,Neonatal mortality rate,19.1485507685027,D_PER_1000_B,,_T,,_T,,,17.6442186597654,20.7106989821556,A,,UN_IGME,,,CME_MRM0,2007
DZA,Algeria,2008.0,0,CME_MRM0,Neonatal mortality rate,18.6148086777678,D_PER_1000_B,,_T,,_T,,,17.3335750441409,19.9893690938808,A,,UN_IGME,,,CME_MRM0,2008
DZA,Algeria,2009.0,0,CME_MRM0,Neonatal mortality rate,18.1775892442295,D_PER_1000_B,,_T,,_T,,,17.0027140269128,19.4166916124235,A,,UN_IGME,,,CME_MRM0,2009
DZA,Algeria,2010.0,0,CME_MRM0,Neonatal mortality rate,17.8957015074736,D_PER_1000_B,,_T,,_T,,,16.7536674344301,19.0876517154498,A,,UN_IGME,,,CME_MRM0,2010
DZA,Algeria,2011.0,0,CME_MRM0,Neonatal mortality rate,17.6096764725504,D_PER_1000_B,,_T,,_T,,,16.5174546854695,18.7851826311925,A,,UN_IGME,,,CME_MRM0,2011
DZA,Algeria,2012.0,0,CME_MRM0,Neonatal mortality rate,17.1219132474186,D_PER_1000_B,,_T,,_T,,,16.0389921582669,18.2837524989829,A,,UN_IGME,,,CME_MRM0,2012
DZA,Algeria,2013.0,0,CME_MRM0,Neonatal mortality rate,16.369300037801,D_PER_1000_B,,_T,,_T,,,15.3119190300623,17.4774305145888,A,,UN_IGME,,,CME_MRM0,2013
DZA,Algeria,2014.0,0,CME_MRM0,Neonatal mortality rate,15.6390160837831,D_PER_1000_B,,_T,,_T,,,14.5977572870678,16.7252173402751,A,,UN_IGME,,,CME_MRM0,2014
DZA,Algeria,2015.0,0,CME_MRM0,Neonatal mortality rate,15.1798762867491,D_PER_1000_B,,_T,,_T,,,14.1653761508465,16.2558976059775,A,,UN_IGME,,,CME_MRM0,2015
DZA,Algeria,2016.0,0,CME_MRM0,Neonatal mortality rate,15.0545564774776,D_PER_1000_B,,_T,,_T,,,14.0434394206931,16.1267905905727,A,,UN_IGME,,,CME_MRM0,2016
DZA,Algeria,2017.0,0,CME_MRM0,Neonatal mortality rate,15.2148669460885,D_PER_1000_B,,_T,,_T,,,14.1810405676047,16.2949386178839,A,,UN_IGME,,,CME_MRM0,2017
DZA,Algeria,2018.0,0,CME_MRM0,Neonatal mortality rate,15.5465898761751,D_PER_1000_B,,_T,,_T,,,14.5054458459402,16.6275561216987,A,,UN_IGME,,,CME_MRM0,2018
DZA,Algeria,2019.0,0,CME_MRM0,Neonatal mortality rate,15.8554275182985,D_PER_1000_B,,_T,,_T,,,14.7934966509526,16.9350830476012,A,,UN_IGME,,,CME_MRM0,2019
DZA,Algeria,2020.0,0,CME_MRM0,Neonatal mortality rate,15.9487221842956,D_PER_1000_B,,_T,,_T,,,14.8735704650269,17.0725537191673,A,,UN_IGME,,,CME_MRM0,2020
DZA,Algeria,2021.0,0,CME_MRM0,Neonatal mortality rate,15.8537956578316,D_PER_1000_B,,_T,,_T,,,14.6923095484028,17.0855036192366,A,,UN_IGME,,,CME_MRM0,2021
DZA,Algeria,2022.0,0,CME_MRM0,Neonatal mortality rate,15.6328713323362,D_PER_1000_B,,_T,,_T,,,14.331596014548,17.064895632914,A,,UN_IGME,,,CME_MRM0,2022
DZA,Algeria,2023.0,0,CME_MRM0,Neonatal mortality rate,15.3192534659721,D_PER_1000_B,,_T,,_T,,,13.7767648318373,17.0696357603452,A,,UN_IGME,,,CME_MRM0,2023
DZA,Algeria,2024.0,0,CME_MRM0,Neonatal mortality rate,14.9633819121343,D_PER_1000_B,,_T,,_T,,,13.0899773594028,17.1226890297777,A,,UN_IGME,,,CME_MRM0,2024
GEO,Georgia,2000.0,0,CME_MRM0,Neonatal mortality rate,22.2997318299422,D_PER_1000_B,,_T,,_T,,,19.2013398872888,26.0201562772119,A,,UN_IGME,,,CME_MRM0,2000
GEO,Georgia,2001.0,0,CME_MRM0,Neonatal mortality rate,21.1876300135622,D_PER_1000_B,,_T,,_T,,,18.3054673664806,24.7349285210598,A,,UN_IGME,,,CME_MRM0,2001
GEO,Georgia,2002.0,0,CME_MRM0,Neonatal mortality rate,19.8942612488784,D_PER_1000_B,,_T,,_T,,,17.3118569528717,23.1978482195844,A,,UN_IGME,,,CME_MRM0,2002
GEO,Georgia,2003.0,0,CME_MRM0,Neonatal mortality rate,18.461355880547,D_PER_1000_B,,_T,,_T,,,16.2025668078412,21.4334905334214,A,,UN_IGME,,,CME_MRM0,2003
GEO,Georgia,2004.0,0,CME_MRM0,Neonatal mortality rate,16.9682438698638,D_PER_1000_B,,_T,,_T,,,15.0586182286322,19.5470340942194,A,,UN_IGME,,,CME_MRM0,2004
GEO,Georgia,2005.0,0,CME_MRM0,Neonatal mortality rate,15.4885736108883,D_PER_1000_B,,_T,,_T,,,13.9140314509277,17.6560260889322,A,,UN_IGME,,,CME_MRM0,2005
GEO,Georgia,2006.0,0,CME_MRM0,Neonatal mortality rate,14.1186064071128,D_PER_1000_B,,_T,,_T,,,12.8390263244864,15.8609640385532,A,,UN_IGME,,,CME_MRM0,2006
GEO,Georgia,2007.0,0,CME_MRM0,Neonatal mortality rate,12.8897578239723,D_PER_1000_B,,_T,,_T,,,11.820275534512,14.2789338729679,A,,UN_IGME,,,CME_MRM0,2007
GEO,Georgia,2008.0,0,CME_MRM0,Neonatal mortality rate,11.8188329467996,D_PER_1000_B,,_T,,_T,,,10.9287945392477,12.9213311205365,A,,UN_IGME,,,CME_MRM0,2008
GEO,Georgia,2009.0,0,CME_MRM0,Neonatal mortality rate,10.8927287304052,D_PER_1000_B,,_T,,_T,,,10.1335132102512,11.7787953388821,A,,UN_IGME,,,CME_MRM0,2009
GEO,Georgia,2010.0,0,CME_MRM0,Neonatal mortality rate,10.0809851498256,D_PER_1000_B,,_T,,_T,,,9.37680080899365,10.8417760348274,A,,UN_IGME,,,CME_MRM0,2010
GEO,Georgia,2011.0,0,CME_MRM0,Neonatal mortality rate,9.36676422617875,D_PER_1000_B,,_T,,_T,,,8.70502932036285,10.0511911010426,A,,UN_IGME,,,CME_MRM0,2011
GEO,Georgia,2012.0,0,CME_MRM0,Neonatal mortality rate,8.70004664249558,D_PER_1000_B,,_T,,_T,,,8.07782604611185,9.32957523668133,A,,UN_IGME,,,CME_MRM0,2012
GEO,Georgia,2013.0,0,CME_MRM0,Neonatal mortality rate,8.04249263820563,D_PER_1000_B,,_T,,_T,,,7.44660177658697,8.639518889252,A,,UN_IGME,,,CME_MRM0,2013
GEO,Georgia,2014.0,0,CME_MRM0,Neonatal mortality rate,7.37687718377743,D_PER_1000_B,,_T,,_T,,,6.83296144893159,7.92867128536781,A,,UN_IGME,,,CME_MRM0,2014
GEO,Georgia,2015.0,0,CME_MRM0,Neonatal mortality rate,6.7377270132531,D_PER_1000_B,,_T,,_T,,,6.23330923629914,7.25620723166809,A,,UN_IGME,,,CME_MRM0,2015
GEO,Georgia,2016.0,0,CME_MRM0,Neonatal mortality rate,6.20131456081825,D_PER_1000_B,,_T,,_T,,,5.72755860053427,6.68944247186992,A,,UN_IGME,,,CME_MRM0,2016
GEO,Georgia,2017.0,0,CME_MRM0,Neonatal mortality rate,5.78970194277023,D_PER_1000_B,,_T,,_T,,,5.34296768509142,6.26137148302156,A,,UN_IGME,,,CME_MRM0,2017
GEO,Georgia,2018.0,0,CME_MRM0,Neonatal mortality rate,5.52393667215377,D_PER_1000_B,,_T,,_T,,,5.09126860980274,5.97946861105763,A,,UN_IGME,,,CME_MRM0,2018
GEO,Georgia,2019.0,0,CME_MRM0,Neonatal mortality rate,5.39498574662973,D_PER_1000_B,,_T,,_T,,,4.97454254241098,5.82614565832374,A,,UN_IGME,,,CME_MRM0,2019
GEO,Georgia,2020.0,0,CME_MRM0,Neonatal mortality rate,5.33315851742995,D_PER_1000_B,,_T,,_T,,,4.92615546922503,5.75304653169185,A,,UN_IGME,,,CME_MRM0,2020
GEO,Georgia,2021.0,0,CME_MRM0,Neonatal mortality rate,5.28319380310057,D_PER_1000_B,,_T,,_T,,,4.90900784798197,5.67244741350034,A,,UN_IGME,,,CME_MRM0,2021
GEO,Georgia,2022.0,0,CME_MRM0,Neonatal mortality rate,5.21257789925026,D_PER_1000_B,,_T,,_T,,,4.86413718981214,5.5765536487625,A,,UN_IGME,,,CME_MRM0,2022
GEO,Georgia,2023.0,0,CME_MRM0,Neonatal mortality rate,5.10380458724452,D_PER_1000_B,,_T,,_T,,,4.74158150299175,5.47265210130296,A,,UN_IGME,,,CME_MRM0,2023
GEO,Georgia,2024.0,0,CME_MRM0,Neonatal mortality rate,4.953762058921,D_PER_1000_B,,_T,,_T,,,4.5289735592975,5.39619432127334,A,,UN_IGME,,,CME_MRM0,2024
GNB,Guinea-Bissau,2000.0,0,CME_MRM0,Neonatal mortality rate,55.1934979305122,D_PER_1000_B,,_T,,_T,,,47.0056204822823,63.8854813305426,A,,UN_IGME,,,CME_MRM0,2000
GNB,Guinea-Bissau,2001.0,0,CME_MRM0,Neonatal mortality rate,54.1736871286935,D_PER_1000_B,,_T,,_T,,,46.1471960793147,62.6775799137455,A,,UN_IGME,,,CME_MRM0,2001
GNB,Guinea-Bissau,2002.0,0,CME_MRM0,Neonatal mortality rate,53.3287975002371,D_PER_1000_B,,_T,,_T,,,45.3310266064097,61.7258164396054,A,,UN_IGME,,,CME_MRM0,2002
GNB,Guinea-Bissau,2003.0,0,CME_MRM0,Neonatal mortality rate,52.585974136321,D_PER_1000_B,,_T,,_T,,,44.7873566323544,61.03812338285,A,,UN_IGME,,,CME_MRM0,2003
GNB,Guinea-Bissau,2004.0,0,CME_MRM0,Neonatal mortality rate,51.8287532668976,D_PER_1000_B,,_T,,_T,,,44.2805188380296,60.4414416958038,A,,UN_IGME,,,CME_MRM0,2004
GNB,Guinea-Bissau,2005.0,0,CME_MRM0,Neonatal mortality rate,51.0352515726669,D_PER_1000_B,,_T,,_T,,,43.4733812427486,60.0636488503015,A,,UN_IGME,,,CME_MRM0,2005
GNB,Guinea-Bissau,2006.0,0,CME_MRM0,Neonatal mortality rate,50.0687829056036,D_PER_1000_B,,_T,,_T,,,42.4766661905904,59.1367316764091,A,,UN_IGME,,,CME_MRM0,2006
GNB,Guinea-Bissau,2007.0,0,CME_MRM0,Neonatal mortality rate,49.0380324333943,D_PER_1000_B,,_T,,_T,,,41.2142780420195,58.2911924265737,A,,UN_IGME,,,CME_MRM0,2007
GNB,Guinea-Bissau,2008.0,0,CME_MRM0,Neonatal mortality rate,47.7891589414896,D_PER_1000_B,,_T,,_T,,,39.7784982468797,57.5008673690291,A,,UN_IGME,,,CME_MRM0,2008
GNB,Guinea-Bissau,2009.0,0,CME_MRM0,Neonatal mortality rate,46.4616948838052,D_PER_1000_B,,_T,,_T,,,38.1175873142244,56.7503749800468,A,,UN_IGME,,,CME_MRM0,2009
GNB,Guinea-Bissau,2010.0,0,CME_MRM0,Neonatal mortality rate,45.1075516588826,D_PER_1000_B,,_T,,_T,,,36.3121465842842,55.9030993385341,A,,UN_IGME,,,CME_MRM0,2010
GNB,Guinea-Bissau,2011.0,0,CME_MRM0,Neonatal mortality rate,43.7309867891731,D_PER_1000_B,,_T,,_T,,,34.4073628167976,55.4962463990697,A,,UN_IGME,,,CME_MRM0,2011
GNB,Guinea-Bissau,2012.0,0,CME_MRM0,Neonatal mortality rate,42.376460417921,D_PER_1000_B,,_T,,_T,,,32.3531589913017,55.1652693931569,A,,UN_IGME,,,CME_MRM0,2012
GNB,Guinea-Bissau,2013.0,0,CME_MRM0,Neonatal mortality rate,41.2653959194338,D_PER_1000_B,,_T,,_T,,,30.6152649258711,55.2037694912244,A,,UN_IGME,,,CME_MRM0,2013
GNB,Guinea-Bissau,2014.0,0,CME_MRM0,Neonatal mortality rate,40.1551387232579,D_PER_1000_B,,_T,,_T,,,28.8458618073181,55.2698739289588,A,,UN_IGME,,,CME_MRM0,2014
GNB,Guinea-Bissau,2015.0,0,CME_MRM0,Neonatal mortality rate,39.1026218248829,D_PER_1000_B,,_T,,_T,,,27.1620374665863,55.2851814872895,A,,UN_IGME,,,CME_MRM0,2015
GNB,Guinea-Bissau,2016.0,0,CME_MRM0,Neonatal mortality rate,38.1829098632922,D_PER_1000_B,,_T,,_T,,,25.7998157848879,55.4851616839984,A,,UN_IGME,,,CME_MRM0,2016
GNB,Guinea-Bissau,2017.0,0,CME_MRM0,Neonatal mortality rate,37.2724302522793,D_PER_1000_B,,_T,,_T,,,24.3597484788198,55.6782818939948,A,,UN_IGME,,,CME_MRM0,2017
GNB,Guinea-Bissau,2018.0,0,CME_MRM0,Neonatal mortality rate,36.4939310379765,D_PER_1000_B,,_T,,_T,,,23.1149795114843,56.2270815568331,A,,UN_IGME,,,CME_MRM0,2018
GNB,Guinea-Bissau,2019.0,0,CME_MRM0,Neonatal mortality rate,35.6983896680453,D_PER_1000_B,,_T,,_T,,,21.8866081421145,56.6184598630765,A,,UN_IGME,,,CME_MRM0,2019
GNB,Guinea-Bissau,2020.0,0,CME_MRM0,Neonatal mortality rate,34.9331408497888,D_PER_1000_B,,_T,,_T,,,20.7479771184126,56.7665064344668,A,,UN_IGME,,,CME_MRM0,2020
GNB,Guinea-Bissau,2021.0,0,CME_MRM0,Neonatal mortality rate,34.1517580563708,D_PER_1000_B,,_T,,_T,,,19.5244179430028,57.3865068460817,A,,UN_IGME,,,CME_MRM0,2021
GNB,Guinea-Bissau,2022.0,0,CME_MRM0,Neonatal mortality rate,33.4563754569862,D_PER_1000_B,,_T,,_T,,,18.4790994013463,57.7277851022409,A,,UN_IGME,,,CME_MRM0,2022
GNB,Guinea-Bissau,2023.0,0,CME_MRM0,Neonatal mortality rate,32.6881535316008,D_PER_1000_B,,_T,,_T,,,17.5981707940775,58.2150153962624,A,,UN_IGME,,,CME_MRM0,2023
GNB,Guinea-Bissau,2024.0,0,CME_MRM0,Neonatal mortality rate,31.9810118917783,D_PER_1000_B,,_T,,_T,,,16.7362198463075,58.8100768306707,A,,UN_IGME,,,CME_MRM0,2024
IRN,Iran (Islamic Republic of),2000.0,0,CME_MRM0,Neonatal mortality rate,19.4908356453362,D_PER_1000_B,,_T,,_T,,,15.8684992502594,23.198890352731,A,,UN_IGME,,,CME_MRM0,2000
IRN,Iran (Islamic Republic of),2001.0,0,CME_MRM0,Neonatal mortality rate,18.8209808652814,D_PER_1000_B,,_T,,_T,,,15.1352583093552,22.8256393552465,A,,UN_IGME,,,CME_MRM0,2001
IRN,Iran (Islamic Republic of),2002.0,0,CME_MRM0,Neonatal mortality rate,18.1632440489721,D_PER_1000_B,,_T,,_T,,,14.3896302847603,22.3109167728782,A,,UN_IGME,,,CME_MRM0,2002
IRN,Iran (Islamic Republic of),2003.0,0,CME_MRM0,Neonatal mortality rate,17.4812360832583,D_PER_1000_B,,_T,,_T,,,13.894529200363,21.5241626219616,A,,UN_IGME,,,CME_MRM0,2003
IRN,Iran (Islamic Republic of),2004.0,0,CME_MRM0,Neonatal mortality rate,16.7848206852977,D_PER_1000_B,,_T,,_T,,,13.4419560412521,20.7526683283651,A,,UN_IGME,,,CME_MRM0,2004
IRN,Iran (Islamic Republic of),2005.0,0,CME_MRM0,Neonatal mortality rate,16.1453637475525,D_PER_1000_B,,_T,,_T,,,13.0812033221624,19.8033034704223,A,,UN_IGME,,,CME_MRM0,2005
IRN,Iran (Islamic Republic of),2006.0,0,CME_MRM0,Neonatal mortality rate,15.4862311183541,D_PER_1000_B,,_T,,_T,,,12.7756826412737,18.7576875217884,A,,UN_IGME,,,CME_MRM0,2006
IRN,Iran (Islamic Republic of),2007.0,0,CME_MRM0,Neonatal mortality rate,14.8058506408128,D_PER_1000_B,,_T,,_T,,,12.2381493877659,17.8128700183475,A,,UN_IGME,,,CME_MRM0,2007
IRN,Iran (Islamic Republic of),2008.0,0,CME_MRM0,Neonatal mortality rate,14.0622042201707,D_PER_1000_B,,_T,,_T,,,11.5811816379644,16.9251214921664,A,,UN_IGME,,,CME_MRM0,2008
IRN,Iran (Islamic Republic of),2009.0,0,CME_MRM0,Neonatal mortality rate,13.3236796211099,D_PER_1000_B,,_T,,_T,,,10.6774340860429,16.4038893389117,A,,UN_IGME,,,CME_MRM0,2009
IRN,Iran (Islamic Republic of),2010.0,0,CME_MRM0,Neonatal mortality rate,12.6345737488908,D_PER_1000_B,,_T,,_T,,,9.69371165328638,16.0618832975281,A,,UN_IGME,,,CME_MRM0,2010
IRN,Iran (Islamic Republic of),2011.0,0,CME_MRM0,Neonatal mortality rate,12.0143149195837,D_PER_1000_B,,_T,,_T,,,8.81516760546076,15.8509923172511,A,,UN_IGME,,,CME_MRM0,2011
IRN,Iran (Islamic Republic of),2012.0,0,CME_MRM0,Neonatal mortality rate,11.4427045468745,D_PER_1000_B,,_T,,_T,,,8.0035953681705,15.6768083722106,A,,UN_IGME,,,CME_MRM0,2012
IRN,Iran (Islamic Republic of),2013.0,0,CME_MRM0,Neonatal mortality rate,10.9348518785423,D_PER_1000_B,,_T,,_T,,,7.30482131392288,15.583123706357,A,,UN_IGME,,,CME_MRM0,2013
IRN,Iran (Islamic Republic of),2014.0,0,CME_MRM0,Neonatal mortality rate,10.4622887948609,D_PER_1000_B,,_T,,_T,,,6.65991948466868,15.4744946224008,A,,UN_IGME,,,CME_MRM0,2014
IRN,Iran (Islamic Republic of),2015.0,0,CME_MRM0,Neonatal mortality rate,10.0490325574348,D_PER_1000_B,,_T,,_T,,,6.11920534124351,15.4064734906715,A,,UN_IGME,,,CME_MRM0,2015
IRN,Iran (Islamic Republic of),2016.0,0,CME_MRM0,Neonatal mortality rate,9.63521210388315,D_PER_1000_B,,_T,,_T,,,5.6476489451929,15.3680165074358,A,,UN_IGME,,,CME_MRM0,2016
IRN,Iran (Islamic Republic of),2017.0,0,CME_MRM0,Neonatal mortality rate,9.26403717664686,D_PER_1000_B,,_T,,_T,,,5.19676064993338,15.267546493398,A,,UN_IGME,,,CME_MRM0,2017
IRN,Iran (Islamic Republic of),2018.0,0,CME_MRM0,Neonatal mortality rate,8.92582341224499,D_PER_1000_B,,_T,,_T,,,4.80493666740194,15.2322815311583,A,,UN_IGME,,,CME_MRM0,2018
IRN,Iran (Islamic Republic of),2019.0,0,CME_MRM0,Neonatal mortality rate,8.63261729015448,D_PER_1000_B,,_T,,_T,,,4.40456415439359,15.1456676895808,A,,UN_IGME,,,CME_MRM0,2019
IRN,Iran (Islamic Republic of),2020.0,0,CME_MRM0,Neonatal mortality rate,8.33483662050406,D_PER_1000_B,,_T,,_T,,,4.06133593301082,14.9507148026276,A,,UN_IGME,,,CME_MRM0,2020
IRN,Iran (Islamic Republic of),2021.0,0,CME_MRM0,Neonatal mortality rate,8.01472091806076,D_PER_1000_B,,_T,,_T,,,3.76727680917333,14.837479187181,A,,UN_IGME,,,CME_MRM0,2021
IRN,Iran (Islamic Republic of),2022.0,0,CME_MRM0,Neonatal mortality rate,7.72196617678359,D_PER_1000_B,,_T,,_T,,,3.49157729642141,14.7292254936251,A,,UN_IGME,,,CME_MRM0,2022
IRN,Iran (Islamic Republic of),2023.0,0,CME_MRM0,Neonatal mortality rate,7.45090271820955,D_PER_1000_B,,_T,,_T,,,3.26471301542898,14.6509868142357,A,,UN_IGME,,,CME_MRM0,2023
IRN,Iran (Islamic Republic of),2024.0,0,CME_MRM0,Neonatal mortality rate,7.2016121375691,D_PER_1000_B,,_T,,_T,,,3.01721855287971,14.6079458596447,A,,UN_IGME,,,CME_MRM0,2024
KGZ,Kyrgyzstan,2000.0,0,CME_MRM0,Neonatal mortality rate,20.5842633284293,D_PER_1000_B,,_T,,_T,,,17.4901011847989,23.764768062442,A,,UN_IGME,,,CME_MRM0,2000
KGZ,Kyrgyzstan,2001.0,0,CME_MRM0,Neonatal mortality rate,20.0003611227211,D_PER_1000_B,,_T,,_T,,,17.0809714877853,22.9466200937973,A,,UN_IGME,,,CME_MRM0,2001
KGZ,Kyrgyzstan,2002.0,0,CME_MRM0,Neonatal mortality rate,19.5659883895476,D_PER_1000_B,,_T,,_T,,,16.8344034226432,22.2686402704433,A,,UN_IGME,,,CME_MRM0,2002
KGZ,Kyrgyzstan,2003.0,0,CME_MRM0,Neonatal mortality rate,19.2658430466077,D_PER_1000_B,,_T,,_T,,,16.6980241075994,21.7271084896948,A,,UN_IGME,,,CME_MRM0,2003
KGZ,Kyrgyzstan,2004.0,0,CME_MRM0,Neonatal mortality rate,19.0633496559421,D_PER_1000_B,,_T,,_T,,,16.7882091132776,21.3029135193503,A,,UN_IGME,,,CME_MRM0,2004
KGZ,Kyrgyzstan,2005.0,0,CME_MRM0,Neonatal mortality rate,19.0289242702696,D_PER_1000_B,,_T,,_T,,,17.0661900674152,20.9709389296038,A,,UN_IGME,,,CME_MRM0,2005
KGZ,Kyrgyzstan,2006.0,0,CME_MRM0,Neonatal mortality rate,19.0551009906715,D_PER_1000_B,,_T,,_T,,,17.1558169557628,20.9192176419557,A,,UN_IGME,,,CME_MRM0,2006
KGZ,Kyrgyzstan,2007.0,0,CME_MRM0,Neonatal mortality rate,18.8303607925268,D_PER_1000_B,,_T,,_T,,,17.0460048238287,20.6341537246542,A,,UN_IGME,,,CME_MRM0,2007
KGZ,Kyrgyzstan,2008.0,0,CME_MRM0,Neonatal mortality rate,18.2350441625909,D_PER_1000_B,,_T,,_T,,,16.5870396960718,19.9284706825989,A,,UN_IGME,,,CME_MRM0,2008
KGZ,Kyrgyzstan,2009.0,0,CME_MRM0,Neonatal mortality rate,17.4614479819208,D_PER_1000_B,,_T,,_T,,,15.9456378744257,19.0156353193643,A,,UN_IGME,,,CME_MRM0,2009
KGZ,Kyrgyzstan,2010.0,0,CME_MRM0,Neonatal mortality rate,16.6266401837815,D_PER_1000_B,,_T,,_T,,,15.2330997344015,18.0085898604513,A,,UN_IGME,,,CME_MRM0,2010
KGZ,Kyrgyzstan,2011.0,0,CME_MRM0,Neonatal mortality rate,15.8300724692355,D_PER_1000_B,,_T,,_T,,,14.4692708759501,17.1736461028404,A,,UN_IGME,,,CME_MRM0,2011
KGZ,Kyrgyzstan,2012.0,0,CME_MRM0,Neonatal mortality rate,15.1698220893918,D_PER_1000_B,,_T,,_T,,,13.8426915875845,16.4894518813465,A,,UN_IGME,,,CME_MRM0,2012
KGZ,Kyrgyzstan,2013.0,0,CME_MRM0,Neonatal mortality rate,14.6387410792357,D_PER_1000_B,,_T,,_T,,,13.414296101568,15.9077886915787,A,,UN_IGME,,,CME_MRM0,2013
KGZ,Kyrgyzstan,2014.0,0,CME_MRM0,Neonatal mortality rate,14.1457355763023,D_PER_1000_B,,_T,,_T,,,12.9843596040039,15.3675460307463,A,,UN_IGME,,,CME_MRM0,2014
KGZ,Kyrgyzstan,2015.0,0,CME_MRM0,Neonatal mortality rate,13.5991567236604,D_PER_1000_B,,_T,,_T,,,12.5045714885492,14.7448315588168,A,,UN_IGME,,,CME_MRM0,2015
KGZ,Kyrgyzstan,2016.0,0,CME_MRM0,Neonatal mortality rate,12.9962977769255,D_PER_1000_B,,_T,,_T,,,11.902718279965,14.1358485417179,A,,UN_IGME,,,CME_MRM0,2016
KGZ,Kyrgyzstan,2017.0,0,CME_MRM0,Neonatal mortality rate,12.4412407225518,D_PER_1000_B,,_T,,_T,,,11.3623203406436,13.594233570721,A,,UN_IGME,,,CME_MRM0,2017
KGZ,Kyrgyzstan,2018.0,0,CME_MRM0,Neonatal mortality rate,11.9757851333231,D_PER_1000_B,,_T,,_T,,,10.9000916083206,13.1258002542302,A,,UN_IGME,,,CME_MRM0,2018
KGZ,Kyrgyzstan,2019.0,0,CME_MRM0,Neonatal mortality rate,11.6245990898884,D_PER_1000_B,,_T,,_T,,,10.5590519410967,12.7382055162126,A,,UN_IGME,,,CME_MRM0,2019
KGZ,Kyrgyzstan,2020.0,0,CME_MRM0,Neonatal mortality rate,11.388770620093,D_PER_1000_B,,_T,,_T,,,10.301431406397,12.5004996358373,A,,UN_IGME,,,CME_MRM0,2020
KGZ,Kyrgyzstan,2021.0,0,CME_MRM0,Neonatal mortality rate,11.2305903800923,D_PER_1000_B,,_T,,_T,,,10.0404443971164,12.4585464473649,A,,UN_IGME,,,CME_MRM0,2021
KGZ,Kyrgyzstan,2022.0,0,CME_MRM0,Neonatal mortality rate,11.0989198945123,D_PER_1000_B,,_T,,_T,,,9.74663449934961,12.5367516131824,A,,UN_IGME,,,CME_MRM0,2022
KGZ,Kyrgyzstan,2023.0,0,CME_MRM0,Neonatal mortality rate,10.9464057183436,D_PER_1000_B,,_T,,_T,,,9.41869764696575,12.6496580770818,A,,UN_IGME,,,CME_MRM0,2023
KGZ,Kyrgyzstan,2024.0,0,CME_MRM0,Neonatal mortality rate,10.7944036637081,D_PER_1000_B,,_T,,_T,,,9.00719051150345,12.8093100616923,A,,UN_IGME,,,CME_MRM0,2024
KWT,Kuwait,2000.0,0,CME_MRM0,Neonatal mortality rate,6.57290454423479,D_PER_1000_B,,_T,,_T,,,6.21794173199736,6.93279331409102,A,,UN_IGME,,,CME_MRM0,2000
KWT,Kuwait,2001.0,0,CME_MRM0,Neonatal mortality rate,6.38646153065497,D_PER_1000_B,,_T,,_T,,,6.05194403597912,6.72382450261311,A,,UN_IGME,,,CME_MRM0,2001
KWT,Kuwait,2002.0,0,CME_MRM0,Neonatal mortality rate,6.22605404171868,D_PER_1000_B,,_T,,_T,,,5.90634197141133,6.54562778973393,A,,UN_IGME,,,CME_MRM0,2002
KWT,Kuwait,2003.0,0,CME_MRM0,Neonatal mortality rate,6.07509197211816,D_PER_1000_B,,_T,,_T,,,5.75592655141726,6.38640513377614,A,,UN_IGME,,,CME_MRM0,2003
KWT,Kuwait,2004.0,0,CME_MRM0,Neonatal mortality rate,5.93251210190893,D_PER_1000_B,,_T,,_T,,,5.6268108949724,6.23565711538084,A,,UN_IGME,,,CME_MRM0,2004
KWT,Kuwait,2005.0,0,CME_MRM0,Neonatal mortality rate,5.82390173931276,D_PER_1000_B,,_T,,_T,,,5.51797715856503,6.12396531609468,A,,UN_IGME,,,CME_MRM0,2005
KWT,Kuwait,2006.0,0,CME_MRM0,Neonatal mortality rate,5.76564596030022,D_PER_1000_B,,_T,,_T,,,5.47076827357721,6.05502924863426,A,,UN_IGME,,,CME_MRM0,2006
KWT,Kuwait,2007.0,0,CME_MRM0,Neonatal mortality rate,5.73710519298006,D_PER_1000_B,,_T,,_T,,,5.45394261597711,6.02099912954242,A,,UN_IGME,,,CME_MRM0,2007
KWT,Kuwait,2008.0,0,CME_MRM0,Neonatal mortality rate,5.69214604334538,D_PER_1000_B,,_T,,_T,,,5.4085393319954,5.9769775081288,A,,UN_IGME,,,CME_MRM0,2008
KWT,Kuwait,2009.0,0,CME_MRM0,Neonatal mortality rate,5.60810190185765,D_PER_1000_B,,_T,,_T,,,5.33555581361873,5.87933894928996,A,,UN_IGME,,,CME_MRM0,2009
KWT,Kuwait,2010.0,0,CME_MRM0,Neonatal mortality rate,5.48925727749857,D_PER_1000_B,,_T,,_T,,,5.21462454607967,5.76590331887927,A,,UN_IGME,,,CME_MRM0,2010
KWT,Kuwait,2011.0,0,CME_MRM0,Neonatal mortality rate,5.34236534538893,D_PER_1000_B,,_T,,_T,,,5.0749886708561,5.61358507074144,A,,UN_IGME,,,CME_MRM0,2011
KWT,Kuwait,2012.0,0,CME_MRM0,Neonatal mortality rate,5.19639540544168,D_PER_1000_B,,_T,,_T,,,4.9339281183204,5.45944795732631,A,,UN_IGME,,,CME_MRM0,2012
KWT,Kuwait,2013.0,0,CME_MRM0,Neonatal mortality rate,5.08063938096288,D_PER_1000_B,,_T,,_T,,,4.81905241852235,5.34339309723683,A,,UN_IGME,,,CME_MRM0,2013
KWT,Kuwait,2014.0,0,CME_MRM0,Neonatal mortality rate,5.00637264975367,D_PER_1000_B,,_T,,_T,,,4.75493419586717,5.27102864731167,A,,UN_IGME,,,CME_MRM0,2014
KWT,Kuwait,2015.0,0,CME_MRM0,Neonatal mortality rate,4.97569186787531,D_PER_1000_B,,_T,,_T,,,4.71576859728922,5.25250059770185,A,,UN_IGME,,,CME_MRM0,2015
KWT,Kuwait,2016.0,0,CME_MRM0,Neonatal mortality rate,4.98113540038889,D_PER_1000_B,,_T,,_T,,,4.72660966692369,5.25668079279138,A,,UN_IGME,,,CME_MRM0,2016
KWT,Kuwait,2017.0,0,CME_MRM0,Neonatal mortality rate,5.00744170741452,D_PER_1000_B,,_T,,_T,,,4.75404032717187,5.27768773503349,A,,UN_IGME,,,CME_MRM0,2017
KWT,Kuwait,2018.0,0,CME_MRM0,Neonatal mortality rate,5.01765392360418,D_PER_1000_B,,_T,,_T,,,4.75842055910041,5.29989072927397,A,,UN_IGME,,,CME_MRM0,2018
KWT,Kuwait,2019.0,0,CME_MRM0,Neonatal mortality rate,4.99529707270414,D_PER_1000_B,,_T,,_T,,,4.72648576345956,5.27849017935758,A,,UN_IGME,,,CME_MRM0,2019
KWT,Kuwait,2020.0,0,CME_MRM0,Neonatal mortality rate,4.93474748949623,D_PER_1000_B,,_T,,_T,,,4.65149686798087,5.23335619029749,A,,UN_IGME,,,CME_MRM0,2020
KWT,Kuwait,2021.0,0,CME_MRM0,Neonatal mortality rate,4.8402685768677,D_PER_1000_B,,_T,,_T,,,4.56193165628301,5.12519765999976,A,,UN_IGME,,,CME_MRM0,2021
KWT,Kuwait,2022.0,0,CME_MRM0,Neonatal mortality rate,4.71631881344106,D_PER_1000_B,,_T,,_T,,,4.44590516485373,4.99290752062793,A,,UN_IGME,,,CME_MRM0,2022
KWT,Kuwait,2023.0,0,CME_MRM0,Neonatal mortality rate,4.5741762039282,D_PER_1000_B,,_T,,_T,,,4.2875219774182,4.86506729894355,A,,UN_IGME,,,CME_MRM0,2023
KWT,Kuwait,2024.0,0,CME_MRM0,Neonatal mortality rate,4.42464239191397,D_PER_1000_B,,_T,,_T,,,4.08851404553238,4.77413092629709,A,,UN_IGME,,,CME_MRM0,2024
LAO,Lao People's Democratic Republic,2000.0,0,CME_MRM0,Neonatal mortality rate,35.7817363095482,D_PER_1000_B,,_T,,_T,,,31.5652771749109,40.6597122639543,A,,UN_IGME,,,CME_MRM0,2000
LAO,Lao People's Democratic Republic,2001.0,0,CME_MRM0,Neonatal mortality rate,34.6102899091877,D_PER_1000_B,,_T,,_T,,,30.5008313171885,39.4640711696444,A,,UN_IGME,,,CME_MRM0,2001
LAO,Lao People's Democratic Republic,2002.0,0,CME_MRM0,Neonatal mortality rate,33.3960412946818,D_PER_1000_B,,_T,,_T,,,29.4734447318875,38.0231800079476,A,,UN_IGME,,,CME_MRM0,2002
LAO,Lao People's Democratic Republic,2003.0,0,CME_MRM0,Neonatal mortality rate,32.1641866994705,D_PER_1000_B,,_T,,_T,,,28.4171972769117,36.6002601290211,A,,UN_IGME,,,CME_MRM0,2003
LAO,Lao People's Democratic Republic,2004.0,0,CME_MRM0,Neonatal mortality rate,30.9587525056967,D_PER_1000_B,,_T,,_T,,,27.2756691437601,35.1750445225267,A,,UN_IGME,,,CME_MRM0,2004
LAO,Lao People's Democratic Republic,2005.0,0,CME_MRM0,Neonatal mortality rate,29.6985559574246,D_PER_1000_B,,_T,,_T,,,26.1359177765628,33.796516126203,A,,UN_IGME,,,CME_MRM0,2005
LAO,Lao People's Democratic Republic,2006.0,0,CME_MRM0,Neonatal mortality rate,28.4730987805,D_PER_1000_B,,_T,,_T,,,24.9332916802643,32.5961385904121,A,,UN_IGME,,,CME_MRM0,2006
LAO,Lao People's Democratic Republic,2007.0,0,CME_MRM0,Neonatal mortality rate,27.2932382280953,D_PER_1000_B,,_T,,_T,,,23.8208962846351,31.259547764649,A,,UN_IGME,,,CME_MRM0,2007
LAO,Lao People's Democratic Republic,2008.0,0,CME_MRM0,Neonatal mortality rate,26.1460075187367,D_PER_1000_B,,_T,,_T,,,22.7047192092559,29.9659827330465,A,,UN_IGME,,,CME_MRM0,2008
LAO,Lao People's Democratic Republic,2009.0,0,CME_MRM0,Neonatal mortality rate,24.9871544007744,D_PER_1000_B,,_T,,_T,,,21.6120299074091,28.7684593397581,A,,UN_IGME,,,CME_MRM0,2009
LAO,Lao People's Democratic Republic,2010.0,0,CME_MRM0,Neonatal mortality rate,23.8480185969864,D_PER_1000_B,,_T,,_T,,,20.5576871490032,27.5129914195125,A,,UN_IGME,,,CME_MRM0,2010
LAO,Lao People's Democratic Republic,2011.0,0,CME_MRM0,Neonatal mortality rate,22.7399213638702,D_PER_1000_B,,_T,,_T,,,19.4557428022554,26.4304844692758,A,,UN_IGME,,,CME_MRM0,2011
LAO,Lao People's Democratic Republic,2012.0,0,CME_MRM0,Neonatal mortality rate,21.6715185166137,D_PER_1000_B,,_T,,_T,,,18.4365914261672,25.3427024919413,A,,UN_IGME,,,CME_MRM0,2012
LAO,Lao People's Democratic Republic,2013.0,0,CME_MRM0,Neonatal mortality rate,20.6565837434906,D_PER_1000_B,,_T,,_T,,,17.4666873116248,24.2663549191594,A,,UN_IGME,,,CME_MRM0,2013
LAO,Lao People's Democratic Republic,2014.0,0,CME_MRM0,Neonatal mortality rate,19.7002365336934,D_PER_1000_B,,_T,,_T,,,16.5645312663478,23.3797031897942,A,,UN_IGME,,,CME_MRM0,2014
LAO,Lao People's Democratic Republic,2015.0,0,CME_MRM0,Neonatal mortality rate,18.8840730967381,D_PER_1000_B,,_T,,_T,,,15.7285968313499,22.589216119532,A,,UN_IGME,,,CME_MRM0,2015
LAO,Lao People's Democratic Republic,2016.0,0,CME_MRM0,Neonatal mortality rate,18.1574217455783,D_PER_1000_B,,_T,,_T,,,14.9373268062531,21.9852378906018,A,,UN_IGME,,,CME_MRM0,2016
LAO,Lao People's Democratic Republic,2017.0,0,CME_MRM0,Neonatal mortality rate,17.4882719469524,D_PER_1000_B,,_T,,_T,,,14.2808295321415,21.3905349060392,A,,UN_IGME,,,CME_MRM0,2017
LAO,Lao People's Democratic Republic,2018.0,0,CME_MRM0,Neonatal mortality rate,16.9319767331657,D_PER_1000_B,,_T,,_T,,,13.6024271016285,20.9091778218562,A,,UN_IGME,,,CME_MRM0,2018
LAO,Lao People's Democratic Republic,2019.0,0,CME_MRM0,Neonatal mortality rate,16.3357928610576,D_PER_1000_B,,_T,,_T,,,12.8522607610214,20.4400708631448,A,,UN_IGME,,,CME_MRM0,2019
LAO,Lao People's Democratic Republic,2020.0,0,CME_MRM0,Neonatal mortality rate,15.566419888954,D_PER_1000_B,,_T,,_T,,,11.9928585320382,19.7944815413271,A,,UN_IGME,,,CME_MRM0,2020
LAO,Lao People's Democratic Republic,2021.0,0,CME_MRM0,Neonatal mortality rate,14.8570923666609,D_PER_1000_B,,_T,,_T,,,11.1871888967204,19.2079214087175,A,,UN_IGME,,,CME_MRM0,2021
LAO,Lao People's Democratic Republic,2022.0,0,CME_MRM0,Neonatal mortality rate,14.2285438824635,D_PER_1000_B,,_T,,_T,,,10.4421348247901,18.7728421592603,A,,UN_IGME,,,CME_MRM0,2022
LAO,Lao People's Democratic Republic,2023.0,0,CME_MRM0,Neonatal mortality rate,13.6391495803353,D_PER_1000_B,,_T,,_T,,,9.78973652998045,18.4814481397501,A,,UN_IGME,,,CME_MRM0,2023
LAO,Lao People's Democratic Republic,2024.0,0,CME_MRM0,Neonatal mortality rate,13.12136282928,D_PER_1000_B,,_T,,_T,,,9.16669306829916,18.1948084538276,A,,UN_IGME,,,CME_MRM0,2024
MAR,Morocco,2000.0,0,CME_MRM0,Neonatal mortality rate,28.4175634049574,D_PER_1000_B,,_T,,_T,,,25.402505072556,31.9700142029593,A,,UN_IGME,,,CME_MRM0,2000
MAR,Morocco,2001.0,0,CME_MRM0,Neonatal mortality rate,27.6706644913063,D_PER_1000_B,,_T,,_T,,,24.639222222597,31.2212321419941,A,,UN_IGME,,,CME_MRM0,2001
MAR,Morocco,2002.0,0,CME_MRM0,Neonatal mortality rate,26.9169286108875,D_PER_1000_B,,_T,,_T,,,23.9049433861617,30.4738309035537,A,,UN_IGME,,,CME_MRM0,2002
MAR,Morocco,2003.0,0,CME_MRM0,Neonatal mortality rate,26.1134180264639,D_PER_1000_B,,_T,,_T,,,23.1486885462724,29.7265846721798,A,,UN_IGME,,,CME_MRM0,2003
MAR,Morocco,2004.0,0,CME_MRM0,Neonatal mortality rate,25.3097855626536,D_PER_1000_B,,_T,,_T,,,22.348442635088,28.8263624211302,A,,UN_IGME,,,CME_MRM0,2004
MAR,Morocco,2005.0,0,CME_MRM0,Neonatal mortality rate,24.4583656108065,D_PER_1000_B,,_T,,_T,,,21.5149221894699,27.8081189382868,A,,UN_IGME,,,CME_MRM0,2005
MAR,Morocco,2006.0,0,CME_MRM0,Neonatal mortality rate,23.5332894359519,D_PER_1000_B,,_T,,_T,,,20.6912750432328,26.7486294631965,A,,UN_IGME,,,CME_MRM0,2006
MAR,Morocco,2007.0,0,CME_MRM0,Neonatal mortality rate,22.5825869950852,D_PER_1000_B,,_T,,_T,,,19.8058370602417,25.6387743966608,A,,UN_IGME,,,CME_MRM0,2007
MAR,Morocco,2008.0,0,CME_MRM0,Neonatal mortality rate,21.3724853503503,D_PER_1000_B,,_T,,_T,,,18.6482821127732,24.3294097778279,A,,UN_IGME,,,CME_MRM0,2008
MAR,Morocco,2009.0,0,CME_MRM0,Neonatal mortality rate,20.157166165567,D_PER_1000_B,,_T,,_T,,,17.455813346788,23.04178894876,A,,UN_IGME,,,CME_MRM0,2009
MAR,Morocco,2010.0,0,CME_MRM0,Neonatal mortality rate,19.0031903291588,D_PER_1000_B,,_T,,_T,,,16.2528384252465,21.8713401294773,A,,UN_IGME,,,CME_MRM0,2010
MAR,Morocco,2011.0,0,CME_MRM0,Neonatal mortality rate,17.9042597872504,D_PER_1000_B,,_T,,_T,,,15.1385298771885,20.7906998034295,A,,UN_IGME,,,CME_MRM0,2011
MAR,Morocco,2012.0,0,CME_MRM0,Neonatal mortality rate,16.8750822147969,D_PER_1000_B,,_T,,_T,,,14.1146088789115,19.8147369279561,A,,UN_IGME,,,CME_MRM0,2012
MAR,Morocco,2013.0,0,CME_MRM0,Neonatal mortality rate,15.9130435927583,D_PER_1000_B,,_T,,_T,,,13.0909939700506,18.9968669211873,A,,UN_IGME,,,CME_MRM0,2013
MAR,Morocco,2014.0,0,CME_MRM0,Neonatal mortality rate,15.0041739679095,D_PER_1000_B,,_T,,_T,,,12.1113983389868,18.2172194646521,A,,UN_IGME,,,CME_MRM0,2014
MAR,Morocco,2015.0,0,CME_MRM0,Neonatal mortality rate,14.1677998745274,D_PER_1000_B,,_T,,_T,,,11.1554878844537,17.5672988211756,A,,UN_IGME,,,CME_MRM0,2015
MAR,Morocco,2016.0,0,CME_MRM0,Neonatal mortality rate,13.421296822814,D_PER_1000_B,,_T,,_T,,,10.2994279193737,17.0189890037979,A,,UN_IGME,,,CME_MRM0,2016
MAR,Morocco,2017.0,0,CME_MRM0,Neonatal mortality rate,12.7701037938557,D_PER_1000_B,,_T,,_T,,,9.56949076527295,16.5235783883868,A,,UN_IGME,,,CME_MRM0,2017
MAR,Morocco,2018.0,0,CME_MRM0,Neonatal mortality rate,12.1985993348375,D_PER_1000_B,,_T,,_T,,,8.93565890977096,16.1403980560385,A,,UN_IGME,,,CME_MRM0,2018
MAR,Morocco,2019.0,0,CME_MRM0,Neonatal mortality rate,11.6722031398238,D_PER_1000_B,,_T,,_T,,,8.34465296837106,15.8138134871452,A,,UN_IGME,,,CME_MRM0,2019
MAR,Morocco,2020.0,0,CME_MRM0,Neonatal mortality rate,11.2190531873769,D_PER_1000_B,,_T,,_T,,,7.80050049616256,15.5920252713857,A,,UN_IGME,,,CME_MRM0,2020
MAR,Morocco,2021.0,0,CME_MRM0,Neonatal mortality rate,10.7900139001016,D_PER_1000_B,,_T,,_T,,,7.29987860004025,15.454828396799,A,,UN_IGME,,,CME_MRM0,2021
MAR,Morocco,2022.0,0,CME_MRM0,Neonatal mortality rate,10.3801147133033,D_PER_1000_B,,_T,,_T,,,6.84413150277298,15.3143856069931,A,,UN_IGME,,,CME_MRM0,2022
MAR,Morocco,2023.0,0,CME_MRM0,Neonatal mortality rate,9.99997645855108,D_PER_1000_B,,_T,,_T,,,6.40295654546556,15.152408906117,A,,UN_IGME,,,CME_MRM0,2023
MAR,Morocco,2024.0,0,CME_MRM0,Neonatal mortality rate,9.64249425213611,D_PER_1000_B,,_T,,_T,,,6.03553741744583,15.0786804551472,A,,UN_IGME,,,CME_MRM0,2024
MLT,Malta,2000.0,0,CME_MRM0,Neonatal mortality rate,5.07934501988319,D_PER_1000_B,,_T,,_T,,,4.57252184753091,5.61760341700643,A,,UN_IGME,,,CME_MRM0,2000
MLT,Malta,2001.0,0,CME_MRM0,Neonatal mortality rate,4.91459970076384,D_PER_1000_B,,_T,,_T,,,4.42084636204882,5.43561543764549,A,,UN_IGME,,,CME_MRM0,2001
MLT,Malta,2002.0,0,CME_MRM0,Neonatal mortality rate,4.77991540312083,D_PER_1000_B,,_T,,_T,,,4.29586423733888,5.29140981823807,A,,UN_IGME,,,CME_MRM0,2002
MLT,Malta,2003.0,0,CME_MRM0,Neonatal mortality rate,4.68179860037935,D_PER_1000_B,,_T,,_T,,,4.20094575978984,5.18525346892158,A,,UN_IGME,,,CME_MRM0,2003
MLT,Malta,2004.0,0,CME_MRM0,Neonatal mortality rate,4.6167783243824,D_PER_1000_B,,_T,,_T,,,4.13820618682975,5.12644151110929,A,,UN_IGME,,,CME_MRM0,2004
MLT,Malta,2005.0,0,CME_MRM0,Neonatal mortality rate,4.57848074341633,D_PER_1000_B,,_T,,_T,,,4.09574599181065,5.08795952492274,A,,UN_IGME,,,CME_MRM0,2005
MLT,Malta,2006.0,0,CME_MRM0,Neonatal mortality rate,4.56387224770929,D_PER_1000_B,,_T,,_T,,,4.08160237883628,5.07242572235602,A,,UN_IGME,,,CME_MRM0,2006
MLT,Malta,2007.0,0,CME_MRM0,Neonatal mortality rate,4.5668778057009,D_PER_1000_B,,_T,,_T,,,4.08965130093811,5.07504386006922,A,,UN_IGME,,,CME_MRM0,2007
MLT,Malta,2008.0,0,CME_MRM0,Neonatal mortality rate,4.57543104517997,D_PER_1000_B,,_T,,_T,,,4.10086423127954,5.08211760815721,A,,UN_IGME,,,CME_MRM0,2008
MLT,Malta,2009.0,0,CME_MRM0,Neonatal mortality rate,4.58847687386898,D_PER_1000_B,,_T,,_T,,,4.11825293560048,5.09626330658206,A,,UN_IGME,,,CME_MRM0,2009
MLT,Malta,2010.0,0,CME_MRM0,Neonatal mortality rate,4.59088087234067,D_PER_1000_B,,_T,,_T,,,4.12700208582672,5.10212424544275,A,,UN_IGME,,,CME_MRM0,2010
MLT,Malta,2011.0,0,CME_MRM0,Neonatal mortality rate,4.57850751410471,D_PER_1000_B,,_T,,_T,,,4.11193190607526,5.09325477828089,A,,UN_IGME,,,CME_MRM0,2011
MLT,Malta,2012.0,0,CME_MRM0,Neonatal mortality rate,4.55597973690765,D_PER_1000_B,,_T,,_T,,,4.09003676545558,5.07367175712142,A,,UN_IGME,,,CME_MRM0,2012
MLT,Malta,2013.0,0,CME_MRM0,Neonatal mortality rate,4.51653619997922,D_PER_1000_B,,_T,,_T,,,4.05568481195111,5.04374957472275,A,,UN_IGME,,,CME_MRM0,2013
MLT,Malta,2014.0,0,CME_MRM0,Neonatal mortality rate,4.47123515141708,D_PER_1000_B,,_T,,_T,,,4.0141033813919,4.99626308752078,A,,UN_IGME,,,CME_MRM0,2014
MLT,Malta,2015.0,0,CME_MRM0,Neonatal mortality rate,4.41735895009753,D_PER_1000_B,,_T,,_T,,,3.96575995699769,4.93671745103985,A,,UN_IGME,,,CME_MRM0,2015
MLT,Malta,2016.0,0,CME_MRM0,Neonatal mortality rate,4.35171797876622,D_PER_1000_B,,_T,,_T,,,3.906968625819,4.86280247714593,A,,UN_IGME,,,CME_MRM0,2016
MLT,Malta,2017.0,0,CME_MRM0,Neonatal mortality rate,4.27583619153472,D_PER_1000_B,,_T,,_T,,,3.83152320636201,4.7867584409759,A,,UN_IGME,,,CME_MRM0,2017
MLT,Malta,2018.0,0,CME_MRM0,Neonatal mortality rate,4.18667451429661,D_PER_1000_B,,_T,,_T,,,3.73120284072927,4.70974698851395,A,,UN_IGME,,,CME_MRM0,2018
MLT,Malta,2019.0,0,CME_MRM0,Neonatal mortality rate,4.08645230943189,D_PER_1000_B,,_T,,_T,,,3.60433137113628,4.64524876822271,A,,UN_IGME,,,CME_MRM0,2019
MLT,Malta,2020.0,0,CME_MRM0,Neonatal mortality rate,3.99214009997668,D_PER_1000_B,,_T,,_T,,,3.44721959409065,4.60409967465547,A,,UN_IGME,,,CME_MRM0,2020
MLT,Malta,2021.0,0,CME_MRM0,Neonatal mortality rate,3.8880993646649,D_PER_1000_B,,_T,,_T,,,3.28510817914482,4.578171257954,A,,UN_IGME,,,CME_MRM0,2021
MLT,Malta,2022.0,0,CME_MRM0,Neonatal mortality rate,3.78240303907487,D_PER_1000_B,,_T,,_T,,,3.10993182348536,4.56733348115681,A,,UN_IGME,,,CME_MRM0,2022
MLT,Malta,2023.0,0,CME_MRM0,Neonatal mortality rate,3.67756753084193,D_PER_1000_B,,_T,,_T,,,2.93743860749541,4.56272532903582,A,,UN_IGME,,,CME_MRM0,2023
MLT,Malta,2024.0,0,CME_MRM0,Neonatal mortality rate,3.56936997871697,D_PER_1000_B,,_T,,_T,,,2.75229347252713,4.56925803320455,A,,UN_IGME,,,CME_MRM0,2024
OMN,Oman,2000.0,0,CME_MRM0,Neonatal mortality rate,7.74706549806187,D_PER_1000_B,,_T,,_T,,,5.91564134817567,9.72413113089142,A,,UN_IGME,,,CME_MRM0,2000
OMN,Oman,2001.0,0,CME_MRM0,Neonatal mortality rate,7.30790743331873,D_PER_1000_B,,_T,,_T,,,5.57371058978702,9.15746966031704,A,,UN_IGME,,,CME_MRM0,2001
OMN,Oman,2002.0,0,CME_MRM0,Neonatal mortality rate,6.94191176526666,D_PER_1000_B,,_T,,_T,,,5.31755917291057,8.63886685093277,A,,UN_IGME,,,CME_MRM0,2002
OMN,Oman,2003.0,0,CME_MRM0,Neonatal mortality rate,6.64172912980461,D_PER_1000_B,,_T,,_T,,,5.14185502753393,8.27215763599612,A,,UN_IGME,,,CME_MRM0,2003
OMN,Oman,2004.0,0,CME_MRM0,Neonatal mortality rate,6.41504519204016,D_PER_1000_B,,_T,,_T,,,5.00205223909468,7.9039943115864,A,,UN_IGME,,,CME_MRM0,2004
OMN,Oman,2005.0,0,CME_MRM0,Neonatal mortality rate,6.22924532363348,D_PER_1000_B,,_T,,_T,,,4.89629916505632,7.595757104325,A,,UN_IGME,,,CME_MRM0,2005
OMN,Oman,2006.0,0,CME_MRM0,Neonatal mortality rate,6.0804326219368,D_PER_1000_B,,_T,,_T,,,4.84963873148968,7.34983333267054,A,,UN_IGME,,,CME_MRM0,2006
OMN,Oman,2007.0,0,CME_MRM0,Neonatal mortality rate,5.96978221914685,D_PER_1000_B,,_T,,_T,,,4.81336486201975,7.14592206760031,A,,UN_IGME,,,CME_MRM0,2007
OMN,Oman,2008.0,0,CME_MRM0,Neonatal mortality rate,5.88894653733285,D_PER_1000_B,,_T,,_T,,,4.80697646624654,6.99352639686074,A,,UN_IGME,,,CME_MRM0,2008
OMN,Oman,2009.0,0,CME_MRM0,Neonatal mortality rate,5.82410113327759,D_PER_1000_B,,_T,,_T,,,4.80265259800145,6.87679622637047,A,,UN_IGME,,,CME_MRM0,2009
OMN,Oman,2010.0,0,CME_MRM0,Neonatal mortality rate,5.76983692409856,D_PER_1000_B,,_T,,_T,,,4.80253286019837,6.77213154091787,A,,UN_IGME,,,CME_MRM0,2010
OMN,Oman,2011.0,0,CME_MRM0,Neonatal mortality rate,5.71305558608815,D_PER_1000_B,,_T,,_T,,,4.82284161552903,6.6200259621815,A,,UN_IGME,,,CME_MRM0,2011
OMN,Oman,2012.0,0,CME_MRM0,Neonatal mortality rate,5.65888328700824,D_PER_1000_B,,_T,,_T,,,4.86212174050431,6.46406934378305,A,,UN_IGME,,,CME_MRM0,2012
OMN,Oman,2013.0,0,CME_MRM0,Neonatal mortality rate,5.61157068038878,D_PER_1000_B,,_T,,_T,,,4.91842208584434,6.31812582652192,A,,UN_IGME,,,CME_MRM0,2013
OMN,Oman,2014.0,0,CME_MRM0,Neonatal mortality rate,5.56687431848222,D_PER_1000_B,,_T,,_T,,,5.00615420683321,6.14679099110487,A,,UN_IGME,,,CME_MRM0,2014
OMN,Oman,2015.0,0,CME_MRM0,Neonatal mortality rate,5.539464312707,D_PER_1000_B,,_T,,_T,,,5.03760408506043,6.0817427993439,A,,UN_IGME,,,CME_MRM0,2015
OMN,Oman,2016.0,0,CME_MRM0,Neonatal mortality rate,5.53127607162213,D_PER_1000_B,,_T,,_T,,,5.02789906523735,6.06041809163903,A,,UN_IGME,,,CME_MRM0,2016
OMN,Oman,2017.0,0,CME_MRM0,Neonatal mortality rate,5.54107822805285,D_PER_1000_B,,_T,,_T,,,5.00222884003314,6.07103337881817,A,,UN_IGME,,,CME_MRM0,2017
OMN,Oman,2018.0,0,CME_MRM0,Neonatal mortality rate,5.55523421764067,D_PER_1000_B,,_T,,_T,,,5.01105655271746,6.11561378903097,A,,UN_IGME,,,CME_MRM0,2018
OMN,Oman,2019.0,0,CME_MRM0,Neonatal mortality rate,5.57256730138705,D_PER_1000_B,,_T,,_T,,,5.04563003630007,6.14876440007489,A,,UN_IGME,,,CME_MRM0,2019
OMN,Oman,2020.0,0,CME_MRM0,Neonatal mortality rate,5.5670756211417,D_PER_1000_B,,_T,,_T,,,5.01940695939588,6.15807525625353,A,,UN_IGME,,,CME_MRM0,2020
OMN,Oman,2021.0,0,CME_MRM0,Neonatal mortality rate,5.52719036107577,D_PER_1000_B,,_T,,_T,,,4.96268390546635,6.11339948305449,A,,UN_IGME,,,CME_MRM0,2021
OMN,Oman,2022.0,0,CME_MRM0,Neonatal mortality rate,5.50469734992152,D_PER_1000_B,,_T,,_T,,,4.88678250383888,6.11616977623125,A,,UN_IGME,,,CME_MRM0,2022
OMN,Oman,2023.0,0,CME_MRM0,Neonatal mortality rate,5.57976689517819,D_PER_1000_B,,_T,,_T,,,4.93774428143147,6.2635905839334,A,,UN_IGME,,,CME_MRM0,2023
OMN,Oman,2024.0,0,CME_MRM0,Neonatal mortality rate,5.78161053986383,D_PER_1000_B,,_T,,_T,,,5.0622467383528,6.59550957194611,A,,UN_IGME,,,CME_MRM0,2024
TJK,Tajikistan,2000.0,0,CME_MRM0,Neonatal mortality rate,26.202945724806,D_PER_1000_B,,_T,,_T,,,22.6459092916415,30.3396218891586,A,,UN_IGME,,,CME_MRM0,2000
TJK,Tajikistan,2001.0,0,CME_MRM0,Neonatal mortality rate,24.9248190241219,D_PER_1000_B,,_T,,_T,,,21.2664029088774,29.0557970875756,A,,UN_IGME,,,CME_MRM0,2001
TJK,Tajikistan,2002.0,0,CME_MRM0,Neonatal mortality rate,23.5966280204676,D_PER_1000_B,,_T,,_T,,,20.1069731849778,27.4985640405536,A,,UN_IGME,,,CME_MRM0,2002
TJK,Tajikistan,2003.0,0,CME_MRM0,Neonatal mortality rate,22.3514495610183,D_PER_1000_B,,_T,,_T,,,19.0491711536704,25.9866088950753,A,,UN_IGME,,,CME_MRM0,2003
TJK,Tajikistan,2004.0,0,CME_MRM0,Neonatal mortality rate,21.3644793600986,D_PER_1000_B,,_T,,_T,,,18.2312393201728,24.7647278907231,A,,UN_IGME,,,CME_MRM0,2004
TJK,Tajikistan,2005.0,0,CME_MRM0,Neonatal mortality rate,20.5583437303404,D_PER_1000_B,,_T,,_T,,,17.5953959845958,23.9234882646001,A,,UN_IGME,,,CME_MRM0,2005
TJK,Tajikistan,2006.0,0,CME_MRM0,Neonatal mortality rate,20.0122608715862,D_PER_1000_B,,_T,,_T,,,17.0609045321831,23.507133887792,A,,UN_IGME,,,CME_MRM0,2006
TJK,Tajikistan,2007.0,0,CME_MRM0,Neonatal mortality rate,19.6070643875422,D_PER_1000_B,,_T,,_T,,,16.7249654249432,23.1100035913018,A,,UN_IGME,,,CME_MRM0,2007
TJK,Tajikistan,2008.0,0,CME_MRM0,Neonatal mortality rate,19.2105513686756,D_PER_1000_B,,_T,,_T,,,16.4508500320215,22.6231481525725,A,,UN_IGME,,,CME_MRM0,2008
TJK,Tajikistan,2009.0,0,CME_MRM0,Neonatal mortality rate,18.6456606580773,D_PER_1000_B,,_T,,_T,,,15.9648444974329,21.9359933516301,A,,UN_IGME,,,CME_MRM0,2009
TJK,Tajikistan,2010.0,0,CME_MRM0,Neonatal mortality rate,17.9001009880587,D_PER_1000_B,,_T,,_T,,,15.3415916903507,21.0266924952154,A,,UN_IGME,,,CME_MRM0,2010
TJK,Tajikistan,2011.0,0,CME_MRM0,Neonatal mortality rate,16.8726877435441,D_PER_1000_B,,_T,,_T,,,14.4082590058896,19.9006647405954,A,,UN_IGME,,,CME_MRM0,2011
TJK,Tajikistan,2012.0,0,CME_MRM0,Neonatal mortality rate,15.7210461614541,D_PER_1000_B,,_T,,_T,,,13.3583490211468,18.5407438738986,A,,UN_IGME,,,CME_MRM0,2012
TJK,Tajikistan,2013.0,0,CME_MRM0,Neonatal mortality rate,14.6544517689448,D_PER_1000_B,,_T,,_T,,,12.3750015290539,17.3030443698993,A,,UN_IGME,,,CME_MRM0,2013
TJK,Tajikistan,2014.0,0,CME_MRM0,Neonatal mortality rate,13.7414488965631,D_PER_1000_B,,_T,,_T,,,11.5016546489351,16.2981654343407,A,,UN_IGME,,,CME_MRM0,2014
TJK,Tajikistan,2015.0,0,CME_MRM0,Neonatal mortality rate,13.0598850899191,D_PER_1000_B,,_T,,_T,,,10.837519903742,15.5821098243159,A,,UN_IGME,,,CME_MRM0,2015
TJK,Tajikistan,2016.0,0,CME_MRM0,Neonatal mortality rate,12.5877160236607,D_PER_1000_B,,_T,,_T,,,10.22700350728,15.2187778356385,A,,UN_IGME,,,CME_MRM0,2016
TJK,Tajikistan,2017.0,0,CME_MRM0,Neonatal mortality rate,12.2728939123317,D_PER_1000_B,,_T,,_T,,,9.88128266918261,15.0106760868771,A,,UN_IGME,,,CME_MRM0,2017
TJK,Tajikistan,2018.0,0,CME_MRM0,Neonatal mortality rate,12.0955643575653,D_PER_1000_B,,_T,,_T,,,9.62587606511661,14.9948172411185,A,,UN_IGME,,,CME_MRM0,2018
TJK,Tajikistan,2019.0,0,CME_MRM0,Neonatal mortality rate,11.9529941907141,D_PER_1000_B,,_T,,_T,,,9.41493290536626,15.0068745998404,A,,UN_IGME,,,CME_MRM0,2019
TJK,Tajikistan,2020.0,0,CME_MRM0,Neonatal mortality rate,11.8623803053126,D_PER_1000_B,,_T,,_T,,,9.1255589553812,15.2760097003826,A,,UN_IGME,,,CME_MRM0,2020
TJK,Tajikistan,2021.0,0,CME_MRM0,Neonatal mortality rate,11.7465539228359,D_PER_1000_B,,_T,,_T,,,8.63447895468826,15.821640867244,A,,UN_IGME,,,CME_MRM0,2021
TJK,Tajikistan,2022.0,0,CME_MRM0,Neonatal mortality rate,11.5695778836991,D_PER_1000_B,,_T,,_T,,,8.08250553052903,16.4676062057992,A,,UN_IGME,,,CME_MRM0,2022
TJK,Tajikistan,2023.0,0,CME_MRM0,Neonatal mortality rate,11.3271528956194,D_PER_1000_B,,_T,,_T,,,7.53510539276455,17.0517070903167,A,,UN_IGME,,,CME_MRM0,2023
TJK,Tajikistan,2024.0,0,CME_MRM0,Neonatal mortality rate,11.0997469785483,D_PER_1000_B,,_T,,_T,,,6.97069436556206,17.6103489736917,A,,UN_IGME,,,CME_MRM0,2024
YEM,Yemen,2000.0,0,CME_MRM0,Neonatal mortality rate,36.7184386963519,D_PER_1000_B,,_T,,_T,,,33.2355701969015,40.6248045893704,A,,UN_IGME,,,CME_MRM0,2000
YEM,Yemen,2001.0,0,CME_MRM0,Neonatal mortality rate,35.6697728914776,D_PER_1000_B,,_T,,_T,,,32.290056763177,39.3762426711166,A,,UN_IGME,,,CME_MRM0,2001
YEM,Yemen,2002.0,0,CME_MRM0,Neonatal mortality rate,34.527432383935,D_PER_1000_B,,_T,,_T,,,31.265154157955,38.1195654670124,A,,UN_IGME,,,CME_MRM0,2002
YEM,Yemen,2003.0,0,CME_MRM0,Neonatal mortality rate,33.4157347717265,D_PER_1000_B,,_T,,_T,,,30.2250812236714,36.9089573538122,A,,UN_IGME,,,CME_MRM0,2003
YEM,Yemen,2004.0,0,CME_MRM0,Neonatal mortality rate,32.3083181299502,D_PER_1000_B,,_T,,_T,,,29.1622502999575,35.6712203090175,A,,UN_IGME,,,CME_MRM0,2004
YEM,Yemen,2005.0,0,CME_MRM0,Neonatal mortality rate,31.2026663582881,D_PER_1000_B,,_T,,_T,,,28.1091106257061,34.5872931193755,A,,UN_IGME,,,CME_MRM0,2005
YEM,Yemen,2006.0,0,CME_MRM0,Neonatal mortality rate,30.1629905940305,D_PER_1000_B,,_T,,_T,,,27.1003200037254,33.5369891268708,A,,UN_IGME,,,CME_MRM0,2006
YEM,Yemen,2007.0,0,CME_MRM0,Neonatal mortality rate,29.1686723857252,D_PER_1000_B,,_T,,_T,,,26.1135359033492,32.5680470545952,A,,UN_IGME,,,CME_MRM0,2007
YEM,Yemen,2008.0,0,CME_MRM0,Neonatal mortality rate,28.2854929521514,D_PER_1000_B,,_T,,_T,,,25.24743766181,31.722718041257,A,,UN_IGME,,,CME_MRM0,2008
YEM,Yemen,2009.0,0,CME_MRM0,Neonatal mortality rate,27.4761720243275,D_PER_1000_B,,_T,,_T,,,24.4634679118577,30.8782151813269,A,,UN_IGME,,,CME_MRM0,2009
YEM,Yemen,2010.0,0,CME_MRM0,Neonatal mortality rate,26.7272014971264,D_PER_1000_B,,_T,,_T,,,23.7525783911216,30.135179557735,A,,UN_IGME,,,CME_MRM0,2010
YEM,Yemen,2011.0,0,CME_MRM0,Neonatal mortality rate,26.0663077372934,D_PER_1000_B,,_T,,_T,,,23.13012237124,29.4592334588845,A,,UN_IGME,,,CME_MRM0,2011
YEM,Yemen,2012.0,0,CME_MRM0,Neonatal mortality rate,25.4990411289115,D_PER_1000_B,,_T,,_T,,,22.5399370889528,28.9059709750194,A,,UN_IGME,,,CME_MRM0,2012
YEM,Yemen,2013.0,0,CME_MRM0,Neonatal mortality rate,24.9912908839423,D_PER_1000_B,,_T,,_T,,,21.9897799459714,28.4352552340533,A,,UN_IGME,,,CME_MRM0,2013
YEM,Yemen,2014.0,0,CME_MRM0,Neonatal mortality rate,24.5584192071122,D_PER_1000_B,,_T,,_T,,,21.4988027794817,28.1051152226229,A,,UN_IGME,,,CME_MRM0,2014
YEM,Yemen,2015.0,0,CME_MRM0,Neonatal mortality rate,24.1837930112008,D_PER_1000_B,,_T,,_T,,,21.0182154409621,27.871637302579,A,,UN_IGME,,,CME_MRM0,2015
YEM,Yemen,2016.0,0,CME_MRM0,Neonatal mortality rate,23.8138167417283,D_PER_1000_B,,_T,,_T,,,20.5279283086998,27.6408182808699,A,,UN_IGME,,,CME_MRM0,2016
YEM,Yemen,2017.0,0,CME_MRM0,Neonatal mortality rate,23.4698358459696,D_PER_1000_B,,_T,,_T,,,20.0984828297929,27.4804670407659,A,,UN_IGME,,,CME_MRM0,2017
YEM,Yemen,2018.0,0,CME_MRM0,Neonatal mortality rate,23.1646440467586,D_PER_1000_B,,_T,,_T,,,19.6471044419696,27.2488992017228,A,,UN_IGME,,,CME_MRM0,2018
YEM,Yemen,2019.0,0,CME_MRM0,Neonatal mortality rate,22.8440398986425,D_PER_1000_B,,_T,,_T,,,19.1756451008119,27.2290198303542,A,,UN_IGME,,,CME_MRM0,2019
YEM,Yemen,2020.0,0,CME_MRM0,Neonatal mortality rate,22.4741079229235,D_PER_1000_B,,_T,,_T,,,18.6279545232736,27.1617417095659,A,,UN_IGME,,,CME_MRM0,2020
YEM,Yemen,2021.0,0,CME_MRM0,Neonatal mortality rate,22.1296992124313,D_PER_1000_B,,_T,,_T,,,18.0389830460422,27.1452215783054,A,,UN_IGME,,,CME_MRM0,2021
YEM,Yemen,2022.0,0,CME_MRM0,Neonatal mortality rate,21.7639607115323,D_PER_1000_B,,_T,,_T,,,17.401202906539,27.1976294462167,A,,UN_IGME,,,CME_MRM0,2022
YEM,Yemen,2023.0,0,CME_MRM0,Neonatal mortality rate,21.3485148922787,D_PER_1000_B,,_T,,_T,,,16.6840685653187,27.2531751845954,A,,UN_IGME,,,CME_MRM0,2023
YEM,Yemen,2024.0,0,CME_MRM0,Neonatal mortality rate,20.8891724021635,D_PER_1000_B,,_T,,_T,,,15.960634909881,27.3461460964314,A,,UN_IGME,,,CME_MRM0,2024
ZMB,Zambia,2000.0,0,CME_MRM0,Neonatal mortality rate,32.9725999466232,D_PER_1000_B,,_T,,_T,,,29.8350295961322,36.4154726043818,A,,UN_IGME,,,CME_MRM0,2000
ZMB,Zambia,2001.0,0,CME_MRM0,Neonatal mortality rate,32.1439938109455,D_PER_1000_B,,_T,,_T,,,29.1019319678569,35.5237800555303,A,,UN_IGME,,,CME_MRM0,2001
ZMB,Zambia,2002.0,0,CME_MRM0,Neonatal mortality rate,30.9655634277478,D_PER_1000_B,,_T,,_T,,,28.0701771095265,34.2281792918401,A,,UN_IGME,,,CME_MRM0,2002
ZMB,Zambia,2003.0,0,CME_MRM0,Neonatal mortality rate,29.6035041261503,D_PER_1000_B,,_T,,_T,,,26.8972179066948,32.7098230415287,A,,UN_IGME,,,CME_MRM0,2003
ZMB,Zambia,2004.0,0,CME_MRM0,Neonatal mortality rate,28.3392903934425,D_PER_1000_B,,_T,,_T,,,25.6866413788001,31.2798789328903,A,,UN_IGME,,,CME_MRM0,2004
ZMB,Zambia,2005.0,0,CME_MRM0,Neonatal mortality rate,27.2371744211034,D_PER_1000_B,,_T,,_T,,,24.6969103112118,30.1191209349366,A,,UN_IGME,,,CME_MRM0,2005
ZMB,Zambia,2006.0,0,CME_MRM0,Neonatal mortality rate,26.4051705252559,D_PER_1000_B,,_T,,_T,,,23.9322622882743,29.2515115559055,A,,UN_IGME,,,CME_MRM0,2006
ZMB,Zambia,2007.0,0,CME_MRM0,Neonatal mortality rate,25.8122833739337,D_PER_1000_B,,_T,,_T,,,23.3945605428831,28.6101396735241,A,,UN_IGME,,,CME_MRM0,2007
ZMB,Zambia,2008.0,0,CME_MRM0,Neonatal mortality rate,25.421744244978,D_PER_1000_B,,_T,,_T,,,23.0513667165014,28.1398099573615,A,,UN_IGME,,,CME_MRM0,2008
ZMB,Zambia,2009.0,0,CME_MRM0,Neonatal mortality rate,25.0951063804823,D_PER_1000_B,,_T,,_T,,,22.6816842187114,27.7417764392189,A,,UN_IGME,,,CME_MRM0,2009
ZMB,Zambia,2010.0,0,CME_MRM0,Neonatal mortality rate,24.8006135905806,D_PER_1000_B,,_T,,_T,,,22.3795796573843,27.4451511371038,A,,UN_IGME,,,CME_MRM0,2010
ZMB,Zambia,2011.0,0,CME_MRM0,Neonatal mortality rate,24.5311897332305,D_PER_1000_B,,_T,,_T,,,22.0689495484289,27.1847116593247,A,,UN_IGME,,,CME_MRM0,2011
ZMB,Zambia,2012.0,0,CME_MRM0,Neonatal mortality rate,24.2470493757977,D_PER_1000_B,,_T,,_T,,,21.7418279471473,26.9449428548987,A,,UN_IGME,,,CME_MRM0,2012
ZMB,Zambia,2013.0,0,CME_MRM0,Neonatal mortality rate,23.944186136132,D_PER_1000_B,,_T,,_T,,,21.4184644957837,26.7353747177893,A,,UN_IGME,,,CME_MRM0,2013
ZMB,Zambia,2014.0,0,CME_MRM0,Neonatal mortality rate,23.6754656610053,D_PER_1000_B,,_T,,_T,,,21.1221385153967,26.5370561525414,A,,UN_IGME,,,CME_MRM0,2014
ZMB,Zambia,2015.0,0,CME_MRM0,Neonatal mortality rate,23.3911378651416,D_PER_1000_B,,_T,,_T,,,20.7422272005288,26.3477546519479,A,,UN_IGME,,,CME_MRM0,2015
ZMB,Zambia,2016.0,0,CME_MRM0,Neonatal mortality rate,23.0937848465616,D_PER_1000_B,,_T,,_T,,,20.3349700611132,26.1595279181305,A,,UN_IGME,,,CME_MRM0,2016
ZMB,Zambia,2017.0,0,CME_MRM0,Neonatal mortality rate,22.74091529246,D_PER_1000_B,,_T,,_T,,,19.9161477618603,25.9502023199683,A,,UN_IGME,,,CME_MRM0,2017
ZMB,Zambia,2018.0,0,CME_MRM0,Neonatal mortality rate,22.3963549670918,D_PER_1000_B,,_T,,_T,,,19.5805006798193,25.7420814486424,A,,UN_IGME,,,CME_MRM0,2018
ZMB,Zambia,2019.0,0,CME_MRM0,Neonatal mortality rate,22.0955283196494,D_PER_1000_B,,_T,,_T,,,19.1726402128945,25.5366094493573,A,,UN_IGME,,,CME_MRM0,2019
ZMB,Zambia,2020.0,0,CME_MRM0,Neonatal mortality rate,21.852408377301,D_PER_1000_B,,_T,,_T,,,18.8278817885189,25.4553954691909,A,,UN_IGME,,,CME_MRM0,2020
ZMB,Zambia,2021.0,0,CME_MRM0,Neonatal mortality rate,21.6930274991128,D_PER_1000_B,,_T,,_T,,,18.4889946728931,25.5708463086839,A,,UN_IGME,,,CME_MRM0,2021
ZMB,Zambia,2022.0,0,CME_MRM0,Neonatal mortality rate,21.6260807610183,D_PER_1000_B,,_T,,_T,,,18.0314841768789,25.9342780435265,A,,UN_IGME,,,CME_MRM0,2022
ZMB,Zambia,2023.0,0,CME_MRM0,Neonatal mortality rate,21.5497596139942,D_PER_1000_B,,_T,,_T,,,17.4583963262924,26.6291716868278,A,,UN_IGME,,,CME_MRM0,2023
ZMB,Zambia,2024.0,0,CME_MRM0,Neonatal mortality rate,21.441307228395,D_PER_1000_B,,_T,,_T,,,16.7719574027509,27.4195502112601,A,,UN_IGME,,,CME_MRM0,2024
ALB,Albania,2000.0,0,CME_MRY0,Infant mortality rate,17.798590153692,D_PER_1000_B,,_T,,_T,,,16.1880647855268,19.6075464203267,A,,UN_IGME,,,CME_MRY0,2000
ALB,Albania,2001.0,0,CME_MRY0,Infant mortality rate,16.9510798790104,D_PER_1000_B,,_T,,_T,,,15.5665758432744,18.4860911345495,A,,UN_IGME,,,CME_MRY0,2001
ALB,Albania,2002.0,0,CME_MRY0,Infant mortality rate,16.0986062160405,D_PER_1000_B,,_T,,_T,,,14.9465948361882,17.3470093969793,A,,UN_IGME,,,CME_MRY0,2002
ALB,Albania,2003.0,0,CME_MRY0,Infant mortality rate,15.2487844895497,D_PER_1000_B,,_T,,_T,,,14.3273636468917,16.223070259522,A,,UN_IGME,,,CME_MRY0,2003
ALB,Albania,2004.0,0,CME_MRY0,Infant mortality rate,14.3883049486144,D_PER_1000_B,,_T,,_T,,,13.6950961426633,15.1002205598883,A,,UN_IGME,,,CME_MRY0,2004
ALB,Albania,2005.0,0,CME_MRY0,Infant mortality rate,13.525847121265,D_PER_1000_B,,_T,,_T,,,13.0084263849111,14.0632878888854,A,,UN_IGME,,,CME_MRY0,2005
ALB,Albania,2006.0,0,CME_MRY0,Infant mortality rate,12.6749109097747,D_PER_1000_B,,_T,,_T,,,12.2778612458408,13.0841274963612,A,,UN_IGME,,,CME_MRY0,2006
ALB,Albania,2007.0,0,CME_MRY0,Infant mortality rate,11.8559924019921,D_PER_1000_B,,_T,,_T,,,11.5072832631447,12.2111568357729,A,,UN_IGME,,,CME_MRY0,2007
ALB,Albania,2008.0,0,CME_MRY0,Infant mortality rate,11.0838808010946,D_PER_1000_B,,_T,,_T,,,10.7539264372663,11.411788089133,A,,UN_IGME,,,CME_MRY0,2008
ALB,Albania,2009.0,0,CME_MRY0,Infant mortality rate,10.3459668132866,D_PER_1000_B,,_T,,_T,,,10.0336105517587,10.6681691748754,A,,UN_IGME,,,CME_MRY0,2009
ALB,Albania,2010.0,0,CME_MRY0,Infant mortality rate,9.6464148229312,D_PER_1000_B,,_T,,_T,,,9.34629476599419,9.95831290122898,A,,UN_IGME,,,CME_MRY0,2010
ALB,Albania,2011.0,0,CME_MRY0,Infant mortality rate,9.00402664393994,D_PER_1000_B,,_T,,_T,,,8.71963740844602,9.29835292384378,A,,UN_IGME,,,CME_MRY0,2011
ALB,Albania,2012.0,0,CME_MRY0,Infant mortality rate,8.45512545891779,D_PER_1000_B,,_T,,_T,,,8.17380952737409,8.74450869143071,A,,UN_IGME,,,CME_MRY0,2012
ALB,Albania,2013.0,0,CME_MRY0,Infant mortality rate,8.04586016174206,D_PER_1000_B,,_T,,_T,,,7.77051135646067,8.32835614507142,A,,UN_IGME,,,CME_MRY0,2013
ALB,Albania,2014.0,0,CME_MRY0,Infant mortality rate,7.77476693029356,D_PER_1000_B,,_T,,_T,,,7.49689526906091,8.06123151595249,A,,UN_IGME,,,CME_MRY0,2014
ALB,Albania,2015.0,0,CME_MRY0,Infant mortality rate,7.64082804348464,D_PER_1000_B,,_T,,_T,,,7.35967254829125,7.93706743337311,A,,UN_IGME,,,CME_MRY0,2015
ALB,Albania,2016.0,0,CME_MRY0,Infant mortality rate,7.62614288608104,D_PER_1000_B,,_T,,_T,,,7.34285031874818,7.93192372812866,A,,UN_IGME,,,CME_MRY0,2016
ALB,Albania,2017.0,0,CME_MRY0,Infant mortality rate,7.70262916547389,D_PER_1000_B,,_T,,_T,,,7.4106944629059,8.02396758670687,A,,UN_IGME,,,CME_MRY0,2017
ALB,Albania,2018.0,0,CME_MRY0,Infant mortality rate,7.83117168009195,D_PER_1000_B,,_T,,_T,,,7.50855925308509,8.17416713417409,A,,UN_IGME,,,CME_MRY0,2018
ALB,Albania,2019.0,0,CME_MRY0,Infant mortality rate,7.98339473744617,D_PER_1000_B,,_T,,_T,,,7.60815869603489,8.37226977234075,A,,UN_IGME,,,CME_MRY0,2019
ALB,Albania,2020.0,0,CME_MRY0,Infant mortality rate,8.13449151375216,D_PER_1000_B,,_T,,_T,,,7.65505751056956,8.63371633163098,A,,UN_IGME,,,CME_MRY0,2020
ALB,Albania,2021.0,0,CME_MRY0,Infant mortality rate,8.25356747075207,D_PER_1000_B,,_T,,_T,,,7.61077893860877,8.94086231249998,A,,UN_IGME,,,CME_MRY0,2021
ALB,Albania,2022.0,0,CME_MRY0,Infant mortality rate,8.32040099780823,D_PER_1000_B,,_T,,_T,,,7.48688564655347,9.23120560113848,A,,UN_IGME,,,CME_MRY0,2022
ALB,Albania,2023.0,0,CME_MRY0,Infant mortality rate,8.31732099245535,D_PER_1000_B,,_T,,_T,,,7.2878358662949,9.49666092445012,A,,UN_IGME,,,CME_MRY0,2023
ALB,Albania,2024.0,0,CME_MRY0,Infant mortality rate,8.25178658715117,D_PER_1000_B,,_T,,_T,,,6.98543443348483,9.71911486235976,A,,UN_IGME,,,CME_MRY0,2024
AZE,Azerbaijan,2000.0,0,CME_MRY0,Infant mortality rate,61.05325507336,D_PER_1000_B,,_T,,_T,,,54.2285604354163,68.8972789667609,A,,UN_IGME,,,CME_MRY0,2000
AZE,Azerbaijan,2001.0,0,CME_MRY0,Infant mortality rate,56.8478543324935,D_PER_1000_B,,_T,,_T,,,49.9714548611426,64.4695720920272,A,,UN_IGME,,,CME_MRY0,2001
AZE,Azerbaijan,2002.0,0,CME_MRY0,Infant mortality rate,52.7174363045998,D_PER_1000_B,,_T,,_T,,,45.9244491061465,60.2143482304438,A,,UN_IGME,,,CME_MRY0,2002
AZE,Azerbaijan,2003.0,0,CME_MRY0,Infant mortality rate,48.9082462135643,D_PER_1000_B,,_T,,_T,,,42.1253396396237,56.0845047559001,A,,UN_IGME,,,CME_MRY0,2003
AZE,Azerbaijan,2004.0,0,CME_MRY0,Infant mortality rate,45.3774317991662,D_PER_1000_B,,_T,,_T,,,38.7909540195132,52.3783627337166,A,,UN_IGME,,,CME_MRY0,2004
AZE,Azerbaijan,2005.0,0,CME_MRY0,Infant mortality rate,42.159256514879,D_PER_1000_B,,_T,,_T,,,35.8038853885346,49.0503881421857,A,,UN_IGME,,,CME_MRY0,2005
AZE,Azerbaijan,2006.0,0,CME_MRY0,Infant mortality rate,39.2320386713666,D_PER_1000_B,,_T,,_T,,,33.1468555556713,46.0082170757261,A,,UN_IGME,,,CME_MRY0,2006
AZE,Azerbaijan,2007.0,0,CME_MRY0,Infant mortality rate,36.5732726797567,D_PER_1000_B,,_T,,_T,,,30.7228341163237,43.0646832908102,A,,UN_IGME,,,CME_MRY0,2007
AZE,Azerbaijan,2008.0,0,CME_MRY0,Infant mortality rate,34.1465087702613,D_PER_1000_B,,_T,,_T,,,28.4407928218626,40.5232519106639,A,,UN_IGME,,,CME_MRY0,2008
AZE,Azerbaijan,2009.0,0,CME_MRY0,Infant mortality rate,31.839926028764,D_PER_1000_B,,_T,,_T,,,26.3788628993746,38.1643940698346,A,,UN_IGME,,,CME_MRY0,2009
AZE,Azerbaijan,2010.0,0,CME_MRY0,Infant mortality rate,29.6884036272535,D_PER_1000_B,,_T,,_T,,,24.3734457885847,35.7995896748637,A,,UN_IGME,,,CME_MRY0,2010
AZE,Azerbaijan,2011.0,0,CME_MRY0,Infant mortality rate,27.6846165302024,D_PER_1000_B,,_T,,_T,,,22.5275512698525,33.7560009620033,A,,UN_IGME,,,CME_MRY0,2011
AZE,Azerbaijan,2012.0,0,CME_MRY0,Infant mortality rate,25.8513730753386,D_PER_1000_B,,_T,,_T,,,20.7865833254142,31.8122845045815,A,,UN_IGME,,,CME_MRY0,2012
AZE,Azerbaijan,2013.0,0,CME_MRY0,Infant mortality rate,24.1556713512974,D_PER_1000_B,,_T,,_T,,,19.3388004335279,29.9169804813911,A,,UN_IGME,,,CME_MRY0,2013
AZE,Azerbaijan,2014.0,0,CME_MRY0,Infant mortality rate,22.5912315877354,D_PER_1000_B,,_T,,_T,,,17.9264832364455,28.192709085676,A,,UN_IGME,,,CME_MRY0,2014
AZE,Azerbaijan,2015.0,0,CME_MRY0,Infant mortality rate,21.1219514069596,D_PER_1000_B,,_T,,_T,,,16.6475729580186,26.6214682497274,A,,UN_IGME,,,CME_MRY0,2015
AZE,Azerbaijan,2016.0,0,CME_MRY0,Infant mortality rate,19.8054928199083,D_PER_1000_B,,_T,,_T,,,15.4708813502398,25.2434101839128,A,,UN_IGME,,,CME_MRY0,2016
AZE,Azerbaijan,2017.0,0,CME_MRY0,Infant mortality rate,18.6266080856813,D_PER_1000_B,,_T,,_T,,,14.3422585685635,24.0139687180306,A,,UN_IGME,,,CME_MRY0,2017
AZE,Azerbaijan,2018.0,0,CME_MRY0,Infant mortality rate,17.5176506456483,D_PER_1000_B,,_T,,_T,,,13.3260851954724,22.9332161753675,A,,UN_IGME,,,CME_MRY0,2018
AZE,Azerbaijan,2019.0,0,CME_MRY0,Infant mortality rate,16.511978816434,D_PER_1000_B,,_T,,_T,,,12.3957450200159,22.041929527097,A,,UN_IGME,,,CME_MRY0,2019
AZE,Azerbaijan,2020.0,0,CME_MRY0,Infant mortality rate,15.5620599985041,D_PER_1000_B,,_T,,_T,,,11.429942883107,21.2406117021186,A,,UN_IGME,,,CME_MRY0,2020
AZE,Azerbaijan,2021.0,0,CME_MRY0,Infant mortality rate,14.7053054179246,D_PER_1000_B,,_T,,_T,,,10.5644976726513,20.5670046658901,A,,UN_IGME,,,CME_MRY0,2021
AZE,Azerbaijan,2022.0,0,CME_MRY0,Infant mortality rate,13.9022818678828,D_PER_1000_B,,_T,,_T,,,9.6840700678729,20.1036030586608,A,,UN_IGME,,,CME_MRY0,2022
AZE,Azerbaijan,2023.0,0,CME_MRY0,Infant mortality rate,13.1868670414108,D_PER_1000_B,,_T,,_T,,,8.80564147484365,19.7851763710359,A,,UN_IGME,,,CME_MRY0,2023
AZE,Azerbaijan,2024.0,0,CME_MRY0,Infant mortality rate,12.485811241078,D_PER_1000_B,,_T,,_T,,,7.96152503378488,19.6730107231357,A,,UN_IGME,,,CME_MRY0,2024
BHR,Bahrain,2000.0,0,CME_MRY0,Infant mortality rate,10.5103380597423,D_PER_1000_B,,_T,,_T,,,10.0313736378554,11.0134639221985,A,,UN_IGME,,,CME_MRY0,2000
BHR,Bahrain,2001.0,0,CME_MRY0,Infant mortality rate,10.0437662530361,D_PER_1000_B,,_T,,_T,,,9.58815963113834,10.5251094103773,A,,UN_IGME,,,CME_MRY0,2001
BHR,Bahrain,2002.0,0,CME_MRY0,Infant mortality rate,9.68643956239264,D_PER_1000_B,,_T,,_T,,,9.24058382051853,10.1531479873529,A,,UN_IGME,,,CME_MRY0,2002
BHR,Bahrain,2003.0,0,CME_MRY0,Infant mortality rate,9.3878799410709,D_PER_1000_B,,_T,,_T,,,8.9558951944821,9.83958636455639,A,,UN_IGME,,,CME_MRY0,2003
BHR,Bahrain,2004.0,0,CME_MRY0,Infant mortality rate,9.10653550535094,D_PER_1000_B,,_T,,_T,,,8.68787976591279,9.54533567616315,A,,UN_IGME,,,CME_MRY0,2004
BHR,Bahrain,2005.0,0,CME_MRY0,Infant mortality rate,8.8085373146088,D_PER_1000_B,,_T,,_T,,,8.41103494979913,9.23256451882705,A,,UN_IGME,,,CME_MRY0,2005
BHR,Bahrain,2006.0,0,CME_MRY0,Infant mortality rate,8.48327592896783,D_PER_1000_B,,_T,,_T,,,8.10286313979862,8.88690935250185,A,,UN_IGME,,,CME_MRY0,2006
BHR,Bahrain,2007.0,0,CME_MRY0,Infant mortality rate,8.12783505091791,D_PER_1000_B,,_T,,_T,,,7.75088561528968,8.51773791257309,A,,UN_IGME,,,CME_MRY0,2007
BHR,Bahrain,2008.0,0,CME_MRY0,Infant mortality rate,7.75652261689251,D_PER_1000_B,,_T,,_T,,,7.39100101302506,8.13370647794101,A,,UN_IGME,,,CME_MRY0,2008
BHR,Bahrain,2009.0,0,CME_MRY0,Infant mortality rate,7.39765056584835,D_PER_1000_B,,_T,,_T,,,7.04424230330199,7.7621193621596,A,,UN_IGME,,,CME_MRY0,2009
BHR,Bahrain,2010.0,0,CME_MRY0,Infant mortality rate,7.08538143591169,D_PER_1000_B,,_T,,_T,,,6.75094927722018,7.44100805991595,A,,UN_IGME,,,CME_MRY0,2010
BHR,Bahrain,2011.0,0,CME_MRY0,Infant mortality rate,6.83293562093648,D_PER_1000_B,,_T,,_T,,,6.50967488767623,7.1766271833135,A,,UN_IGME,,,CME_MRY0,2011
BHR,Bahrain,2012.0,0,CME_MRY0,Infant mortality rate,6.63318929625859,D_PER_1000_B,,_T,,_T,,,6.32258508565718,6.96396087380299,A,,UN_IGME,,,CME_MRY0,2012
BHR,Bahrain,2013.0,0,CME_MRY0,Infant mortality rate,6.49293597712544,D_PER_1000_B,,_T,,_T,,,6.18974201759606,6.8104386094228,A,,UN_IGME,,,CME_MRY0,2013
BHR,Bahrain,2014.0,0,CME_MRY0,Infant mortality rate,6.39630529436846,D_PER_1000_B,,_T,,_T,,,6.08835050806734,6.7119613140785,A,,UN_IGME,,,CME_MRY0,2014
BHR,Bahrain,2015.0,0,CME_MRY0,Infant mortality rate,6.33094917763909,D_PER_1000_B,,_T,,_T,,,6.03124258399646,6.65018109127739,A,,UN_IGME,,,CME_MRY0,2015
BHR,Bahrain,2016.0,0,CME_MRY0,Infant mortality rate,6.30508877577675,D_PER_1000_B,,_T,,_T,,,6.00464904917873,6.6308103383706,A,,UN_IGME,,,CME_MRY0,2016
BHR,Bahrain,2017.0,0,CME_MRY0,Infant mortality rate,6.32595939240475,D_PER_1000_B,,_T,,_T,,,6.0205528941397,6.65158388407595,A,,UN_IGME,,,CME_MRY0,2017
BHR,Bahrain,2018.0,0,CME_MRY0,Infant mortality rate,6.38853289123566,D_PER_1000_B,,_T,,_T,,,6.07700499812505,6.71940874078323,A,,UN_IGME,,,CME_MRY0,2018
BHR,Bahrain,2019.0,0,CME_MRY0,Infant mortality rate,6.4912679090655,D_PER_1000_B,,_T,,_T,,,6.17294293767893,6.83270092593112,A,,UN_IGME,,,CME_MRY0,2019
BHR,Bahrain,2020.0,0,CME_MRY0,Infant mortality rate,6.63049978499144,D_PER_1000_B,,_T,,_T,,,6.29857825206466,6.98783797434421,A,,UN_IGME,,,CME_MRY0,2020
BHR,Bahrain,2021.0,0,CME_MRY0,Infant mortality rate,6.79639897280735,D_PER_1000_B,,_T,,_T,,,6.42742675289861,7.19463657350222,A,,UN_IGME,,,CME_MRY0,2021
BHR,Bahrain,2022.0,0,CME_MRY0,Infant mortality rate,6.98037488590067,D_PER_1000_B,,_T,,_T,,,6.52462046396812,7.46896161212365,A,,UN_IGME,,,CME_MRY0,2022
BHR,Bahrain,2023.0,0,CME_MRY0,Infant mortality rate,7.16357187537639,D_PER_1000_B,,_T,,_T,,,6.56513415816999,7.81513969856848,A,,UN_IGME,,,CME_MRY0,2023
BHR,Bahrain,2024.0,0,CME_MRY0,Infant mortality rate,7.31430558014828,D_PER_1000_B,,_T,,_T,,,6.54265109127539,8.18650027894095,A,,UN_IGME,,,CME_MRY0,2024
BLR,Belarus,2000.0,0,CME_MRY0,Infant mortality rate,9.9337738053676,D_PER_1000_B,,_T,,_T,,,9.6990483412404,10.1747144836907,A,,UN_IGME,,,CME_MRY0,2000
BLR,Belarus,2001.0,0,CME_MRY0,Infant mortality rate,9.17183927882364,D_PER_1000_B,,_T,,_T,,,8.94871266511812,9.4005760216661,A,,UN_IGME,,,CME_MRY0,2001
BLR,Belarus,2002.0,0,CME_MRY0,Infant mortality rate,8.45239925452984,D_PER_1000_B,,_T,,_T,,,8.23004930794968,8.67295194386358,A,,UN_IGME,,,CME_MRY0,2002
BLR,Belarus,2003.0,0,CME_MRY0,Infant mortality rate,7.80884213140621,D_PER_1000_B,,_T,,_T,,,7.59902172385903,8.01610728101933,A,,UN_IGME,,,CME_MRY0,2003
BLR,Belarus,2004.0,0,CME_MRY0,Infant mortality rate,7.23412159441124,D_PER_1000_B,,_T,,_T,,,7.04676045786749,7.42512321161726,A,,UN_IGME,,,CME_MRY0,2004
BLR,Belarus,2005.0,0,CME_MRY0,Infant mortality rate,6.68147927883171,D_PER_1000_B,,_T,,_T,,,6.49803166228031,6.877023349371,A,,UN_IGME,,,CME_MRY0,2005
BLR,Belarus,2006.0,0,CME_MRY0,Infant mortality rate,6.11470080705437,D_PER_1000_B,,_T,,_T,,,5.94714111441969,6.28920430011671,A,,UN_IGME,,,CME_MRY0,2006
BLR,Belarus,2007.0,0,CME_MRY0,Infant mortality rate,5.55686731009436,D_PER_1000_B,,_T,,_T,,,5.40492355299799,5.71545080846689,A,,UN_IGME,,,CME_MRY0,2007
BLR,Belarus,2008.0,0,CME_MRY0,Infant mortality rate,5.05100311851764,D_PER_1000_B,,_T,,_T,,,4.90583219361744,5.20104752405059,A,,UN_IGME,,,CME_MRY0,2008
BLR,Belarus,2009.0,0,CME_MRY0,Infant mortality rate,4.61621038404255,D_PER_1000_B,,_T,,_T,,,4.47650622697541,4.75310853685488,A,,UN_IGME,,,CME_MRY0,2009
BLR,Belarus,2010.0,0,CME_MRY0,Infant mortality rate,4.24918214329026,D_PER_1000_B,,_T,,_T,,,4.11257627649713,4.37916607126594,A,,UN_IGME,,,CME_MRY0,2010
BLR,Belarus,2011.0,0,CME_MRY0,Infant mortality rate,3.94504602749672,D_PER_1000_B,,_T,,_T,,,3.82018094222444,4.06914356683744,A,,UN_IGME,,,CME_MRY0,2011
BLR,Belarus,2012.0,0,CME_MRY0,Infant mortality rate,3.69458193680333,D_PER_1000_B,,_T,,_T,,,3.57978992570107,3.81221619563959,A,,UN_IGME,,,CME_MRY0,2012
BLR,Belarus,2013.0,0,CME_MRY0,Infant mortality rate,3.48184168151162,D_PER_1000_B,,_T,,_T,,,3.36952779947693,3.59800251993112,A,,UN_IGME,,,CME_MRY0,2013
BLR,Belarus,2014.0,0,CME_MRY0,Infant mortality rate,3.29569309782366,D_PER_1000_B,,_T,,_T,,,3.18814836925152,3.40573542515834,A,,UN_IGME,,,CME_MRY0,2014
BLR,Belarus,2015.0,0,CME_MRY0,Infant mortality rate,3.1196393781258,D_PER_1000_B,,_T,,_T,,,3.01249834314212,3.22892937157994,A,,UN_IGME,,,CME_MRY0,2015
BLR,Belarus,2016.0,0,CME_MRY0,Infant mortality rate,2.94453113155882,D_PER_1000_B,,_T,,_T,,,2.8409816332927,3.05303006712946,A,,UN_IGME,,,CME_MRY0,2016
BLR,Belarus,2017.0,0,CME_MRY0,Infant mortality rate,2.76635807322213,D_PER_1000_B,,_T,,_T,,,2.65981392630873,2.87718153203767,A,,UN_IGME,,,CME_MRY0,2017
BLR,Belarus,2018.0,0,CME_MRY0,Infant mortality rate,2.58234408445134,D_PER_1000_B,,_T,,_T,,,2.45875646067588,2.71514257471272,A,,UN_IGME,,,CME_MRY0,2018
BLR,Belarus,2019.0,0,CME_MRY0,Infant mortality rate,2.40085775837421,D_PER_1000_B,,_T,,_T,,,2.23520501310843,2.57731421538011,A,,UN_IGME,,,CME_MRY0,2019
BLR,Belarus,2020.0,0,CME_MRY0,Infant mortality rate,2.23419367471135,D_PER_1000_B,,_T,,_T,,,2.01177536408424,2.47182581197766,A,,UN_IGME,,,CME_MRY0,2020
BLR,Belarus,2021.0,0,CME_MRY0,Infant mortality rate,2.09927706524156,D_PER_1000_B,,_T,,_T,,,1.81790452025151,2.40092637375064,A,,UN_IGME,,,CME_MRY0,2021
BLR,Belarus,2022.0,0,CME_MRY0,Infant mortality rate,1.98547662388837,D_PER_1000_B,,_T,,_T,,,1.64604649328877,2.36338475980087,A,,UN_IGME,,,CME_MRY0,2022
BLR,Belarus,2023.0,0,CME_MRY0,Infant mortality rate,1.88930987567294,D_PER_1000_B,,_T,,_T,,,1.49735342150144,2.34658137731625,A,,UN_IGME,,,CME_MRY0,2023
BLR,Belarus,2024.0,0,CME_MRY0,Infant mortality rate,1.80221083117857,D_PER_1000_B,,_T,,_T,,,1.37526348568052,2.33060519415623,A,,UN_IGME,,,CME_MRY0,2024
CAF,Central African Republic,2000.0,0,CME_MRY0,Infant mortality rate,99.5952967175451,D_PER_1000_B,,_T,,_T,,,90.2295176384936,110.8210373606,A,,UN_IGME,,,CME_MRY0,2000
CAF,Central African Republic,2001.0,0,CME_MRY0,Infant mortality rate,97.9494758938826,D_PER_1000_B,,_T,,_T,,,88.6517428288571,109.216879191739,A,,UN_IGME,,,CME_MRY0,2001
CAF,Central African Republic,2002.0,0,CME_MRY0,Infant mortality rate,96.1397750594924,D_PER_1000_B,,_T,,_T,,,86.9045018631547,107.479767360426,A,,UN_IGME,,,CME_MRY0,2002
CAF,Central African Republic,2003.0,0,CME_MRY0,Infant mortality rate,94.3233235982021,D_PER_1000_B,,_T,,_T,,,84.9798674118721,105.582877903533,A,,UN_IGME,,,CME_MRY0,2003
CAF,Central African Republic,2004.0,0,CME_MRY0,Infant mortality rate,92.1767558173988,D_PER_1000_B,,_T,,_T,,,82.9288097412186,103.055303155454,A,,UN_IGME,,,CME_MRY0,2004
CAF,Central African Republic,2005.0,0,CME_MRY0,Infant mortality rate,89.9739970310673,D_PER_1000_B,,_T,,_T,,,80.7054200190919,100.617811203625,A,,UN_IGME,,,CME_MRY0,2005
CAF,Central African Republic,2006.0,0,CME_MRY0,Infant mortality rate,87.4202480606768,D_PER_1000_B,,_T,,_T,,,78.1112026615633,97.6760248961078,A,,UN_IGME,,,CME_MRY0,2006
CAF,Central African Republic,2007.0,0,CME_MRY0,Infant mortality rate,85.3257863255012,D_PER_1000_B,,_T,,_T,,,76.0555602168793,95.501861932655,A,,UN_IGME,,,CME_MRY0,2007
CAF,Central African Republic,2008.0,0,CME_MRY0,Infant mortality rate,83.3503858311429,D_PER_1000_B,,_T,,_T,,,74.0099297877943,93.6530790467843,A,,UN_IGME,,,CME_MRY0,2008
CAF,Central African Republic,2009.0,0,CME_MRY0,Infant mortality rate,239.852511476219,D_PER_1000_B,,_T,,_T,,,212.063663194923,270.865485674076,A,,UN_IGME,,,CME_MRY0,2009
CAF,Central African Republic,2010.0,0,CME_MRY0,Infant mortality rate,88.4940416062364,D_PER_1000_B,,_T,,_T,,,77.8339141326849,100.459554504399,A,,UN_IGME,,,CME_MRY0,2010
CAF,Central African Republic,2011.0,0,CME_MRY0,Infant mortality rate,77.7413352140025,D_PER_1000_B,,_T,,_T,,,68.0772853195694,88.6613345670112,A,,UN_IGME,,,CME_MRY0,2011
CAF,Central African Republic,2012.0,0,CME_MRY0,Infant mortality rate,76.1164516932148,D_PER_1000_B,,_T,,_T,,,66.2242752136054,87.2397111813618,A,,UN_IGME,,,CME_MRY0,2012
CAF,Central African Republic,2013.0,0,CME_MRY0,Infant mortality rate,81.0336726233861,D_PER_1000_B,,_T,,_T,,,70.1454301426568,93.2751295004689,A,,UN_IGME,,,CME_MRY0,2013
CAF,Central African Republic,2014.0,0,CME_MRY0,Infant mortality rate,101.670969909632,D_PER_1000_B,,_T,,_T,,,87.4634080657499,117.798842749566,A,,UN_IGME,,,CME_MRY0,2014
CAF,Central African Republic,2015.0,0,CME_MRY0,Infant mortality rate,71.9991322800414,D_PER_1000_B,,_T,,_T,,,61.513299456111,84.1363111921674,A,,UN_IGME,,,CME_MRY0,2015
CAF,Central African Republic,2016.0,0,CME_MRY0,Infant mortality rate,77.0649373506758,D_PER_1000_B,,_T,,_T,,,65.1770698482698,90.8485826290234,A,,UN_IGME,,,CME_MRY0,2016
CAF,Central African Republic,2017.0,0,CME_MRY0,Infant mortality rate,88.4033040304211,D_PER_1000_B,,_T,,_T,,,74.0071344256245,105.440832555512,A,,UN_IGME,,,CME_MRY0,2017
CAF,Central African Republic,2018.0,0,CME_MRY0,Infant mortality rate,73.9009174879692,D_PER_1000_B,,_T,,_T,,,61.2377261697868,89.1369513446126,A,,UN_IGME,,,CME_MRY0,2018
CAF,Central African Republic,2019.0,0,CME_MRY0,Infant mortality rate,128.933517246654,D_PER_1000_B,,_T,,_T,,,105.623987018594,157.606892635451,A,,UN_IGME,,,CME_MRY0,2019
CAF,Central African Republic,2020.0,0,CME_MRY0,Infant mortality rate,74.7211271527644,D_PER_1000_B,,_T,,_T,,,60.2232544965804,93.0960039943415,A,,UN_IGME,,,CME_MRY0,2020
CAF,Central African Republic,2021.0,0,CME_MRY0,Infant mortality rate,96.3094781602755,D_PER_1000_B,,_T,,_T,,,76.1637797226151,122.611257175326,A,,UN_IGME,,,CME_MRY0,2021
CAF,Central African Republic,2022.0,0,CME_MRY0,Infant mortality rate,206.777973417731,D_PER_1000_B,,_T,,_T,,,159.740913094752,269.384821056319,A,,UN_IGME,,,CME_MRY0,2022
CAF,Central African Republic,2023.0,0,CME_MRY0,Infant mortality rate,60.7576837563865,D_PER_1000_B,,_T,,_T,,,45.3888880408113,81.1628288742754,A,,UN_IGME,,,CME_MRY0,2023
CAF,Central African Republic,2024.0,0,CME_MRY0,Infant mortality rate,58.8258720471144,D_PER_1000_B,,_T,,_T,,,42.5121901092247,80.674305439698,A,,UN_IGME,,,CME_MRY0,2024
COM,Comoros,2000.0,0,CME_MRY0,Infant mortality rate,65.227999287792,D_PER_1000_B,,_T,,_T,,,54.206039732894,76.0073232712901,A,,UN_IGME,,,CME_MRY0,2000
COM,Comoros,2001.0,0,CME_MRY0,Infant mortality rate,63.0094782010492,D_PER_1000_B,,_T,,_T,,,51.9700285738303,73.8128722325337,A,,UN_IGME,,,CME_MRY0,2001
COM,Comoros,2002.0,0,CME_MRY0,Infant mortality rate,60.8706732819483,D_PER_1000_B,,_T,,_T,,,49.6987688048013,71.6220093304852,A,,UN_IGME,,,CME_MRY0,2002
COM,Comoros,2003.0,0,CME_MRY0,Infant mortality rate,58.8773335591151,D_PER_1000_B,,_T,,_T,,,47.6798278330077,69.5381599493321,A,,UN_IGME,,,CME_MRY0,2003
COM,Comoros,2004.0,0,CME_MRY0,Infant mortality rate,56.9172447040839,D_PER_1000_B,,_T,,_T,,,45.8518362446765,67.5351723123633,A,,UN_IGME,,,CME_MRY0,2004
COM,Comoros,2005.0,0,CME_MRY0,Infant mortality rate,55.080979995145,D_PER_1000_B,,_T,,_T,,,44.0301954443761,65.4765255211046,A,,UN_IGME,,,CME_MRY0,2005
COM,Comoros,2006.0,0,CME_MRY0,Infant mortality rate,53.3089777906324,D_PER_1000_B,,_T,,_T,,,42.4255718834248,63.520538340583,A,,UN_IGME,,,CME_MRY0,2006
COM,Comoros,2007.0,0,CME_MRY0,Infant mortality rate,51.7271251637889,D_PER_1000_B,,_T,,_T,,,41.0193002279328,61.6330033235969,A,,UN_IGME,,,CME_MRY0,2007
COM,Comoros,2008.0,0,CME_MRY0,Infant mortality rate,50.2336977142858,D_PER_1000_B,,_T,,_T,,,39.7494522715191,59.8263928672405,A,,UN_IGME,,,CME_MRY0,2008
COM,Comoros,2009.0,0,CME_MRY0,Infant mortality rate,48.8564974206588,D_PER_1000_B,,_T,,_T,,,38.826345334005,58.1356919713435,A,,UN_IGME,,,CME_MRY0,2009
COM,Comoros,2010.0,0,CME_MRY0,Infant mortality rate,47.5559918997322,D_PER_1000_B,,_T,,_T,,,37.9594418826004,56.6025448096571,A,,UN_IGME,,,CME_MRY0,2010
COM,Comoros,2011.0,0,CME_MRY0,Infant mortality rate,46.4333520517499,D_PER_1000_B,,_T,,_T,,,37.2664034745886,55.0266460459369,A,,UN_IGME,,,CME_MRY0,2011
COM,Comoros,2012.0,0,CME_MRY0,Infant mortality rate,45.3828109976123,D_PER_1000_B,,_T,,_T,,,36.7197309896506,53.6780063780933,A,,UN_IGME,,,CME_MRY0,2012
COM,Comoros,2013.0,0,CME_MRY0,Infant mortality rate,44.4079305893961,D_PER_1000_B,,_T,,_T,,,36.110227361294,52.3884712781316,A,,UN_IGME,,,CME_MRY0,2013
COM,Comoros,2014.0,0,CME_MRY0,Infant mortality rate,43.5541748267892,D_PER_1000_B,,_T,,_T,,,35.5782571151545,51.2229731269611,A,,UN_IGME,,,CME_MRY0,2014
COM,Comoros,2015.0,0,CME_MRY0,Infant mortality rate,42.7553637846108,D_PER_1000_B,,_T,,_T,,,34.9709121125508,50.1917760793066,A,,UN_IGME,,,CME_MRY0,2015
COM,Comoros,2016.0,0,CME_MRY0,Infant mortality rate,42.0004104692941,D_PER_1000_B,,_T,,_T,,,34.3638120616261,49.2774457909107,A,,UN_IGME,,,CME_MRY0,2016
COM,Comoros,2017.0,0,CME_MRY0,Infant mortality rate,41.2996017257116,D_PER_1000_B,,_T,,_T,,,33.6784940128317,48.5753636477052,A,,UN_IGME,,,CME_MRY0,2017
COM,Comoros,2018.0,0,CME_MRY0,Infant mortality rate,40.5552791347525,D_PER_1000_B,,_T,,_T,,,32.7421426837517,48.0497226282542,A,,UN_IGME,,,CME_MRY0,2018
COM,Comoros,2019.0,0,CME_MRY0,Infant mortality rate,39.7986752748894,D_PER_1000_B,,_T,,_T,,,31.8658617925179,47.723976542062,A,,UN_IGME,,,CME_MRY0,2019
COM,Comoros,2020.0,0,CME_MRY0,Infant mortality rate,38.9364356607838,D_PER_1000_B,,_T,,_T,,,30.7977581506211,47.6004711500387,A,,UN_IGME,,,CME_MRY0,2020
COM,Comoros,2021.0,0,CME_MRY0,Infant mortality rate,38.0275154817469,D_PER_1000_B,,_T,,_T,,,29.6959806862309,47.4309257846199,A,,UN_IGME,,,CME_MRY0,2021
COM,Comoros,2022.0,0,CME_MRY0,Infant mortality rate,37.0183648392542,D_PER_1000_B,,_T,,_T,,,28.3739273783516,47.2875434766657,A,,UN_IGME,,,CME_MRY0,2022
COM,Comoros,2023.0,0,CME_MRY0,Infant mortality rate,36.0354135843,D_PER_1000_B,,_T,,_T,,,27.049637193057,47.2504174571736,A,,UN_IGME,,,CME_MRY0,2023
COM,Comoros,2024.0,0,CME_MRY0,Infant mortality rate,35.018498436283,D_PER_1000_B,,_T,,_T,,,25.7019739946883,47.2345441965298,A,,UN_IGME,,,CME_MRY0,2024
CYP,Cyprus,2000.0,0,CME_MRY0,Infant mortality rate,5.70461263846188,D_PER_1000_B,,_T,,_T,,,5.26274338471209,6.17239752709923,A,,UN_IGME,,"Some UN IGME indicators are calculated using population and live birth numbers from the World Population Prospects: The 2024 revision (WPP). The WPP numbers for Cyprus refer to the entire country. However, the underlying data used to calculate mortality rates estimates, provided by the Health Monitoring Unit of the Cyprus Ministry of Health, cover only the government-controlled areas, whereas according to Eurostat, the number of live births in 2024 was 9,766 (https://doi.org/10.2908/DEMO_FASEC). The population on 1 January 2024 was 966,365 (https://doi.org/10.2908/DEMO_PJAN), the population under 5 was 51,042, the adolescent population was 95,884, and the number of women of reproductive age was 233,867 (https://doi.org/10.2908/DEMO_PJANGROUP).",CME_MRY0,2000
CYP,Cyprus,2001.0,0,CME_MRY0,Infant mortality rate,5.34371330772931,D_PER_1000_B,,_T,,_T,,,4.91641666905934,5.80865652681099,A,,UN_IGME,,"Some UN IGME indicators are calculated using population and live birth numbers from the World Population Prospects: The 2024 revision (WPP). The WPP numbers for Cyprus refer to the entire country. However, the underlying data used to calculate mortality rates estimates, provided by the Health Monitoring Unit of the Cyprus Ministry of Health, cover only the government-controlled areas, whereas according to Eurostat, the number of live births in 2024 was 9,766 (https://doi.org/10.2908/DEMO_FASEC). The population on 1 January 2024 was 966,365 (https://doi.org/10.2908/DEMO_PJAN), the population under 5 was 51,042, the adolescent population was 95,884, and the number of women of reproductive age was 233,867 (https://doi.org/10.2908/DEMO_PJANGROUP).",CME_MRY0,2001
CYP,Cyprus,2002.0,0,CME_MRY0,Infant mortality rate,5.00764849306599,D_PER_1000_B,,_T,,_T,,,4.59308462927965,5.46208482103011,A,,UN_IGME,,"Some UN IGME indicators are calculated using population and live birth numbers from the World Population Prospects: The 2024 revision (WPP). The WPP numbers for Cyprus refer to the entire country. However, the underlying data used to calculate mortality rates estimates, provided by the Health Monitoring Unit of the Cyprus Ministry of Health, cover only the government-controlled areas, whereas according to Eurostat, the number of live births in 2024 was 9,766 (https://doi.org/10.2908/DEMO_FASEC). The population on 1 January 2024 was 966,365 (https://doi.org/10.2908/DEMO_PJAN), the population under 5 was 51,042, the adolescent population was 95,884, and the number of women of reproductive age was 233,867 (https://doi.org/10.2908/DEMO_PJANGROUP).",CME_MRY0,2002
CYP,Cyprus,2003.0,0,CME_MRY0,Infant mortality rate,4.69405461613648,D_PER_1000_B,,_T,,_T,,,4.29496033977925,5.14123929735813,A,,UN_IGME,,"Some UN IGME indicators are calculated using population and live birth numbers from the World Population Prospects: The 2024 revision (WPP). The WPP numbers for Cyprus refer to the entire country. However, the underlying data used to calculate mortality rates estimates, provided by the Health Monitoring Unit of the Cyprus Ministry of Health, cover only the government-controlled areas, whereas according to Eurostat, the number of live births in 2024 was 9,766 (https://doi.org/10.2908/DEMO_FASEC). The population on 1 January 2024 was 966,365 (https://doi.org/10.2908/DEMO_PJAN), the population under 5 was 51,042, the adolescent population was 95,884, and the number of women of reproductive age was 233,867 (https://doi.org/10.2908/DEMO_PJANGROUP).",CME_MRY0,2003
CYP,Cyprus,2004.0,0,CME_MRY0,Infant mortality rate,4.37844699329883,D_PER_1000_B,,_T,,_T,,,3.99319372959973,4.82323832443137,A,,UN_IGME,,"Some UN IGME indicators are calculated using population and live birth numbers from the World Population Prospects: The 2024 revision (WPP). The WPP numbers for Cyprus refer to the entire country. However, the underlying data used to calculate mortality rates estimates, provided by the Health Monitoring Unit of the Cyprus Ministry of Health, cover only the government-controlled areas, whereas according to Eurostat, the number of live births in 2024 was 9,766 (https://doi.org/10.2908/DEMO_FASEC). The population on 1 January 2024 was 966,365 (https://doi.org/10.2908/DEMO_PJAN), the population under 5 was 51,042, the adolescent population was 95,884, and the number of women of reproductive age was 233,867 (https://doi.org/10.2908/DEMO_PJANGROUP).",CME_MRY0,2004
CYP,Cyprus,2005.0,0,CME_MRY0,Infant mortality rate,4.06843937691572,D_PER_1000_B,,_T,,_T,,,3.68883151600115,4.49595405115193,A,,UN_IGME,,"Some UN IGME indicators are calculated using population and live birth numbers from the World Population Prospects: The 2024 revision (WPP). The WPP numbers for Cyprus refer to the entire country. However, the underlying data used to calculate mortality rates estimates, provided by the Health Monitoring Unit of the Cyprus Ministry of Health, cover only the government-controlled areas, whereas according to Eurostat, the number of live births in 2024 was 9,766 (https://doi.org/10.2908/DEMO_FASEC). The population on 1 January 2024 was 966,365 (https://doi.org/10.2908/DEMO_PJAN), the population under 5 was 51,042, the adolescent population was 95,884, and the number of women of reproductive age was 233,867 (https://doi.org/10.2908/DEMO_PJANGROUP).",CME_MRY0,2005
CYP,Cyprus,2006.0,0,CME_MRY0,Infant mortality rate,3.76101900419379,D_PER_1000_B,,_T,,_T,,,3.38693972716239,4.18267489285319,A,,UN_IGME,,"Some UN IGME indicators are calculated using population and live birth numbers from the World Population Prospects: The 2024 revision (WPP). The WPP numbers for Cyprus refer to the entire country. However, the underlying data used to calculate mortality rates estimates, provided by the Health Monitoring Unit of the Cyprus Ministry of Health, cover only the government-controlled areas, whereas according to Eurostat, the number of live births in 2024 was 9,766 (https://doi.org/10.2908/DEMO_FASEC). The population on 1 January 2024 was 966,365 (https://doi.org/10.2908/DEMO_PJAN), the population under 5 was 51,042, the adolescent population was 95,884, and the number of women of reproductive age was 233,867 (https://doi.org/10.2908/DEMO_PJANGROUP).",CME_MRY0,2006
CYP,Cyprus,2007.0,0,CME_MRY0,Infant mortality rate,3.47309473289198,D_PER_1000_B,,_T,,_T,,,3.11784273768486,3.88013339461595,A,,UN_IGME,,"Some UN IGME indicators are calculated using population and live birth numbers from the World Population Prospects: The 2024 revision (WPP). The WPP numbers for Cyprus refer to the entire country. However, the underlying data used to calculate mortality rates estimates, provided by the Health Monitoring Unit of the Cyprus Ministry of Health, cover only the government-controlled areas, whereas according to Eurostat, the number of live births in 2024 was 9,766 (https://doi.org/10.2908/DEMO_FASEC). The population on 1 January 2024 was 966,365 (https://doi.org/10.2908/DEMO_PJAN), the population under 5 was 51,042, the adolescent population was 95,884, and the number of women of reproductive age was 233,867 (https://doi.org/10.2908/DEMO_PJANGROUP).",CME_MRY0,2007
CYP,Cyprus,2008.0,0,CME_MRY0,Infant mortality rate,3.20605140166424,D_PER_1000_B,,_T,,_T,,,2.87130255820243,3.59930569210932,A,,UN_IGME,,"Some UN IGME indicators are calculated using population and live birth numbers from the World Population Prospects: The 2024 revision (WPP). The WPP numbers for Cyprus refer to the entire country. However, the underlying data used to calculate mortality rates estimates, provided by the Health Monitoring Unit of the Cyprus Ministry of Health, cover only the government-controlled areas, whereas according to Eurostat, the number of live births in 2024 was 9,766 (https://doi.org/10.2908/DEMO_FASEC). The population on 1 January 2024 was 966,365 (https://doi.org/10.2908/DEMO_PJAN), the population under 5 was 51,042, the adolescent population was 95,884, and the number of women of reproductive age was 233,867 (https://doi.org/10.2908/DEMO_PJANGROUP).",CME_MRY0,2008
CYP,Cyprus,2009.0,0,CME_MRY0,Infant mortality rate,2.96328642043554,D_PER_1000_B,,_T,,_T,,,2.65140074973757,3.3322898103598,A,,UN_IGME,,"Some UN IGME indicators are calculated using population and live birth numbers from the World Population Prospects: The 2024 revision (WPP). The WPP numbers for Cyprus refer to the entire country. However, the underlying data used to calculate mortality rates estimates, provided by the Health Monitoring Unit of the Cyprus Ministry of Health, cover only the government-controlled areas, whereas according to Eurostat, the number of live births in 2024 was 9,766 (https://doi.org/10.2908/DEMO_FASEC). The population on 1 January 2024 was 966,365 (https://doi.org/10.2908/DEMO_PJAN), the population under 5 was 51,042, the adolescent population was 95,884, and the number of women of reproductive age was 233,867 (https://doi.org/10.2908/DEMO_PJANGROUP).",CME_MRY0,2009
CYP,Cyprus,2010.0,0,CME_MRY0,Infant mortality rate,2.74756903972816,D_PER_1000_B,,_T,,_T,,,2.45476855469524,3.07869680357258,A,,UN_IGME,,"Some UN IGME indicators are calculated using population and live birth numbers from the World Population Prospects: The 2024 revision (WPP). The WPP numbers for Cyprus refer to the entire country. However, the underlying data used to calculate mortality rates estimates, provided by the Health Monitoring Unit of the Cyprus Ministry of Health, cover only the government-controlled areas, whereas according to Eurostat, the number of live births in 2024 was 9,766 (https://doi.org/10.2908/DEMO_FASEC). The population on 1 January 2024 was 966,365 (https://doi.org/10.2908/DEMO_PJAN), the population under 5 was 51,042, the adolescent population was 95,884, and the number of women of reproductive age was 233,867 (https://doi.org/10.2908/DEMO_PJANGROUP).",CME_MRY0,2010
CYP,Cyprus,2011.0,0,CME_MRY0,Infant mortality rate,2.5542184358586,D_PER_1000_B,,_T,,_T,,,2.27774484652076,2.86312354193975,A,,UN_IGME,,"Some UN IGME indicators are calculated using population and live birth numbers from the World Population Prospects: The 2024 revision (WPP). The WPP numbers for Cyprus refer to the entire country. However, the underlying data used to calculate mortality rates estimates, provided by the Health Monitoring Unit of the Cyprus Ministry of Health, cover only the government-controlled areas, whereas according to Eurostat, the number of live births in 2024 was 9,766 (https://doi.org/10.2908/DEMO_FASEC). The population on 1 January 2024 was 966,365 (https://doi.org/10.2908/DEMO_PJAN), the population under 5 was 51,042, the adolescent population was 95,884, and the number of women of reproductive age was 233,867 (https://doi.org/10.2908/DEMO_PJANGROUP).",CME_MRY0,2011
CYP,Cyprus,2012.0,0,CME_MRY0,Infant mortality rate,2.38851797644363,D_PER_1000_B,,_T,,_T,,,2.11965061951728,2.68639946205975,A,,UN_IGME,,"Some UN IGME indicators are calculated using population and live birth numbers from the World Population Prospects: The 2024 revision (WPP). The WPP numbers for Cyprus refer to the entire country. However, the underlying data used to calculate mortality rates estimates, provided by the Health Monitoring Unit of the Cyprus Ministry of Health, cover only the government-controlled areas, whereas according to Eurostat, the number of live births in 2024 was 9,766 (https://doi.org/10.2908/DEMO_FASEC). The population on 1 January 2024 was 966,365 (https://doi.org/10.2908/DEMO_PJAN), the population under 5 was 51,042, the adolescent population was 95,884, and the number of women of reproductive age was 233,867 (https://doi.org/10.2908/DEMO_PJANGROUP).",CME_MRY0,2012
CYP,Cyprus,2013.0,0,CME_MRY0,Infant mortality rate,2.25255995916059,D_PER_1000_B,,_T,,_T,,,1.98106717971894,2.55299418583738,A,,UN_IGME,,"Some UN IGME indicators are calculated using population and live birth numbers from the World Population Prospects: The 2024 revision (WPP). The WPP numbers for Cyprus refer to the entire country. However, the underlying data used to calculate mortality rates estimates, provided by the Health Monitoring Unit of the Cyprus Ministry of Health, cover only the government-controlled areas, whereas according to Eurostat, the number of live births in 2024 was 9,766 (https://doi.org/10.2908/DEMO_FASEC). The population on 1 January 2024 was 966,365 (https://doi.org/10.2908/DEMO_PJAN), the population under 5 was 51,042, the adolescent population was 95,884, and the number of women of reproductive age was 233,867 (https://doi.org/10.2908/DEMO_PJANGROUP).",CME_MRY0,2013
CYP,Cyprus,2014.0,0,CME_MRY0,Infant mortality rate,2.15535685271319,D_PER_1000_B,,_T,,_T,,,1.879650537539,2.45248030435245,A,,UN_IGME,,"Some UN IGME indicators are calculated using population and live birth numbers from the World Population Prospects: The 2024 revision (WPP). The WPP numbers for Cyprus refer to the entire country. However, the underlying data used to calculate mortality rates estimates, provided by the Health Monitoring Unit of the Cyprus Ministry of Health, cover only the government-controlled areas, whereas according to Eurostat, the number of live births in 2024 was 9,766 (https://doi.org/10.2908/DEMO_FASEC). The population on 1 January 2024 was 966,365 (https://doi.org/10.2908/DEMO_PJAN), the population under 5 was 51,042, the adolescent population was 95,884, and the number of women of reproductive age was 233,867 (https://doi.org/10.2908/DEMO_PJANGROUP).",CME_MRY0,2014
CYP,Cyprus,2015.0,0,CME_MRY0,Infant mortality rate,2.10295382339811,D_PER_1000_B,,_T,,_T,,,1.83703825424404,2.3972810294678,A,,UN_IGME,,"Some UN IGME indicators are calculated using population and live birth numbers from the World Population Prospects: The 2024 revision (WPP). The WPP numbers for Cyprus refer to the entire country. However, the underlying data used to calculate mortality rates estimates, provided by the Health Monitoring Unit of the Cyprus Ministry of Health, cover only the government-controlled areas, whereas according to Eurostat, the number of live births in 2024 was 9,766 (https://doi.org/10.2908/DEMO_FASEC). The population on 1 January 2024 was 966,365 (https://doi.org/10.2908/DEMO_PJAN), the population under 5 was 51,042, the adolescent population was 95,884, and the number of women of reproductive age was 233,867 (https://doi.org/10.2908/DEMO_PJANGROUP).",CME_MRY0,2015
CYP,Cyprus,2016.0,0,CME_MRY0,Infant mortality rate,2.10400127327,D_PER_1000_B,,_T,,_T,,,1.83532608214427,2.40701240022492,A,,UN_IGME,,"Some UN IGME indicators are calculated using population and live birth numbers from the World Population Prospects: The 2024 revision (WPP). The WPP numbers for Cyprus refer to the entire country. However, the underlying data used to calculate mortality rates estimates, provided by the Health Monitoring Unit of the Cyprus Ministry of Health, cover only the government-controlled areas, whereas according to Eurostat, the number of live births in 2024 was 9,766 (https://doi.org/10.2908/DEMO_FASEC). The population on 1 January 2024 was 966,365 (https://doi.org/10.2908/DEMO_PJAN), the population under 5 was 51,042, the adolescent population was 95,884, and the number of women of reproductive age was 233,867 (https://doi.org/10.2908/DEMO_PJANGROUP).",CME_MRY0,2016
CYP,Cyprus,2017.0,0,CME_MRY0,Infant mortality rate,2.16804433580721,D_PER_1000_B,,_T,,_T,,,1.88856569885865,2.47251982490491,A,,UN_IGME,,"Some UN IGME indicators are calculated using population and live birth numbers from the World Population Prospects: The 2024 revision (WPP). The WPP numbers for Cyprus refer to the entire country. However, the underlying data used to calculate mortality rates estimates, provided by the Health Monitoring Unit of the Cyprus Ministry of Health, cover only the government-controlled areas, whereas according to Eurostat, the number of live births in 2024 was 9,766 (https://doi.org/10.2908/DEMO_FASEC). The population on 1 January 2024 was 966,365 (https://doi.org/10.2908/DEMO_PJAN), the population under 5 was 51,042, the adolescent population was 95,884, and the number of women of reproductive age was 233,867 (https://doi.org/10.2908/DEMO_PJANGROUP).",CME_MRY0,2017
CYP,Cyprus,2018.0,0,CME_MRY0,Infant mortality rate,2.29144339655551,D_PER_1000_B,,_T,,_T,,,2.00202978622118,2.60951794181069,A,,UN_IGME,,"Some UN IGME indicators are calculated using population and live birth numbers from the World Population Prospects: The 2024 revision (WPP). The WPP numbers for Cyprus refer to the entire country. However, the underlying data used to calculate mortality rates estimates, provided by the Health Monitoring Unit of the Cyprus Ministry of Health, cover only the government-controlled areas, whereas according to Eurostat, the number of live births in 2024 was 9,766 (https://doi.org/10.2908/DEMO_FASEC). The population on 1 January 2024 was 966,365 (https://doi.org/10.2908/DEMO_PJAN), the population under 5 was 51,042, the adolescent population was 95,884, and the number of women of reproductive age was 233,867 (https://doi.org/10.2908/DEMO_PJANGROUP).",CME_MRY0,2018
CYP,Cyprus,2019.0,0,CME_MRY0,Infant mortality rate,2.47357705328075,D_PER_1000_B,,_T,,_T,,,2.17289372571186,2.80669579578216,A,,UN_IGME,,"Some UN IGME indicators are calculated using population and live birth numbers from the World Population Prospects: The 2024 revision (WPP). The WPP numbers for Cyprus refer to the entire country. However, the underlying data used to calculate mortality rates estimates, provided by the Health Monitoring Unit of the Cyprus Ministry of Health, cover only the government-controlled areas, whereas according to Eurostat, the number of live births in 2024 was 9,766 (https://doi.org/10.2908/DEMO_FASEC). The population on 1 January 2024 was 966,365 (https://doi.org/10.2908/DEMO_PJAN), the population under 5 was 51,042, the adolescent population was 95,884, and the number of women of reproductive age was 233,867 (https://doi.org/10.2908/DEMO_PJANGROUP).",CME_MRY0,2019
CYP,Cyprus,2020.0,0,CME_MRY0,Infant mortality rate,2.7211166124937,D_PER_1000_B,,_T,,_T,,,2.41134208597713,3.06255206312464,A,,UN_IGME,,"Some UN IGME indicators are calculated using population and live birth numbers from the World Population Prospects: The 2024 revision (WPP). The WPP numbers for Cyprus refer to the entire country. However, the underlying data used to calculate mortality rates estimates, provided by the Health Monitoring Unit of the Cyprus Ministry of Health, cover only the government-controlled areas, whereas according to Eurostat, the number of live births in 2024 was 9,766 (https://doi.org/10.2908/DEMO_FASEC). The population on 1 January 2024 was 966,365 (https://doi.org/10.2908/DEMO_PJAN), the population under 5 was 51,042, the adolescent population was 95,884, and the number of women of reproductive age was 233,867 (https://doi.org/10.2908/DEMO_PJANGROUP).",CME_MRY0,2020
CYP,Cyprus,2021.0,0,CME_MRY0,Infant mortality rate,3.02680732882678,D_PER_1000_B,,_T,,_T,,,2.68233270187773,3.39884232039935,A,,UN_IGME,,"Some UN IGME indicators are calculated using population and live birth numbers from the World Population Prospects: The 2024 revision (WPP). The WPP numbers for Cyprus refer to the entire country. However, the underlying data used to calculate mortality rates estimates, provided by the Health Monitoring Unit of the Cyprus Ministry of Health, cover only the government-controlled areas, whereas according to Eurostat, the number of live births in 2024 was 9,766 (https://doi.org/10.2908/DEMO_FASEC). The population on 1 January 2024 was 966,365 (https://doi.org/10.2908/DEMO_PJAN), the population under 5 was 51,042, the adolescent population was 95,884, and the number of women of reproductive age was 233,867 (https://doi.org/10.2908/DEMO_PJANGROUP).",CME_MRY0,2021
CYP,Cyprus,2022.0,0,CME_MRY0,Infant mortality rate,3.38388157674235,D_PER_1000_B,,_T,,_T,,,2.95390896890398,3.87615004142793,A,,UN_IGME,,"Some UN IGME indicators are calculated using population and live birth numbers from the World Population Prospects: The 2024 revision (WPP). The WPP numbers for Cyprus refer to the entire country. However, the underlying data used to calculate mortality rates estimates, provided by the Health Monitoring Unit of the Cyprus Ministry of Health, cover only the government-controlled areas, whereas according to Eurostat, the number of live births in 2024 was 9,766 (https://doi.org/10.2908/DEMO_FASEC). The population on 1 January 2024 was 966,365 (https://doi.org/10.2908/DEMO_PJAN), the population under 5 was 51,042, the adolescent population was 95,884, and the number of women of reproductive age was 233,867 (https://doi.org/10.2908/DEMO_PJANGROUP).",CME_MRY0,2022
CYP,Cyprus,2023.0,0,CME_MRY0,Infant mortality rate,3.76379048201569,D_PER_1000_B,,_T,,_T,,,3.15129579349189,4.50403721355878,A,,UN_IGME,,"Some UN IGME indicators are calculated using population and live birth numbers from the World Population Prospects: The 2024 revision (WPP). The WPP numbers for Cyprus refer to the entire country. However, the underlying data used to calculate mortality rates estimates, provided by the Health Monitoring Unit of the Cyprus Ministry of Health, cover only the government-controlled areas, whereas according to Eurostat, the number of live births in 2024 was 9,766 (https://doi.org/10.2908/DEMO_FASEC). The population on 1 January 2024 was 966,365 (https://doi.org/10.2908/DEMO_PJAN), the population under 5 was 51,042, the adolescent population was 95,884, and the number of women of reproductive age was 233,867 (https://doi.org/10.2908/DEMO_PJANGROUP).",CME_MRY0,2023
CYP,Cyprus,2024.0,0,CME_MRY0,Infant mortality rate,4.10566054366803,D_PER_1000_B,,_T,,_T,,,3.25536335800327,5.23252028569998,A,,UN_IGME,,"Some UN IGME indicators are calculated using population and live birth numbers from the World Population Prospects: The 2024 revision (WPP). The WPP numbers for Cyprus refer to the entire country. However, the underlying data used to calculate mortality rates estimates, provided by the Health Monitoring Unit of the Cyprus Ministry of Health, cover only the government-controlled areas, whereas according to Eurostat, the number of live births in 2024 was 9,766 (https://doi.org/10.2908/DEMO_FASEC). The population on 1 January 2024 was 966,365 (https://doi.org/10.2908/DEMO_PJAN), the population under 5 was 51,042, the adolescent population was 95,884, and the number of women of reproductive age was 233,867 (https://doi.org/10.2908/DEMO_PJANGROUP).",CME_MRY0,2024
DZA,Algeria,2000.0,0,CME_MRY0,Infant mortality rate,34.7711274447676,D_PER_1000_B,,_T,,_T,,,32.7135379092816,36.9209773727138,A,,UN_IGME,,,CME_MRY0,2000
DZA,Algeria,2001.0,0,CME_MRY0,Infant mortality rate,33.6748182423603,D_PER_1000_B,,_T,,_T,,,31.769059355591,35.6896101015284,A,,UN_IGME,,,CME_MRY0,2001
DZA,Algeria,2002.0,0,CME_MRY0,Infant mortality rate,32.5138115032683,D_PER_1000_B,,_T,,_T,,,30.7195197885354,34.3941931855656,A,,UN_IGME,,,CME_MRY0,2002
DZA,Algeria,2003.0,0,CME_MRY0,Infant mortality rate,31.3172942254213,D_PER_1000_B,,_T,,_T,,,29.6372424996037,33.1025681751452,A,,UN_IGME,,,CME_MRY0,2003
DZA,Algeria,2004.0,0,CME_MRY0,Infant mortality rate,30.1181409162804,D_PER_1000_B,,_T,,_T,,,28.4915931507434,31.8683399618762,A,,UN_IGME,,,CME_MRY0,2004
DZA,Algeria,2005.0,0,CME_MRY0,Infant mortality rate,28.9566637298954,D_PER_1000_B,,_T,,_T,,,27.4005449185538,30.6545995155825,A,,UN_IGME,,,CME_MRY0,2005
DZA,Algeria,2006.0,0,CME_MRY0,Infant mortality rate,27.8627230658813,D_PER_1000_B,,_T,,_T,,,26.3501810970778,29.5124527367073,A,,UN_IGME,,,CME_MRY0,2006
DZA,Algeria,2007.0,0,CME_MRY0,Infant mortality rate,26.8527276250272,D_PER_1000_B,,_T,,_T,,,25.3927487621646,28.4864032404705,A,,UN_IGME,,,CME_MRY0,2007
DZA,Algeria,2008.0,0,CME_MRY0,Infant mortality rate,25.9362368874128,D_PER_1000_B,,_T,,_T,,,24.5236050701196,27.4889220981029,A,,UN_IGME,,,CME_MRY0,2008
DZA,Algeria,2009.0,0,CME_MRY0,Infant mortality rate,25.1199545002693,D_PER_1000_B,,_T,,_T,,,23.7104155664496,26.5982157423573,A,,UN_IGME,,,CME_MRY0,2009
DZA,Algeria,2010.0,0,CME_MRY0,Infant mortality rate,24.3917624055433,D_PER_1000_B,,_T,,_T,,,23.0190015491323,25.826754039539,A,,UN_IGME,,,CME_MRY0,2010
DZA,Algeria,2011.0,0,CME_MRY0,Infant mortality rate,23.7563457780477,D_PER_1000_B,,_T,,_T,,,22.4371653577952,25.1455675218897,A,,UN_IGME,,,CME_MRY0,2011
DZA,Algeria,2012.0,0,CME_MRY0,Infant mortality rate,23.2000550111991,D_PER_1000_B,,_T,,_T,,,21.9239781731135,24.5802971669827,A,,UN_IGME,,,CME_MRY0,2012
DZA,Algeria,2013.0,0,CME_MRY0,Infant mortality rate,22.7225111020136,D_PER_1000_B,,_T,,_T,,,21.481061884734,24.0701679797135,A,,UN_IGME,,,CME_MRY0,2013
DZA,Algeria,2014.0,0,CME_MRY0,Infant mortality rate,22.3042649844607,D_PER_1000_B,,_T,,_T,,,21.063558812965,23.6502527055959,A,,UN_IGME,,,CME_MRY0,2014
DZA,Algeria,2015.0,0,CME_MRY0,Infant mortality rate,21.9318595939233,D_PER_1000_B,,_T,,_T,,,20.7025635233181,23.2644037993859,A,,UN_IGME,,,CME_MRY0,2015
DZA,Algeria,2016.0,0,CME_MRY0,Infant mortality rate,21.5870855555628,D_PER_1000_B,,_T,,_T,,,20.3453099578836,22.9030319629362,A,,UN_IGME,,,CME_MRY0,2016
DZA,Algeria,2017.0,0,CME_MRY0,Infant mortality rate,21.2704158521118,D_PER_1000_B,,_T,,_T,,,20.0276483516667,22.5767247279059,A,,UN_IGME,,,CME_MRY0,2017
DZA,Algeria,2018.0,0,CME_MRY0,Infant mortality rate,20.9835478443225,D_PER_1000_B,,_T,,_T,,,19.7549847747914,22.2754279165771,A,,UN_IGME,,,CME_MRY0,2018
DZA,Algeria,2019.0,0,CME_MRY0,Infant mortality rate,20.7025463909181,D_PER_1000_B,,_T,,_T,,,19.4759040483739,21.9881543885627,A,,UN_IGME,,,CME_MRY0,2019
DZA,Algeria,2020.0,0,CME_MRY0,Infant mortality rate,20.4309009622267,D_PER_1000_B,,_T,,_T,,,19.1686785740696,21.7651522707503,A,,UN_IGME,,,CME_MRY0,2020
DZA,Algeria,2021.0,0,CME_MRY0,Infant mortality rate,20.1913004919892,D_PER_1000_B,,_T,,_T,,,18.813231439659,21.6397975528092,A,,UN_IGME,,,CME_MRY0,2021
DZA,Algeria,2022.0,0,CME_MRY0,Infant mortality rate,19.9528986903008,D_PER_1000_B,,_T,,_T,,,18.377272586157,21.6808661074957,A,,UN_IGME,,,CME_MRY0,2022
DZA,Algeria,2023.0,0,CME_MRY0,Infant mortality rate,19.7229890096332,D_PER_1000_B,,_T,,_T,,,17.7915522562346,21.886386190852,A,,UN_IGME,,,CME_MRY0,2023
DZA,Algeria,2024.0,0,CME_MRY0,Infant mortality rate,19.4634074558349,D_PER_1000_B,,_T,,_T,,,17.0787775543381,22.1620443657527,A,,UN_IGME,,,CME_MRY0,2024
GEO,Georgia,2000.0,0,CME_MRY0,Infant mortality rate,29.2487255015688,D_PER_1000_B,,_T,,_T,,,25.7286478355659,33.5079638123207,A,,UN_IGME,,,CME_MRY0,2000
GEO,Georgia,2001.0,0,CME_MRY0,Infant mortality rate,27.2889704128909,D_PER_1000_B,,_T,,_T,,,24.1180850931618,31.2923358665003,A,,UN_IGME,,,CME_MRY0,2001
GEO,Georgia,2002.0,0,CME_MRY0,Infant mortality rate,25.2428438362723,D_PER_1000_B,,_T,,_T,,,22.4892234180229,28.975276620083,A,,UN_IGME,,,CME_MRY0,2002
GEO,Georgia,2003.0,0,CME_MRY0,Infant mortality rate,23.1803194671671,D_PER_1000_B,,_T,,_T,,,20.8454702952249,26.5470373521584,A,,UN_IGME,,,CME_MRY0,2003
GEO,Georgia,2004.0,0,CME_MRY0,Infant mortality rate,21.1121807068991,D_PER_1000_B,,_T,,_T,,,19.2249889056179,23.9608099028204,A,,UN_IGME,,,CME_MRY0,2004
GEO,Georgia,2005.0,0,CME_MRY0,Infant mortality rate,19.1197247320684,D_PER_1000_B,,_T,,_T,,,17.6447485173984,21.4929011428171,A,,UN_IGME,,,CME_MRY0,2005
GEO,Georgia,2006.0,0,CME_MRY0,Infant mortality rate,17.2796065076497,D_PER_1000_B,,_T,,_T,,,16.129277927255,19.1897474826344,A,,UN_IGME,,,CME_MRY0,2006
GEO,Georgia,2007.0,0,CME_MRY0,Infant mortality rate,15.6147877095762,D_PER_1000_B,,_T,,_T,,,14.7003529265645,17.1288419637911,A,,UN_IGME,,,CME_MRY0,2007
GEO,Georgia,2008.0,0,CME_MRY0,Infant mortality rate,14.1433262600355,D_PER_1000_B,,_T,,_T,,,13.3364877779405,15.3380741056716,A,,UN_IGME,,,CME_MRY0,2008
GEO,Georgia,2009.0,0,CME_MRY0,Infant mortality rate,12.8708261850279,D_PER_1000_B,,_T,,_T,,,12.1365371236075,13.8124871448103,A,,UN_IGME,,,CME_MRY0,2009
GEO,Georgia,2010.0,0,CME_MRY0,Infant mortality rate,11.7987976167295,D_PER_1000_B,,_T,,_T,,,11.0717246653004,12.5953345493333,A,,UN_IGME,,,CME_MRY0,2010
GEO,Georgia,2011.0,0,CME_MRY0,Infant mortality rate,10.9073374258072,D_PER_1000_B,,_T,,_T,,,10.2301118251329,11.6157764570345,A,,UN_IGME,,,CME_MRY0,2011
GEO,Georgia,2012.0,0,CME_MRY0,Infant mortality rate,10.1913158346307,D_PER_1000_B,,_T,,_T,,,9.54894469649839,10.8450603998503,A,,UN_IGME,,,CME_MRY0,2012
GEO,Georgia,2013.0,0,CME_MRY0,Infant mortality rate,9.63873490244498,D_PER_1000_B,,_T,,_T,,,9.02579494191033,10.2559130523746,A,,UN_IGME,,,CME_MRY0,2013
GEO,Georgia,2014.0,0,CME_MRY0,Infant mortality rate,9.22229363970598,D_PER_1000_B,,_T,,_T,,,8.64504641136069,9.81659649196841,A,,UN_IGME,,,CME_MRY0,2014
GEO,Georgia,2015.0,0,CME_MRY0,Infant mortality rate,8.90915858422031,D_PER_1000_B,,_T,,_T,,,8.35971505301507,9.48193329750603,A,,UN_IGME,,,CME_MRY0,2015
GEO,Georgia,2016.0,0,CME_MRY0,Infant mortality rate,8.67958951242896,D_PER_1000_B,,_T,,_T,,,8.14984474224226,9.22119244580196,A,,UN_IGME,,,CME_MRY0,2016
GEO,Georgia,2017.0,0,CME_MRY0,Infant mortality rate,8.4966123414564,D_PER_1000_B,,_T,,_T,,,7.97409476841702,9.02332863689487,A,,UN_IGME,,,CME_MRY0,2017
GEO,Georgia,2018.0,0,CME_MRY0,Infant mortality rate,8.33698962058974,D_PER_1000_B,,_T,,_T,,,7.83066568884355,8.86171106477063,A,,UN_IGME,,,CME_MRY0,2018
GEO,Georgia,2019.0,0,CME_MRY0,Infant mortality rate,8.18327661850406,D_PER_1000_B,,_T,,_T,,,7.70317956544109,8.68145844477371,A,,UN_IGME,,,CME_MRY0,2019
GEO,Georgia,2020.0,0,CME_MRY0,Infant mortality rate,8.03321084775613,D_PER_1000_B,,_T,,_T,,,7.58832540075664,8.50694992867354,A,,UN_IGME,,,CME_MRY0,2020
GEO,Georgia,2021.0,0,CME_MRY0,Infant mortality rate,7.88599219266517,D_PER_1000_B,,_T,,_T,,,7.49894299205169,8.30086199445042,A,,UN_IGME,,,CME_MRY0,2021
GEO,Georgia,2022.0,0,CME_MRY0,Infant mortality rate,7.74575907130983,D_PER_1000_B,,_T,,_T,,,7.39756801698087,8.11648865964628,A,,UN_IGME,,,CME_MRY0,2022
GEO,Georgia,2023.0,0,CME_MRY0,Infant mortality rate,7.60393141100428,D_PER_1000_B,,_T,,_T,,,7.24729211824823,7.97198404865635,A,,UN_IGME,,,CME_MRY0,2023
GEO,Georgia,2024.0,0,CME_MRY0,Infant mortality rate,7.45411015780967,D_PER_1000_B,,_T,,_T,,,6.99858640599959,7.93715887085721,A,,UN_IGME,,,CME_MRY0,2024
GNB,Guinea-Bissau,2000.0,0,CME_MRY0,Infant mortality rate,100.728963208681,D_PER_1000_B,,_T,,_T,,,90.3366064417067,112.10651672444,A,,UN_IGME,,,CME_MRY0,2000
GNB,Guinea-Bissau,2001.0,0,CME_MRY0,Infant mortality rate,97.8568546192073,D_PER_1000_B,,_T,,_T,,,87.558316654516,109.210531226422,A,,UN_IGME,,,CME_MRY0,2001
GNB,Guinea-Bissau,2002.0,0,CME_MRY0,Infant mortality rate,94.8410876680211,D_PER_1000_B,,_T,,_T,,,84.6646486835079,106.156569608228,A,,UN_IGME,,,CME_MRY0,2002
GNB,Guinea-Bissau,2003.0,0,CME_MRY0,Infant mortality rate,91.7843476698722,D_PER_1000_B,,_T,,_T,,,81.7419919527524,103.292389631966,A,,UN_IGME,,,CME_MRY0,2003
GNB,Guinea-Bissau,2004.0,0,CME_MRY0,Infant mortality rate,88.529681440404,D_PER_1000_B,,_T,,_T,,,78.477225898043,100.006248509241,A,,UN_IGME,,,CME_MRY0,2004
GNB,Guinea-Bissau,2005.0,0,CME_MRY0,Infant mortality rate,85.0706592823267,D_PER_1000_B,,_T,,_T,,,74.973028017426,96.4382989072104,A,,UN_IGME,,,CME_MRY0,2005
GNB,Guinea-Bissau,2006.0,0,CME_MRY0,Infant mortality rate,81.6657275365042,D_PER_1000_B,,_T,,_T,,,71.4703275121551,93.1331124666819,A,,UN_IGME,,,CME_MRY0,2006
GNB,Guinea-Bissau,2007.0,0,CME_MRY0,Infant mortality rate,78.2123753277693,D_PER_1000_B,,_T,,_T,,,67.7725038261333,89.8989286061453,A,,UN_IGME,,,CME_MRY0,2007
GNB,Guinea-Bissau,2008.0,0,CME_MRY0,Infant mortality rate,74.6809785399089,D_PER_1000_B,,_T,,_T,,,63.9196720307172,87.1577326911215,A,,UN_IGME,,,CME_MRY0,2008
GNB,Guinea-Bissau,2009.0,0,CME_MRY0,Infant mortality rate,71.1704896510397,D_PER_1000_B,,_T,,_T,,,60.1014601799331,84.6001093074139,A,,UN_IGME,,,CME_MRY0,2009
GNB,Guinea-Bissau,2010.0,0,CME_MRY0,Infant mortality rate,67.9017951013823,D_PER_1000_B,,_T,,_T,,,56.1499973907814,82.2933095631068,A,,UN_IGME,,,CME_MRY0,2010
GNB,Guinea-Bissau,2011.0,0,CME_MRY0,Infant mortality rate,64.620087988429,D_PER_1000_B,,_T,,_T,,,52.1584073284331,80.2530186581842,A,,UN_IGME,,,CME_MRY0,2011
GNB,Guinea-Bissau,2012.0,0,CME_MRY0,Infant mortality rate,61.823707638333,D_PER_1000_B,,_T,,_T,,,48.5453571955742,78.3833892388852,A,,UN_IGME,,,CME_MRY0,2012
GNB,Guinea-Bissau,2013.0,0,CME_MRY0,Infant mortality rate,59.3162335141401,D_PER_1000_B,,_T,,_T,,,45.306486903758,76.8535364391422,A,,UN_IGME,,,CME_MRY0,2013
GNB,Guinea-Bissau,2014.0,0,CME_MRY0,Infant mortality rate,57.1204872850697,D_PER_1000_B,,_T,,_T,,,42.3340392446458,75.7731101369638,A,,UN_IGME,,,CME_MRY0,2014
GNB,Guinea-Bissau,2015.0,0,CME_MRY0,Infant mortality rate,55.1886402993178,D_PER_1000_B,,_T,,_T,,,39.5755243733601,74.7870318003217,A,,UN_IGME,,,CME_MRY0,2015
GNB,Guinea-Bissau,2016.0,0,CME_MRY0,Infant mortality rate,53.3932532447412,D_PER_1000_B,,_T,,_T,,,37.0993083127032,74.4338567602874,A,,UN_IGME,,,CME_MRY0,2016
GNB,Guinea-Bissau,2017.0,0,CME_MRY0,Infant mortality rate,51.6993754830892,D_PER_1000_B,,_T,,_T,,,34.8741550077789,73.9951497986176,A,,UN_IGME,,,CME_MRY0,2017
GNB,Guinea-Bissau,2018.0,0,CME_MRY0,Infant mortality rate,50.1295160352793,D_PER_1000_B,,_T,,_T,,,32.6450519948151,73.8570493502862,A,,UN_IGME,,,CME_MRY0,2018
GNB,Guinea-Bissau,2019.0,0,CME_MRY0,Infant mortality rate,48.6445938501456,D_PER_1000_B,,_T,,_T,,,30.7393910682954,73.5240693963878,A,,UN_IGME,,,CME_MRY0,2019
GNB,Guinea-Bissau,2020.0,0,CME_MRY0,Infant mortality rate,47.2161131982774,D_PER_1000_B,,_T,,_T,,,28.8698096646477,73.7264555547076,A,,UN_IGME,,,CME_MRY0,2020
GNB,Guinea-Bissau,2021.0,0,CME_MRY0,Infant mortality rate,45.9110207320169,D_PER_1000_B,,_T,,_T,,,27.3004866774927,73.7157509571171,A,,UN_IGME,,,CME_MRY0,2021
GNB,Guinea-Bissau,2022.0,0,CME_MRY0,Infant mortality rate,44.6630824683273,D_PER_1000_B,,_T,,_T,,,25.7018809814103,73.8289506556102,A,,UN_IGME,,,CME_MRY0,2022
GNB,Guinea-Bissau,2023.0,0,CME_MRY0,Infant mortality rate,43.3813865737641,D_PER_1000_B,,_T,,_T,,,24.2877947044855,73.5611331134047,A,,UN_IGME,,,CME_MRY0,2023
GNB,Guinea-Bissau,2024.0,0,CME_MRY0,Infant mortality rate,42.07277796645,D_PER_1000_B,,_T,,_T,,,22.9818914046402,73.4414771394088,A,,UN_IGME,,,CME_MRY0,2024
IRN,Iran (Islamic Republic of),2000.0,0,CME_MRY0,Infant mortality rate,31.732874865742,D_PER_1000_B,,_T,,_T,,,28.7178890629323,35.4464248257894,A,,UN_IGME,,,CME_MRY0,2000
IRN,Iran (Islamic Republic of),2001.0,0,CME_MRY0,Infant mortality rate,30.039527619209,D_PER_1000_B,,_T,,_T,,,27.0642745900521,33.6195538400867,A,,UN_IGME,,,CME_MRY0,2001
IRN,Iran (Islamic Republic of),2002.0,0,CME_MRY0,Infant mortality rate,28.3245625617773,D_PER_1000_B,,_T,,_T,,,25.4245555986981,31.7434321997557,A,,UN_IGME,,,CME_MRY0,2002
IRN,Iran (Islamic Republic of),2003.0,0,CME_MRY0,Infant mortality rate,26.6180356158586,D_PER_1000_B,,_T,,_T,,,23.8839829587955,29.7843878198434,A,,UN_IGME,,,CME_MRY0,2003
IRN,Iran (Islamic Republic of),2004.0,0,CME_MRY0,Infant mortality rate,24.9689674752307,D_PER_1000_B,,_T,,_T,,,22.448657884807,27.9112353600905,A,,UN_IGME,,,CME_MRY0,2004
IRN,Iran (Islamic Republic of),2005.0,0,CME_MRY0,Infant mortality rate,23.4151390118228,D_PER_1000_B,,_T,,_T,,,21.0479357513944,26.1037689658376,A,,UN_IGME,,,CME_MRY0,2005
IRN,Iran (Islamic Republic of),2006.0,0,CME_MRY0,Infant mortality rate,21.9516906123739,D_PER_1000_B,,_T,,_T,,,19.7250706467599,24.4296352642962,A,,UN_IGME,,,CME_MRY0,2006
IRN,Iran (Islamic Republic of),2007.0,0,CME_MRY0,Infant mortality rate,20.5823135121548,D_PER_1000_B,,_T,,_T,,,18.4172035003971,23.0026671959168,A,,UN_IGME,,,CME_MRY0,2007
IRN,Iran (Islamic Republic of),2008.0,0,CME_MRY0,Infant mortality rate,19.3278866388335,D_PER_1000_B,,_T,,_T,,,17.1035273903973,21.8779734096592,A,,UN_IGME,,,CME_MRY0,2008
IRN,Iran (Islamic Republic of),2009.0,0,CME_MRY0,Infant mortality rate,18.2111660265714,D_PER_1000_B,,_T,,_T,,,15.8146883872283,20.9745009687241,A,,UN_IGME,,,CME_MRY0,2009
IRN,Iran (Islamic Republic of),2010.0,0,CME_MRY0,Infant mortality rate,17.2650124347499,D_PER_1000_B,,_T,,_T,,,14.5818247812807,20.3274792578942,A,,UN_IGME,,,CME_MRY0,2010
IRN,Iran (Islamic Republic of),2011.0,0,CME_MRY0,Infant mortality rate,16.4514599159244,D_PER_1000_B,,_T,,_T,,,13.4351449986058,19.9177822884523,A,,UN_IGME,,,CME_MRY0,2011
IRN,Iran (Islamic Republic of),2012.0,0,CME_MRY0,Infant mortality rate,15.7447859730563,D_PER_1000_B,,_T,,_T,,,12.4053831759843,19.7281990763705,A,,UN_IGME,,,CME_MRY0,2012
IRN,Iran (Islamic Republic of),2013.0,0,CME_MRY0,Infant mortality rate,15.1023450267377,D_PER_1000_B,,_T,,_T,,,11.502423007444,19.5828764301726,A,,UN_IGME,,,CME_MRY0,2013
IRN,Iran (Islamic Republic of),2014.0,0,CME_MRY0,Infant mortality rate,14.5423962112144,D_PER_1000_B,,_T,,_T,,,10.674817972447,19.5111926716712,A,,UN_IGME,,,CME_MRY0,2014
IRN,Iran (Islamic Republic of),2015.0,0,CME_MRY0,Infant mortality rate,13.9954649795002,D_PER_1000_B,,_T,,_T,,,9.94593169415831,19.5420484993342,A,,UN_IGME,,,CME_MRY0,2015
IRN,Iran (Islamic Republic of),2016.0,0,CME_MRY0,Infant mortality rate,13.4822880411382,D_PER_1000_B,,_T,,_T,,,9.27964616106334,19.5826185997763,A,,UN_IGME,,,CME_MRY0,2016
IRN,Iran (Islamic Republic of),2017.0,0,CME_MRY0,Infant mortality rate,13.0080842245896,D_PER_1000_B,,_T,,_T,,,8.64318626497043,19.6351445174697,A,,UN_IGME,,,CME_MRY0,2017
IRN,Iran (Islamic Republic of),2018.0,0,CME_MRY0,Infant mortality rate,12.5760578510122,D_PER_1000_B,,_T,,_T,,,8.07295240463085,19.5517503290502,A,,UN_IGME,,,CME_MRY0,2018
IRN,Iran (Islamic Republic of),2019.0,0,CME_MRY0,Infant mortality rate,12.146458314328,D_PER_1000_B,,_T,,_T,,,7.53973196579509,19.5231567703086,A,,UN_IGME,,,CME_MRY0,2019
IRN,Iran (Islamic Republic of),2020.0,0,CME_MRY0,Infant mortality rate,11.7680219345979,D_PER_1000_B,,_T,,_T,,,7.06096770236661,19.480935138434,A,,UN_IGME,,,CME_MRY0,2020
IRN,Iran (Islamic Republic of),2021.0,0,CME_MRY0,Infant mortality rate,11.414989178361,D_PER_1000_B,,_T,,_T,,,6.62168433848769,19.4567859274668,A,,UN_IGME,,,CME_MRY0,2021
IRN,Iran (Islamic Republic of),2022.0,0,CME_MRY0,Infant mortality rate,11.0108023142523,D_PER_1000_B,,_T,,_T,,,6.21354727071076,19.4249304317797,A,,UN_IGME,,,CME_MRY0,2022
IRN,Iran (Islamic Republic of),2023.0,0,CME_MRY0,Infant mortality rate,10.6431251700143,D_PER_1000_B,,_T,,_T,,,5.84982862478981,19.3208414187387,A,,UN_IGME,,,CME_MRY0,2023
IRN,Iran (Islamic Republic of),2024.0,0,CME_MRY0,Infant mortality rate,10.3184994132182,D_PER_1000_B,,_T,,_T,,,5.54160379628084,19.0808342641189,A,,UN_IGME,,,CME_MRY0,2024
KGZ,Kyrgyzstan,2000.0,0,CME_MRY0,Infant mortality rate,44.0072195901879,D_PER_1000_B,,_T,,_T,,,39.7312747559977,48.1772268022317,A,,UN_IGME,,,CME_MRY0,2000
KGZ,Kyrgyzstan,2001.0,0,CME_MRY0,Infant mortality rate,41.639735689016,D_PER_1000_B,,_T,,_T,,,37.7109217351957,45.1052141123229,A,,UN_IGME,,,CME_MRY0,2001
KGZ,Kyrgyzstan,2002.0,0,CME_MRY0,Infant mortality rate,39.3541748168297,D_PER_1000_B,,_T,,_T,,,35.8993313450825,42.1811372063012,A,,UN_IGME,,,CME_MRY0,2002
KGZ,Kyrgyzstan,2003.0,0,CME_MRY0,Infant mortality rate,37.210355420661,D_PER_1000_B,,_T,,_T,,,34.4184979736481,39.4554288689166,A,,UN_IGME,,,CME_MRY0,2003
KGZ,Kyrgyzstan,2004.0,0,CME_MRY0,Infant mortality rate,35.3861368458328,D_PER_1000_B,,_T,,_T,,,33.1817397584348,37.1479096439501,A,,UN_IGME,,,CME_MRY0,2004
KGZ,Kyrgyzstan,2005.0,0,CME_MRY0,Infant mortality rate,33.9211630809878,D_PER_1000_B,,_T,,_T,,,32.4337545832695,35.2019794993847,A,,UN_IGME,,,CME_MRY0,2005
KGZ,Kyrgyzstan,2006.0,0,CME_MRY0,Infant mortality rate,32.5978435749038,D_PER_1000_B,,_T,,_T,,,31.6705077575267,33.648668749816,A,,UN_IGME,,,CME_MRY0,2006
KGZ,Kyrgyzstan,2007.0,0,CME_MRY0,Infant mortality rate,31.0960309760522,D_PER_1000_B,,_T,,_T,,,30.2289869179306,32.2363324742328,A,,UN_IGME,,,CME_MRY0,2007
KGZ,Kyrgyzstan,2008.0,0,CME_MRY0,Infant mortality rate,29.3043940234484,D_PER_1000_B,,_T,,_T,,,28.5105615180625,30.3118188695732,A,,UN_IGME,,,CME_MRY0,2008
KGZ,Kyrgyzstan,2009.0,0,CME_MRY0,Infant mortality rate,27.3939422722513,D_PER_1000_B,,_T,,_T,,,26.6249380401959,28.2419100347339,A,,UN_IGME,,,CME_MRY0,2009
KGZ,Kyrgyzstan,2010.0,0,CME_MRY0,Infant mortality rate,25.5717803237641,D_PER_1000_B,,_T,,_T,,,24.7748729944545,26.3015778707093,A,,UN_IGME,,,CME_MRY0,2010
KGZ,Kyrgyzstan,2011.0,0,CME_MRY0,Infant mortality rate,23.9443935037452,D_PER_1000_B,,_T,,_T,,,23.1283014906101,24.6170920558795,A,,UN_IGME,,,CME_MRY0,2011
KGZ,Kyrgyzstan,2012.0,0,CME_MRY0,Infant mortality rate,22.5935826346127,D_PER_1000_B,,_T,,_T,,,21.8295733970127,23.2457724016053,A,,UN_IGME,,,CME_MRY0,2012
KGZ,Kyrgyzstan,2013.0,0,CME_MRY0,Infant mortality rate,21.4809045029093,D_PER_1000_B,,_T,,_T,,,20.8649219388858,22.1011126270129,A,,UN_IGME,,,CME_MRY0,2013
KGZ,Kyrgyzstan,2014.0,0,CME_MRY0,Infant mortality rate,20.468835421472,D_PER_1000_B,,_T,,_T,,,19.9103244042551,21.1606577395694,A,,UN_IGME,,,CME_MRY0,2014
KGZ,Kyrgyzstan,2015.0,0,CME_MRY0,Infant mortality rate,19.4360819166572,D_PER_1000_B,,_T,,_T,,,18.8845989043421,20.0724299727406,A,,UN_IGME,,,CME_MRY0,2015
KGZ,Kyrgyzstan,2016.0,0,CME_MRY0,Infant mortality rate,18.3832589024151,D_PER_1000_B,,_T,,_T,,,17.8150716952969,18.9525889124752,A,,UN_IGME,,,CME_MRY0,2016
KGZ,Kyrgyzstan,2017.0,0,CME_MRY0,Infant mortality rate,17.4260010008424,D_PER_1000_B,,_T,,_T,,,16.8456459133948,17.9724444305589,A,,UN_IGME,,,CME_MRY0,2017
KGZ,Kyrgyzstan,2018.0,0,CME_MRY0,Infant mortality rate,16.6176792407141,D_PER_1000_B,,_T,,_T,,,16.0997418938814,17.1394414929432,A,,UN_IGME,,,CME_MRY0,2018
KGZ,Kyrgyzstan,2019.0,0,CME_MRY0,Infant mortality rate,16.0038470249658,D_PER_1000_B,,_T,,_T,,,15.4977376026992,16.5077438483914,A,,UN_IGME,,,CME_MRY0,2019
KGZ,Kyrgyzstan,2020.0,0,CME_MRY0,Infant mortality rate,15.6012403593831,D_PER_1000_B,,_T,,_T,,,15.1393240214017,16.0436649256401,A,,UN_IGME,,,CME_MRY0,2020
KGZ,Kyrgyzstan,2021.0,0,CME_MRY0,Infant mortality rate,15.3254346918347,D_PER_1000_B,,_T,,_T,,,14.8926046359428,15.7892793910428,A,,UN_IGME,,,CME_MRY0,2021
KGZ,Kyrgyzstan,2022.0,0,CME_MRY0,Infant mortality rate,15.1410466056618,D_PER_1000_B,,_T,,_T,,,14.6138027929022,15.7212980861148,A,,UN_IGME,,,CME_MRY0,2022
KGZ,Kyrgyzstan,2023.0,0,CME_MRY0,Infant mortality rate,14.9675151856281,D_PER_1000_B,,_T,,_T,,,14.1866907206076,15.8276861374042,A,,UN_IGME,,,CME_MRY0,2023
KGZ,Kyrgyzstan,2024.0,0,CME_MRY0,Infant mortality rate,14.7630320470291,D_PER_1000_B,,_T,,_T,,,13.5663692496347,16.1538753414126,A,,UN_IGME,,,CME_MRY0,2024
KWT,Kuwait,2000.0,0,CME_MRY0,Infant mortality rate,10.6432305586673,D_PER_1000_B,,_T,,_T,,,10.3185199089771,10.9707181785511,A,,UN_IGME,,,CME_MRY0,2000
KWT,Kuwait,2001.0,0,CME_MRY0,Infant mortality rate,10.4575975317468,D_PER_1000_B,,_T,,_T,,,10.1484266766809,10.7699358992046,A,,UN_IGME,,,CME_MRY0,2001
KWT,Kuwait,2002.0,0,CME_MRY0,Infant mortality rate,10.3216017478358,D_PER_1000_B,,_T,,_T,,,10.019882370192,10.6212606764471,A,,UN_IGME,,,CME_MRY0,2002
KWT,Kuwait,2003.0,0,CME_MRY0,Infant mortality rate,10.1864717226998,D_PER_1000_B,,_T,,_T,,,9.89058279009602,10.4817999470254,A,,UN_IGME,,,CME_MRY0,2003
KWT,Kuwait,2004.0,0,CME_MRY0,Infant mortality rate,10.0338077188482,D_PER_1000_B,,_T,,_T,,,9.74703621164898,10.3216465745389,A,,UN_IGME,,,CME_MRY0,2004
KWT,Kuwait,2005.0,0,CME_MRY0,Infant mortality rate,9.88687142206893,D_PER_1000_B,,_T,,_T,,,9.59985468563634,10.1739927096598,A,,UN_IGME,,,CME_MRY0,2005
KWT,Kuwait,2006.0,0,CME_MRY0,Infant mortality rate,9.75932266732449,D_PER_1000_B,,_T,,_T,,,9.48323681692795,10.0407897059945,A,,UN_IGME,,,CME_MRY0,2006
KWT,Kuwait,2007.0,0,CME_MRY0,Infant mortality rate,9.64742592884204,D_PER_1000_B,,_T,,_T,,,9.37978921984602,9.91933009156927,A,,UN_IGME,,,CME_MRY0,2007
KWT,Kuwait,2008.0,0,CME_MRY0,Infant mortality rate,9.50884678071997,D_PER_1000_B,,_T,,_T,,,9.24474455322131,9.78578609706584,A,,UN_IGME,,,CME_MRY0,2008
KWT,Kuwait,2009.0,0,CME_MRY0,Infant mortality rate,9.32818930619871,D_PER_1000_B,,_T,,_T,,,9.07538870171598,9.58639802140378,A,,UN_IGME,,,CME_MRY0,2009
KWT,Kuwait,2010.0,0,CME_MRY0,Infant mortality rate,9.08945957099365,D_PER_1000_B,,_T,,_T,,,8.83785555310153,9.34659421136194,A,,UN_IGME,,,CME_MRY0,2010
KWT,Kuwait,2011.0,0,CME_MRY0,Infant mortality rate,8.7930040542469,D_PER_1000_B,,_T,,_T,,,8.54374683106737,9.04285984595543,A,,UN_IGME,,,CME_MRY0,2011
KWT,Kuwait,2012.0,0,CME_MRY0,Infant mortality rate,8.47752137799902,D_PER_1000_B,,_T,,_T,,,8.23721628866358,8.71643922318838,A,,UN_IGME,,,CME_MRY0,2012
KWT,Kuwait,2013.0,0,CME_MRY0,Infant mortality rate,8.1947190784379,D_PER_1000_B,,_T,,_T,,,7.95643948343986,8.43598162659339,A,,UN_IGME,,,CME_MRY0,2013
KWT,Kuwait,2014.0,0,CME_MRY0,Infant mortality rate,7.97045197735215,D_PER_1000_B,,_T,,_T,,,7.74173068291668,8.20803796778758,A,,UN_IGME,,,CME_MRY0,2014
KWT,Kuwait,2015.0,0,CME_MRY0,Infant mortality rate,7.81285186698546,D_PER_1000_B,,_T,,_T,,,7.58425726670006,8.05585134513662,A,,UN_IGME,,,CME_MRY0,2015
KWT,Kuwait,2016.0,0,CME_MRY0,Infant mortality rate,7.71405200882602,D_PER_1000_B,,_T,,_T,,,7.48146608999971,7.95309496414212,A,,UN_IGME,,,CME_MRY0,2016
KWT,Kuwait,2017.0,0,CME_MRY0,Infant mortality rate,7.66321585724542,D_PER_1000_B,,_T,,_T,,,7.41865302203146,7.90707019118482,A,,UN_IGME,,,CME_MRY0,2017
KWT,Kuwait,2018.0,0,CME_MRY0,Infant mortality rate,7.64203487806853,D_PER_1000_B,,_T,,_T,,,7.37775417846344,7.90732615166041,A,,UN_IGME,,,CME_MRY0,2018
KWT,Kuwait,2019.0,0,CME_MRY0,Infant mortality rate,7.62958569417167,D_PER_1000_B,,_T,,_T,,,7.35110282924204,7.91650881000706,A,,UN_IGME,,,CME_MRY0,2019
KWT,Kuwait,2020.0,0,CME_MRY0,Infant mortality rate,7.59834418185814,D_PER_1000_B,,_T,,_T,,,7.30857129483691,7.90261577270866,A,,UN_IGME,,,CME_MRY0,2020
KWT,Kuwait,2021.0,0,CME_MRY0,Infant mortality rate,7.52267103443801,D_PER_1000_B,,_T,,_T,,,7.23086342735141,7.82665376921006,A,,UN_IGME,,,CME_MRY0,2021
KWT,Kuwait,2022.0,0,CME_MRY0,Infant mortality rate,7.39658507975463,D_PER_1000_B,,_T,,_T,,,7.10415244477468,7.69804325713913,A,,UN_IGME,,,CME_MRY0,2022
KWT,Kuwait,2023.0,0,CME_MRY0,Infant mortality rate,7.22525986644569,D_PER_1000_B,,_T,,_T,,,6.9034813923586,7.56052225653482,A,,UN_IGME,,,CME_MRY0,2023
KWT,Kuwait,2024.0,0,CME_MRY0,Infant mortality rate,7.01778321323675,D_PER_1000_B,,_T,,_T,,,6.61116867666864,7.45354742359935,A,,UN_IGME,,,CME_MRY0,2024
LAO,Lao People's Democratic Republic,2000.0,0,CME_MRY0,Infant mortality rate,82.2496735990501,D_PER_1000_B,,_T,,_T,,,75.3259645431954,90.1088281679426,A,,UN_IGME,,,CME_MRY0,2000
LAO,Lao People's Democratic Republic,2001.0,0,CME_MRY0,Infant mortality rate,79.1645646244743,D_PER_1000_B,,_T,,_T,,,72.4583977826424,87.060451959662,A,,UN_IGME,,,CME_MRY0,2001
LAO,Lao People's Democratic Republic,2002.0,0,CME_MRY0,Infant mortality rate,75.9793546485656,D_PER_1000_B,,_T,,_T,,,69.4346168565658,83.6851528945562,A,,UN_IGME,,,CME_MRY0,2002
LAO,Lao People's Democratic Republic,2003.0,0,CME_MRY0,Infant mortality rate,72.7545323686858,D_PER_1000_B,,_T,,_T,,,66.4053709184701,80.2933334729118,A,,UN_IGME,,,CME_MRY0,2003
LAO,Lao People's Democratic Republic,2004.0,0,CME_MRY0,Infant mortality rate,69.484708664874,D_PER_1000_B,,_T,,_T,,,63.2842424951579,76.7236210566023,A,,UN_IGME,,,CME_MRY0,2004
LAO,Lao People's Democratic Republic,2005.0,0,CME_MRY0,Infant mortality rate,66.2060124482466,D_PER_1000_B,,_T,,_T,,,60.2075172132881,73.2169988358829,A,,UN_IGME,,,CME_MRY0,2005
LAO,Lao People's Democratic Republic,2006.0,0,CME_MRY0,Infant mortality rate,63.0125161286094,D_PER_1000_B,,_T,,_T,,,57.1041906162182,69.8121835639027,A,,UN_IGME,,,CME_MRY0,2006
LAO,Lao People's Democratic Republic,2007.0,0,CME_MRY0,Infant mortality rate,59.9076773347546,D_PER_1000_B,,_T,,_T,,,54.0673726263811,66.4759433202609,A,,UN_IGME,,,CME_MRY0,2007
LAO,Lao People's Democratic Republic,2008.0,0,CME_MRY0,Infant mortality rate,56.8324204939241,D_PER_1000_B,,_T,,_T,,,51.1844213784636,63.3483552272006,A,,UN_IGME,,,CME_MRY0,2008
LAO,Lao People's Democratic Republic,2009.0,0,CME_MRY0,Infant mortality rate,53.9293848596161,D_PER_1000_B,,_T,,_T,,,48.3197981763835,60.3176413306769,A,,UN_IGME,,,CME_MRY0,2009
LAO,Lao People's Democratic Republic,2010.0,0,CME_MRY0,Infant mortality rate,51.2069396219833,D_PER_1000_B,,_T,,_T,,,45.6028486280191,57.5702363336604,A,,UN_IGME,,,CME_MRY0,2010
LAO,Lao People's Democratic Republic,2011.0,0,CME_MRY0,Infant mortality rate,48.6103675427714,D_PER_1000_B,,_T,,_T,,,43.024327597198,54.9406634304413,A,,UN_IGME,,,CME_MRY0,2011
LAO,Lao People's Democratic Republic,2012.0,0,CME_MRY0,Infant mortality rate,46.1837843144367,D_PER_1000_B,,_T,,_T,,,40.609170777373,52.5548903356315,A,,UN_IGME,,,CME_MRY0,2012
LAO,Lao People's Democratic Republic,2013.0,0,CME_MRY0,Infant mortality rate,43.9575070739534,D_PER_1000_B,,_T,,_T,,,38.3658296318766,50.3633417598465,A,,UN_IGME,,,CME_MRY0,2013
LAO,Lao People's Democratic Republic,2014.0,0,CME_MRY0,Infant mortality rate,41.8687411817511,D_PER_1000_B,,_T,,_T,,,36.1556920140678,48.2387498741036,A,,UN_IGME,,,CME_MRY0,2014
LAO,Lao People's Democratic Republic,2015.0,0,CME_MRY0,Infant mortality rate,39.9116197286914,D_PER_1000_B,,_T,,_T,,,34.1660765476325,46.3107099319106,A,,UN_IGME,,,CME_MRY0,2015
LAO,Lao People's Democratic Republic,2016.0,0,CME_MRY0,Infant mortality rate,38.0885427033582,D_PER_1000_B,,_T,,_T,,,32.3350006078189,44.6874178259087,A,,UN_IGME,,,CME_MRY0,2016
LAO,Lao People's Democratic Republic,2017.0,0,CME_MRY0,Infant mortality rate,36.3721149242906,D_PER_1000_B,,_T,,_T,,,30.443364436309,43.1157678623941,A,,UN_IGME,,,CME_MRY0,2017
LAO,Lao People's Democratic Republic,2018.0,0,CME_MRY0,Infant mortality rate,34.7954609395706,D_PER_1000_B,,_T,,_T,,,28.6871350214959,41.6821929406883,A,,UN_IGME,,,CME_MRY0,2018
LAO,Lao People's Democratic Republic,2019.0,0,CME_MRY0,Infant mortality rate,33.3178807044541,D_PER_1000_B,,_T,,_T,,,27.0179535157999,40.5047550056628,A,,UN_IGME,,,CME_MRY0,2019
LAO,Lao People's Democratic Republic,2020.0,0,CME_MRY0,Infant mortality rate,31.8841200846653,D_PER_1000_B,,_T,,_T,,,25.340616672393,39.4613587021796,A,,UN_IGME,,,CME_MRY0,2020
LAO,Lao People's Democratic Republic,2021.0,0,CME_MRY0,Infant mortality rate,30.5310147617594,D_PER_1000_B,,_T,,_T,,,23.8046970578133,38.5029291750167,A,,UN_IGME,,,CME_MRY0,2021
LAO,Lao People's Democratic Republic,2022.0,0,CME_MRY0,Infant mortality rate,29.2965910197018,D_PER_1000_B,,_T,,_T,,,22.4245896467841,37.6576822610919,A,,UN_IGME,,,CME_MRY0,2022
LAO,Lao People's Democratic Republic,2023.0,0,CME_MRY0,Infant mortality rate,28.1783813564461,D_PER_1000_B,,_T,,_T,,,21.169765864345,36.9734149921362,A,,UN_IGME,,,CME_MRY0,2023
LAO,Lao People's Democratic Republic,2024.0,0,CME_MRY0,Infant mortality rate,27.1623402758955,D_PER_1000_B,,_T,,_T,,,20.0217687616463,36.4334888519092,A,,UN_IGME,,,CME_MRY0,2024
MAR,Morocco,2000.0,0,CME_MRY0,Infant mortality rate,45.4294528365117,D_PER_1000_B,,_T,,_T,,,41.2347096202042,50.3111343411482,A,,UN_IGME,,,CME_MRY0,2000
MAR,Morocco,2001.0,0,CME_MRY0,Infant mortality rate,43.7599768447552,D_PER_1000_B,,_T,,_T,,,39.6080286593739,48.6531332267487,A,,UN_IGME,,,CME_MRY0,2001
MAR,Morocco,2002.0,0,CME_MRY0,Infant mortality rate,42.0870891484554,D_PER_1000_B,,_T,,_T,,,38.0140870623069,46.9971974351081,A,,UN_IGME,,,CME_MRY0,2002
MAR,Morocco,2003.0,0,CME_MRY0,Infant mortality rate,40.3791798274097,D_PER_1000_B,,_T,,_T,,,36.3801232427652,45.1941975518064,A,,UN_IGME,,,CME_MRY0,2003
MAR,Morocco,2004.0,0,CME_MRY0,Infant mortality rate,38.6246435234628,D_PER_1000_B,,_T,,_T,,,34.7202468968896,43.3683993221275,A,,UN_IGME,,,CME_MRY0,2004
MAR,Morocco,2005.0,0,CME_MRY0,Infant mortality rate,36.8200079993501,D_PER_1000_B,,_T,,_T,,,33.0361728249042,41.2118974992698,A,,UN_IGME,,,CME_MRY0,2005
MAR,Morocco,2006.0,0,CME_MRY0,Infant mortality rate,34.9896688808828,D_PER_1000_B,,_T,,_T,,,31.2675092778895,39.0506289439726,A,,UN_IGME,,,CME_MRY0,2006
MAR,Morocco,2007.0,0,CME_MRY0,Infant mortality rate,33.1558204061458,D_PER_1000_B,,_T,,_T,,,29.5560633429153,36.9584924477022,A,,UN_IGME,,,CME_MRY0,2007
MAR,Morocco,2008.0,0,CME_MRY0,Infant mortality rate,31.3620239407584,D_PER_1000_B,,_T,,_T,,,27.7780565620712,34.9735972701979,A,,UN_IGME,,,CME_MRY0,2008
MAR,Morocco,2009.0,0,CME_MRY0,Infant mortality rate,29.6769099684177,D_PER_1000_B,,_T,,_T,,,26.0792880049642,33.152260102439,A,,UN_IGME,,,CME_MRY0,2009
MAR,Morocco,2010.0,0,CME_MRY0,Infant mortality rate,28.0730087652395,D_PER_1000_B,,_T,,_T,,,24.4581564386258,31.6252297361711,A,,UN_IGME,,,CME_MRY0,2010
MAR,Morocco,2011.0,0,CME_MRY0,Infant mortality rate,26.5789431765709,D_PER_1000_B,,_T,,_T,,,22.8233400577536,30.2377146950941,A,,UN_IGME,,,CME_MRY0,2011
MAR,Morocco,2012.0,0,CME_MRY0,Infant mortality rate,25.168778152195,D_PER_1000_B,,_T,,_T,,,21.2789625900867,29.0434642335599,A,,UN_IGME,,,CME_MRY0,2012
MAR,Morocco,2013.0,0,CME_MRY0,Infant mortality rate,23.8146654571705,D_PER_1000_B,,_T,,_T,,,19.8566705844366,27.9543259138481,A,,UN_IGME,,,CME_MRY0,2013
MAR,Morocco,2014.0,0,CME_MRY0,Infant mortality rate,22.5333357163858,D_PER_1000_B,,_T,,_T,,,18.4156568513611,27.0114138608571,A,,UN_IGME,,,CME_MRY0,2014
MAR,Morocco,2015.0,0,CME_MRY0,Infant mortality rate,21.359660871323,D_PER_1000_B,,_T,,_T,,,17.0733224441443,26.0841679435771,A,,UN_IGME,,,CME_MRY0,2015
MAR,Morocco,2016.0,0,CME_MRY0,Infant mortality rate,20.2800528460211,D_PER_1000_B,,_T,,_T,,,15.8295712354387,25.2676634667239,A,,UN_IGME,,,CME_MRY0,2016
MAR,Morocco,2017.0,0,CME_MRY0,Infant mortality rate,19.3287991308037,D_PER_1000_B,,_T,,_T,,,14.7260479681139,24.580586598652,A,,UN_IGME,,,CME_MRY0,2017
MAR,Morocco,2018.0,0,CME_MRY0,Infant mortality rate,18.5283671333994,D_PER_1000_B,,_T,,_T,,,13.7280233651452,24.1134057930189,A,,UN_IGME,,,CME_MRY0,2018
MAR,Morocco,2019.0,0,CME_MRY0,Infant mortality rate,17.7677446122648,D_PER_1000_B,,_T,,_T,,,12.8857106199892,23.6880075234167,A,,UN_IGME,,,CME_MRY0,2019
MAR,Morocco,2020.0,0,CME_MRY0,Infant mortality rate,17.0975915739383,D_PER_1000_B,,_T,,_T,,,12.1049146007364,23.2496991971396,A,,UN_IGME,,,CME_MRY0,2020
MAR,Morocco,2021.0,0,CME_MRY0,Infant mortality rate,16.4570594742846,D_PER_1000_B,,_T,,_T,,,11.2944850178899,23.0562184467272,A,,UN_IGME,,,CME_MRY0,2021
MAR,Morocco,2022.0,0,CME_MRY0,Infant mortality rate,15.8679981731646,D_PER_1000_B,,_T,,_T,,,10.6220467924944,22.8721101308747,A,,UN_IGME,,,CME_MRY0,2022
MAR,Morocco,2023.0,0,CME_MRY0,Infant mortality rate,15.2651127523849,D_PER_1000_B,,_T,,_T,,,9.96373662177635,22.7778004058252,A,,UN_IGME,,,CME_MRY0,2023
MAR,Morocco,2024.0,0,CME_MRY0,Infant mortality rate,14.730741839656,D_PER_1000_B,,_T,,_T,,,9.3644594133779,22.6079944860857,A,,UN_IGME,,,CME_MRY0,2024
MLT,Malta,2000.0,0,CME_MRY0,Infant mortality rate,6.6879019975205,D_PER_1000_B,,_T,,_T,,,6.11220209184678,7.31619225713633,A,,UN_IGME,,,CME_MRY0,2000
MLT,Malta,2001.0,0,CME_MRY0,Infant mortality rate,6.48137717646022,D_PER_1000_B,,_T,,_T,,,5.90644143246642,7.09565466388268,A,,UN_IGME,,,CME_MRY0,2001
MLT,Malta,2002.0,0,CME_MRY0,Infant mortality rate,6.31529575698817,D_PER_1000_B,,_T,,_T,,,5.74415041598342,6.91901670474176,A,,UN_IGME,,,CME_MRY0,2002
MLT,Malta,2003.0,0,CME_MRY0,Infant mortality rate,6.19577529257566,D_PER_1000_B,,_T,,_T,,,5.62487317041007,6.80052267056639,A,,UN_IGME,,,CME_MRY0,2003
MLT,Malta,2004.0,0,CME_MRY0,Infant mortality rate,6.11166502960754,D_PER_1000_B,,_T,,_T,,,5.54688941466961,6.70502896673645,A,,UN_IGME,,,CME_MRY0,2004
MLT,Malta,2005.0,0,CME_MRY0,Infant mortality rate,6.0616325937748,D_PER_1000_B,,_T,,_T,,,5.50206195491746,6.6639212410309,A,,UN_IGME,,,CME_MRY0,2005
MLT,Malta,2006.0,0,CME_MRY0,Infant mortality rate,6.03691174519137,D_PER_1000_B,,_T,,_T,,,5.4802613868684,6.63755420406469,A,,UN_IGME,,,CME_MRY0,2006
MLT,Malta,2007.0,0,CME_MRY0,Infant mortality rate,6.02774207022037,D_PER_1000_B,,_T,,_T,,,5.47753026465967,6.62735672043456,A,,UN_IGME,,,CME_MRY0,2007
MLT,Malta,2008.0,0,CME_MRY0,Infant mortality rate,6.02743462753342,D_PER_1000_B,,_T,,_T,,,5.48413887937783,6.63072742947903,A,,UN_IGME,,,CME_MRY0,2008
MLT,Malta,2009.0,0,CME_MRY0,Infant mortality rate,6.02853140513086,D_PER_1000_B,,_T,,_T,,,5.48221195197474,6.63808623305805,A,,UN_IGME,,,CME_MRY0,2009
MLT,Malta,2010.0,0,CME_MRY0,Infant mortality rate,6.02323632751546,D_PER_1000_B,,_T,,_T,,,5.47809517763635,6.62612811513325,A,,UN_IGME,,,CME_MRY0,2010
MLT,Malta,2011.0,0,CME_MRY0,Infant mortality rate,6.00278755102407,D_PER_1000_B,,_T,,_T,,,5.45176203181536,6.61910451473722,A,,UN_IGME,,,CME_MRY0,2011
MLT,Malta,2012.0,0,CME_MRY0,Infant mortality rate,5.97297749362665,D_PER_1000_B,,_T,,_T,,,5.41477807522265,6.57559480090543,A,,UN_IGME,,,CME_MRY0,2012
MLT,Malta,2013.0,0,CME_MRY0,Infant mortality rate,5.92587719483667,D_PER_1000_B,,_T,,_T,,,5.37078107718566,6.5200731078255,A,,UN_IGME,,,CME_MRY0,2013
MLT,Malta,2014.0,0,CME_MRY0,Infant mortality rate,5.86935856921929,D_PER_1000_B,,_T,,_T,,,5.31695904352426,6.46348977621911,A,,UN_IGME,,,CME_MRY0,2014
MLT,Malta,2015.0,0,CME_MRY0,Infant mortality rate,5.79622509706103,D_PER_1000_B,,_T,,_T,,,5.26355081737806,6.38301417325394,A,,UN_IGME,,,CME_MRY0,2015
MLT,Malta,2016.0,0,CME_MRY0,Infant mortality rate,5.70969905324591,D_PER_1000_B,,_T,,_T,,,5.18400721191672,6.29542985022813,A,,UN_IGME,,,CME_MRY0,2016
MLT,Malta,2017.0,0,CME_MRY0,Infant mortality rate,5.61459536743654,D_PER_1000_B,,_T,,_T,,,5.08929737512906,6.20045353763626,A,,UN_IGME,,,CME_MRY0,2017
MLT,Malta,2018.0,0,CME_MRY0,Infant mortality rate,5.49387400798683,D_PER_1000_B,,_T,,_T,,,4.95842359449845,6.10598665918649,A,,UN_IGME,,,CME_MRY0,2018
MLT,Malta,2019.0,0,CME_MRY0,Infant mortality rate,5.3753961506433,D_PER_1000_B,,_T,,_T,,,4.78932315274265,6.02976938027517,A,,UN_IGME,,,CME_MRY0,2019
MLT,Malta,2020.0,0,CME_MRY0,Infant mortality rate,5.24450672019208,D_PER_1000_B,,_T,,_T,,,4.59057839748655,5.98073749750392,A,,UN_IGME,,,CME_MRY0,2020
MLT,Malta,2021.0,0,CME_MRY0,Infant mortality rate,5.10732586811527,D_PER_1000_B,,_T,,_T,,,4.37035569517828,5.96314574734743,A,,UN_IGME,,,CME_MRY0,2021
MLT,Malta,2022.0,0,CME_MRY0,Infant mortality rate,4.97107484723304,D_PER_1000_B,,_T,,_T,,,4.14123643175657,5.9546050794676,A,,UN_IGME,,,CME_MRY0,2022
MLT,Malta,2023.0,0,CME_MRY0,Infant mortality rate,4.84224110481755,D_PER_1000_B,,_T,,_T,,,3.91400862494996,5.97171293552983,A,,UN_IGME,,,CME_MRY0,2023
MLT,Malta,2024.0,0,CME_MRY0,Infant mortality rate,4.70352630237053,D_PER_1000_B,,_T,,_T,,,3.68002852746717,5.97588023977879,A,,UN_IGME,,,CME_MRY0,2024
OMN,Oman,2000.0,0,CME_MRY0,Infant mortality rate,13.4097758477384,D_PER_1000_B,,_T,,_T,,,11.7091771962495,15.3359119780974,A,,UN_IGME,,,CME_MRY0,2000
OMN,Oman,2001.0,0,CME_MRY0,Infant mortality rate,12.5765552034933,D_PER_1000_B,,_T,,_T,,,11.041464349395,14.3306887287803,A,,UN_IGME,,,CME_MRY0,2001
OMN,Oman,2002.0,0,CME_MRY0,Infant mortality rate,11.8676429364381,D_PER_1000_B,,_T,,_T,,,10.4987842211394,13.4512549275407,A,,UN_IGME,,,CME_MRY0,2002
OMN,Oman,2003.0,0,CME_MRY0,Infant mortality rate,11.2846503657314,D_PER_1000_B,,_T,,_T,,,10.0822195752931,12.6566694969241,A,,UN_IGME,,,CME_MRY0,2003
OMN,Oman,2004.0,0,CME_MRY0,Infant mortality rate,10.8139198949463,D_PER_1000_B,,_T,,_T,,,9.78356608761939,11.978470316718,A,,UN_IGME,,,CME_MRY0,2004
OMN,Oman,2005.0,0,CME_MRY0,Infant mortality rate,10.444703509947,D_PER_1000_B,,_T,,_T,,,9.59691581214044,11.3978916982522,A,,UN_IGME,,,CME_MRY0,2005
OMN,Oman,2006.0,0,CME_MRY0,Infant mortality rate,10.1544635994114,D_PER_1000_B,,_T,,_T,,,9.4714088490251,10.9026602222726,A,,UN_IGME,,,CME_MRY0,2006
OMN,Oman,2007.0,0,CME_MRY0,Infant mortality rate,9.94211512517642,D_PER_1000_B,,_T,,_T,,,9.41284967104012,10.4967627015892,A,,UN_IGME,,,CME_MRY0,2007
OMN,Oman,2008.0,0,CME_MRY0,Infant mortality rate,9.77972177203222,D_PER_1000_B,,_T,,_T,,,9.36901926212633,10.1952973945194,A,,UN_IGME,,,CME_MRY0,2008
OMN,Oman,2009.0,0,CME_MRY0,Infant mortality rate,9.6519286451831,D_PER_1000_B,,_T,,_T,,,9.3268502151324,9.9694474086861,A,,UN_IGME,,,CME_MRY0,2009
OMN,Oman,2010.0,0,CME_MRY0,Infant mortality rate,9.53497095221636,D_PER_1000_B,,_T,,_T,,,9.25258561427795,9.81804181194068,A,,UN_IGME,,,CME_MRY0,2010
OMN,Oman,2011.0,0,CME_MRY0,Infant mortality rate,9.4153034731587,D_PER_1000_B,,_T,,_T,,,9.15817258656929,9.66899771804829,A,,UN_IGME,,,CME_MRY0,2011
OMN,Oman,2012.0,0,CME_MRY0,Infant mortality rate,9.29582388983207,D_PER_1000_B,,_T,,_T,,,9.05233094274119,9.54225983331257,A,,UN_IGME,,,CME_MRY0,2012
OMN,Oman,2013.0,0,CME_MRY0,Infant mortality rate,9.18596311234405,D_PER_1000_B,,_T,,_T,,,8.94722474030559,9.43579280640401,A,,UN_IGME,,,CME_MRY0,2013
OMN,Oman,2014.0,0,CME_MRY0,Infant mortality rate,9.09748734230601,D_PER_1000_B,,_T,,_T,,,8.84570565842398,9.35443782943149,A,,UN_IGME,,,CME_MRY0,2014
OMN,Oman,2015.0,0,CME_MRY0,Infant mortality rate,9.02482649376091,D_PER_1000_B,,_T,,_T,,,8.74538920422159,9.30827164583758,A,,UN_IGME,,,CME_MRY0,2015
OMN,Oman,2016.0,0,CME_MRY0,Infant mortality rate,8.96108451256911,D_PER_1000_B,,_T,,_T,,,8.64837244480794,9.27474093200111,A,,UN_IGME,,,CME_MRY0,2016
OMN,Oman,2017.0,0,CME_MRY0,Infant mortality rate,8.89745554741945,D_PER_1000_B,,_T,,_T,,,8.54677912049133,9.25210246253205,A,,UN_IGME,,,CME_MRY0,2017
OMN,Oman,2018.0,0,CME_MRY0,Infant mortality rate,8.82719125252133,D_PER_1000_B,,_T,,_T,,,8.43274016536226,9.23087011048104,A,,UN_IGME,,,CME_MRY0,2018
OMN,Oman,2019.0,0,CME_MRY0,Infant mortality rate,8.7371710093189,D_PER_1000_B,,_T,,_T,,,8.31055454886418,9.18329135147411,A,,UN_IGME,,,CME_MRY0,2019
OMN,Oman,2020.0,0,CME_MRY0,Infant mortality rate,8.64635727629398,D_PER_1000_B,,_T,,_T,,,8.17775193481705,9.13241792190871,A,,UN_IGME,,,CME_MRY0,2020
OMN,Oman,2021.0,0,CME_MRY0,Infant mortality rate,8.55498887258126,D_PER_1000_B,,_T,,_T,,,8.05992306757384,9.08705355015865,A,,UN_IGME,,,CME_MRY0,2021
OMN,Oman,2022.0,0,CME_MRY0,Infant mortality rate,8.4719181464848,D_PER_1000_B,,_T,,_T,,,7.91243830136442,9.05936115439437,A,,UN_IGME,,,CME_MRY0,2022
OMN,Oman,2023.0,0,CME_MRY0,Infant mortality rate,8.38780915841267,D_PER_1000_B,,_T,,_T,,,7.73072371302119,9.09945855963446,A,,UN_IGME,,,CME_MRY0,2023
OMN,Oman,2024.0,0,CME_MRY0,Infant mortality rate,8.29444580167174,D_PER_1000_B,,_T,,_T,,,7.48578321253545,9.18242722907594,A,,UN_IGME,,,CME_MRY0,2024
TJK,Tajikistan,2000.0,0,CME_MRY0,Infant mortality rate,61.4658244405561,D_PER_1000_B,,_T,,_T,,,55.4935516607066,68.1219023970708,A,,UN_IGME,,,CME_MRY0,2000
TJK,Tajikistan,2001.0,0,CME_MRY0,Infant mortality rate,56.4781352384466,D_PER_1000_B,,_T,,_T,,,50.5815967092983,63.013462324866,A,,UN_IGME,,,CME_MRY0,2001
TJK,Tajikistan,2002.0,0,CME_MRY0,Infant mortality rate,51.7252290823727,D_PER_1000_B,,_T,,_T,,,46.1005775576059,57.8473555863242,A,,UN_IGME,,,CME_MRY0,2002
TJK,Tajikistan,2003.0,0,CME_MRY0,Infant mortality rate,47.3035517894953,D_PER_1000_B,,_T,,_T,,,42.1196738164968,53.0720689490374,A,,UN_IGME,,,CME_MRY0,2003
TJK,Tajikistan,2004.0,0,CME_MRY0,Infant mortality rate,43.3478025112018,D_PER_1000_B,,_T,,_T,,,38.5050324764525,48.8887409410832,A,,UN_IGME,,,CME_MRY0,2004
TJK,Tajikistan,2005.0,0,CME_MRY0,Infant mortality rate,40.0275640927902,D_PER_1000_B,,_T,,_T,,,35.3857990595373,45.1735397726703,A,,UN_IGME,,,CME_MRY0,2005
TJK,Tajikistan,2006.0,0,CME_MRY0,Infant mortality rate,37.1862748923557,D_PER_1000_B,,_T,,_T,,,32.8530494246904,42.1793254265252,A,,UN_IGME,,,CME_MRY0,2006
TJK,Tajikistan,2007.0,0,CME_MRY0,Infant mortality rate,34.9064018248368,D_PER_1000_B,,_T,,_T,,,30.8296301497655,39.616503594502,A,,UN_IGME,,,CME_MRY0,2007
TJK,Tajikistan,2008.0,0,CME_MRY0,Infant mortality rate,33.106229946978,D_PER_1000_B,,_T,,_T,,,29.2580091139722,37.530843009053,A,,UN_IGME,,,CME_MRY0,2008
TJK,Tajikistan,2009.0,0,CME_MRY0,Infant mortality rate,31.6177042372663,D_PER_1000_B,,_T,,_T,,,27.9808117274472,35.8282548957874,A,,UN_IGME,,,CME_MRY0,2009
TJK,Tajikistan,2010.0,0,CME_MRY0,Infant mortality rate,30.3689981067777,D_PER_1000_B,,_T,,_T,,,26.7720655310553,34.4456590092049,A,,UN_IGME,,,CME_MRY0,2010
TJK,Tajikistan,2011.0,0,CME_MRY0,Infant mortality rate,29.3113960740901,D_PER_1000_B,,_T,,_T,,,25.7534576253051,33.3819718167255,A,,UN_IGME,,,CME_MRY0,2011
TJK,Tajikistan,2012.0,0,CME_MRY0,Infant mortality rate,28.4244012283749,D_PER_1000_B,,_T,,_T,,,24.8951060681452,32.4479535528512,A,,UN_IGME,,,CME_MRY0,2012
TJK,Tajikistan,2013.0,0,CME_MRY0,Infant mortality rate,27.6203005350592,D_PER_1000_B,,_T,,_T,,,24.1368015438067,31.6494025733705,A,,UN_IGME,,,CME_MRY0,2013
TJK,Tajikistan,2014.0,0,CME_MRY0,Infant mortality rate,26.9158108168123,D_PER_1000_B,,_T,,_T,,,23.3803540827749,31.0016771703088,A,,UN_IGME,,,CME_MRY0,2014
TJK,Tajikistan,2015.0,0,CME_MRY0,Infant mortality rate,26.3289537660298,D_PER_1000_B,,_T,,_T,,,22.7151222712438,30.4868699907128,A,,UN_IGME,,,CME_MRY0,2015
TJK,Tajikistan,2016.0,0,CME_MRY0,Infant mortality rate,25.830429212055,D_PER_1000_B,,_T,,_T,,,22.0579858557427,30.2774186253588,A,,UN_IGME,,,CME_MRY0,2016
TJK,Tajikistan,2017.0,0,CME_MRY0,Infant mortality rate,25.4698067605603,D_PER_1000_B,,_T,,_T,,,21.5029253876836,30.1837420183014,A,,UN_IGME,,,CME_MRY0,2017
TJK,Tajikistan,2018.0,0,CME_MRY0,Infant mortality rate,25.2519804768232,D_PER_1000_B,,_T,,_T,,,21.0606561383208,30.226911222078,A,,UN_IGME,,,CME_MRY0,2018
TJK,Tajikistan,2019.0,0,CME_MRY0,Infant mortality rate,25.0432943334286,D_PER_1000_B,,_T,,_T,,,20.5296536383022,30.5842454037879,A,,UN_IGME,,,CME_MRY0,2019
TJK,Tajikistan,2020.0,0,CME_MRY0,Infant mortality rate,24.8851781513776,D_PER_1000_B,,_T,,_T,,,19.8123337744203,31.3066071090787,A,,UN_IGME,,,CME_MRY0,2020
TJK,Tajikistan,2021.0,0,CME_MRY0,Infant mortality rate,24.6797616055273,D_PER_1000_B,,_T,,_T,,,18.8401875114976,32.3030367167377,A,,UN_IGME,,,CME_MRY0,2021
TJK,Tajikistan,2022.0,0,CME_MRY0,Infant mortality rate,24.3976194510649,D_PER_1000_B,,_T,,_T,,,17.795248698055,33.4696381946747,A,,UN_IGME,,,CME_MRY0,2022
TJK,Tajikistan,2023.0,0,CME_MRY0,Infant mortality rate,23.9526511712782,D_PER_1000_B,,_T,,_T,,,16.7195257451474,34.6301497950277,A,,UN_IGME,,,CME_MRY0,2023
TJK,Tajikistan,2024.0,0,CME_MRY0,Infant mortality rate,23.4783164945569,D_PER_1000_B,,_T,,_T,,,15.6455066230021,35.4779099950003,A,,UN_IGME,,,CME_MRY0,2024
YEM,Yemen,2000.0,0,CME_MRY0,Infant mortality rate,75.7660651086298,D_PER_1000_B,,_T,,_T,,,69.6340309702463,82.3874780129712,A,,UN_IGME,,,CME_MRY0,2000
YEM,Yemen,2001.0,0,CME_MRY0,Infant mortality rate,72.2400375713837,D_PER_1000_B,,_T,,_T,,,66.4351289481631,78.5217005498985,A,,UN_IGME,,,CME_MRY0,2001
YEM,Yemen,2002.0,0,CME_MRY0,Infant mortality rate,68.672299950341,D_PER_1000_B,,_T,,_T,,,63.1094954308578,74.5948982794177,A,,UN_IGME,,,CME_MRY0,2002
YEM,Yemen,2003.0,0,CME_MRY0,Infant mortality rate,65.2223041444196,D_PER_1000_B,,_T,,_T,,,59.8164704854186,70.8641506458938,A,,UN_IGME,,,CME_MRY0,2003
YEM,Yemen,2004.0,0,CME_MRY0,Infant mortality rate,61.9086425092606,D_PER_1000_B,,_T,,_T,,,56.6590716507949,67.50556519697,A,,UN_IGME,,,CME_MRY0,2004
YEM,Yemen,2005.0,0,CME_MRY0,Infant mortality rate,58.8035674927718,D_PER_1000_B,,_T,,_T,,,53.645538771144,64.2978820408046,A,,UN_IGME,,,CME_MRY0,2005
YEM,Yemen,2006.0,0,CME_MRY0,Infant mortality rate,55.9146349942301,D_PER_1000_B,,_T,,_T,,,50.7779796397051,61.3706864451195,A,,UN_IGME,,,CME_MRY0,2006
YEM,Yemen,2007.0,0,CME_MRY0,Infant mortality rate,53.2463086921356,D_PER_1000_B,,_T,,_T,,,48.1107771793011,58.7099403826131,A,,UN_IGME,,,CME_MRY0,2007
YEM,Yemen,2008.0,0,CME_MRY0,Infant mortality rate,50.7615630184541,D_PER_1000_B,,_T,,_T,,,45.8390363626477,56.2444689912013,A,,UN_IGME,,,CME_MRY0,2008
YEM,Yemen,2009.0,0,CME_MRY0,Infant mortality rate,48.6222917728374,D_PER_1000_B,,_T,,_T,,,43.7555114895324,54.0953067887013,A,,UN_IGME,,,CME_MRY0,2009
YEM,Yemen,2010.0,0,CME_MRY0,Infant mortality rate,46.7149319820147,D_PER_1000_B,,_T,,_T,,,41.9700699479255,52.1926556127759,A,,UN_IGME,,,CME_MRY0,2010
YEM,Yemen,2011.0,0,CME_MRY0,Infant mortality rate,45.1902408859907,D_PER_1000_B,,_T,,_T,,,40.4245890996919,50.5979559389141,A,,UN_IGME,,,CME_MRY0,2011
YEM,Yemen,2012.0,0,CME_MRY0,Infant mortality rate,43.9521342843712,D_PER_1000_B,,_T,,_T,,,39.1735761214575,49.3835721221754,A,,UN_IGME,,,CME_MRY0,2012
YEM,Yemen,2013.0,0,CME_MRY0,Infant mortality rate,42.6233855654969,D_PER_1000_B,,_T,,_T,,,37.8519295812692,48.135544056572,A,,UN_IGME,,,CME_MRY0,2013
YEM,Yemen,2014.0,0,CME_MRY0,Infant mortality rate,41.7674018580851,D_PER_1000_B,,_T,,_T,,,36.8932977556149,47.4477841731312,A,,UN_IGME,,,CME_MRY0,2014
YEM,Yemen,2015.0,0,CME_MRY0,Infant mortality rate,41.5899447780539,D_PER_1000_B,,_T,,_T,,,36.5450723607636,47.5300771690505,A,,UN_IGME,,,CME_MRY0,2015
YEM,Yemen,2016.0,0,CME_MRY0,Infant mortality rate,40.7073157153455,D_PER_1000_B,,_T,,_T,,,35.5118553527796,46.8243769491388,A,,UN_IGME,,,CME_MRY0,2016
YEM,Yemen,2017.0,0,CME_MRY0,Infant mortality rate,40.1183629422304,D_PER_1000_B,,_T,,_T,,,34.7230593623374,46.4826497546021,A,,UN_IGME,,,CME_MRY0,2017
YEM,Yemen,2018.0,0,CME_MRY0,Infant mortality rate,39.7221819863432,D_PER_1000_B,,_T,,_T,,,34.1337383401716,46.4014040603778,A,,UN_IGME,,,CME_MRY0,2018
YEM,Yemen,2019.0,0,CME_MRY0,Infant mortality rate,38.9564032580197,D_PER_1000_B,,_T,,_T,,,33.1904463564398,46.0018278234455,A,,UN_IGME,,,CME_MRY0,2019
YEM,Yemen,2020.0,0,CME_MRY0,Infant mortality rate,37.5694934287647,D_PER_1000_B,,_T,,_T,,,31.6019767915239,45.0136234350771,A,,UN_IGME,,,CME_MRY0,2020
YEM,Yemen,2021.0,0,CME_MRY0,Infant mortality rate,36.9326005823909,D_PER_1000_B,,_T,,_T,,,30.5554468236476,45.0000789846017,A,,UN_IGME,,,CME_MRY0,2021
YEM,Yemen,2022.0,0,CME_MRY0,Infant mortality rate,35.9527329661366,D_PER_1000_B,,_T,,_T,,,29.1306004353855,44.6861896989845,A,,UN_IGME,,,CME_MRY0,2022
YEM,Yemen,2023.0,0,CME_MRY0,Infant mortality rate,34.882980202835,D_PER_1000_B,,_T,,_T,,,27.6355967955616,44.3439122382488,A,,UN_IGME,,,CME_MRY0,2023
YEM,Yemen,2024.0,0,CME_MRY0,Infant mortality rate,33.8468789148553,D_PER_1000_B,,_T,,_T,,,26.2074219488411,44.006972486385,A,,UN_IGME,,,CME_MRY0,2024
ZMB,Zambia,2000.0,0,CME_MRY0,Infant mortality rate,89.30473584585,D_PER_1000_B,,_T,,_T,,,83.0538906795385,96.0284215482925,A,,UN_IGME,,,CME_MRY0,2000
ZMB,Zambia,2001.0,0,CME_MRY0,Infant mortality rate,84.5862088459539,D_PER_1000_B,,_T,,_T,,,78.6718116106832,91.0699743996081,A,,UN_IGME,,,CME_MRY0,2001
ZMB,Zambia,2002.0,0,CME_MRY0,Infant mortality rate,78.6809500638738,D_PER_1000_B,,_T,,_T,,,73.3127570006672,84.6206208440402,A,,UN_IGME,,,CME_MRY0,2002
ZMB,Zambia,2003.0,0,CME_MRY0,Infant mortality rate,72.3203378744958,D_PER_1000_B,,_T,,_T,,,67.4444093070119,77.7245332126927,A,,UN_IGME,,,CME_MRY0,2003
ZMB,Zambia,2004.0,0,CME_MRY0,Infant mortality rate,65.8388693215826,D_PER_1000_B,,_T,,_T,,,61.0719742410599,70.9890162706363,A,,UN_IGME,,,CME_MRY0,2004
ZMB,Zambia,2005.0,0,CME_MRY0,Infant mortality rate,60.231970852638,D_PER_1000_B,,_T,,_T,,,55.6590020228806,65.0489187128177,A,,UN_IGME,,,CME_MRY0,2005
ZMB,Zambia,2006.0,0,CME_MRY0,Infant mortality rate,56.362013850553,D_PER_1000_B,,_T,,_T,,,51.9961662802898,60.9296022186154,A,,UN_IGME,,,CME_MRY0,2006
ZMB,Zambia,2007.0,0,CME_MRY0,Infant mortality rate,54.3457073975873,D_PER_1000_B,,_T,,_T,,,50.2379085689272,58.7007532055664,A,,UN_IGME,,,CME_MRY0,2007
ZMB,Zambia,2008.0,0,CME_MRY0,Infant mortality rate,52.083356692953,D_PER_1000_B,,_T,,_T,,,48.1315698748261,56.2837938381303,A,,UN_IGME,,,CME_MRY0,2008
ZMB,Zambia,2009.0,0,CME_MRY0,Infant mortality rate,50.1874443622077,D_PER_1000_B,,_T,,_T,,,46.2803454567608,54.4562660221848,A,,UN_IGME,,,CME_MRY0,2009
ZMB,Zambia,2010.0,0,CME_MRY0,Infant mortality rate,48.6323032192155,D_PER_1000_B,,_T,,_T,,,44.7598231537271,52.8680046988285,A,,UN_IGME,,,CME_MRY0,2010
ZMB,Zambia,2011.0,0,CME_MRY0,Infant mortality rate,47.3805622517,D_PER_1000_B,,_T,,_T,,,43.523102694026,51.6842241344293,A,,UN_IGME,,,CME_MRY0,2011
ZMB,Zambia,2012.0,0,CME_MRY0,Infant mortality rate,46.1185660715196,D_PER_1000_B,,_T,,_T,,,42.2692834078799,50.4570958973985,A,,UN_IGME,,,CME_MRY0,2012
ZMB,Zambia,2013.0,0,CME_MRY0,Infant mortality rate,44.5042052918793,D_PER_1000_B,,_T,,_T,,,40.6214136828493,48.7764494527033,A,,UN_IGME,,,CME_MRY0,2013
ZMB,Zambia,2014.0,0,CME_MRY0,Infant mortality rate,43.0172644409769,D_PER_1000_B,,_T,,_T,,,39.0702678470846,47.2954579103862,A,,UN_IGME,,,CME_MRY0,2014
ZMB,Zambia,2015.0,0,CME_MRY0,Infant mortality rate,42.3946481908193,D_PER_1000_B,,_T,,_T,,,38.3263301249611,46.7383935276844,A,,UN_IGME,,,CME_MRY0,2015
ZMB,Zambia,2016.0,0,CME_MRY0,Infant mortality rate,40.5993732416015,D_PER_1000_B,,_T,,_T,,,36.5333699911947,45.0103259724299,A,,UN_IGME,,,CME_MRY0,2016
ZMB,Zambia,2017.0,0,CME_MRY0,Infant mortality rate,38.7792723341999,D_PER_1000_B,,_T,,_T,,,34.6937650580116,43.2722168612626,A,,UN_IGME,,,CME_MRY0,2017
ZMB,Zambia,2018.0,0,CME_MRY0,Infant mortality rate,37.6912011872291,D_PER_1000_B,,_T,,_T,,,33.5161036777247,42.2930774599309,A,,UN_IGME,,,CME_MRY0,2018
ZMB,Zambia,2019.0,0,CME_MRY0,Infant mortality rate,36.0865706049871,D_PER_1000_B,,_T,,_T,,,31.9324545324602,40.7819371489661,A,,UN_IGME,,,CME_MRY0,2019
ZMB,Zambia,2020.0,0,CME_MRY0,Infant mortality rate,35.7314165386348,D_PER_1000_B,,_T,,_T,,,31.4396214891349,40.6572943610234,A,,UN_IGME,,,CME_MRY0,2020
ZMB,Zambia,2021.0,0,CME_MRY0,Infant mortality rate,35.6418003185701,D_PER_1000_B,,_T,,_T,,,30.9982399581779,41.0821833501814,A,,UN_IGME,,,CME_MRY0,2021
ZMB,Zambia,2022.0,0,CME_MRY0,Infant mortality rate,35.4063651223981,D_PER_1000_B,,_T,,_T,,,30.2458993470311,41.5390774567663,A,,UN_IGME,,,CME_MRY0,2022
ZMB,Zambia,2023.0,0,CME_MRY0,Infant mortality rate,35.022367036324,D_PER_1000_B,,_T,,_T,,,29.1169930734175,42.3644913254409,A,,UN_IGME,,,CME_MRY0,2023
ZMB,Zambia,2024.0,0,CME_MRY0,Infant mortality rate,34.6127562057072,D_PER_1000_B,,_T,,_T,,,27.8806870348002,43.4130591712327,A,,UN_IGME,,,CME_MRY0,2024
ALB,Albania,2000.0,0,CME_MRY1T4,Child mortality rate (aged 1-4 years),9.33642491600001,D_PER_1000_1,,_T,,_T,,,8.47770706855543,10.3043084777701,A,,UN_IGME,,,CME_MRY1T4,2000
ALB,Albania,2001.0,0,CME_MRY1T4,Child mortality rate (aged 1-4 years),8.82242055864923,D_PER_1000_1,,_T,,_T,,,8.090442165921,9.63638511100354,A,,UN_IGME,,,CME_MRY1T4,2001
ALB,Albania,2002.0,0,CME_MRY1T4,Child mortality rate (aged 1-4 years),8.29243976837035,D_PER_1000_1,,_T,,_T,,,7.69003133807753,8.94684797165489,A,,UN_IGME,,,CME_MRY1T4,2002
ALB,Albania,2003.0,0,CME_MRY1T4,Child mortality rate (aged 1-4 years),7.72080079351489,D_PER_1000_1,,_T,,_T,,,7.24748341295211,8.2222383360043,A,,UN_IGME,,,CME_MRY1T4,2003
ALB,Albania,2004.0,0,CME_MRY1T4,Child mortality rate (aged 1-4 years),7.1274943204172,D_PER_1000_1,,_T,,_T,,,6.7793333174889,7.48556084617318,A,,UN_IGME,,,CME_MRY1T4,2004
ALB,Albania,2005.0,0,CME_MRY1T4,Child mortality rate (aged 1-4 years),6.52156279222538,D_PER_1000_1,,_T,,_T,,,6.26879741223189,6.78438906389276,A,,UN_IGME,,,CME_MRY1T4,2005
ALB,Albania,2006.0,0,CME_MRY1T4,Child mortality rate (aged 1-4 years),5.90971371937105,D_PER_1000_1,,_T,,_T,,,5.72228697032256,6.10304165894757,A,,UN_IGME,,,CME_MRY1T4,2006
ALB,Albania,2007.0,0,CME_MRY1T4,Child mortality rate (aged 1-4 years),5.31034982403306,D_PER_1000_1,,_T,,_T,,,5.15234327974519,5.47139605733844,A,,UN_IGME,,,CME_MRY1T4,2007
ALB,Albania,2008.0,0,CME_MRY1T4,Child mortality rate (aged 1-4 years),4.73264257440065,D_PER_1000_1,,_T,,_T,,,4.59022571611595,4.87427004583092,A,,UN_IGME,,,CME_MRY1T4,2008
ALB,Albania,2009.0,0,CME_MRY1T4,Child mortality rate (aged 1-4 years),4.18413503904747,D_PER_1000_1,,_T,,_T,,,4.05653101278481,4.31584582717647,A,,UN_IGME,,,CME_MRY1T4,2009
ALB,Albania,2010.0,0,CME_MRY1T4,Child mortality rate (aged 1-4 years),3.66931046388647,D_PER_1000_1,,_T,,_T,,,3.55407353451371,3.7891438256107,A,,UN_IGME,,,CME_MRY1T4,2010
ALB,Albania,2011.0,0,CME_MRY1T4,Child mortality rate (aged 1-4 years),3.19729445061789,D_PER_1000_1,,_T,,_T,,,3.09542064891746,3.30278948516101,A,,UN_IGME,,,CME_MRY1T4,2011
ALB,Albania,2012.0,0,CME_MRY1T4,Child mortality rate (aged 1-4 years),2.78944584816532,D_PER_1000_1,,_T,,_T,,,2.69587153795145,2.88575900902727,A,,UN_IGME,,,CME_MRY1T4,2012
ALB,Albania,2013.0,0,CME_MRY1T4,Child mortality rate (aged 1-4 years),2.45101399311776,D_PER_1000_1,,_T,,_T,,,2.36647747094623,2.53779360283637,A,,UN_IGME,,,CME_MRY1T4,2013
ALB,Albania,2014.0,0,CME_MRY1T4,Child mortality rate (aged 1-4 years),2.17697588223686,D_PER_1000_1,,_T,,_T,,,2.09858264075747,2.25783934117035,A,,UN_IGME,,,CME_MRY1T4,2014
ALB,Albania,2015.0,0,CME_MRY1T4,Child mortality rate (aged 1-4 years),1.96041399819635,D_PER_1000_1,,_T,,_T,,,1.88774284866162,2.03702849447236,A,,UN_IGME,,,CME_MRY1T4,2015
ALB,Albania,2016.0,0,CME_MRY1T4,Child mortality rate (aged 1-4 years),1.78824720225268,D_PER_1000_1,,_T,,_T,,,1.72132680329994,1.86052275366235,A,,UN_IGME,,,CME_MRY1T4,2016
ALB,Albania,2017.0,0,CME_MRY1T4,Child mortality rate (aged 1-4 years),1.64635914213912,D_PER_1000_1,,_T,,_T,,,1.58349518414139,1.7155975489961,A,,UN_IGME,,,CME_MRY1T4,2017
ALB,Albania,2018.0,0,CME_MRY1T4,Child mortality rate (aged 1-4 years),1.52508562988202,D_PER_1000_1,,_T,,_T,,,1.46178299223321,1.5924329676026,A,,UN_IGME,,,CME_MRY1T4,2018
ALB,Albania,2019.0,0,CME_MRY1T4,Child mortality rate (aged 1-4 years),1.41456794488315,D_PER_1000_1,,_T,,_T,,,1.34757060344619,1.4840539924162,A,,UN_IGME,,,CME_MRY1T4,2019
ALB,Albania,2020.0,0,CME_MRY1T4,Child mortality rate (aged 1-4 years),1.31144859672377,D_PER_1000_1,,_T,,_T,,,1.23355764073056,1.39263492211453,A,,UN_IGME,,,CME_MRY1T4,2020
ALB,Albania,2021.0,0,CME_MRY1T4,Child mortality rate (aged 1-4 years),1.21327890211326,D_PER_1000_1,,_T,,_T,,,1.11806397895048,1.31522308615082,A,,UN_IGME,,,CME_MRY1T4,2021
ALB,Albania,2022.0,0,CME_MRY1T4,Child mortality rate (aged 1-4 years),1.12534759056704,D_PER_1000_1,,_T,,_T,,,1.0117629058381,1.24968314221806,A,,UN_IGME,,,CME_MRY1T4,2022
ALB,Albania,2023.0,0,CME_MRY1T4,Child mortality rate (aged 1-4 years),1.04863997075799,D_PER_1000_1,,_T,,_T,,,0.917890578819708,1.19875563248413,A,,UN_IGME,,,CME_MRY1T4,2023
ALB,Albania,2024.0,0,CME_MRY1T4,Child mortality rate (aged 1-4 years),0.98340862457319,D_PER_1000_1,,_T,,_T,,,0.831429163608494,1.15999407422816,A,,UN_IGME,,,CME_MRY1T4,2024
AZE,Azerbaijan,2000.0,0,CME_MRY1T4,Child mortality rate (aged 1-4 years),14.1134951830271,D_PER_1000_1,,_T,,_T,,,12.4453924855089,16.0609485553459,A,,UN_IGME,,,CME_MRY1T4,2000
AZE,Azerbaijan,2001.0,0,CME_MRY1T4,Child mortality rate (aged 1-4 years),13.1931133595851,D_PER_1000_1,,_T,,_T,,,11.5133130383878,15.0838374673356,A,,UN_IGME,,,CME_MRY1T4,2001
AZE,Azerbaijan,2002.0,0,CME_MRY1T4,Child mortality rate (aged 1-4 years),12.3312205408018,D_PER_1000_1,,_T,,_T,,,10.665777392142,14.1971936541265,A,,UN_IGME,,,CME_MRY1T4,2002
AZE,Azerbaijan,2003.0,0,CME_MRY1T4,Child mortality rate (aged 1-4 years),11.6092125458246,D_PER_1000_1,,_T,,_T,,,9.92836693955714,13.413831996483,A,,UN_IGME,,,CME_MRY1T4,2003
AZE,Azerbaijan,2004.0,0,CME_MRY1T4,Child mortality rate (aged 1-4 years),10.9588034929737,D_PER_1000_1,,_T,,_T,,,9.30395359146534,12.743005616149,A,,UN_IGME,,,CME_MRY1T4,2004
AZE,Azerbaijan,2005.0,0,CME_MRY1T4,Child mortality rate (aged 1-4 years),10.3706019426318,D_PER_1000_1,,_T,,_T,,,8.74921541137408,12.1531615508357,A,,UN_IGME,,,CME_MRY1T4,2005
AZE,Azerbaijan,2006.0,0,CME_MRY1T4,Child mortality rate (aged 1-4 years),9.87082426354652,D_PER_1000_1,,_T,,_T,,,8.28729650429822,11.6579402551565,A,,UN_IGME,,,CME_MRY1T4,2006
AZE,Azerbaijan,2007.0,0,CME_MRY1T4,Child mortality rate (aged 1-4 years),9.42313068049178,D_PER_1000_1,,_T,,_T,,,7.86798230659859,11.1709151993246,A,,UN_IGME,,,CME_MRY1T4,2007
AZE,Azerbaijan,2008.0,0,CME_MRY1T4,Child mortality rate (aged 1-4 years),9.03331544273095,D_PER_1000_1,,_T,,_T,,,7.4797063853427,10.7915035520703,A,,UN_IGME,,,CME_MRY1T4,2008
AZE,Azerbaijan,2009.0,0,CME_MRY1T4,Child mortality rate (aged 1-4 years),8.66667807390165,D_PER_1000_1,,_T,,_T,,,7.13992846301978,10.4564750378414,A,,UN_IGME,,,CME_MRY1T4,2009
AZE,Azerbaijan,2010.0,0,CME_MRY1T4,Child mortality rate (aged 1-4 years),8.30882067362382,D_PER_1000_1,,_T,,_T,,,6.78417561194962,10.0826455191103,A,,UN_IGME,,,CME_MRY1T4,2010
AZE,Azerbaijan,2011.0,0,CME_MRY1T4,Child mortality rate (aged 1-4 years),7.99016741358816,D_PER_1000_1,,_T,,_T,,,6.4674634832135,9.80367046067992,A,,UN_IGME,,,CME_MRY1T4,2011
AZE,Azerbaijan,2012.0,0,CME_MRY1T4,Child mortality rate (aged 1-4 years),7.70901790399453,D_PER_1000_1,,_T,,_T,,,6.16660906564167,9.54500041513314,A,,UN_IGME,,,CME_MRY1T4,2012
AZE,Azerbaijan,2013.0,0,CME_MRY1T4,Child mortality rate (aged 1-4 years),7.4328819679183,D_PER_1000_1,,_T,,_T,,,5.92146553452569,9.26035257253194,A,,UN_IGME,,,CME_MRY1T4,2013
AZE,Azerbaijan,2014.0,0,CME_MRY1T4,Child mortality rate (aged 1-4 years),7.19100238571885,D_PER_1000_1,,_T,,_T,,,5.67906521111173,9.02573156452105,A,,UN_IGME,,,CME_MRY1T4,2014
AZE,Azerbaijan,2015.0,0,CME_MRY1T4,Child mortality rate (aged 1-4 years),6.97357309344449,D_PER_1000_1,,_T,,_T,,,5.47131400997091,8.838939241435,A,,UN_IGME,,,CME_MRY1T4,2015
AZE,Azerbaijan,2016.0,0,CME_MRY1T4,Child mortality rate (aged 1-4 years),6.7862892779042,D_PER_1000_1,,_T,,_T,,,5.27770934915747,8.69782817056103,A,,UN_IGME,,,CME_MRY1T4,2016
AZE,Azerbaijan,2017.0,0,CME_MRY1T4,Child mortality rate (aged 1-4 years),6.61184345363802,D_PER_1000_1,,_T,,_T,,,5.06890877019514,8.57123500928835,A,,UN_IGME,,,CME_MRY1T4,2017
AZE,Azerbaijan,2018.0,0,CME_MRY1T4,Child mortality rate (aged 1-4 years),6.42374583894761,D_PER_1000_1,,_T,,_T,,,4.86593366345774,8.45625285809323,A,,UN_IGME,,,CME_MRY1T4,2018
AZE,Azerbaijan,2019.0,0,CME_MRY1T4,Child mortality rate (aged 1-4 years),6.2445672557041,D_PER_1000_1,,_T,,_T,,,4.66833465300089,8.38304261363247,A,,UN_IGME,,,CME_MRY1T4,2019
AZE,Azerbaijan,2020.0,0,CME_MRY1T4,Child mortality rate (aged 1-4 years),6.075060243243,D_PER_1000_1,,_T,,_T,,,4.44332883265853,8.33993998504834,A,,UN_IGME,,,CME_MRY1T4,2020
AZE,Azerbaijan,2021.0,0,CME_MRY1T4,Child mortality rate (aged 1-4 years),5.92546416677853,D_PER_1000_1,,_T,,_T,,,4.23912120316707,8.33701893049933,A,,UN_IGME,,,CME_MRY1T4,2021
AZE,Azerbaijan,2022.0,0,CME_MRY1T4,Child mortality rate (aged 1-4 years),5.77060177116451,D_PER_1000_1,,_T,,_T,,,4.00257176165718,8.39747479212932,A,,UN_IGME,,,CME_MRY1T4,2022
AZE,Azerbaijan,2023.0,0,CME_MRY1T4,Child mortality rate (aged 1-4 years),5.62990064466773,D_PER_1000_1,,_T,,_T,,,3.74279638482629,8.50379307654456,A,,UN_IGME,,,CME_MRY1T4,2023
AZE,Azerbaijan,2024.0,0,CME_MRY1T4,Child mortality rate (aged 1-4 years),5.46972502794585,D_PER_1000_1,,_T,,_T,,,3.47184095850402,8.68144349236644,A,,UN_IGME,,,CME_MRY1T4,2024
BHR,Bahrain,2000.0,0,CME_MRY1T4,Child mortality rate (aged 1-4 years),2.010482469189,D_PER_1000_1,,_T,,_T,,,1.91793481210289,2.10779524668835,A,,UN_IGME,,,CME_MRY1T4,2000
BHR,Bahrain,2001.0,0,CME_MRY1T4,Child mortality rate (aged 1-4 years),1.96217614544664,D_PER_1000_1,,_T,,_T,,,1.87230596813237,2.05721286110466,A,,UN_IGME,,,CME_MRY1T4,2001
BHR,Bahrain,2002.0,0,CME_MRY1T4,Child mortality rate (aged 1-4 years),1.92876889627946,D_PER_1000_1,,_T,,_T,,,1.83916184703652,2.02265334389482,A,,UN_IGME,,,CME_MRY1T4,2002
BHR,Bahrain,2003.0,0,CME_MRY1T4,Child mortality rate (aged 1-4 years),1.89990147778679,D_PER_1000_1,,_T,,_T,,,1.81168717961034,1.99222540305579,A,,UN_IGME,,,CME_MRY1T4,2003
BHR,Bahrain,2004.0,0,CME_MRY1T4,Child mortality rate (aged 1-4 years),1.87144148025081,D_PER_1000_1,,_T,,_T,,,1.78465147803103,1.96248630253467,A,,UN_IGME,,,CME_MRY1T4,2004
BHR,Bahrain,2005.0,0,CME_MRY1T4,Child mortality rate (aged 1-4 years),1.83369254299875,D_PER_1000_1,,_T,,_T,,,1.75024169540919,1.92278577564244,A,,UN_IGME,,,CME_MRY1T4,2005
BHR,Bahrain,2006.0,0,CME_MRY1T4,Child mortality rate (aged 1-4 years),1.78621793251271,D_PER_1000_1,,_T,,_T,,,1.70546480999628,1.8719680573885,A,,UN_IGME,,,CME_MRY1T4,2006
BHR,Bahrain,2007.0,0,CME_MRY1T4,Child mortality rate (aged 1-4 years),1.72784852957336,D_PER_1000_1,,_T,,_T,,,1.64708911466175,1.81144775626335,A,,UN_IGME,,,CME_MRY1T4,2007
BHR,Bahrain,2008.0,0,CME_MRY1T4,Child mortality rate (aged 1-4 years),1.66146294981745,D_PER_1000_1,,_T,,_T,,,1.58258448665339,1.74291904137207,A,,UN_IGME,,,CME_MRY1T4,2008
BHR,Bahrain,2009.0,0,CME_MRY1T4,Child mortality rate (aged 1-4 years),1.59263889611411,D_PER_1000_1,,_T,,_T,,,1.51601392825857,1.6717191498772,A,,UN_IGME,,,CME_MRY1T4,2009
BHR,Bahrain,2010.0,0,CME_MRY1T4,Child mortality rate (aged 1-4 years),1.52931229639253,D_PER_1000_1,,_T,,_T,,,1.45663766815459,1.60664636942402,A,,UN_IGME,,,CME_MRY1T4,2010
BHR,Bahrain,2011.0,0,CME_MRY1T4,Child mortality rate (aged 1-4 years),1.47754748548262,D_PER_1000_1,,_T,,_T,,,1.40718787446289,1.55240424034514,A,,UN_IGME,,,CME_MRY1T4,2011
BHR,Bahrain,2012.0,0,CME_MRY1T4,Child mortality rate (aged 1-4 years),1.43371934649211,D_PER_1000_1,,_T,,_T,,,1.36615716339891,1.50571477629967,A,,UN_IGME,,,CME_MRY1T4,2012
BHR,Bahrain,2013.0,0,CME_MRY1T4,Child mortality rate (aged 1-4 years),1.40097650465271,D_PER_1000_1,,_T,,_T,,,1.33514908966774,1.46995360207947,A,,UN_IGME,,,CME_MRY1T4,2013
BHR,Bahrain,2014.0,0,CME_MRY1T4,Child mortality rate (aged 1-4 years),1.37559710873481,D_PER_1000_1,,_T,,_T,,,1.30896228589178,1.44394119479989,A,,UN_IGME,,,CME_MRY1T4,2014
BHR,Bahrain,2015.0,0,CME_MRY1T4,Child mortality rate (aged 1-4 years),1.35499776594145,D_PER_1000_1,,_T,,_T,,,1.2904630629208,1.42377961334956,A,,UN_IGME,,,CME_MRY1T4,2015
BHR,Bahrain,2016.0,0,CME_MRY1T4,Child mortality rate (aged 1-4 years),1.34289472362376,D_PER_1000_1,,_T,,_T,,,1.27851875649596,1.41273188609646,A,,UN_IGME,,,CME_MRY1T4,2016
BHR,Bahrain,2017.0,0,CME_MRY1T4,Child mortality rate (aged 1-4 years),1.3385590875451,D_PER_1000_1,,_T,,_T,,,1.27354431968866,1.40792188593429,A,,UN_IGME,,,CME_MRY1T4,2017
BHR,Bahrain,2018.0,0,CME_MRY1T4,Child mortality rate (aged 1-4 years),1.34322974608864,D_PER_1000_1,,_T,,_T,,,1.27732853964501,1.41326912490631,A,,UN_IGME,,,CME_MRY1T4,2018
BHR,Bahrain,2019.0,0,CME_MRY1T4,Child mortality rate (aged 1-4 years),1.35505689391041,D_PER_1000_1,,_T,,_T,,,1.28819358136014,1.42682163132447,A,,UN_IGME,,,CME_MRY1T4,2019
BHR,Bahrain,2020.0,0,CME_MRY1T4,Child mortality rate (aged 1-4 years),1.37184908967947,D_PER_1000_1,,_T,,_T,,,1.30273929694992,1.44630255892207,A,,UN_IGME,,,CME_MRY1T4,2020
BHR,Bahrain,2021.0,0,CME_MRY1T4,Child mortality rate (aged 1-4 years),1.39614111866138,D_PER_1000_1,,_T,,_T,,,1.31985517429331,1.47854138215278,A,,UN_IGME,,,CME_MRY1T4,2021
BHR,Bahrain,2022.0,0,CME_MRY1T4,Child mortality rate (aged 1-4 years),1.42229929687815,D_PER_1000_1,,_T,,_T,,,1.32882632943651,1.5226013482304,A,,UN_IGME,,,CME_MRY1T4,2022
BHR,Bahrain,2023.0,0,CME_MRY1T4,Child mortality rate (aged 1-4 years),1.44667103748503,D_PER_1000_1,,_T,,_T,,,1.32501890568915,1.57929047984112,A,,UN_IGME,,,CME_MRY1T4,2023
BHR,Bahrain,2024.0,0,CME_MRY1T4,Child mortality rate (aged 1-4 years),1.46334321240493,D_PER_1000_1,,_T,,_T,,,1.30794473576744,1.63927994588921,A,,UN_IGME,,,CME_MRY1T4,2024
BLR,Belarus,2000.0,0,CME_MRY1T4,Child mortality rate (aged 1-4 years),2.85652836101552,D_PER_1000_1,,_T,,_T,,,2.78837029111169,2.92652478584634,A,,UN_IGME,,,CME_MRY1T4,2000
BLR,Belarus,2001.0,0,CME_MRY1T4,Child mortality rate (aged 1-4 years),2.68408210095256,D_PER_1000_1,,_T,,_T,,,2.61819587906439,2.75165572660127,A,,UN_IGME,,,CME_MRY1T4,2001
BLR,Belarus,2002.0,0,CME_MRY1T4,Child mortality rate (aged 1-4 years),2.51463097681903,D_PER_1000_1,,_T,,_T,,,2.44793182028216,2.58082056209772,A,,UN_IGME,,,CME_MRY1T4,2002
BLR,Belarus,2003.0,0,CME_MRY1T4,Child mortality rate (aged 1-4 years),2.35785050120008,D_PER_1000_1,,_T,,_T,,,2.29401090006429,2.42093915874814,A,,UN_IGME,,,CME_MRY1T4,2003
BLR,Belarus,2004.0,0,CME_MRY1T4,Child mortality rate (aged 1-4 years),2.21356742252604,D_PER_1000_1,,_T,,_T,,,2.15582996371624,2.27244917350101,A,,UN_IGME,,,CME_MRY1T4,2004
BLR,Belarus,2005.0,0,CME_MRY1T4,Child mortality rate (aged 1-4 years),2.06743359820882,D_PER_1000_1,,_T,,_T,,,2.01029859112287,2.12835930352966,A,,UN_IGME,,,CME_MRY1T4,2005
BLR,Belarus,2006.0,0,CME_MRY1T4,Child mortality rate (aged 1-4 years),1.90984404461286,D_PER_1000_1,,_T,,_T,,,1.85719593653645,1.96469280410658,A,,UN_IGME,,,CME_MRY1T4,2006
BLR,Belarus,2007.0,0,CME_MRY1T4,Child mortality rate (aged 1-4 years),1.74748893927978,D_PER_1000_1,,_T,,_T,,,1.69944695188781,1.79764595775883,A,,UN_IGME,,,CME_MRY1T4,2007
BLR,Belarus,2008.0,0,CME_MRY1T4,Child mortality rate (aged 1-4 years),1.59697026614819,D_PER_1000_1,,_T,,_T,,,1.55084544912084,1.64465767019055,A,,UN_IGME,,,CME_MRY1T4,2008
BLR,Belarus,2009.0,0,CME_MRY1T4,Child mortality rate (aged 1-4 years),1.4643306631929,D_PER_1000_1,,_T,,_T,,,1.41981515058894,1.5079641903919,A,,UN_IGME,,,CME_MRY1T4,2009
BLR,Belarus,2010.0,0,CME_MRY1T4,Child mortality rate (aged 1-4 years),1.34983178891024,D_PER_1000_1,,_T,,_T,,,1.30625718910022,1.39130522179932,A,,UN_IGME,,,CME_MRY1T4,2010
BLR,Belarus,2011.0,0,CME_MRY1T4,Child mortality rate (aged 1-4 years),1.25173724921862,D_PER_1000_1,,_T,,_T,,,1.2119664443408,1.2912734636652,A,,UN_IGME,,,CME_MRY1T4,2011
BLR,Belarus,2012.0,0,CME_MRY1T4,Child mortality rate (aged 1-4 years),1.16914803002371,D_PER_1000_1,,_T,,_T,,,1.13269166730118,1.20651576795284,A,,UN_IGME,,,CME_MRY1T4,2012
BLR,Belarus,2013.0,0,CME_MRY1T4,Child mortality rate (aged 1-4 years),1.09708349138193,D_PER_1000_1,,_T,,_T,,,1.06157518677268,1.13381644145228,A,,UN_IGME,,,CME_MRY1T4,2013
BLR,Belarus,2014.0,0,CME_MRY1T4,Child mortality rate (aged 1-4 years),1.03270158506991,D_PER_1000_1,,_T,,_T,,,0.998894788828814,1.06730105653289,A,,UN_IGME,,,CME_MRY1T4,2014
BLR,Belarus,2015.0,0,CME_MRY1T4,Child mortality rate (aged 1-4 years),0.971918609608602,D_PER_1000_1,,_T,,_T,,,0.938438133327835,1.00607802890303,A,,UN_IGME,,,CME_MRY1T4,2015
BLR,Belarus,2016.0,0,CME_MRY1T4,Child mortality rate (aged 1-4 years),0.912467688253205,D_PER_1000_1,,_T,,_T,,,0.880287771103616,0.946192906120413,A,,UN_IGME,,,CME_MRY1T4,2016
BLR,Belarus,2017.0,0,CME_MRY1T4,Child mortality rate (aged 1-4 years),0.851988183398933,D_PER_1000_1,,_T,,_T,,,0.819087004821084,0.886218287749019,A,,UN_IGME,,,CME_MRY1T4,2017
BLR,Belarus,2018.0,0,CME_MRY1T4,Child mortality rate (aged 1-4 years),0.791104756158345,D_PER_1000_1,,_T,,_T,,,0.75315019209819,0.831898522032282,A,,UN_IGME,,,CME_MRY1T4,2018
BLR,Belarus,2019.0,0,CME_MRY1T4,Child mortality rate (aged 1-4 years),0.731542266286689,D_PER_1000_1,,_T,,_T,,,0.680954738707407,0.785447546265738,A,,UN_IGME,,,CME_MRY1T4,2019
BLR,Belarus,2020.0,0,CME_MRY1T4,Child mortality rate (aged 1-4 years),0.677003899933581,D_PER_1000_1,,_T,,_T,,,0.60947098847991,0.749189464236888,A,,UN_IGME,,,CME_MRY1T4,2020
BLR,Belarus,2021.0,0,CME_MRY1T4,Child mortality rate (aged 1-4 years),0.631967173490122,D_PER_1000_1,,_T,,_T,,,0.547108409415736,0.722994346647166,A,,UN_IGME,,,CME_MRY1T4,2021
BLR,Belarus,2022.0,0,CME_MRY1T4,Child mortality rate (aged 1-4 years),0.594098778113838,D_PER_1000_1,,_T,,_T,,,0.492366275076045,0.707445181123212,A,,UN_IGME,,,CME_MRY1T4,2022
BLR,Belarus,2023.0,0,CME_MRY1T4,Child mortality rate (aged 1-4 years),0.560433698533924,D_PER_1000_1,,_T,,_T,,,0.443991701165208,0.696395054536775,A,,UN_IGME,,,CME_MRY1T4,2023
BLR,Belarus,2024.0,0,CME_MRY1T4,Child mortality rate (aged 1-4 years),0.530080724379878,D_PER_1000_1,,_T,,_T,,,0.404330602499631,0.68585937687205,A,,UN_IGME,,,CME_MRY1T4,2024
CAF,Central African Republic,2000.0,0,CME_MRY1T4,Child mortality rate (aged 1-4 years),73.1477420367769,D_PER_1000_1,,_T,,_T,,,65.586830405421,82.4200515501224,A,,UN_IGME,,,CME_MRY1T4,2000
CAF,Central African Republic,2001.0,0,CME_MRY1T4,Child mortality rate (aged 1-4 years),71.5449874650506,D_PER_1000_1,,_T,,_T,,,64.0930397154758,80.7840723195922,A,,UN_IGME,,,CME_MRY1T4,2001
CAF,Central African Republic,2002.0,0,CME_MRY1T4,Child mortality rate (aged 1-4 years),69.5985317595899,D_PER_1000_1,,_T,,_T,,,62.2765183245096,78.7964949233139,A,,UN_IGME,,,CME_MRY1T4,2002
CAF,Central African Republic,2003.0,0,CME_MRY1T4,Child mortality rate (aged 1-4 years),67.6478491548613,D_PER_1000_1,,_T,,_T,,,60.3244652529766,76.6763572794016,A,,UN_IGME,,,CME_MRY1T4,2003
CAF,Central African Republic,2004.0,0,CME_MRY1T4,Child mortality rate (aged 1-4 years),65.7050293855693,D_PER_1000_1,,_T,,_T,,,58.5168412820695,74.3503764843512,A,,UN_IGME,,,CME_MRY1T4,2004
CAF,Central African Republic,2005.0,0,CME_MRY1T4,Child mortality rate (aged 1-4 years),63.6643068661666,D_PER_1000_1,,_T,,_T,,,56.5302369026758,72.0382884624798,A,,UN_IGME,,,CME_MRY1T4,2005
CAF,Central African Republic,2006.0,0,CME_MRY1T4,Child mortality rate (aged 1-4 years),61.4310284421713,D_PER_1000_1,,_T,,_T,,,54.3352121652255,69.417994095045,A,,UN_IGME,,,CME_MRY1T4,2006
CAF,Central African Republic,2007.0,0,CME_MRY1T4,Child mortality rate (aged 1-4 years),59.0223507571195,D_PER_1000_1,,_T,,_T,,,52.0820119134251,66.8046666115961,A,,UN_IGME,,,CME_MRY1T4,2007
CAF,Central African Republic,2008.0,0,CME_MRY1T4,Child mortality rate (aged 1-4 years),56.8543601470484,D_PER_1000_1,,_T,,_T,,,49.9738931923934,64.6081221531981,A,,UN_IGME,,,CME_MRY1T4,2008
CAF,Central African Republic,2009.0,0,CME_MRY1T4,Child mortality rate (aged 1-4 years),328.144805582527,D_PER_1000_1,,_T,,_T,,,279.894431779405,386.335967009931,A,,UN_IGME,,,CME_MRY1T4,2009
CAF,Central African Republic,2010.0,0,CME_MRY1T4,Child mortality rate (aged 1-4 years),68.2898339829651,D_PER_1000_1,,_T,,_T,,,59.3692090786759,78.5546850103134,A,,UN_IGME,,,CME_MRY1T4,2010
CAF,Central African Republic,2011.0,0,CME_MRY1T4,Child mortality rate (aged 1-4 years),51.3402826320797,D_PER_1000_1,,_T,,_T,,,44.4919392849368,59.2534267598946,A,,UN_IGME,,,CME_MRY1T4,2011
CAF,Central African Republic,2012.0,0,CME_MRY1T4,Child mortality rate (aged 1-4 years),49.5993690808137,D_PER_1000_1,,_T,,_T,,,42.6962257027513,57.5403279967689,A,,UN_IGME,,,CME_MRY1T4,2012
CAF,Central African Republic,2013.0,0,CME_MRY1T4,Child mortality rate (aged 1-4 years),57.8668641696644,D_PER_1000_1,,_T,,_T,,,49.5049216222257,67.5078624346436,A,,UN_IGME,,,CME_MRY1T4,2013
CAF,Central African Republic,2014.0,0,CME_MRY1T4,Child mortality rate (aged 1-4 years),94.8162541188552,D_PER_1000_1,,_T,,_T,,,80.2966393716505,111.865112160919,A,,UN_IGME,,,CME_MRY1T4,2014
CAF,Central African Republic,2015.0,0,CME_MRY1T4,Child mortality rate (aged 1-4 years),44.9432940234521,D_PER_1000_1,,_T,,_T,,,37.968804209334,53.2155611567142,A,,UN_IGME,,,CME_MRY1T4,2015
CAF,Central African Republic,2016.0,0,CME_MRY1T4,Child mortality rate (aged 1-4 years),53.854216323734,D_PER_1000_1,,_T,,_T,,,44.9675785119725,64.4489671880758,A,,UN_IGME,,,CME_MRY1T4,2016
CAF,Central African Republic,2017.0,0,CME_MRY1T4,Child mortality rate (aged 1-4 years),73.2829124918139,D_PER_1000_1,,_T,,_T,,,60.395268275545,89.0710808760169,A,,UN_IGME,,,CME_MRY1T4,2017
CAF,Central African Republic,2018.0,0,CME_MRY1T4,Child mortality rate (aged 1-4 years),50.0293702060187,D_PER_1000_1,,_T,,_T,,,40.8974365900344,61.3532187033896,A,,UN_IGME,,,CME_MRY1T4,2018
CAF,Central African Republic,2019.0,0,CME_MRY1T4,Child mortality rate (aged 1-4 years),144.372539823009,D_PER_1000_1,,_T,,_T,,,115.189391356685,182.486386450818,A,,UN_IGME,,,CME_MRY1T4,2019
CAF,Central African Republic,2020.0,0,CME_MRY1T4,Child mortality rate (aged 1-4 years),53.4614229910519,D_PER_1000_1,,_T,,_T,,,42.4237712949315,67.9578248985483,A,,UN_IGME,,,CME_MRY1T4,2020
CAF,Central African Republic,2021.0,0,CME_MRY1T4,Child mortality rate (aged 1-4 years),91.1712767152942,D_PER_1000_1,,_T,,_T,,,70.5281085862744,119.549295598947,A,,UN_IGME,,,CME_MRY1T4,2021
CAF,Central African Republic,2022.0,0,CME_MRY1T4,Child mortality rate (aged 1-4 years),274.577887337539,D_PER_1000_1,,_T,,_T,,,200.243761509948,388.365354592911,A,,UN_IGME,,,CME_MRY1T4,2022
CAF,Central African Republic,2023.0,0,CME_MRY1T4,Child mortality rate (aged 1-4 years),33.908180264942,D_PER_1000_1,,_T,,_T,,,24.9232103680537,46.3019780493627,A,,UN_IGME,,,CME_MRY1T4,2023
CAF,Central African Republic,2024.0,0,CME_MRY1T4,Child mortality rate (aged 1-4 years),32.8333618170684,D_PER_1000_1,,_T,,_T,,,23.3236859286349,46.0980755899687,A,,UN_IGME,,,CME_MRY1T4,2024
COM,Comoros,2000.0,0,CME_MRY1T4,Child mortality rate (aged 1-4 years),15.6592254714975,D_PER_1000_1,,_T,,_T,,,12.8615425201428,18.4598779082202,A,,UN_IGME,,,CME_MRY1T4,2000
COM,Comoros,2001.0,0,CME_MRY1T4,Child mortality rate (aged 1-4 years),14.6875640698051,D_PER_1000_1,,_T,,_T,,,11.9731928268525,17.4065400230078,A,,UN_IGME,,,CME_MRY1T4,2001
COM,Comoros,2002.0,0,CME_MRY1T4,Child mortality rate (aged 1-4 years),13.7560952809894,D_PER_1000_1,,_T,,_T,,,11.0993311976975,16.3732215126762,A,,UN_IGME,,,CME_MRY1T4,2002
COM,Comoros,2003.0,0,CME_MRY1T4,Child mortality rate (aged 1-4 years),12.880312078999,D_PER_1000_1,,_T,,_T,,,10.3080420247006,15.3868285146857,A,,UN_IGME,,,CME_MRY1T4,2003
COM,Comoros,2004.0,0,CME_MRY1T4,Child mortality rate (aged 1-4 years),12.1017384811365,D_PER_1000_1,,_T,,_T,,,9.63595166267392,14.5228299400016,A,,UN_IGME,,,CME_MRY1T4,2004
COM,Comoros,2005.0,0,CME_MRY1T4,Child mortality rate (aged 1-4 years),11.3784744458986,D_PER_1000_1,,_T,,_T,,,8.99049097313917,13.6764184943156,A,,UN_IGME,,,CME_MRY1T4,2005
COM,Comoros,2006.0,0,CME_MRY1T4,Child mortality rate (aged 1-4 years),10.6780959416722,D_PER_1000_1,,_T,,_T,,,8.40150108449329,12.8622703949469,A,,UN_IGME,,,CME_MRY1T4,2006
COM,Comoros,2007.0,0,CME_MRY1T4,Child mortality rate (aged 1-4 years),10.0308361916434,D_PER_1000_1,,_T,,_T,,,7.86557550273256,12.077936167713,A,,UN_IGME,,,CME_MRY1T4,2007
COM,Comoros,2008.0,0,CME_MRY1T4,Child mortality rate (aged 1-4 years),9.44832344066277,D_PER_1000_1,,_T,,_T,,,7.39474063247373,11.3673995188759,A,,UN_IGME,,,CME_MRY1T4,2008
COM,Comoros,2009.0,0,CME_MRY1T4,Child mortality rate (aged 1-4 years),8.90247752849432,D_PER_1000_1,,_T,,_T,,,7.0009867779205,10.6976678506153,A,,UN_IGME,,,CME_MRY1T4,2009
COM,Comoros,2010.0,0,CME_MRY1T4,Child mortality rate (aged 1-4 years),8.40308641336246,D_PER_1000_1,,_T,,_T,,,6.6404800453797,10.0975100945672,A,,UN_IGME,,,CME_MRY1T4,2010
COM,Comoros,2011.0,0,CME_MRY1T4,Child mortality rate (aged 1-4 years),7.94187685938202,D_PER_1000_1,,_T,,_T,,,6.31328680178894,9.49724507537898,A,,UN_IGME,,,CME_MRY1T4,2011
COM,Comoros,2012.0,0,CME_MRY1T4,Child mortality rate (aged 1-4 years),7.50521292945444,D_PER_1000_1,,_T,,_T,,,6.01793790051146,8.95485008456697,A,,UN_IGME,,,CME_MRY1T4,2012
COM,Comoros,2013.0,0,CME_MRY1T4,Child mortality rate (aged 1-4 years),7.1207982195205,D_PER_1000_1,,_T,,_T,,,5.74041818297321,8.47122214644813,A,,UN_IGME,,,CME_MRY1T4,2013
COM,Comoros,2014.0,0,CME_MRY1T4,Child mortality rate (aged 1-4 years),6.76576213031077,D_PER_1000_1,,_T,,_T,,,5.48106543699876,8.02135861122804,A,,UN_IGME,,,CME_MRY1T4,2014
COM,Comoros,2015.0,0,CME_MRY1T4,Child mortality rate (aged 1-4 years),6.42628828455211,D_PER_1000_1,,_T,,_T,,,5.21385675869477,7.60307330929214,A,,UN_IGME,,,CME_MRY1T4,2015
COM,Comoros,2016.0,0,CME_MRY1T4,Child mortality rate (aged 1-4 years),6.10756427673309,D_PER_1000_1,,_T,,_T,,,4.9575560923865,7.22061561915093,A,,UN_IGME,,,CME_MRY1T4,2016
COM,Comoros,2017.0,0,CME_MRY1T4,Child mortality rate (aged 1-4 years),5.79873867054553,D_PER_1000_1,,_T,,_T,,,4.69139066407372,6.87246044429677,A,,UN_IGME,,,CME_MRY1T4,2017
COM,Comoros,2018.0,0,CME_MRY1T4,Child mortality rate (aged 1-4 years),5.51833612698982,D_PER_1000_1,,_T,,_T,,,4.41921919562961,6.58957390486522,A,,UN_IGME,,,CME_MRY1T4,2018
COM,Comoros,2019.0,0,CME_MRY1T4,Child mortality rate (aged 1-4 years),5.25012094787647,D_PER_1000_1,,_T,,_T,,,4.16920381481339,6.34799778585739,A,,UN_IGME,,,CME_MRY1T4,2019
COM,Comoros,2020.0,0,CME_MRY1T4,Child mortality rate (aged 1-4 years),4.97892657774374,D_PER_1000_1,,_T,,_T,,,3.90513755662102,6.14219671822116,A,,UN_IGME,,,CME_MRY1T4,2020
COM,Comoros,2021.0,0,CME_MRY1T4,Child mortality rate (aged 1-4 years),4.74143494684454,D_PER_1000_1,,_T,,_T,,,3.67083054020334,5.97227254242469,A,,UN_IGME,,,CME_MRY1T4,2021
COM,Comoros,2022.0,0,CME_MRY1T4,Child mortality rate (aged 1-4 years),4.52002582143363,D_PER_1000_1,,_T,,_T,,,3.43369710242765,5.83615206658556,A,,UN_IGME,,,CME_MRY1T4,2022
COM,Comoros,2023.0,0,CME_MRY1T4,Child mortality rate (aged 1-4 years),4.3056626701643,D_PER_1000_1,,_T,,_T,,,3.20215485411154,5.71213486745921,A,,UN_IGME,,,CME_MRY1T4,2023
COM,Comoros,2024.0,0,CME_MRY1T4,Child mortality rate (aged 1-4 years),4.09847108017725,D_PER_1000_1,,_T,,_T,,,2.97932581922783,5.59908511311444,A,,UN_IGME,,,CME_MRY1T4,2024
CYP,Cyprus,2000.0,0,CME_MRY1T4,Child mortality rate (aged 1-4 years),0.860301543885833,D_PER_1000_1,,_T,,_T,,,0.793311549443187,0.931285414369681,A,,UN_IGME,,"Some UN IGME indicators are calculated using population and live birth numbers from the World Population Prospects: The 2024 revision (WPP). The WPP numbers for Cyprus refer to the entire country. However, the underlying data used to calculate mortality rates estimates, provided by the Health Monitoring Unit of the Cyprus Ministry of Health, cover only the government-controlled areas, whereas according to Eurostat, the number of live births in 2024 was 9,766 (https://doi.org/10.2908/DEMO_FASEC). The population on 1 January 2024 was 966,365 (https://doi.org/10.2908/DEMO_PJAN), the population under 5 was 51,042, the adolescent population was 95,884, and the number of women of reproductive age was 233,867 (https://doi.org/10.2908/DEMO_PJANGROUP).",CME_MRY1T4,2000
CYP,Cyprus,2001.0,0,CME_MRY1T4,Child mortality rate (aged 1-4 years),0.821165916496391,D_PER_1000_1,,_T,,_T,,,0.755179023476898,0.893030962170155,A,,UN_IGME,,"Some UN IGME indicators are calculated using population and live birth numbers from the World Population Prospects: The 2024 revision (WPP). The WPP numbers for Cyprus refer to the entire country. However, the underlying data used to calculate mortality rates estimates, provided by the Health Monitoring Unit of the Cyprus Ministry of Health, cover only the government-controlled areas, whereas according to Eurostat, the number of live births in 2024 was 9,766 (https://doi.org/10.2908/DEMO_FASEC). The population on 1 January 2024 was 966,365 (https://doi.org/10.2908/DEMO_PJAN), the population under 5 was 51,042, the adolescent population was 95,884, and the number of women of reproductive age was 233,867 (https://doi.org/10.2908/DEMO_PJANGROUP).",CME_MRY1T4,2001
CYP,Cyprus,2002.0,0,CME_MRY1T4,Child mortality rate (aged 1-4 years),0.783809902737076,D_PER_1000_1,,_T,,_T,,,0.718621896347027,0.855330084092393,A,,UN_IGME,,"Some UN IGME indicators are calculated using population and live birth numbers from the World Population Prospects: The 2024 revision (WPP). The WPP numbers for Cyprus refer to the entire country. However, the underlying data used to calculate mortality rates estimates, provided by the Health Monitoring Unit of the Cyprus Ministry of Health, cover only the government-controlled areas, whereas according to Eurostat, the number of live births in 2024 was 9,766 (https://doi.org/10.2908/DEMO_FASEC). The population on 1 January 2024 was 966,365 (https://doi.org/10.2908/DEMO_PJAN), the population under 5 was 51,042, the adolescent population was 95,884, and the number of women of reproductive age was 233,867 (https://doi.org/10.2908/DEMO_PJANGROUP).",CME_MRY1T4,2002
CYP,Cyprus,2003.0,0,CME_MRY1T4,Child mortality rate (aged 1-4 years),0.74641300511763,D_PER_1000_1,,_T,,_T,,,0.682678318690511,0.817888397563621,A,,UN_IGME,,"Some UN IGME indicators are calculated using population and live birth numbers from the World Population Prospects: The 2024 revision (WPP). The WPP numbers for Cyprus refer to the entire country. However, the underlying data used to calculate mortality rates estimates, provided by the Health Monitoring Unit of the Cyprus Ministry of Health, cover only the government-controlled areas, whereas according to Eurostat, the number of live births in 2024 was 9,766 (https://doi.org/10.2908/DEMO_FASEC). The population on 1 January 2024 was 966,365 (https://doi.org/10.2908/DEMO_PJAN), the population under 5 was 51,042, the adolescent population was 95,884, and the number of women of reproductive age was 233,867 (https://doi.org/10.2908/DEMO_PJANGROUP).",CME_MRY1T4,2003
CYP,Cyprus,2004.0,0,CME_MRY1T4,Child mortality rate (aged 1-4 years),0.707713064016846,D_PER_1000_1,,_T,,_T,,,0.645192752037216,0.779955636811619,A,,UN_IGME,,"Some UN IGME indicators are calculated using population and live birth numbers from the World Population Prospects: The 2024 revision (WPP). The WPP numbers for Cyprus refer to the entire country. However, the underlying data used to calculate mortality rates estimates, provided by the Health Monitoring Unit of the Cyprus Ministry of Health, cover only the government-controlled areas, whereas according to Eurostat, the number of live births in 2024 was 9,766 (https://doi.org/10.2908/DEMO_FASEC). The population on 1 January 2024 was 966,365 (https://doi.org/10.2908/DEMO_PJAN), the population under 5 was 51,042, the adolescent population was 95,884, and the number of women of reproductive age was 233,867 (https://doi.org/10.2908/DEMO_PJANGROUP).",CME_MRY1T4,2004
CYP,Cyprus,2005.0,0,CME_MRY1T4,Child mortality rate (aged 1-4 years),0.668738891056175,D_PER_1000_1,,_T,,_T,,,0.606110835220358,0.739327842129506,A,,UN_IGME,,"Some UN IGME indicators are calculated using population and live birth numbers from the World Population Prospects: The 2024 revision (WPP). The WPP numbers for Cyprus refer to the entire country. However, the underlying data used to calculate mortality rates estimates, provided by the Health Monitoring Unit of the Cyprus Ministry of Health, cover only the government-controlled areas, whereas according to Eurostat, the number of live births in 2024 was 9,766 (https://doi.org/10.2908/DEMO_FASEC). The population on 1 January 2024 was 966,365 (https://doi.org/10.2908/DEMO_PJAN), the population under 5 was 51,042, the adolescent population was 95,884, and the number of women of reproductive age was 233,867 (https://doi.org/10.2908/DEMO_PJANGROUP).",CME_MRY1T4,2005
CYP,Cyprus,2006.0,0,CME_MRY1T4,Child mortality rate (aged 1-4 years),0.62751160144936,D_PER_1000_1,,_T,,_T,,,0.56488579844392,0.698158763995543,A,,UN_IGME,,"Some UN IGME indicators are calculated using population and live birth numbers from the World Population Prospects: The 2024 revision (WPP). The WPP numbers for Cyprus refer to the entire country. However, the underlying data used to calculate mortality rates estimates, provided by the Health Monitoring Unit of the Cyprus Ministry of Health, cover only the government-controlled areas, whereas according to Eurostat, the number of live births in 2024 was 9,766 (https://doi.org/10.2908/DEMO_FASEC). The population on 1 January 2024 was 966,365 (https://doi.org/10.2908/DEMO_PJAN), the population under 5 was 51,042, the adolescent population was 95,884, and the number of women of reproductive age was 233,867 (https://doi.org/10.2908/DEMO_PJANGROUP).",CME_MRY1T4,2006
CYP,Cyprus,2007.0,0,CME_MRY1T4,Child mortality rate (aged 1-4 years),0.58859925354493,D_PER_1000_1,,_T,,_T,,,0.528204977384639,0.657850427163253,A,,UN_IGME,,"Some UN IGME indicators are calculated using population and live birth numbers from the World Population Prospects: The 2024 revision (WPP). The WPP numbers for Cyprus refer to the entire country. However, the underlying data used to calculate mortality rates estimates, provided by the Health Monitoring Unit of the Cyprus Ministry of Health, cover only the government-controlled areas, whereas according to Eurostat, the number of live births in 2024 was 9,766 (https://doi.org/10.2908/DEMO_FASEC). The population on 1 January 2024 was 966,365 (https://doi.org/10.2908/DEMO_PJAN), the population under 5 was 51,042, the adolescent population was 95,884, and the number of women of reproductive age was 233,867 (https://doi.org/10.2908/DEMO_PJANGROUP).",CME_MRY1T4,2007
CYP,Cyprus,2008.0,0,CME_MRY1T4,Child mortality rate (aged 1-4 years),0.552045165922554,D_PER_1000_1,,_T,,_T,,,0.494239288176668,0.620003633663857,A,,UN_IGME,,"Some UN IGME indicators are calculated using population and live birth numbers from the World Population Prospects: The 2024 revision (WPP). The WPP numbers for Cyprus refer to the entire country. However, the underlying data used to calculate mortality rates estimates, provided by the Health Monitoring Unit of the Cyprus Ministry of Health, cover only the government-controlled areas, whereas according to Eurostat, the number of live births in 2024 was 9,766 (https://doi.org/10.2908/DEMO_FASEC). The population on 1 January 2024 was 966,365 (https://doi.org/10.2908/DEMO_PJAN), the population under 5 was 51,042, the adolescent population was 95,884, and the number of women of reproductive age was 233,867 (https://doi.org/10.2908/DEMO_PJANGROUP).",CME_MRY1T4,2008
CYP,Cyprus,2009.0,0,CME_MRY1T4,Child mortality rate (aged 1-4 years),0.517979360405152,D_PER_1000_1,,_T,,_T,,,0.463317140614533,0.582696422212331,A,,UN_IGME,,"Some UN IGME indicators are calculated using population and live birth numbers from the World Population Prospects: The 2024 revision (WPP). The WPP numbers for Cyprus refer to the entire country. However, the underlying data used to calculate mortality rates estimates, provided by the Health Monitoring Unit of the Cyprus Ministry of Health, cover only the government-controlled areas, whereas according to Eurostat, the number of live births in 2024 was 9,766 (https://doi.org/10.2908/DEMO_FASEC). The population on 1 January 2024 was 966,365 (https://doi.org/10.2908/DEMO_PJAN), the population under 5 was 51,042, the adolescent population was 95,884, and the number of women of reproductive age was 233,867 (https://doi.org/10.2908/DEMO_PJANGROUP).",CME_MRY1T4,2009
CYP,Cyprus,2010.0,0,CME_MRY1T4,Child mortality rate (aged 1-4 years),0.487178482345141,D_PER_1000_1,,_T,,_T,,,0.43513352234883,0.546072909785317,A,,UN_IGME,,"Some UN IGME indicators are calculated using population and live birth numbers from the World Population Prospects: The 2024 revision (WPP). The WPP numbers for Cyprus refer to the entire country. However, the underlying data used to calculate mortality rates estimates, provided by the Health Monitoring Unit of the Cyprus Ministry of Health, cover only the government-controlled areas, whereas according to Eurostat, the number of live births in 2024 was 9,766 (https://doi.org/10.2908/DEMO_FASEC). The population on 1 January 2024 was 966,365 (https://doi.org/10.2908/DEMO_PJAN), the population under 5 was 51,042, the adolescent population was 95,884, and the number of women of reproductive age was 233,867 (https://doi.org/10.2908/DEMO_PJANGROUP).",CME_MRY1T4,2010
CYP,Cyprus,2011.0,0,CME_MRY1T4,Child mortality rate (aged 1-4 years),0.460122271931651,D_PER_1000_1,,_T,,_T,,,0.41020403805872,0.51592886750379,A,,UN_IGME,,"Some UN IGME indicators are calculated using population and live birth numbers from the World Population Prospects: The 2024 revision (WPP). The WPP numbers for Cyprus refer to the entire country. However, the underlying data used to calculate mortality rates estimates, provided by the Health Monitoring Unit of the Cyprus Ministry of Health, cover only the government-controlled areas, whereas according to Eurostat, the number of live births in 2024 was 9,766 (https://doi.org/10.2908/DEMO_FASEC). The population on 1 January 2024 was 966,365 (https://doi.org/10.2908/DEMO_PJAN), the population under 5 was 51,042, the adolescent population was 95,884, and the number of women of reproductive age was 233,867 (https://doi.org/10.2908/DEMO_PJANGROUP).",CME_MRY1T4,2011
CYP,Cyprus,2012.0,0,CME_MRY1T4,Child mortality rate (aged 1-4 years),0.436799477644967,D_PER_1000_1,,_T,,_T,,,0.387526001313221,0.491421196885894,A,,UN_IGME,,"Some UN IGME indicators are calculated using population and live birth numbers from the World Population Prospects: The 2024 revision (WPP). The WPP numbers for Cyprus refer to the entire country. However, the underlying data used to calculate mortality rates estimates, provided by the Health Monitoring Unit of the Cyprus Ministry of Health, cover only the government-controlled areas, whereas according to Eurostat, the number of live births in 2024 was 9,766 (https://doi.org/10.2908/DEMO_FASEC). The population on 1 January 2024 was 966,365 (https://doi.org/10.2908/DEMO_PJAN), the population under 5 was 51,042, the adolescent population was 95,884, and the number of women of reproductive age was 233,867 (https://doi.org/10.2908/DEMO_PJANGROUP).",CME_MRY1T4,2012
CYP,Cyprus,2013.0,0,CME_MRY1T4,Child mortality rate (aged 1-4 years),0.418365216782124,D_PER_1000_1,,_T,,_T,,,0.367841101967337,0.474307319528516,A,,UN_IGME,,"Some UN IGME indicators are calculated using population and live birth numbers from the World Population Prospects: The 2024 revision (WPP). The WPP numbers for Cyprus refer to the entire country. However, the underlying data used to calculate mortality rates estimates, provided by the Health Monitoring Unit of the Cyprus Ministry of Health, cover only the government-controlled areas, whereas according to Eurostat, the number of live births in 2024 was 9,766 (https://doi.org/10.2908/DEMO_FASEC). The population on 1 January 2024 was 966,365 (https://doi.org/10.2908/DEMO_PJAN), the population under 5 was 51,042, the adolescent population was 95,884, and the number of women of reproductive age was 233,867 (https://doi.org/10.2908/DEMO_PJANGROUP).",CME_MRY1T4,2013
CYP,Cyprus,2014.0,0,CME_MRY1T4,Child mortality rate (aged 1-4 years),0.406141502440838,D_PER_1000_1,,_T,,_T,,,0.354091351844787,0.462267170688535,A,,UN_IGME,,"Some UN IGME indicators are calculated using population and live birth numbers from the World Population Prospects: The 2024 revision (WPP). The WPP numbers for Cyprus refer to the entire country. However, the underlying data used to calculate mortality rates estimates, provided by the Health Monitoring Unit of the Cyprus Ministry of Health, cover only the government-controlled areas, whereas according to Eurostat, the number of live births in 2024 was 9,766 (https://doi.org/10.2908/DEMO_FASEC). The population on 1 January 2024 was 966,365 (https://doi.org/10.2908/DEMO_PJAN), the population under 5 was 51,042, the adolescent population was 95,884, and the number of women of reproductive age was 233,867 (https://doi.org/10.2908/DEMO_PJANGROUP).",CME_MRY1T4,2014
CYP,Cyprus,2015.0,0,CME_MRY1T4,Child mortality rate (aged 1-4 years),0.401626531014998,D_PER_1000_1,,_T,,_T,,,0.350747952106728,0.45797283595243,A,,UN_IGME,,"Some UN IGME indicators are calculated using population and live birth numbers from the World Population Prospects: The 2024 revision (WPP). The WPP numbers for Cyprus refer to the entire country. However, the underlying data used to calculate mortality rates estimates, provided by the Health Monitoring Unit of the Cyprus Ministry of Health, cover only the government-controlled areas, whereas according to Eurostat, the number of live births in 2024 was 9,766 (https://doi.org/10.2908/DEMO_FASEC). The population on 1 January 2024 was 966,365 (https://doi.org/10.2908/DEMO_PJAN), the population under 5 was 51,042, the adolescent population was 95,884, and the number of women of reproductive age was 233,867 (https://doi.org/10.2908/DEMO_PJANGROUP).",CME_MRY1T4,2015
CYP,Cyprus,2016.0,0,CME_MRY1T4,Child mortality rate (aged 1-4 years),0.407590995208873,D_PER_1000_1,,_T,,_T,,,0.355447042022899,0.46643250008982,A,,UN_IGME,,"Some UN IGME indicators are calculated using population and live birth numbers from the World Population Prospects: The 2024 revision (WPP). The WPP numbers for Cyprus refer to the entire country. However, the underlying data used to calculate mortality rates estimates, provided by the Health Monitoring Unit of the Cyprus Ministry of Health, cover only the government-controlled areas, whereas according to Eurostat, the number of live births in 2024 was 9,766 (https://doi.org/10.2908/DEMO_FASEC). The population on 1 January 2024 was 966,365 (https://doi.org/10.2908/DEMO_PJAN), the population under 5 was 51,042, the adolescent population was 95,884, and the number of women of reproductive age was 233,867 (https://doi.org/10.2908/DEMO_PJANGROUP).",CME_MRY1T4,2016
CYP,Cyprus,2017.0,0,CME_MRY1T4,Child mortality rate (aged 1-4 years),0.427002727249159,D_PER_1000_1,,_T,,_T,,,0.371854434119551,0.487118710932283,A,,UN_IGME,,"Some UN IGME indicators are calculated using population and live birth numbers from the World Population Prospects: The 2024 revision (WPP). The WPP numbers for Cyprus refer to the entire country. However, the underlying data used to calculate mortality rates estimates, provided by the Health Monitoring Unit of the Cyprus Ministry of Health, cover only the government-controlled areas, whereas according to Eurostat, the number of live births in 2024 was 9,766 (https://doi.org/10.2908/DEMO_FASEC). The population on 1 January 2024 was 966,365 (https://doi.org/10.2908/DEMO_PJAN), the population under 5 was 51,042, the adolescent population was 95,884, and the number of women of reproductive age was 233,867 (https://doi.org/10.2908/DEMO_PJANGROUP).",CME_MRY1T4,2017
CYP,Cyprus,2018.0,0,CME_MRY1T4,Child mortality rate (aged 1-4 years),0.457617314492675,D_PER_1000_1,,_T,,_T,,,0.399703441766508,0.521305226350532,A,,UN_IGME,,"Some UN IGME indicators are calculated using population and live birth numbers from the World Population Prospects: The 2024 revision (WPP). The WPP numbers for Cyprus refer to the entire country. However, the underlying data used to calculate mortality rates estimates, provided by the Health Monitoring Unit of the Cyprus Ministry of Health, cover only the government-controlled areas, whereas according to Eurostat, the number of live births in 2024 was 9,766 (https://doi.org/10.2908/DEMO_FASEC). The population on 1 January 2024 was 966,365 (https://doi.org/10.2908/DEMO_PJAN), the population under 5 was 51,042, the adolescent population was 95,884, and the number of women of reproductive age was 233,867 (https://doi.org/10.2908/DEMO_PJANGROUP).",CME_MRY1T4,2018
CYP,Cyprus,2019.0,0,CME_MRY1T4,Child mortality rate (aged 1-4 years),0.501111450457781,D_PER_1000_1,,_T,,_T,,,0.440064646277905,0.568786502404572,A,,UN_IGME,,"Some UN IGME indicators are calculated using population and live birth numbers from the World Population Prospects: The 2024 revision (WPP). The WPP numbers for Cyprus refer to the entire country. However, the underlying data used to calculate mortality rates estimates, provided by the Health Monitoring Unit of the Cyprus Ministry of Health, cover only the government-controlled areas, whereas according to Eurostat, the number of live births in 2024 was 9,766 (https://doi.org/10.2908/DEMO_FASEC). The population on 1 January 2024 was 966,365 (https://doi.org/10.2908/DEMO_PJAN), the population under 5 was 51,042, the adolescent population was 95,884, and the number of women of reproductive age was 233,867 (https://doi.org/10.2908/DEMO_PJANGROUP).",CME_MRY1T4,2019
CYP,Cyprus,2020.0,0,CME_MRY1T4,Child mortality rate (aged 1-4 years),0.558794840968102,D_PER_1000_1,,_T,,_T,,,0.495027334748888,0.629125702208583,A,,UN_IGME,,"Some UN IGME indicators are calculated using population and live birth numbers from the World Population Prospects: The 2024 revision (WPP). The WPP numbers for Cyprus refer to the entire country. However, the underlying data used to calculate mortality rates estimates, provided by the Health Monitoring Unit of the Cyprus Ministry of Health, cover only the government-controlled areas, whereas according to Eurostat, the number of live births in 2024 was 9,766 (https://doi.org/10.2908/DEMO_FASEC). The population on 1 January 2024 was 966,365 (https://doi.org/10.2908/DEMO_PJAN), the population under 5 was 51,042, the adolescent population was 95,884, and the number of women of reproductive age was 233,867 (https://doi.org/10.2908/DEMO_PJANGROUP).",CME_MRY1T4,2020
CYP,Cyprus,2021.0,0,CME_MRY1T4,Child mortality rate (aged 1-4 years),0.630615731084805,D_PER_1000_1,,_T,,_T,,,0.558653644191609,0.708391161879129,A,,UN_IGME,,"Some UN IGME indicators are calculated using population and live birth numbers from the World Population Prospects: The 2024 revision (WPP). The WPP numbers for Cyprus refer to the entire country. However, the underlying data used to calculate mortality rates estimates, provided by the Health Monitoring Unit of the Cyprus Ministry of Health, cover only the government-controlled areas, whereas according to Eurostat, the number of live births in 2024 was 9,766 (https://doi.org/10.2908/DEMO_FASEC). The population on 1 January 2024 was 966,365 (https://doi.org/10.2908/DEMO_PJAN), the population under 5 was 51,042, the adolescent population was 95,884, and the number of women of reproductive age was 233,867 (https://doi.org/10.2908/DEMO_PJANGROUP).",CME_MRY1T4,2021
CYP,Cyprus,2022.0,0,CME_MRY1T4,Child mortality rate (aged 1-4 years),0.711874642988053,D_PER_1000_1,,_T,,_T,,,0.621152370241623,0.815837221982085,A,,UN_IGME,,"Some UN IGME indicators are calculated using population and live birth numbers from the World Population Prospects: The 2024 revision (WPP). The WPP numbers for Cyprus refer to the entire country. However, the underlying data used to calculate mortality rates estimates, provided by the Health Monitoring Unit of the Cyprus Ministry of Health, cover only the government-controlled areas, whereas according to Eurostat, the number of live births in 2024 was 9,766 (https://doi.org/10.2908/DEMO_FASEC). The population on 1 January 2024 was 966,365 (https://doi.org/10.2908/DEMO_PJAN), the population under 5 was 51,042, the adolescent population was 95,884, and the number of women of reproductive age was 233,867 (https://doi.org/10.2908/DEMO_PJANGROUP).",CME_MRY1T4,2022
CYP,Cyprus,2023.0,0,CME_MRY1T4,Child mortality rate (aged 1-4 years),0.800812415948371,D_PER_1000_1,,_T,,_T,,,0.670081460128563,0.959025484466291,A,,UN_IGME,,"Some UN IGME indicators are calculated using population and live birth numbers from the World Population Prospects: The 2024 revision (WPP). The WPP numbers for Cyprus refer to the entire country. However, the underlying data used to calculate mortality rates estimates, provided by the Health Monitoring Unit of the Cyprus Ministry of Health, cover only the government-controlled areas, whereas according to Eurostat, the number of live births in 2024 was 9,766 (https://doi.org/10.2908/DEMO_FASEC). The population on 1 January 2024 was 966,365 (https://doi.org/10.2908/DEMO_PJAN), the population under 5 was 51,042, the adolescent population was 95,884, and the number of women of reproductive age was 233,867 (https://doi.org/10.2908/DEMO_PJANGROUP).",CME_MRY1T4,2023
CYP,Cyprus,2024.0,0,CME_MRY1T4,Child mortality rate (aged 1-4 years),0.877127703423686,D_PER_1000_1,,_T,,_T,,,0.694878086871092,1.11913478453569,A,,UN_IGME,,"Some UN IGME indicators are calculated using population and live birth numbers from the World Population Prospects: The 2024 revision (WPP). The WPP numbers for Cyprus refer to the entire country. However, the underlying data used to calculate mortality rates estimates, provided by the Health Monitoring Unit of the Cyprus Ministry of Health, cover only the government-controlled areas, whereas according to Eurostat, the number of live births in 2024 was 9,766 (https://doi.org/10.2908/DEMO_FASEC). The population on 1 January 2024 was 966,365 (https://doi.org/10.2908/DEMO_PJAN), the population under 5 was 51,042, the adolescent population was 95,884, and the number of women of reproductive age was 233,867 (https://doi.org/10.2908/DEMO_PJANGROUP).",CME_MRY1T4,2024
DZA,Algeria,2000.0,0,CME_MRY1T4,Child mortality rate (aged 1-4 years),7.17185166620587,D_PER_1000_1,,_T,,_T,,,6.73310264690122,7.63227650765949,A,,UN_IGME,,,CME_MRY1T4,2000
DZA,Algeria,2001.0,0,CME_MRY1T4,Child mortality rate (aged 1-4 years),6.71675592944737,D_PER_1000_1,,_T,,_T,,,6.32416224963364,7.13349829104192,A,,UN_IGME,,,CME_MRY1T4,2001
DZA,Algeria,2002.0,0,CME_MRY1T4,Child mortality rate (aged 1-4 years),6.28143150427712,D_PER_1000_1,,_T,,_T,,,5.92380118558992,6.65764718053042,A,,UN_IGME,,,CME_MRY1T4,2002
DZA,Algeria,2003.0,0,CME_MRY1T4,Child mortality rate (aged 1-4 years),5.86803631738242,D_PER_1000_1,,_T,,_T,,,5.54362418051759,6.21400199982632,A,,UN_IGME,,,CME_MRY1T4,2003
DZA,Algeria,2004.0,0,CME_MRY1T4,Child mortality rate (aged 1-4 years),5.47707557222527,D_PER_1000_1,,_T,,_T,,,5.17260814961804,5.80583150004503,A,,UN_IGME,,,CME_MRY1T4,2004
DZA,Algeria,2005.0,0,CME_MRY1T4,Child mortality rate (aged 1-4 years),5.11819815622783,D_PER_1000_1,,_T,,_T,,,4.83539952432714,5.42780551962679,A,,UN_IGME,,,CME_MRY1T4,2005
DZA,Algeria,2006.0,0,CME_MRY1T4,Child mortality rate (aged 1-4 years),4.79068880230199,D_PER_1000_1,,_T,,_T,,,4.52358562841615,5.08296753816794,A,,UN_IGME,,,CME_MRY1T4,2006
DZA,Algeria,2007.0,0,CME_MRY1T4,Child mortality rate (aged 1-4 years),4.49895351348317,D_PER_1000_1,,_T,,_T,,,4.24797298525181,4.78068802042986,A,,UN_IGME,,,CME_MRY1T4,2007
DZA,Algeria,2008.0,0,CME_MRY1T4,Child mortality rate (aged 1-4 years),4.23338973789883,D_PER_1000_1,,_T,,_T,,,3.99701911057048,4.49398717956361,A,,UN_IGME,,,CME_MRY1T4,2008
DZA,Algeria,2009.0,0,CME_MRY1T4,Child mortality rate (aged 1-4 years),3.99534263185153,D_PER_1000_1,,_T,,_T,,,3.76571000112624,4.23688550809156,A,,UN_IGME,,,CME_MRY1T4,2009
DZA,Algeria,2010.0,0,CME_MRY1T4,Child mortality rate (aged 1-4 years),3.79047736083077,D_PER_1000_1,,_T,,_T,,,3.57212419350343,4.01938690313299,A,,UN_IGME,,,CME_MRY1T4,2010
DZA,Algeria,2011.0,0,CME_MRY1T4,Child mortality rate (aged 1-4 years),3.61203746136207,D_PER_1000_1,,_T,,_T,,,3.40685883278472,3.82871026828581,A,,UN_IGME,,,CME_MRY1T4,2011
DZA,Algeria,2012.0,0,CME_MRY1T4,Child mortality rate (aged 1-4 years),3.44620614542696,D_PER_1000_1,,_T,,_T,,,3.25240494992735,3.65639805789088,A,,UN_IGME,,,CME_MRY1T4,2012
DZA,Algeria,2013.0,0,CME_MRY1T4,Child mortality rate (aged 1-4 years),3.30053293335864,D_PER_1000_1,,_T,,_T,,,3.11624900136605,3.50111332946884,A,,UN_IGME,,,CME_MRY1T4,2013
DZA,Algeria,2014.0,0,CME_MRY1T4,Child mortality rate (aged 1-4 years),3.16851449696737,D_PER_1000_1,,_T,,_T,,,2.98846901430819,3.3643554267175,A,,UN_IGME,,,CME_MRY1T4,2014
DZA,Algeria,2015.0,0,CME_MRY1T4,Child mortality rate (aged 1-4 years),3.04516440057923,D_PER_1000_1,,_T,,_T,,,2.87087251720538,3.23459053499117,A,,UN_IGME,,,CME_MRY1T4,2015
DZA,Algeria,2016.0,0,CME_MRY1T4,Child mortality rate (aged 1-4 years),2.93179586759368,D_PER_1000_1,,_T,,_T,,,2.75964476254638,3.11470704811473,A,,UN_IGME,,,CME_MRY1T4,2016
DZA,Algeria,2017.0,0,CME_MRY1T4,Child mortality rate (aged 1-4 years),2.82448830523568,D_PER_1000_1,,_T,,_T,,,2.65608916700995,3.00195914372617,A,,UN_IGME,,,CME_MRY1T4,2017
DZA,Algeria,2018.0,0,CME_MRY1T4,Child mortality rate (aged 1-4 years),2.72620223387798,D_PER_1000_1,,_T,,_T,,,2.56336940655505,2.89786844386313,A,,UN_IGME,,,CME_MRY1T4,2018
DZA,Algeria,2019.0,0,CME_MRY1T4,Child mortality rate (aged 1-4 years),2.63377150548938,D_PER_1000_1,,_T,,_T,,,2.47461880595245,2.80100327255781,A,,UN_IGME,,,CME_MRY1T4,2019
DZA,Algeria,2020.0,0,CME_MRY1T4,Child mortality rate (aged 1-4 years),2.54226925562367,D_PER_1000_1,,_T,,_T,,,2.38213819510816,2.7119875015546,A,,UN_IGME,,,CME_MRY1T4,2020
DZA,Algeria,2021.0,0,CME_MRY1T4,Child mortality rate (aged 1-4 years),2.45743688419597,D_PER_1000_1,,_T,,_T,,,2.28649937278743,2.63762947116518,A,,UN_IGME,,,CME_MRY1T4,2021
DZA,Algeria,2022.0,0,CME_MRY1T4,Child mortality rate (aged 1-4 years),2.37896446329844,D_PER_1000_1,,_T,,_T,,,2.18758712082409,2.58955408226264,A,,UN_IGME,,,CME_MRY1T4,2022
DZA,Algeria,2023.0,0,CME_MRY1T4,Child mortality rate (aged 1-4 years),2.30100814795181,D_PER_1000_1,,_T,,_T,,,2.07159291562041,2.55905132461128,A,,UN_IGME,,,CME_MRY1T4,2023
DZA,Algeria,2024.0,0,CME_MRY1T4,Child mortality rate (aged 1-4 years),2.22008238802351,D_PER_1000_1,,_T,,_T,,,1.94335477925477,2.53487735661146,A,,UN_IGME,,,CME_MRY1T4,2024
GEO,Georgia,2000.0,0,CME_MRY1T4,Child mortality rate (aged 1-4 years),6.78536290965581,D_PER_1000_1,,_T,,_T,,,5.94718068408958,7.80771336369707,A,,UN_IGME,,,CME_MRY1T4,2000
GEO,Georgia,2001.0,0,CME_MRY1T4,Child mortality rate (aged 1-4 years),6.29834267116353,D_PER_1000_1,,_T,,_T,,,5.54840978186535,7.25217411742068,A,,UN_IGME,,,CME_MRY1T4,2001
GEO,Georgia,2002.0,0,CME_MRY1T4,Child mortality rate (aged 1-4 years),5.78095035061849,D_PER_1000_1,,_T,,_T,,,5.13582593589283,6.66123406380602,A,,UN_IGME,,,CME_MRY1T4,2002
GEO,Georgia,2003.0,0,CME_MRY1T4,Child mortality rate (aged 1-4 years),5.26695879922723,D_PER_1000_1,,_T,,_T,,,4.72514745023274,6.05279541173011,A,,UN_IGME,,,CME_MRY1T4,2003
GEO,Georgia,2004.0,0,CME_MRY1T4,Child mortality rate (aged 1-4 years),4.75157176026703,D_PER_1000_1,,_T,,_T,,,4.31850899256603,5.40843183184053,A,,UN_IGME,,,CME_MRY1T4,2004
GEO,Georgia,2005.0,0,CME_MRY1T4,Child mortality rate (aged 1-4 years),4.25783016250292,D_PER_1000_1,,_T,,_T,,,3.9234633657887,4.79792837628461,A,,UN_IGME,,,CME_MRY1T4,2005
GEO,Georgia,2006.0,0,CME_MRY1T4,Child mortality rate (aged 1-4 years),3.80270458769078,D_PER_1000_1,,_T,,_T,,,3.54540291278732,4.23129175582162,A,,UN_IGME,,,CME_MRY1T4,2006
GEO,Georgia,2007.0,0,CME_MRY1T4,Child mortality rate (aged 1-4 years),3.38813424286954,D_PER_1000_1,,_T,,_T,,,3.18675767476346,3.72238266978094,A,,UN_IGME,,,CME_MRY1T4,2007
GEO,Georgia,2008.0,0,CME_MRY1T4,Child mortality rate (aged 1-4 years),3.02104180864637,D_PER_1000_1,,_T,,_T,,,2.84637004249022,3.28021751241879,A,,UN_IGME,,,CME_MRY1T4,2008
GEO,Georgia,2009.0,0,CME_MRY1T4,Child mortality rate (aged 1-4 years),2.70307001996262,D_PER_1000_1,,_T,,_T,,,2.5469635130316,2.90360305951021,A,,UN_IGME,,,CME_MRY1T4,2009
GEO,Georgia,2010.0,0,CME_MRY1T4,Child mortality rate (aged 1-4 years),2.4324814015923,D_PER_1000_1,,_T,,_T,,,2.28090731124514,2.59879299289587,A,,UN_IGME,,,CME_MRY1T4,2010
GEO,Georgia,2011.0,0,CME_MRY1T4,Child mortality rate (aged 1-4 years),2.20675755965127,D_PER_1000_1,,_T,,_T,,,2.06832603426607,2.35177243390827,A,,UN_IGME,,,CME_MRY1T4,2011
GEO,Georgia,2012.0,0,CME_MRY1T4,Child mortality rate (aged 1-4 years),2.02111109156478,D_PER_1000_1,,_T,,_T,,,1.89248978253057,2.15218121003164,A,,UN_IGME,,,CME_MRY1T4,2012
GEO,Georgia,2013.0,0,CME_MRY1T4,Child mortality rate (aged 1-4 years),1.87240905221814,D_PER_1000_1,,_T,,_T,,,1.75225559203002,1.99354368375425,A,,UN_IGME,,,CME_MRY1T4,2013
GEO,Georgia,2014.0,0,CME_MRY1T4,Child mortality rate (aged 1-4 years),1.75379096896422,D_PER_1000_1,,_T,,_T,,,1.64305937321476,1.86792917836007,A,,UN_IGME,,,CME_MRY1T4,2014
GEO,Georgia,2015.0,0,CME_MRY1T4,Child mortality rate (aged 1-4 years),1.66040715291249,D_PER_1000_1,,_T,,_T,,,1.55714366042758,1.76817751485892,A,,UN_IGME,,,CME_MRY1T4,2015
GEO,Georgia,2016.0,0,CME_MRY1T4,Child mortality rate (aged 1-4 years),1.58272972383339,D_PER_1000_1,,_T,,_T,,,1.48533662499145,1.68241060568357,A,,UN_IGME,,,CME_MRY1T4,2016
GEO,Georgia,2017.0,0,CME_MRY1T4,Child mortality rate (aged 1-4 years),1.51775719823366,D_PER_1000_1,,_T,,_T,,,1.42366916615534,1.61270170028144,A,,UN_IGME,,,CME_MRY1T4,2017
GEO,Georgia,2018.0,0,CME_MRY1T4,Child mortality rate (aged 1-4 years),1.45970784638383,D_PER_1000_1,,_T,,_T,,,1.37035686294668,1.55240176474765,A,,UN_IGME,,,CME_MRY1T4,2018
GEO,Georgia,2019.0,0,CME_MRY1T4,Child mortality rate (aged 1-4 years),1.40258841867757,D_PER_1000_1,,_T,,_T,,,1.31966246836663,1.48872302395168,A,,UN_IGME,,,CME_MRY1T4,2019
GEO,Georgia,2020.0,0,CME_MRY1T4,Child mortality rate (aged 1-4 years),1.34749782659643,D_PER_1000_1,,_T,,_T,,,1.27230173951535,1.42764504349833,A,,UN_IGME,,,CME_MRY1T4,2020
GEO,Georgia,2021.0,0,CME_MRY1T4,Child mortality rate (aged 1-4 years),1.29621716670131,D_PER_1000_1,,_T,,_T,,,1.23211737430878,1.36497992895614,A,,UN_IGME,,,CME_MRY1T4,2021
GEO,Georgia,2022.0,0,CME_MRY1T4,Child mortality rate (aged 1-4 years),1.24505225481975,D_PER_1000_1,,_T,,_T,,,1.18866695825439,1.30513090588777,A,,UN_IGME,,,CME_MRY1T4,2022
GEO,Georgia,2023.0,0,CME_MRY1T4,Child mortality rate (aged 1-4 years),1.19577198572829,D_PER_1000_1,,_T,,_T,,,1.13927851024323,1.2541159831069,A,,UN_IGME,,,CME_MRY1T4,2023
GEO,Georgia,2024.0,0,CME_MRY1T4,Child mortality rate (aged 1-4 years),1.14978914745784,D_PER_1000_1,,_T,,_T,,,1.07902984244581,1.22489506308774,A,,UN_IGME,,,CME_MRY1T4,2024
GNB,Guinea-Bissau,2000.0,0,CME_MRY1T4,Child mortality rate (aged 1-4 years),82.4044026120989,D_PER_1000_1,,_T,,_T,,,73.0583250537825,92.8873660225594,A,,UN_IGME,,,CME_MRY1T4,2000
GNB,Guinea-Bissau,2001.0,0,CME_MRY1T4,Child mortality rate (aged 1-4 years),79.213638279,D_PER_1000_1,,_T,,_T,,,70.0771528404325,89.5310355618092,A,,UN_IGME,,,CME_MRY1T4,2001
GNB,Guinea-Bissau,2002.0,0,CME_MRY1T4,Child mortality rate (aged 1-4 years),75.9267016143879,D_PER_1000_1,,_T,,_T,,,67.0262179957496,86.0613715941176,A,,UN_IGME,,,CME_MRY1T4,2002
GNB,Guinea-Bissau,2003.0,0,CME_MRY1T4,Child mortality rate (aged 1-4 years),72.5655475213846,D_PER_1000_1,,_T,,_T,,,63.9191991939675,82.7119580810449,A,,UN_IGME,,,CME_MRY1T4,2003
GNB,Guinea-Bissau,2004.0,0,CME_MRY1T4,Child mortality rate (aged 1-4 years),69.1800668563759,D_PER_1000_1,,_T,,_T,,,60.655777877381,79.1447749437041,A,,UN_IGME,,,CME_MRY1T4,2004
GNB,Guinea-Bissau,2005.0,0,CME_MRY1T4,Child mortality rate (aged 1-4 years),65.8620498064552,D_PER_1000_1,,_T,,_T,,,57.4108074506181,75.6022509852747,A,,UN_IGME,,,CME_MRY1T4,2005
GNB,Guinea-Bissau,2006.0,0,CME_MRY1T4,Child mortality rate (aged 1-4 years),62.4931177681783,D_PER_1000_1,,_T,,_T,,,54.0907663742197,72.1695042376563,A,,UN_IGME,,,CME_MRY1T4,2006
GNB,Guinea-Bissau,2007.0,0,CME_MRY1T4,Child mortality rate (aged 1-4 years),59.2197737679512,D_PER_1000_1,,_T,,_T,,,50.7403856728316,68.94250064149,A,,UN_IGME,,,CME_MRY1T4,2007
GNB,Guinea-Bissau,2008.0,0,CME_MRY1T4,Child mortality rate (aged 1-4 years),55.9606518736238,D_PER_1000_1,,_T,,_T,,,47.3462595236507,66.2025073077404,A,,UN_IGME,,,CME_MRY1T4,2008
GNB,Guinea-Bissau,2009.0,0,CME_MRY1T4,Child mortality rate (aged 1-4 years),52.7571784495858,D_PER_1000_1,,_T,,_T,,,44.0272602281447,63.6323086197116,A,,UN_IGME,,,CME_MRY1T4,2009
GNB,Guinea-Bissau,2010.0,0,CME_MRY1T4,Child mortality rate (aged 1-4 years),49.781882493476,D_PER_1000_1,,_T,,_T,,,40.6535514417221,61.2790976859472,A,,UN_IGME,,,CME_MRY1T4,2010
GNB,Guinea-Bissau,2011.0,0,CME_MRY1T4,Child mortality rate (aged 1-4 years),47.0090754599421,D_PER_1000_1,,_T,,_T,,,37.444735136924,59.3738498077259,A,,UN_IGME,,,CME_MRY1T4,2011
GNB,Guinea-Bissau,2012.0,0,CME_MRY1T4,Child mortality rate (aged 1-4 years),44.4833434684774,D_PER_1000_1,,_T,,_T,,,34.4418476374183,57.4117221868184,A,,UN_IGME,,,CME_MRY1T4,2012
GNB,Guinea-Bissau,2013.0,0,CME_MRY1T4,Child mortality rate (aged 1-4 years),42.3048526124945,D_PER_1000_1,,_T,,_T,,,31.8387996545055,55.8539016292726,A,,UN_IGME,,,CME_MRY1T4,2013
GNB,Guinea-Bissau,2014.0,0,CME_MRY1T4,Child mortality rate (aged 1-4 years),40.347950705981,D_PER_1000_1,,_T,,_T,,,29.4416017733403,54.6037275325731,A,,UN_IGME,,,CME_MRY1T4,2014
GNB,Guinea-Bissau,2015.0,0,CME_MRY1T4,Child mortality rate (aged 1-4 years),38.5397882792551,D_PER_1000_1,,_T,,_T,,,27.1874324484936,53.3321783959064,A,,UN_IGME,,,CME_MRY1T4,2015
GNB,Guinea-Bissau,2016.0,0,CME_MRY1T4,Child mortality rate (aged 1-4 years),36.7923332422012,D_PER_1000_1,,_T,,_T,,,25.1318729997677,52.4570187728423,A,,UN_IGME,,,CME_MRY1T4,2016
GNB,Guinea-Bissau,2017.0,0,CME_MRY1T4,Child mortality rate (aged 1-4 years),35.2537397703515,D_PER_1000_1,,_T,,_T,,,23.3660704558859,51.6720779597373,A,,UN_IGME,,,CME_MRY1T4,2017
GNB,Guinea-Bissau,2018.0,0,CME_MRY1T4,Child mortality rate (aged 1-4 years),33.7824704772646,D_PER_1000_1,,_T,,_T,,,21.6019916567439,51.0477041409217,A,,UN_IGME,,,CME_MRY1T4,2018
GNB,Guinea-Bissau,2019.0,0,CME_MRY1T4,Child mortality rate (aged 1-4 years),32.3835698236666,D_PER_1000_1,,_T,,_T,,,20.0857303202117,50.2606760578811,A,,UN_IGME,,,CME_MRY1T4,2019
GNB,Guinea-Bissau,2020.0,0,CME_MRY1T4,Child mortality rate (aged 1-4 years),30.9925922926582,D_PER_1000_1,,_T,,_T,,,18.5921039474026,49.7790001131435,A,,UN_IGME,,,CME_MRY1T4,2020
GNB,Guinea-Bissau,2021.0,0,CME_MRY1T4,Child mortality rate (aged 1-4 years),29.8074563693941,D_PER_1000_1,,_T,,_T,,,17.385554167857,49.2961341524231,A,,UN_IGME,,,CME_MRY1T4,2021
GNB,Guinea-Bissau,2022.0,0,CME_MRY1T4,Child mortality rate (aged 1-4 years),28.6472869083163,D_PER_1000_1,,_T,,_T,,,16.1645794129167,48.8457586636045,A,,UN_IGME,,,CME_MRY1T4,2022
GNB,Guinea-Bissau,2023.0,0,CME_MRY1T4,Child mortality rate (aged 1-4 years),27.5080130312576,D_PER_1000_1,,_T,,_T,,,15.099444321017,48.1644120693827,A,,UN_IGME,,,CME_MRY1T4,2023
GNB,Guinea-Bissau,2024.0,0,CME_MRY1T4,Child mortality rate (aged 1-4 years),26.3729377607799,D_PER_1000_1,,_T,,_T,,,14.1244969332954,47.5946772678865,A,,UN_IGME,,,CME_MRY1T4,2024
IRN,Iran (Islamic Republic of),2000.0,0,CME_MRY1T4,Child mortality rate (aged 1-4 years),4.77883204682072,D_PER_1000_1,,_T,,_T,,,4.31136367803618,5.3586281127794,A,,UN_IGME,,,CME_MRY1T4,2000
IRN,Iran (Islamic Republic of),2001.0,0,CME_MRY1T4,Child mortality rate (aged 1-4 years),4.41888532861828,D_PER_1000_1,,_T,,_T,,,3.96904396393432,4.96383664547464,A,,UN_IGME,,,CME_MRY1T4,2001
IRN,Iran (Islamic Republic of),2002.0,0,CME_MRY1T4,Child mortality rate (aged 1-4 years),4.07204913977821,D_PER_1000_1,,_T,,_T,,,3.64425643460448,4.57967283787165,A,,UN_IGME,,,CME_MRY1T4,2002
IRN,Iran (Islamic Republic of),2003.0,0,CME_MRY1T4,Child mortality rate (aged 1-4 years),3.7339232721571,D_PER_1000_1,,_T,,_T,,,3.34101169711697,4.19172808085563,A,,UN_IGME,,,CME_MRY1T4,2003
IRN,Iran (Islamic Republic of),2004.0,0,CME_MRY1T4,Child mortality rate (aged 1-4 years),3.41633211428627,D_PER_1000_1,,_T,,_T,,,3.0635765968984,3.83046125153681,A,,UN_IGME,,,CME_MRY1T4,2004
IRN,Iran (Islamic Republic of),2005.0,0,CME_MRY1T4,Child mortality rate (aged 1-4 years),3.12354707984402,D_PER_1000_1,,_T,,_T,,,2.80097599141117,3.49181989654018,A,,UN_IGME,,,CME_MRY1T4,2005
IRN,Iran (Islamic Republic of),2006.0,0,CME_MRY1T4,Child mortality rate (aged 1-4 years),2.8558864577683,D_PER_1000_1,,_T,,_T,,,2.56037714803994,3.18633661765205,A,,UN_IGME,,,CME_MRY1T4,2006
IRN,Iran (Islamic Republic of),2007.0,0,CME_MRY1T4,Child mortality rate (aged 1-4 years),2.61023356346979,D_PER_1000_1,,_T,,_T,,,2.33050410111477,2.92440784897546,A,,UN_IGME,,,CME_MRY1T4,2007
IRN,Iran (Islamic Republic of),2008.0,0,CME_MRY1T4,Child mortality rate (aged 1-4 years),2.39556557162868,D_PER_1000_1,,_T,,_T,,,2.11507333411688,2.71870177063053,A,,UN_IGME,,,CME_MRY1T4,2008
IRN,Iran (Islamic Republic of),2009.0,0,CME_MRY1T4,Child mortality rate (aged 1-4 years),2.20822694877409,D_PER_1000_1,,_T,,_T,,,1.91296841859664,2.55047854183886,A,,UN_IGME,,,CME_MRY1T4,2009
IRN,Iran (Islamic Republic of),2010.0,0,CME_MRY1T4,Child mortality rate (aged 1-4 years),2.04960433938767,D_PER_1000_1,,_T,,_T,,,1.72635800024515,2.42070660216706,A,,UN_IGME,,,CME_MRY1T4,2010
IRN,Iran (Islamic Republic of),2011.0,0,CME_MRY1T4,Child mortality rate (aged 1-4 years),1.92300118533634,D_PER_1000_1,,_T,,_T,,,1.56562455470891,2.33641172920496,A,,UN_IGME,,,CME_MRY1T4,2011
IRN,Iran (Islamic Republic of),2012.0,0,CME_MRY1T4,Child mortality rate (aged 1-4 years),1.81072196354098,D_PER_1000_1,,_T,,_T,,,1.42185137208568,2.27805216253262,A,,UN_IGME,,,CME_MRY1T4,2012
IRN,Iran (Islamic Republic of),2013.0,0,CME_MRY1T4,Child mortality rate (aged 1-4 years),1.70921547193648,D_PER_1000_1,,_T,,_T,,,1.29705160919592,2.22643041676678,A,,UN_IGME,,,CME_MRY1T4,2013
IRN,Iran (Islamic Republic of),2014.0,0,CME_MRY1T4,Child mortality rate (aged 1-4 years),1.62073313239675,D_PER_1000_1,,_T,,_T,,,1.18504514912986,2.18551936798512,A,,UN_IGME,,,CME_MRY1T4,2014
IRN,Iran (Islamic Republic of),2015.0,0,CME_MRY1T4,Child mortality rate (aged 1-4 years),1.53878787561468,D_PER_1000_1,,_T,,_T,,,1.08907276096441,2.1607844714127,A,,UN_IGME,,,CME_MRY1T4,2015
IRN,Iran (Islamic Republic of),2016.0,0,CME_MRY1T4,Child mortality rate (aged 1-4 years),1.46076882097346,D_PER_1000_1,,_T,,_T,,,1.00115911891242,2.13492459083306,A,,UN_IGME,,,CME_MRY1T4,2016
IRN,Iran (Islamic Republic of),2017.0,0,CME_MRY1T4,Child mortality rate (aged 1-4 years),1.38947363486464,D_PER_1000_1,,_T,,_T,,,0.919167038789664,2.11152843305486,A,,UN_IGME,,,CME_MRY1T4,2017
IRN,Iran (Islamic Republic of),2018.0,0,CME_MRY1T4,Child mortality rate (aged 1-4 years),1.32426051068485,D_PER_1000_1,,_T,,_T,,,0.846223759534703,2.07344978986606,A,,UN_IGME,,,CME_MRY1T4,2018
IRN,Iran (Islamic Republic of),2019.0,0,CME_MRY1T4,Child mortality rate (aged 1-4 years),1.26423088848843,D_PER_1000_1,,_T,,_T,,,0.781109773881467,2.04730239703974,A,,UN_IGME,,,CME_MRY1T4,2019
IRN,Iran (Islamic Republic of),2020.0,0,CME_MRY1T4,Child mortality rate (aged 1-4 years),1.21158975898672,D_PER_1000_1,,_T,,_T,,,0.723523546625937,2.02145829450839,A,,UN_IGME,,,CME_MRY1T4,2020
IRN,Iran (Islamic Republic of),2021.0,0,CME_MRY1T4,Child mortality rate (aged 1-4 years),1.16216857617174,D_PER_1000_1,,_T,,_T,,,0.670905641344172,1.99715608435111,A,,UN_IGME,,,CME_MRY1T4,2021
IRN,Iran (Islamic Republic of),2022.0,0,CME_MRY1T4,Child mortality rate (aged 1-4 years),1.10824124677883,D_PER_1000_1,,_T,,_T,,,0.622376845152217,1.97190286069273,A,,UN_IGME,,,CME_MRY1T4,2022
IRN,Iran (Islamic Republic of),2023.0,0,CME_MRY1T4,Child mortality rate (aged 1-4 years),1.0606319180213,D_PER_1000_1,,_T,,_T,,,0.580149136430225,1.94243989284581,A,,UN_IGME,,,CME_MRY1T4,2023
IRN,Iran (Islamic Republic of),2024.0,0,CME_MRY1T4,Child mortality rate (aged 1-4 years),1.01631856367607,D_PER_1000_1,,_T,,_T,,,0.543197321954481,1.89615094188308,A,,UN_IGME,,,CME_MRY1T4,2024
KGZ,Kyrgyzstan,2000.0,0,CME_MRY1T4,Child mortality rate (aged 1-4 years),7.11345680005637,D_PER_1000_1,,_T,,_T,,,6.39368292915977,7.82162673110162,A,,UN_IGME,,,CME_MRY1T4,2000
KGZ,Kyrgyzstan,2001.0,0,CME_MRY1T4,Child mortality rate (aged 1-4 years),6.7397130880244,D_PER_1000_1,,_T,,_T,,,6.07888369512873,7.32712279908778,A,,UN_IGME,,,CME_MRY1T4,2001
KGZ,Kyrgyzstan,2002.0,0,CME_MRY1T4,Child mortality rate (aged 1-4 years),6.36901336835777,D_PER_1000_1,,_T,,_T,,,5.78906765663193,6.84667240127618,A,,UN_IGME,,,CME_MRY1T4,2002
KGZ,Kyrgyzstan,2003.0,0,CME_MRY1T4,Child mortality rate (aged 1-4 years),6.00465191037114,D_PER_1000_1,,_T,,_T,,,5.53806954526838,6.381821830497,A,,UN_IGME,,,CME_MRY1T4,2003
KGZ,Kyrgyzstan,2004.0,0,CME_MRY1T4,Child mortality rate (aged 1-4 years),5.69130849756688,D_PER_1000_1,,_T,,_T,,,5.32459747952552,5.98559429089819,A,,UN_IGME,,,CME_MRY1T4,2004
KGZ,Kyrgyzstan,2005.0,0,CME_MRY1T4,Child mortality rate (aged 1-4 years),5.44119347417793,D_PER_1000_1,,_T,,_T,,,5.19460488101641,5.65414164600764,A,,UN_IGME,,,CME_MRY1T4,2005
KGZ,Kyrgyzstan,2006.0,0,CME_MRY1T4,Child mortality rate (aged 1-4 years),5.19583285498398,D_PER_1000_1,,_T,,_T,,,5.04318870129501,5.36915805892313,A,,UN_IGME,,,CME_MRY1T4,2006
KGZ,Kyrgyzstan,2007.0,0,CME_MRY1T4,Child mortality rate (aged 1-4 years),4.93964555822884,D_PER_1000_1,,_T,,_T,,,4.7976212132873,5.1268176994841,A,,UN_IGME,,,CME_MRY1T4,2007
KGZ,Kyrgyzstan,2008.0,0,CME_MRY1T4,Child mortality rate (aged 1-4 years),4.6312028211371,D_PER_1000_1,,_T,,_T,,,4.50206547695356,4.79539089622686,A,,UN_IGME,,,CME_MRY1T4,2008
KGZ,Kyrgyzstan,2009.0,0,CME_MRY1T4,Child mortality rate (aged 1-4 years),4.31523303866294,D_PER_1000_1,,_T,,_T,,,4.1907820839886,4.45269131538056,A,,UN_IGME,,,CME_MRY1T4,2009
KGZ,Kyrgyzstan,2010.0,0,CME_MRY1T4,Child mortality rate (aged 1-4 years),4.00678132142235,D_PER_1000_1,,_T,,_T,,,3.878743695094,4.12422039282941,A,,UN_IGME,,,CME_MRY1T4,2010
KGZ,Kyrgyzstan,2011.0,0,CME_MRY1T4,Child mortality rate (aged 1-4 years),3.72269314532109,D_PER_1000_1,,_T,,_T,,,3.59280934167682,3.82991881083496,A,,UN_IGME,,,CME_MRY1T4,2011
KGZ,Kyrgyzstan,2012.0,0,CME_MRY1T4,Child mortality rate (aged 1-4 years),3.4893757558781,D_PER_1000_1,,_T,,_T,,,3.36874814717824,3.59249775368328,A,,UN_IGME,,,CME_MRY1T4,2012
KGZ,Kyrgyzstan,2013.0,0,CME_MRY1T4,Child mortality rate (aged 1-4 years),3.299141028626,D_PER_1000_1,,_T,,_T,,,3.20251945064987,3.39654839808616,A,,UN_IGME,,,CME_MRY1T4,2013
KGZ,Kyrgyzstan,2014.0,0,CME_MRY1T4,Child mortality rate (aged 1-4 years),3.11180504189851,D_PER_1000_1,,_T,,_T,,,3.02517167834598,3.21925404676047,A,,UN_IGME,,,CME_MRY1T4,2014
KGZ,Kyrgyzstan,2015.0,0,CME_MRY1T4,Child mortality rate (aged 1-4 years),2.9277249571239,D_PER_1000_1,,_T,,_T,,,2.8430541694284,3.0255437500106,A,,UN_IGME,,,CME_MRY1T4,2015
KGZ,Kyrgyzstan,2016.0,0,CME_MRY1T4,Child mortality rate (aged 1-4 years),2.75593179294953,D_PER_1000_1,,_T,,_T,,,2.66920682521384,2.84293195104786,A,,UN_IGME,,,CME_MRY1T4,2016
KGZ,Kyrgyzstan,2017.0,0,CME_MRY1T4,Child mortality rate (aged 1-4 years),2.58803073373914,D_PER_1000_1,,_T,,_T,,,2.50036219178196,2.6706712894808,A,,UN_IGME,,,CME_MRY1T4,2017
KGZ,Kyrgyzstan,2018.0,0,CME_MRY1T4,Child mortality rate (aged 1-4 years),2.44368428839276,D_PER_1000_1,,_T,,_T,,,2.36627360919093,2.52174912829091,A,,UN_IGME,,,CME_MRY1T4,2018
KGZ,Kyrgyzstan,2019.0,0,CME_MRY1T4,Child mortality rate (aged 1-4 years),2.33754129566388,D_PER_1000_1,,_T,,_T,,,2.26245466709738,2.41237643582147,A,,UN_IGME,,,CME_MRY1T4,2019
KGZ,Kyrgyzstan,2020.0,0,CME_MRY1T4,Child mortality rate (aged 1-4 years),2.24840977808843,D_PER_1000_1,,_T,,_T,,,2.18081628912399,2.31321048521561,A,,UN_IGME,,,CME_MRY1T4,2020
KGZ,Kyrgyzstan,2021.0,0,CME_MRY1T4,Child mortality rate (aged 1-4 years),2.1904463262189,D_PER_1000_1,,_T,,_T,,,2.12764719357675,2.25780667399041,A,,UN_IGME,,,CME_MRY1T4,2021
KGZ,Kyrgyzstan,2022.0,0,CME_MRY1T4,Child mortality rate (aged 1-4 years),2.14298094654897,D_PER_1000_1,,_T,,_T,,,2.06725103827234,2.22641831203741,A,,UN_IGME,,,CME_MRY1T4,2022
KGZ,Kyrgyzstan,2023.0,0,CME_MRY1T4,Child mortality rate (aged 1-4 years),2.09394745446884,D_PER_1000_1,,_T,,_T,,,1.98313851280041,2.21622021026789,A,,UN_IGME,,,CME_MRY1T4,2023
KGZ,Kyrgyzstan,2024.0,0,CME_MRY1T4,Child mortality rate (aged 1-4 years),2.04929135239351,D_PER_1000_1,,_T,,_T,,,1.88089523879446,2.24552757099164,A,,UN_IGME,,,CME_MRY1T4,2024
KWT,Kuwait,2000.0,0,CME_MRY1T4,Child mortality rate (aged 1-4 years),2.12241962647347,D_PER_1000_1,,_T,,_T,,,2.05699234552537,2.18844996440937,A,,UN_IGME,,,CME_MRY1T4,2000
KWT,Kuwait,2001.0,0,CME_MRY1T4,Child mortality rate (aged 1-4 years),2.07427339433386,D_PER_1000_1,,_T,,_T,,,2.01232036563567,2.13690046559375,A,,UN_IGME,,,CME_MRY1T4,2001
KWT,Kuwait,2002.0,0,CME_MRY1T4,Child mortality rate (aged 1-4 years),2.03335423983697,D_PER_1000_1,,_T,,_T,,,1.97331396407487,2.09302074440124,A,,UN_IGME,,,CME_MRY1T4,2002
KWT,Kuwait,2003.0,0,CME_MRY1T4,Child mortality rate (aged 1-4 years),1.98873837884772,D_PER_1000_1,,_T,,_T,,,1.9303939489098,2.04700703989795,A,,UN_IGME,,,CME_MRY1T4,2003
KWT,Kuwait,2004.0,0,CME_MRY1T4,Child mortality rate (aged 1-4 years),1.93888455016072,D_PER_1000_1,,_T,,_T,,,1.88292476690042,1.99508522414978,A,,UN_IGME,,,CME_MRY1T4,2004
KWT,Kuwait,2005.0,0,CME_MRY1T4,Child mortality rate (aged 1-4 years),1.88937546918633,D_PER_1000_1,,_T,,_T,,,1.83399509157449,1.94480815462529,A,,UN_IGME,,,CME_MRY1T4,2005
KWT,Kuwait,2006.0,0,CME_MRY1T4,Child mortality rate (aged 1-4 years),1.84421077442715,D_PER_1000_1,,_T,,_T,,,1.79153957631304,1.89793882969987,A,,UN_IGME,,,CME_MRY1T4,2006
KWT,Kuwait,2007.0,0,CME_MRY1T4,Child mortality rate (aged 1-4 years),1.80018459313891,D_PER_1000_1,,_T,,_T,,,1.74977141415468,1.85142951822759,A,,UN_IGME,,,CME_MRY1T4,2007
KWT,Kuwait,2008.0,0,CME_MRY1T4,Child mortality rate (aged 1-4 years),1.7519819721819,D_PER_1000_1,,_T,,_T,,,1.70286772824665,1.80351162817536,A,,UN_IGME,,,CME_MRY1T4,2008
KWT,Kuwait,2009.0,0,CME_MRY1T4,Child mortality rate (aged 1-4 years),1.69670576295172,D_PER_1000_1,,_T,,_T,,,1.65030269692795,1.74412597421055,A,,UN_IGME,,,CME_MRY1T4,2009
KWT,Kuwait,2010.0,0,CME_MRY1T4,Child mortality rate (aged 1-4 years),1.63334129707959,D_PER_1000_1,,_T,,_T,,,1.58772586992891,1.67998335790322,A,,UN_IGME,,,CME_MRY1T4,2010
KWT,Kuwait,2011.0,0,CME_MRY1T4,Child mortality rate (aged 1-4 years),1.56207091661376,D_PER_1000_1,,_T,,_T,,,1.51740896780579,1.60686266582373,A,,UN_IGME,,,CME_MRY1T4,2011
KWT,Kuwait,2012.0,0,CME_MRY1T4,Child mortality rate (aged 1-4 years),1.48982586399315,D_PER_1000_1,,_T,,_T,,,1.44724428346593,1.53218209430238,A,,UN_IGME,,,CME_MRY1T4,2012
KWT,Kuwait,2013.0,0,CME_MRY1T4,Child mortality rate (aged 1-4 years),1.42402573676936,D_PER_1000_1,,_T,,_T,,,1.38228694442798,1.46630748344677,A,,UN_IGME,,,CME_MRY1T4,2013
KWT,Kuwait,2014.0,0,CME_MRY1T4,Child mortality rate (aged 1-4 years),1.37051264049892,D_PER_1000_1,,_T,,_T,,,1.33087735696558,1.41170345124316,A,,UN_IGME,,,CME_MRY1T4,2014
KWT,Kuwait,2015.0,0,CME_MRY1T4,Child mortality rate (aged 1-4 years),1.32876654960623,D_PER_1000_1,,_T,,_T,,,1.28959133184633,1.37043019033398,A,,UN_IGME,,,CME_MRY1T4,2015
KWT,Kuwait,2016.0,0,CME_MRY1T4,Child mortality rate (aged 1-4 years),1.2978583149782,D_PER_1000_1,,_T,,_T,,,1.25843169797242,1.33839875555471,A,,UN_IGME,,,CME_MRY1T4,2016
KWT,Kuwait,2017.0,0,CME_MRY1T4,Child mortality rate (aged 1-4 years),1.27691577636269,D_PER_1000_1,,_T,,_T,,,1.23585987939569,1.31787288761007,A,,UN_IGME,,,CME_MRY1T4,2017
KWT,Kuwait,2018.0,0,CME_MRY1T4,Child mortality rate (aged 1-4 years),1.25963246716232,D_PER_1000_1,,_T,,_T,,,1.21574744980951,1.30370881002776,A,,UN_IGME,,,CME_MRY1T4,2018
KWT,Kuwait,2019.0,0,CME_MRY1T4,Child mortality rate (aged 1-4 years),1.2455020868945,D_PER_1000_1,,_T,,_T,,,1.19970410743494,1.29271500239082,A,,UN_IGME,,,CME_MRY1T4,2019
KWT,Kuwait,2020.0,0,CME_MRY1T4,Child mortality rate (aged 1-4 years),1.22897099954516,D_PER_1000_1,,_T,,_T,,,1.18175750474675,1.27857649292555,A,,UN_IGME,,,CME_MRY1T4,2020
KWT,Kuwait,2021.0,0,CME_MRY1T4,Child mortality rate (aged 1-4 years),1.20530425385879,D_PER_1000_1,,_T,,_T,,,1.15820945344436,1.25439345681764,A,,UN_IGME,,,CME_MRY1T4,2021
KWT,Kuwait,2022.0,0,CME_MRY1T4,Child mortality rate (aged 1-4 years),1.17344239793299,D_PER_1000_1,,_T,,_T,,,1.12671703732974,1.22163870247969,A,,UN_IGME,,,CME_MRY1T4,2022
KWT,Kuwait,2023.0,0,CME_MRY1T4,Child mortality rate (aged 1-4 years),1.1363830467841,D_PER_1000_1,,_T,,_T,,,1.0854221804083,1.18951454711186,A,,UN_IGME,,,CME_MRY1T4,2023
KWT,Kuwait,2024.0,0,CME_MRY1T4,Child mortality rate (aged 1-4 years),1.09371485487297,D_PER_1000_1,,_T,,_T,,,1.0299226239719,1.1621382909033,A,,UN_IGME,,,CME_MRY1T4,2024
LAO,Lao People's Democratic Republic,2000.0,0,CME_MRY1T4,Child mortality rate (aged 1-4 years),19.4757442681967,D_PER_1000_1,,_T,,_T,,,17.702738996319,21.5209935980059,A,,UN_IGME,,,CME_MRY1T4,2000
LAO,Lao People's Democratic Republic,2001.0,0,CME_MRY1T4,Child mortality rate (aged 1-4 years),17.8453076840182,D_PER_1000_1,,_T,,_T,,,16.2155082264616,19.7949373952678,A,,UN_IGME,,,CME_MRY1T4,2001
LAO,Lao People's Democratic Republic,2002.0,0,CME_MRY1T4,Child mortality rate (aged 1-4 years),16.3404271289583,D_PER_1000_1,,_T,,_T,,,14.827865207218,18.1490195836788,A,,UN_IGME,,,CME_MRY1T4,2002
LAO,Lao People's Democratic Republic,2003.0,0,CME_MRY1T4,Child mortality rate (aged 1-4 years),14.9122239061872,D_PER_1000_1,,_T,,_T,,,13.5182957564748,16.5923246080388,A,,UN_IGME,,,CME_MRY1T4,2003
LAO,Lao People's Democratic Republic,2004.0,0,CME_MRY1T4,Child mortality rate (aged 1-4 years),13.5751808223294,D_PER_1000_1,,_T,,_T,,,12.2819593752641,15.1069664074803,A,,UN_IGME,,,CME_MRY1T4,2004
LAO,Lao People's Democratic Republic,2005.0,0,CME_MRY1T4,Child mortality rate (aged 1-4 years),12.3357186228349,D_PER_1000_1,,_T,,_T,,,11.1464570848787,13.7452283836428,A,,UN_IGME,,,CME_MRY1T4,2005
LAO,Lao People's Democratic Republic,2006.0,0,CME_MRY1T4,Child mortality rate (aged 1-4 years),11.2001893167721,D_PER_1000_1,,_T,,_T,,,10.0864097386715,12.4995076533793,A,,UN_IGME,,,CME_MRY1T4,2006
LAO,Lao People's Democratic Republic,2007.0,0,CME_MRY1T4,Child mortality rate (aged 1-4 years),10.1517372432954,D_PER_1000_1,,_T,,_T,,,9.10549274502125,11.3440305439999,A,,UN_IGME,,,CME_MRY1T4,2007
LAO,Lao People's Democratic Republic,2008.0,0,CME_MRY1T4,Child mortality rate (aged 1-4 years),9.20698615702414,D_PER_1000_1,,_T,,_T,,,8.2426373437893,10.3339758980207,A,,UN_IGME,,,CME_MRY1T4,2008
LAO,Lao People's Democratic Republic,2009.0,0,CME_MRY1T4,Child mortality rate (aged 1-4 years),8.32814909054058,D_PER_1000_1,,_T,,_T,,,7.41789455089526,9.37799194022658,A,,UN_IGME,,,CME_MRY1T4,2009
LAO,Lao People's Democratic Republic,2010.0,0,CME_MRY1T4,Child mortality rate (aged 1-4 years),7.55376184562029,D_PER_1000_1,,_T,,_T,,,6.68757713959716,8.5497809033072,A,,UN_IGME,,,CME_MRY1T4,2010
LAO,Lao People's Democratic Republic,2011.0,0,CME_MRY1T4,Child mortality rate (aged 1-4 years),6.87128332617753,D_PER_1000_1,,_T,,_T,,,6.0461728695262,7.81811741325682,A,,UN_IGME,,,CME_MRY1T4,2011
LAO,Lao People's Democratic Republic,2012.0,0,CME_MRY1T4,Child mortality rate (aged 1-4 years),6.24725855194264,D_PER_1000_1,,_T,,_T,,,5.46126466817916,7.15688009485415,A,,UN_IGME,,,CME_MRY1T4,2012
LAO,Lao People's Democratic Republic,2013.0,0,CME_MRY1T4,Child mortality rate (aged 1-4 years),5.66914046380246,D_PER_1000_1,,_T,,_T,,,4.91921795881949,6.539106741953,A,,UN_IGME,,,CME_MRY1T4,2013
LAO,Lao People's Democratic Republic,2014.0,0,CME_MRY1T4,Child mortality rate (aged 1-4 years),5.15637896355781,D_PER_1000_1,,_T,,_T,,,4.42639049677609,5.98064409841253,A,,UN_IGME,,,CME_MRY1T4,2014
LAO,Lao People's Democratic Republic,2015.0,0,CME_MRY1T4,Child mortality rate (aged 1-4 years),4.69577407797134,D_PER_1000_1,,_T,,_T,,,3.99587329599724,5.48521415075518,A,,UN_IGME,,,CME_MRY1T4,2015
LAO,Lao People's Democratic Republic,2016.0,0,CME_MRY1T4,Child mortality rate (aged 1-4 years),4.28537405003171,D_PER_1000_1,,_T,,_T,,,3.61640713267311,5.06254899503995,A,,UN_IGME,,,CME_MRY1T4,2016
LAO,Lao People's Democratic Republic,2017.0,0,CME_MRY1T4,Child mortality rate (aged 1-4 years),3.92187867107496,D_PER_1000_1,,_T,,_T,,,3.26252930990113,4.68178736364481,A,,UN_IGME,,,CME_MRY1T4,2017
LAO,Lao People's Democratic Republic,2018.0,0,CME_MRY1T4,Child mortality rate (aged 1-4 years),3.59738559943845,D_PER_1000_1,,_T,,_T,,,2.94721480343845,4.34035003021053,A,,UN_IGME,,,CME_MRY1T4,2018
LAO,Lao People's Democratic Republic,2019.0,0,CME_MRY1T4,Child mortality rate (aged 1-4 years),3.28789997823214,D_PER_1000_1,,_T,,_T,,,2.64894253770173,4.02705996870838,A,,UN_IGME,,,CME_MRY1T4,2019
LAO,Lao People's Democratic Republic,2020.0,0,CME_MRY1T4,Child mortality rate (aged 1-4 years),3.01567929430002,D_PER_1000_1,,_T,,_T,,,2.38068739786976,3.76179613270861,A,,UN_IGME,,,CME_MRY1T4,2020
LAO,Lao People's Democratic Republic,2021.0,0,CME_MRY1T4,Child mortality rate (aged 1-4 years),2.7607665273201,D_PER_1000_1,,_T,,_T,,,2.13770762689862,3.51049344430377,A,,UN_IGME,,,CME_MRY1T4,2021
LAO,Lao People's Democratic Republic,2022.0,0,CME_MRY1T4,Child mortality rate (aged 1-4 years),2.56121987778246,D_PER_1000_1,,_T,,_T,,,1.94666206554319,3.32078174673968,A,,UN_IGME,,,CME_MRY1T4,2022
LAO,Lao People's Democratic Republic,2023.0,0,CME_MRY1T4,Child mortality rate (aged 1-4 years),2.39036356034311,D_PER_1000_1,,_T,,_T,,,1.78296637369265,3.16508780310262,A,,UN_IGME,,,CME_MRY1T4,2023
LAO,Lao People's Democratic Republic,2024.0,0,CME_MRY1T4,Child mortality rate (aged 1-4 years),2.24879831341723,D_PER_1000_1,,_T,,_T,,,1.64554479203721,3.04538889058599,A,,UN_IGME,,,CME_MRY1T4,2024
MAR,Morocco,2000.0,0,CME_MRY1T4,Child mortality rate (aged 1-4 years),7.32129191815922,D_PER_1000_1,,_T,,_T,,,6.6162039645169,8.14968852719501,A,,UN_IGME,,,CME_MRY1T4,2000
MAR,Morocco,2001.0,0,CME_MRY1T4,Child mortality rate (aged 1-4 years),6.73302284443528,D_PER_1000_1,,_T,,_T,,,6.06784709328077,7.52439945069898,A,,UN_IGME,,,CME_MRY1T4,2001
MAR,Morocco,2002.0,0,CME_MRY1T4,Child mortality rate (aged 1-4 years),6.18648233853997,D_PER_1000_1,,_T,,_T,,,5.56412357715729,6.94382388098419,A,,UN_IGME,,,CME_MRY1T4,2002
MAR,Morocco,2003.0,0,CME_MRY1T4,Child mortality rate (aged 1-4 years),5.68723083645967,D_PER_1000_1,,_T,,_T,,,5.10271650728527,6.39750530515557,A,,UN_IGME,,,CME_MRY1T4,2003
MAR,Morocco,2004.0,0,CME_MRY1T4,Child mortality rate (aged 1-4 years),5.20641910930725,D_PER_1000_1,,_T,,_T,,,4.66119459661224,5.87484342860823,A,,UN_IGME,,,CME_MRY1T4,2004
MAR,Morocco,2005.0,0,CME_MRY1T4,Child mortality rate (aged 1-4 years),4.74843473018977,D_PER_1000_1,,_T,,_T,,,4.24378670706516,5.33917334849033,A,,UN_IGME,,,CME_MRY1T4,2005
MAR,Morocco,2006.0,0,CME_MRY1T4,Child mortality rate (aged 1-4 years),4.31243766394829,D_PER_1000_1,,_T,,_T,,,3.83887863303065,4.83328591421872,A,,UN_IGME,,,CME_MRY1T4,2006
MAR,Morocco,2007.0,0,CME_MRY1T4,Child mortality rate (aged 1-4 years),3.91340392149314,D_PER_1000_1,,_T,,_T,,,3.47558186261224,4.37946062943114,A,,UN_IGME,,,CME_MRY1T4,2007
MAR,Morocco,2008.0,0,CME_MRY1T4,Child mortality rate (aged 1-4 years),3.54653938273031,D_PER_1000_1,,_T,,_T,,,3.12967063867421,3.96975135640391,A,,UN_IGME,,,CME_MRY1T4,2008
MAR,Morocco,2009.0,0,CME_MRY1T4,Child mortality rate (aged 1-4 years),3.21411262455001,D_PER_1000_1,,_T,,_T,,,2.81404414516745,3.60341126808882,A,,UN_IGME,,,CME_MRY1T4,2009
MAR,Morocco,2010.0,0,CME_MRY1T4,Child mortality rate (aged 1-4 years),2.9214680673772,D_PER_1000_1,,_T,,_T,,,2.53585047371485,3.30320896505284,A,,UN_IGME,,,CME_MRY1T4,2010
MAR,Morocco,2011.0,0,CME_MRY1T4,Child mortality rate (aged 1-4 years),2.65535191709304,D_PER_1000_1,,_T,,_T,,,2.27138749570384,3.03227642620024,A,,UN_IGME,,,CME_MRY1T4,2011
MAR,Morocco,2012.0,0,CME_MRY1T4,Child mortality rate (aged 1-4 years),2.4144830038007,D_PER_1000_1,,_T,,_T,,,2.03321346779389,2.79730664803161,A,,UN_IGME,,,CME_MRY1T4,2012
MAR,Morocco,2013.0,0,CME_MRY1T4,Child mortality rate (aged 1-4 years),2.18799239347278,D_PER_1000_1,,_T,,_T,,,1.81698124358819,2.57926493560879,A,,UN_IGME,,,CME_MRY1T4,2013
MAR,Morocco,2014.0,0,CME_MRY1T4,Child mortality rate (aged 1-4 years),1.98406792696604,D_PER_1000_1,,_T,,_T,,,1.61470279117412,2.38931041400711,A,,UN_IGME,,,CME_MRY1T4,2014
MAR,Morocco,2015.0,0,CME_MRY1T4,Child mortality rate (aged 1-4 years),1.80727069851444,D_PER_1000_1,,_T,,_T,,,1.43829803663777,2.2177241690256,A,,UN_IGME,,,CME_MRY1T4,2015
MAR,Morocco,2016.0,0,CME_MRY1T4,Child mortality rate (aged 1-4 years),1.64766647441428,D_PER_1000_1,,_T,,_T,,,1.28026836187274,2.06339266891003,A,,UN_IGME,,,CME_MRY1T4,2016
MAR,Morocco,2017.0,0,CME_MRY1T4,Child mortality rate (aged 1-4 years),1.52030363056066,D_PER_1000_1,,_T,,_T,,,1.15286403463293,1.94379172692728,A,,UN_IGME,,,CME_MRY1T4,2017
MAR,Morocco,2018.0,0,CME_MRY1T4,Child mortality rate (aged 1-4 years),1.41878962634207,D_PER_1000_1,,_T,,_T,,,1.04609210612824,1.85702526056061,A,,UN_IGME,,,CME_MRY1T4,2018
MAR,Morocco,2019.0,0,CME_MRY1T4,Child mortality rate (aged 1-4 years),1.32924716851385,D_PER_1000_1,,_T,,_T,,,0.959242843378882,1.78290228181431,A,,UN_IGME,,,CME_MRY1T4,2019
MAR,Morocco,2020.0,0,CME_MRY1T4,Child mortality rate (aged 1-4 years),1.25162143973734,D_PER_1000_1,,_T,,_T,,,0.88165639023628,1.71270371331519,A,,UN_IGME,,,CME_MRY1T4,2020
MAR,Morocco,2021.0,0,CME_MRY1T4,Child mortality rate (aged 1-4 years),1.18699999468219,D_PER_1000_1,,_T,,_T,,,0.810384789543211,1.67421145586129,A,,UN_IGME,,,CME_MRY1T4,2021
MAR,Morocco,2022.0,0,CME_MRY1T4,Child mortality rate (aged 1-4 years),1.12971587092958,D_PER_1000_1,,_T,,_T,,,0.752222681268855,1.64004312005698,A,,UN_IGME,,,CME_MRY1T4,2022
MAR,Morocco,2023.0,0,CME_MRY1T4,Child mortality rate (aged 1-4 years),1.06918394406574,D_PER_1000_1,,_T,,_T,,,0.694133289398868,1.60764515142571,A,,UN_IGME,,,CME_MRY1T4,2023
MAR,Morocco,2024.0,0,CME_MRY1T4,Child mortality rate (aged 1-4 years),1.01572356243668,D_PER_1000_1,,_T,,_T,,,0.642206427701036,1.57144468116793,A,,UN_IGME,,,CME_MRY1T4,2024
MLT,Malta,2000.0,0,CME_MRY1T4,Child mortality rate (aged 1-4 years),0.934908790645228,D_PER_1000_1,,_T,,_T,,,0.853936179852072,1.02338545314134,A,,UN_IGME,,,CME_MRY1T4,2000
MLT,Malta,2001.0,0,CME_MRY1T4,Child mortality rate (aged 1-4 years),0.907324552874178,D_PER_1000_1,,_T,,_T,,,0.826361398921061,0.993931465235487,A,,UN_IGME,,,CME_MRY1T4,2001
MLT,Malta,2002.0,0,CME_MRY1T4,Child mortality rate (aged 1-4 years),0.884544693748046,D_PER_1000_1,,_T,,_T,,,0.804085704765695,0.969693324180543,A,,UN_IGME,,,CME_MRY1T4,2002
MLT,Malta,2003.0,0,CME_MRY1T4,Child mortality rate (aged 1-4 years),0.867843720271821,D_PER_1000_1,,_T,,_T,,,0.787424978883872,0.953130826379056,A,,UN_IGME,,,CME_MRY1T4,2003
MLT,Malta,2004.0,0,CME_MRY1T4,Child mortality rate (aged 1-4 years),0.857413409660002,D_PER_1000_1,,_T,,_T,,,0.777738357812391,0.941219125339832,A,,UN_IGME,,,CME_MRY1T4,2004
MLT,Malta,2005.0,0,CME_MRY1T4,Child mortality rate (aged 1-4 years),0.850310097380291,D_PER_1000_1,,_T,,_T,,,0.771380705190383,0.935364381634579,A,,UN_IGME,,,CME_MRY1T4,2005
MLT,Malta,2006.0,0,CME_MRY1T4,Child mortality rate (aged 1-4 years),0.848287919427537,D_PER_1000_1,,_T,,_T,,,0.769638134174877,0.933252270890389,A,,UN_IGME,,,CME_MRY1T4,2006
MLT,Malta,2007.0,0,CME_MRY1T4,Child mortality rate (aged 1-4 years),0.848141273500691,D_PER_1000_1,,_T,,_T,,,0.770296610591298,0.933073708854604,A,,UN_IGME,,,CME_MRY1T4,2007
MLT,Malta,2008.0,0,CME_MRY1T4,Child mortality rate (aged 1-4 years),0.8472541510402,D_PER_1000_1,,_T,,_T,,,0.770463952783557,0.932622841234654,A,,UN_IGME,,,CME_MRY1T4,2008
MLT,Malta,2009.0,0,CME_MRY1T4,Child mortality rate (aged 1-4 years),0.845028498157541,D_PER_1000_1,,_T,,_T,,,0.768027928610016,0.931041696821966,A,,UN_IGME,,,CME_MRY1T4,2009
MLT,Malta,2010.0,0,CME_MRY1T4,Child mortality rate (aged 1-4 years),0.842903811699158,D_PER_1000_1,,_T,,_T,,,0.766195446520074,0.927836476320887,A,,UN_IGME,,,CME_MRY1T4,2010
MLT,Malta,2011.0,0,CME_MRY1T4,Child mortality rate (aged 1-4 years),0.83903613525621,D_PER_1000_1,,_T,,_T,,,0.761594671672722,0.925755484490837,A,,UN_IGME,,,CME_MRY1T4,2011
MLT,Malta,2012.0,0,CME_MRY1T4,Child mortality rate (aged 1-4 years),0.832922625373267,D_PER_1000_1,,_T,,_T,,,0.754658784283169,0.917512923696795,A,,UN_IGME,,,CME_MRY1T4,2012
MLT,Malta,2013.0,0,CME_MRY1T4,Child mortality rate (aged 1-4 years),0.827265666372312,D_PER_1000_1,,_T,,_T,,,0.749354567471838,0.910761136995336,A,,UN_IGME,,,CME_MRY1T4,2013
MLT,Malta,2014.0,0,CME_MRY1T4,Child mortality rate (aged 1-4 years),0.815993677309779,D_PER_1000_1,,_T,,_T,,,0.738785244860973,0.899130741635557,A,,UN_IGME,,,CME_MRY1T4,2014
MLT,Malta,2015.0,0,CME_MRY1T4,Child mortality rate (aged 1-4 years),0.804088636878642,D_PER_1000_1,,_T,,_T,,,0.729801712611833,0.886014626296455,A,,UN_IGME,,,CME_MRY1T4,2015
MLT,Malta,2016.0,0,CME_MRY1T4,Child mortality rate (aged 1-4 years),0.793159348148331,D_PER_1000_1,,_T,,_T,,,0.719752647003447,0.875041265076726,A,,UN_IGME,,,CME_MRY1T4,2016
MLT,Malta,2017.0,0,CME_MRY1T4,Child mortality rate (aged 1-4 years),0.777838974348466,D_PER_1000_1,,_T,,_T,,,0.70469258804689,0.859509421564031,A,,UN_IGME,,,CME_MRY1T4,2017
MLT,Malta,2018.0,0,CME_MRY1T4,Child mortality rate (aged 1-4 years),0.76111241036908,D_PER_1000_1,,_T,,_T,,,0.686562326093143,0.846434481473718,A,,UN_IGME,,,CME_MRY1T4,2018
MLT,Malta,2019.0,0,CME_MRY1T4,Child mortality rate (aged 1-4 years),0.742993403523295,D_PER_1000_1,,_T,,_T,,,0.661595884467603,0.833990310058863,A,,UN_IGME,,,CME_MRY1T4,2019
MLT,Malta,2020.0,0,CME_MRY1T4,Child mortality rate (aged 1-4 years),0.723345325919833,D_PER_1000_1,,_T,,_T,,,0.632736723029909,0.825500460795353,A,,UN_IGME,,,CME_MRY1T4,2020
MLT,Malta,2021.0,0,CME_MRY1T4,Child mortality rate (aged 1-4 years),0.701837407751538,D_PER_1000_1,,_T,,_T,,,0.60012005802263,0.820147781866426,A,,UN_IGME,,,CME_MRY1T4,2021
MLT,Malta,2022.0,0,CME_MRY1T4,Child mortality rate (aged 1-4 years),0.679864475983283,D_PER_1000_1,,_T,,_T,,,0.565900436863509,0.815181844428791,A,,UN_IGME,,,CME_MRY1T4,2022
MLT,Malta,2023.0,0,CME_MRY1T4,Child mortality rate (aged 1-4 years),0.657337147265347,D_PER_1000_1,,_T,,_T,,,0.53083389407817,0.811584751163946,A,,UN_IGME,,,CME_MRY1T4,2023
MLT,Malta,2024.0,0,CME_MRY1T4,Child mortality rate (aged 1-4 years),0.634300936862786,D_PER_1000_1,,_T,,_T,,,0.495765830409411,0.8069176295872,A,,UN_IGME,,,CME_MRY1T4,2024
OMN,Oman,2000.0,0,CME_MRY1T4,Child mortality rate (aged 1-4 years),3.17195397118497,D_PER_1000_1,,_T,,_T,,,2.7649277144121,3.63465901857788,A,,UN_IGME,,,CME_MRY1T4,2000
OMN,Oman,2001.0,0,CME_MRY1T4,Child mortality rate (aged 1-4 years),2.96376924302061,D_PER_1000_1,,_T,,_T,,,2.59797346688638,3.38315540768362,A,,UN_IGME,,,CME_MRY1T4,2001
OMN,Oman,2002.0,0,CME_MRY1T4,Child mortality rate (aged 1-4 years),2.78778599939572,D_PER_1000_1,,_T,,_T,,,2.46282050076905,3.16485878961834,A,,UN_IGME,,,CME_MRY1T4,2002
OMN,Oman,2003.0,0,CME_MRY1T4,Child mortality rate (aged 1-4 years),2.64233348415666,D_PER_1000_1,,_T,,_T,,,2.3579132535744,2.96771396060753,A,,UN_IGME,,,CME_MRY1T4,2003
OMN,Oman,2004.0,0,CME_MRY1T4,Child mortality rate (aged 1-4 years),2.52519421700997,D_PER_1000_1,,_T,,_T,,,2.28221569369348,2.80042913266357,A,,UN_IGME,,,CME_MRY1T4,2004
OMN,Oman,2005.0,0,CME_MRY1T4,Child mortality rate (aged 1-4 years),2.43421332174248,D_PER_1000_1,,_T,,_T,,,2.23471573584885,2.65892189292861,A,,UN_IGME,,,CME_MRY1T4,2005
OMN,Oman,2006.0,0,CME_MRY1T4,Child mortality rate (aged 1-4 years),2.36454491070925,D_PER_1000_1,,_T,,_T,,,2.20396948565448,2.54068868172744,A,,UN_IGME,,,CME_MRY1T4,2006
OMN,Oman,2007.0,0,CME_MRY1T4,Child mortality rate (aged 1-4 years),2.31085118806529,D_PER_1000_1,,_T,,_T,,,2.18666478476894,2.44113579037261,A,,UN_IGME,,,CME_MRY1T4,2007
OMN,Oman,2008.0,0,CME_MRY1T4,Child mortality rate (aged 1-4 years),2.27094935096944,D_PER_1000_1,,_T,,_T,,,2.17467814773943,2.36844416158312,A,,UN_IGME,,,CME_MRY1T4,2008
OMN,Oman,2009.0,0,CME_MRY1T4,Child mortality rate (aged 1-4 years),2.23816795254711,D_PER_1000_1,,_T,,_T,,,2.16207641994203,2.31253822418915,A,,UN_IGME,,,CME_MRY1T4,2009
OMN,Oman,2010.0,0,CME_MRY1T4,Child mortality rate (aged 1-4 years),2.20842103311109,D_PER_1000_1,,_T,,_T,,,2.14240617468479,2.27463394009764,A,,UN_IGME,,,CME_MRY1T4,2010
OMN,Oman,2011.0,0,CME_MRY1T4,Child mortality rate (aged 1-4 years),2.17885634778126,D_PER_1000_1,,_T,,_T,,,2.1188020364536,2.23813857557565,A,,UN_IGME,,,CME_MRY1T4,2011
OMN,Oman,2012.0,0,CME_MRY1T4,Child mortality rate (aged 1-4 years),2.14956893473961,D_PER_1000_1,,_T,,_T,,,2.09274920607911,2.20710386498026,A,,UN_IGME,,,CME_MRY1T4,2012
OMN,Oman,2013.0,0,CME_MRY1T4,Child mortality rate (aged 1-4 years),2.12760290242903,D_PER_1000_1,,_T,,_T,,,2.0718084110356,2.18601829530271,A,,UN_IGME,,,CME_MRY1T4,2013
OMN,Oman,2014.0,0,CME_MRY1T4,Child mortality rate (aged 1-4 years),2.10874765730368,D_PER_1000_1,,_T,,_T,,,2.04986518725102,2.16886977924549,A,,UN_IGME,,,CME_MRY1T4,2014
OMN,Oman,2015.0,0,CME_MRY1T4,Child mortality rate (aged 1-4 years),2.0951655540099,D_PER_1000_1,,_T,,_T,,,2.0297202297409,2.16158725308311,A,,UN_IGME,,,CME_MRY1T4,2015
OMN,Oman,2016.0,0,CME_MRY1T4,Child mortality rate (aged 1-4 years),2.08708782483397,D_PER_1000_1,,_T,,_T,,,2.01362001913726,2.16082408318445,A,,UN_IGME,,,CME_MRY1T4,2016
OMN,Oman,2017.0,0,CME_MRY1T4,Child mortality rate (aged 1-4 years),2.08119316946753,D_PER_1000_1,,_T,,_T,,,1.99845976233979,2.16492288044029,A,,UN_IGME,,,CME_MRY1T4,2017
OMN,Oman,2018.0,0,CME_MRY1T4,Child mortality rate (aged 1-4 years),2.07166549470394,D_PER_1000_1,,_T,,_T,,,1.97830394000458,2.16728811370176,A,,UN_IGME,,,CME_MRY1T4,2018
OMN,Oman,2019.0,0,CME_MRY1T4,Child mortality rate (aged 1-4 years),2.06038412175535,D_PER_1000_1,,_T,,_T,,,1.95893710615354,2.1665624940114,A,,UN_IGME,,,CME_MRY1T4,2019
OMN,Oman,2020.0,0,CME_MRY1T4,Child mortality rate (aged 1-4 years),2.05010142880868,D_PER_1000_1,,_T,,_T,,,1.93807627214501,2.16641141675022,A,,UN_IGME,,,CME_MRY1T4,2020
OMN,Oman,2021.0,0,CME_MRY1T4,Child mortality rate (aged 1-4 years),2.03792916710344,D_PER_1000_1,,_T,,_T,,,1.919038673879,2.16583741843971,A,,UN_IGME,,,CME_MRY1T4,2021
OMN,Oman,2022.0,0,CME_MRY1T4,Child mortality rate (aged 1-4 years),2.02680448769282,D_PER_1000_1,,_T,,_T,,,1.89188814885579,2.16862798991256,A,,UN_IGME,,,CME_MRY1T4,2022
OMN,Oman,2023.0,0,CME_MRY1T4,Child mortality rate (aged 1-4 years),2.01634613745427,D_PER_1000_1,,_T,,_T,,,1.85715867870077,2.18899056671323,A,,UN_IGME,,,CME_MRY1T4,2023
OMN,Oman,2024.0,0,CME_MRY1T4,Child mortality rate (aged 1-4 years),2.00583280821692,D_PER_1000_1,,_T,,_T,,,1.80880026072946,2.22256206353519,A,,UN_IGME,,,CME_MRY1T4,2024
TJK,Tajikistan,2000.0,0,CME_MRY1T4,Child mortality rate (aged 1-4 years),18.0137103561427,D_PER_1000_1,,_T,,_T,,,16.1605876699901,20.1069972745914,A,,UN_IGME,,,CME_MRY1T4,2000
TJK,Tajikistan,2001.0,0,CME_MRY1T4,Child mortality rate (aged 1-4 years),16.2450055867239,D_PER_1000_1,,_T,,_T,,,14.4586043516109,18.2512022022464,A,,UN_IGME,,,CME_MRY1T4,2001
TJK,Tajikistan,2002.0,0,CME_MRY1T4,Child mortality rate (aged 1-4 years),14.5944861503144,D_PER_1000_1,,_T,,_T,,,12.9307692776366,16.427929155575,A,,UN_IGME,,,CME_MRY1T4,2002
TJK,Tajikistan,2003.0,0,CME_MRY1T4,Child mortality rate (aged 1-4 years),13.0920745078472,D_PER_1000_1,,_T,,_T,,,11.5942593074448,14.7780916240547,A,,UN_IGME,,,CME_MRY1T4,2003
TJK,Tajikistan,2004.0,0,CME_MRY1T4,Child mortality rate (aged 1-4 years),11.781049294626,D_PER_1000_1,,_T,,_T,,,10.4121745275017,13.3643699913796,A,,UN_IGME,,,CME_MRY1T4,2004
TJK,Tajikistan,2005.0,0,CME_MRY1T4,Child mortality rate (aged 1-4 years),10.7040163976829,D_PER_1000_1,,_T,,_T,,,9.41719846223758,12.1452384139222,A,,UN_IGME,,,CME_MRY1T4,2005
TJK,Tajikistan,2006.0,0,CME_MRY1T4,Child mortality rate (aged 1-4 years),9.77063478786511,D_PER_1000_1,,_T,,_T,,,8.59341128232349,11.1403234453561,A,,UN_IGME,,,CME_MRY1T4,2006
TJK,Tajikistan,2007.0,0,CME_MRY1T4,Child mortality rate (aged 1-4 years),9.01160294501291,D_PER_1000_1,,_T,,_T,,,7.92564445425812,10.2777453874291,A,,UN_IGME,,,CME_MRY1T4,2007
TJK,Tajikistan,2008.0,0,CME_MRY1T4,Child mortality rate (aged 1-4 years),8.40626354560015,D_PER_1000_1,,_T,,_T,,,7.39968088603721,9.57356156921782,A,,UN_IGME,,,CME_MRY1T4,2008
TJK,Tajikistan,2009.0,0,CME_MRY1T4,Child mortality rate (aged 1-4 years),7.91550196609764,D_PER_1000_1,,_T,,_T,,,6.97879498771329,9.00878504149061,A,,UN_IGME,,,CME_MRY1T4,2009
TJK,Tajikistan,2010.0,0,CME_MRY1T4,Child mortality rate (aged 1-4 years),7.49362968282735,D_PER_1000_1,,_T,,_T,,,6.58166190457024,8.53544234362387,A,,UN_IGME,,,CME_MRY1T4,2010
TJK,Tajikistan,2011.0,0,CME_MRY1T4,Child mortality rate (aged 1-4 years),7.12865166125393,D_PER_1000_1,,_T,,_T,,,6.24047277045504,8.15282116309427,A,,UN_IGME,,,CME_MRY1T4,2011
TJK,Tajikistan,2012.0,0,CME_MRY1T4,Child mortality rate (aged 1-4 years),6.81131008583691,D_PER_1000_1,,_T,,_T,,,5.94399685570335,7.80780398660813,A,,UN_IGME,,,CME_MRY1T4,2012
TJK,Tajikistan,2013.0,0,CME_MRY1T4,Child mortality rate (aged 1-4 years),6.52898402860824,D_PER_1000_1,,_T,,_T,,,5.68517541325858,7.51252588754346,A,,UN_IGME,,,CME_MRY1T4,2013
TJK,Tajikistan,2014.0,0,CME_MRY1T4,Child mortality rate (aged 1-4 years),6.26794757638732,D_PER_1000_1,,_T,,_T,,,5.42492742000691,7.24987416493764,A,,UN_IGME,,,CME_MRY1T4,2014
TJK,Tajikistan,2015.0,0,CME_MRY1T4,Child mortality rate (aged 1-4 years),6.04425256516822,D_PER_1000_1,,_T,,_T,,,5.19535415439285,7.02878729611037,A,,UN_IGME,,,CME_MRY1T4,2015
TJK,Tajikistan,2016.0,0,CME_MRY1T4,Child mortality rate (aged 1-4 years),5.85832950864484,D_PER_1000_1,,_T,,_T,,,4.98344284652503,6.89839517344578,A,,UN_IGME,,,CME_MRY1T4,2016
TJK,Tajikistan,2017.0,0,CME_MRY1T4,Child mortality rate (aged 1-4 years),5.69987737163713,D_PER_1000_1,,_T,,_T,,,4.79262200872578,6.78763970335899,A,,UN_IGME,,,CME_MRY1T4,2017
TJK,Tajikistan,2018.0,0,CME_MRY1T4,Child mortality rate (aged 1-4 years),5.57289248962123,D_PER_1000_1,,_T,,_T,,,4.62800367930931,6.70503769356192,A,,UN_IGME,,,CME_MRY1T4,2018
TJK,Tajikistan,2019.0,0,CME_MRY1T4,Child mortality rate (aged 1-4 years),5.46415106357184,D_PER_1000_1,,_T,,_T,,,4.45868612276836,6.71126313060045,A,,UN_IGME,,,CME_MRY1T4,2019
TJK,Tajikistan,2020.0,0,CME_MRY1T4,Child mortality rate (aged 1-4 years),5.34371630953212,D_PER_1000_1,,_T,,_T,,,4.23238142803368,6.76718521478423,A,,UN_IGME,,,CME_MRY1T4,2020
TJK,Tajikistan,2021.0,0,CME_MRY1T4,Child mortality rate (aged 1-4 years),5.22402792501248,D_PER_1000_1,,_T,,_T,,,3.9642153161647,6.89153138720097,A,,UN_IGME,,,CME_MRY1T4,2021
TJK,Tajikistan,2022.0,0,CME_MRY1T4,Child mortality rate (aged 1-4 years),5.0830687114945,D_PER_1000_1,,_T,,_T,,,3.68259034274442,7.03860988695286,A,,UN_IGME,,,CME_MRY1T4,2022
TJK,Tajikistan,2023.0,0,CME_MRY1T4,Child mortality rate (aged 1-4 years),4.92224468956026,D_PER_1000_1,,_T,,_T,,,3.41057052812604,7.19517124319073,A,,UN_IGME,,,CME_MRY1T4,2023
TJK,Tajikistan,2024.0,0,CME_MRY1T4,Child mortality rate (aged 1-4 years),4.75967422903756,D_PER_1000_1,,_T,,_T,,,3.14651835861975,7.28178775748467,A,,UN_IGME,,,CME_MRY1T4,2024
YEM,Yemen,2000.0,0,CME_MRY1T4,Child mortality rate (aged 1-4 years),18.5485376070883,D_PER_1000_1,,_T,,_T,,,16.9349754875945,20.3150890216876,A,,UN_IGME,,,CME_MRY1T4,2000
YEM,Yemen,2001.0,0,CME_MRY1T4,Child mortality rate (aged 1-4 years),17.206289022289,D_PER_1000_1,,_T,,_T,,,15.7252717043458,18.8299627760706,A,,UN_IGME,,,CME_MRY1T4,2001
YEM,Yemen,2002.0,0,CME_MRY1T4,Child mortality rate (aged 1-4 years),15.9186009306554,D_PER_1000_1,,_T,,_T,,,14.5422529058443,17.4021560740956,A,,UN_IGME,,,CME_MRY1T4,2002
YEM,Yemen,2003.0,0,CME_MRY1T4,Child mortality rate (aged 1-4 years),14.698898978661,D_PER_1000_1,,_T,,_T,,,13.4030967959758,16.067354596506,A,,UN_IGME,,,CME_MRY1T4,2003
YEM,Yemen,2004.0,0,CME_MRY1T4,Child mortality rate (aged 1-4 years),13.5892014751985,D_PER_1000_1,,_T,,_T,,,12.367689353105,14.9066865853432,A,,UN_IGME,,,CME_MRY1T4,2004
YEM,Yemen,2005.0,0,CME_MRY1T4,Child mortality rate (aged 1-4 years),12.5434354457233,D_PER_1000_1,,_T,,_T,,,11.3808021752962,13.7959671600924,A,,UN_IGME,,,CME_MRY1T4,2005
YEM,Yemen,2006.0,0,CME_MRY1T4,Child mortality rate (aged 1-4 years),11.5879027727875,D_PER_1000_1,,_T,,_T,,,10.4664216404043,12.7925605591981,A,,UN_IGME,,,CME_MRY1T4,2006
YEM,Yemen,2007.0,0,CME_MRY1T4,Child mortality rate (aged 1-4 years),10.7281725218319,D_PER_1000_1,,_T,,_T,,,9.64115828510515,11.8976562563402,A,,UN_IGME,,,CME_MRY1T4,2007
YEM,Yemen,2008.0,0,CME_MRY1T4,Child mortality rate (aged 1-4 years),9.96087773367527,D_PER_1000_1,,_T,,_T,,,8.94853153866444,11.1009015163345,A,,UN_IGME,,,CME_MRY1T4,2008
YEM,Yemen,2009.0,0,CME_MRY1T4,Child mortality rate (aged 1-4 years),9.28863089249382,D_PER_1000_1,,_T,,_T,,,8.31635599036542,10.3939700100446,A,,UN_IGME,,,CME_MRY1T4,2009
YEM,Yemen,2010.0,0,CME_MRY1T4,Child mortality rate (aged 1-4 years),8.70235334955422,D_PER_1000_1,,_T,,_T,,,7.77972774201612,9.77896987067554,A,,UN_IGME,,,CME_MRY1T4,2010
YEM,Yemen,2011.0,0,CME_MRY1T4,Child mortality rate (aged 1-4 years),8.2879909701748,D_PER_1000_1,,_T,,_T,,,7.37713898611536,9.33263481538027,A,,UN_IGME,,,CME_MRY1T4,2011
YEM,Yemen,2012.0,0,CME_MRY1T4,Child mortality rate (aged 1-4 years),7.97361177277456,D_PER_1000_1,,_T,,_T,,,7.07136142983379,9.01014831129757,A,,UN_IGME,,,CME_MRY1T4,2012
YEM,Yemen,2013.0,0,CME_MRY1T4,Child mortality rate (aged 1-4 years),7.33392934806126,D_PER_1000_1,,_T,,_T,,,6.48063712433319,8.3303331262031,A,,UN_IGME,,,CME_MRY1T4,2013
YEM,Yemen,2014.0,0,CME_MRY1T4,Child mortality rate (aged 1-4 years),7.1890651082972,D_PER_1000_1,,_T,,_T,,,6.31799050550976,8.21548186289281,A,,UN_IGME,,,CME_MRY1T4,2014
YEM,Yemen,2015.0,0,CME_MRY1T4,Child mortality rate (aged 1-4 years),8.02228911370584,D_PER_1000_1,,_T,,_T,,,7.01227195708956,9.22525917683094,A,,UN_IGME,,,CME_MRY1T4,2015
YEM,Yemen,2016.0,0,CME_MRY1T4,Child mortality rate (aged 1-4 years),7.54510012827703,D_PER_1000_1,,_T,,_T,,,6.5466653870915,8.73459464274913,A,,UN_IGME,,,CME_MRY1T4,2016
YEM,Yemen,2017.0,0,CME_MRY1T4,Child mortality rate (aged 1-4 years),7.65461452772903,D_PER_1000_1,,_T,,_T,,,6.58815574019749,8.92812132017637,A,,UN_IGME,,,CME_MRY1T4,2017
YEM,Yemen,2018.0,0,CME_MRY1T4,Child mortality rate (aged 1-4 years),7.84103824238697,D_PER_1000_1,,_T,,_T,,,6.69891135672874,9.22365162365622,A,,UN_IGME,,,CME_MRY1T4,2018
YEM,Yemen,2019.0,0,CME_MRY1T4,Child mortality rate (aged 1-4 years),7.45655865884992,D_PER_1000_1,,_T,,_T,,,6.31502152188933,8.87013481972141,A,,UN_IGME,,,CME_MRY1T4,2019
YEM,Yemen,2020.0,0,CME_MRY1T4,Child mortality rate (aged 1-4 years),6.05611596187411,D_PER_1000_1,,_T,,_T,,,5.0627744449654,7.31265393011645,A,,UN_IGME,,,CME_MRY1T4,2020
YEM,Yemen,2021.0,0,CME_MRY1T4,Child mortality rate (aged 1-4 years),5.92222357500993,D_PER_1000_1,,_T,,_T,,,4.86740243993116,7.27681831812824,A,,UN_IGME,,,CME_MRY1T4,2021
YEM,Yemen,2022.0,0,CME_MRY1T4,Child mortality rate (aged 1-4 years),5.32695759233065,D_PER_1000_1,,_T,,_T,,,4.28582349656921,6.68148390896212,A,,UN_IGME,,,CME_MRY1T4,2022
YEM,Yemen,2023.0,0,CME_MRY1T4,Child mortality rate (aged 1-4 years),4.76846685596721,D_PER_1000_1,,_T,,_T,,,3.74960014614594,6.12177744278741,A,,UN_IGME,,,CME_MRY1T4,2023
YEM,Yemen,2024.0,0,CME_MRY1T4,Child mortality rate (aged 1-4 years),4.44659836743871,D_PER_1000_1,,_T,,_T,,,3.41596237951536,5.84281324209534,A,,UN_IGME,,,CME_MRY1T4,2024
ZMB,Zambia,2000.0,0,CME_MRY1T4,Child mortality rate (aged 1-4 years),68.5756063418107,D_PER_1000_1,,_T,,_T,,,63.3409268535281,74.2870749490116,A,,UN_IGME,,,CME_MRY1T4,2000
ZMB,Zambia,2001.0,0,CME_MRY1T4,Child mortality rate (aged 1-4 years),64.0168829227136,D_PER_1000_1,,_T,,_T,,,59.1585072438116,69.4156155090644,A,,UN_IGME,,,CME_MRY1T4,2001
ZMB,Zambia,2002.0,0,CME_MRY1T4,Child mortality rate (aged 1-4 years),58.8009870586647,D_PER_1000_1,,_T,,_T,,,54.4717639981786,63.65025599346,A,,UN_IGME,,,CME_MRY1T4,2002
ZMB,Zambia,2003.0,0,CME_MRY1T4,Child mortality rate (aged 1-4 years),53.6507245729802,D_PER_1000_1,,_T,,_T,,,49.7719213331305,57.9976834073394,A,,UN_IGME,,,CME_MRY1T4,2003
ZMB,Zambia,2004.0,0,CME_MRY1T4,Child mortality rate (aged 1-4 years),49.1084510171067,D_PER_1000_1,,_T,,_T,,,45.321609214306,53.2434236946031,A,,UN_IGME,,,CME_MRY1T4,2004
ZMB,Zambia,2005.0,0,CME_MRY1T4,Child mortality rate (aged 1-4 years),45.1467388350547,D_PER_1000_1,,_T,,_T,,,41.5170557575077,49.0084729512502,A,,UN_IGME,,,CME_MRY1T4,2005
ZMB,Zambia,2006.0,0,CME_MRY1T4,Child mortality rate (aged 1-4 years),40.700209825958,D_PER_1000_1,,_T,,_T,,,37.374620475389,44.2125692696156,A,,UN_IGME,,,CME_MRY1T4,2006
ZMB,Zambia,2007.0,0,CME_MRY1T4,Child mortality rate (aged 1-4 years),36.7228359708209,D_PER_1000_1,,_T,,_T,,,33.8002634126821,39.8491743557445,A,,UN_IGME,,,CME_MRY1T4,2007
ZMB,Zambia,2008.0,0,CME_MRY1T4,Child mortality rate (aged 1-4 years),33.9149930510914,D_PER_1000_1,,_T,,_T,,,31.2115990150875,36.8133097812498,A,,UN_IGME,,,CME_MRY1T4,2008
ZMB,Zambia,2009.0,0,CME_MRY1T4,Child mortality rate (aged 1-4 years),29.7279255967224,D_PER_1000_1,,_T,,_T,,,27.3012976420222,32.4021381011829,A,,UN_IGME,,,CME_MRY1T4,2009
ZMB,Zambia,2010.0,0,CME_MRY1T4,Child mortality rate (aged 1-4 years),27.0159072204407,D_PER_1000_1,,_T,,_T,,,24.763891963666,29.5002387704407,A,,UN_IGME,,,CME_MRY1T4,2010
ZMB,Zambia,2011.0,0,CME_MRY1T4,Child mortality rate (aged 1-4 years),25.6755100926146,D_PER_1000_1,,_T,,_T,,,23.4900354727578,28.1347677856495,A,,UN_IGME,,,CME_MRY1T4,2011
ZMB,Zambia,2012.0,0,CME_MRY1T4,Child mortality rate (aged 1-4 years),24.2131893098289,D_PER_1000_1,,_T,,_T,,,22.1030429038257,26.6120454093616,A,,UN_IGME,,,CME_MRY1T4,2012
ZMB,Zambia,2013.0,0,CME_MRY1T4,Child mortality rate (aged 1-4 years),22.4797992229257,D_PER_1000_1,,_T,,_T,,,20.435495406248,24.7484353747295,A,,UN_IGME,,,CME_MRY1T4,2013
ZMB,Zambia,2014.0,0,CME_MRY1T4,Child mortality rate (aged 1-4 years),20.4375460747915,D_PER_1000_1,,_T,,_T,,,18.4860796654586,22.5710239556475,A,,UN_IGME,,,CME_MRY1T4,2014
ZMB,Zambia,2015.0,0,CME_MRY1T4,Child mortality rate (aged 1-4 years),18.5521186240198,D_PER_1000_1,,_T,,_T,,,16.7008491053439,20.5461625953258,A,,UN_IGME,,,CME_MRY1T4,2015
ZMB,Zambia,2016.0,0,CME_MRY1T4,Child mortality rate (aged 1-4 years),17.2384828257268,D_PER_1000_1,,_T,,_T,,,15.4465952611546,19.1996446968248,A,,UN_IGME,,,CME_MRY1T4,2016
ZMB,Zambia,2017.0,0,CME_MRY1T4,Child mortality rate (aged 1-4 years),17.0346712171652,D_PER_1000_1,,_T,,_T,,,15.1755188789942,19.0975645431788,A,,UN_IGME,,,CME_MRY1T4,2017
ZMB,Zambia,2018.0,0,CME_MRY1T4,Child mortality rate (aged 1-4 years),17.6492662401603,D_PER_1000_1,,_T,,_T,,,15.6264395417617,19.8992997569839,A,,UN_IGME,,,CME_MRY1T4,2018
ZMB,Zambia,2019.0,0,CME_MRY1T4,Child mortality rate (aged 1-4 years),18.040155142415,D_PER_1000_1,,_T,,_T,,,15.8949559597846,20.4872274868288,A,,UN_IGME,,,CME_MRY1T4,2019
ZMB,Zambia,2020.0,0,CME_MRY1T4,Child mortality rate (aged 1-4 years),17.3599755851689,D_PER_1000_1,,_T,,_T,,,15.2071385717242,19.8546204845902,A,,UN_IGME,,,CME_MRY1T4,2020
ZMB,Zambia,2021.0,0,CME_MRY1T4,Child mortality rate (aged 1-4 years),15.2563539981101,D_PER_1000_1,,_T,,_T,,,13.2051084398707,17.6848601872485,A,,UN_IGME,,,CME_MRY1T4,2021
ZMB,Zambia,2022.0,0,CME_MRY1T4,Child mortality rate (aged 1-4 years),14.5949991129308,D_PER_1000_1,,_T,,_T,,,12.4014366449707,17.2325503936402,A,,UN_IGME,,,CME_MRY1T4,2022
ZMB,Zambia,2023.0,0,CME_MRY1T4,Child mortality rate (aged 1-4 years),14.6236540093415,D_PER_1000_1,,_T,,_T,,,12.0839043361997,17.8249947322513,A,,UN_IGME,,,CME_MRY1T4,2023
ZMB,Zambia,2024.0,0,CME_MRY1T4,Child mortality rate (aged 1-4 years),14.2455354355713,D_PER_1000_1,,_T,,_T,,,11.395360018816,18.0318419615641,A,,UN_IGME,,,CME_MRY1T4,2024
ALB,Albania,2005.0,0,NT_ANT_HAZ_NE2,Height-for-age <-2 SD (stunting),26.7166,PCNT,,_T,_T,_T,_T,_T,23.6161,30.0639,RA,,Albania multiple indicator cluster survey 2005  final report. Tirana  Albania  Albanian National Institute of Statistics  2008,,,NT_ANT_HAZ_NE2,2005
ALB,Albania,2009.0,0,NT_ANT_HAZ_NE2,Height-for-age <-2 SD (stunting),23.1875,PCNT,,_T,_T,_T,_T,_T,20.351,26.289,RA,,Albania demographic and health survey 2008-09. Demographic and Health Surveys. Tirana  Albania  Institute of Statistics  Institute of Public Health and ICF Macro  2010,,,NT_ANT_HAZ_NE2,2009
ALB,Albania,2017.0,0,NT_ANT_HAZ_NE2,Height-for-age <-2 SD (stunting),11.3233,PCNT,,_T,_T,_T,_T,_T,9.7342,13.1341,RA,,Albania Demographic and Health Survey 2017-18. Tirana  Albania  Institute of Statistics  Institute of Public Health  and ICF,,,NT_ANT_HAZ_NE2,2017
AZE,Azerbaijan,2000.0,0,NT_ANT_HAZ_NE2,Height-for-age <-2 SD (stunting),24.1576,PCNT,,_T,_T,_T,_T,_T,21.8659,26.6077,RA,,Azerbaijan multiple indicator cluster survey 2000 (MICS). Baku  Azerbaijan  United Nations Children's Fund  2001.,,,NT_ANT_HAZ_NE2,2000
AZE,Azerbaijan,2001.0,0,NT_ANT_HAZ_NE2,Height-for-age <-2 SD (stunting),18.0,PCNT,,_T,_T,_T,_T,_T,,,AD,,Reproductive health survey Azerbaijan  2001  Final report. Serbanescu F  Morris L  Rahimova S  Stupp P  eds. Atlanta  GA  US Department of Health and Human Services  CDC  2003,,,NT_ANT_HAZ_NE2,2001
AZE,Azerbaijan,2006.0,0,NT_ANT_HAZ_NE2,Height-for-age <-2 SD (stunting),26.5475,PCNT,,_T,_T,_T,_T,_T,23.6677,29.6416,RA,,Azerbaijan Demographic and Health Survey 2006. Demographic and Health Surveys. Calverton  Maryland  USA  State Statistical Committee and Macro International Inc.  2008,,,NT_ANT_HAZ_NE2,2006
AZE,Azerbaijan,2011.0,0,NT_ANT_HAZ_NE2,Height-for-age <-2 SD (stunting),16.4,PCNT,,_T,_T,_T,_T,_T,,,RP,,Demographic and Health Survey  Azerbaijan 2011. Ministry of Health (MoH) [Azerbaijan]  Baku  Azerbaijan,,,NT_ANT_HAZ_NE2,2011
AZE,Azerbaijan,2013.0,0,NT_ANT_HAZ_NE2,Height-for-age <-2 SD (stunting),17.7725,PCNT,,_T,_T,_T,_T,_T,14.877,21.0918,RA,,Azerbaijan nutrition survey  (AzNS)  2013. Baku  Republic of Azerbaijan  2014.,,,NT_ANT_HAZ_NE2,2013
AZE,Azerbaijan,2023.0,0,NT_ANT_HAZ_NE2,Height-for-age <-2 SD (stunting),6.5536,PCNT,,_T,_T,_T,_T,_T,5.3194,8.0499,RA,,The Republic of Azerbaijan Multiple Indicator Cluster Survey 2023,,,NT_ANT_HAZ_NE2,2023
BLR,Belarus,2005.0,0,NT_ANT_HAZ_NE2,Height-for-age <-2 SD (stunting),4.4575,PCNT,,_T,_T,_T,_T,_T,3.5144,5.639,RA,,Belarus multiple indicator cluster survey 2005  final report. Minsk  Republic of Belarus  Ministry of Statistics and Analysis [Belarus] and Research Institute of Statistics of the MSA [Belarus]  2007,,,NT_ANT_HAZ_NE2,2005
BLR,Belarus,2019.0,0,NT_ANT_HAZ_NE2,Height-for-age <-2 SD (stunting),1.1,PCNT,,_T,_T,_T,_T,_T,,,RP,,Child Malnutrition Data from State Statistical Reporting Form  Belarus 2019,,,NT_ANT_HAZ_NE2,2019
BLR,Belarus,2020.0,0,NT_ANT_HAZ_NE2,Height-for-age <-2 SD (stunting),1.2,PCNT,,_T,_T,_T,_T,_T,,,RP,,Child Malnutrition Data from State Statistical Reporting Form  Belarus 2020,,,NT_ANT_HAZ_NE2,2020
BLR,Belarus,2021.0,0,NT_ANT_HAZ_NE2,Height-for-age <-2 SD (stunting),1.2,PCNT,,_T,_T,_T,_T,_T,,,RP,,Child Malnutrition Data from State Statistical Reporting Form  Belarus 2021,,,NT_ANT_HAZ_NE2,2021
BLR,Belarus,2022.0,0,NT_ANT_HAZ_NE2,Height-for-age <-2 SD (stunting),1.2,PCNT,,_T,_T,_T,_T,_T,,,RP,,Child Malnutrition Data from State Statistical Reporting Form  Belarus 2022,,,NT_ANT_HAZ_NE2,2022
BLR,Belarus,2023.0,0,NT_ANT_HAZ_NE2,Height-for-age <-2 SD (stunting),1.2,PCNT,,_T,_T,_T,_T,_T,,,RP,,Child Malnutrition Data from State Statistical Reporting Form  Belarus 2023,,,NT_ANT_HAZ_NE2,2023
CAF,Central African Republic,2000.0,0,NT_ANT_HAZ_NE2,Height-for-age <-2 SD (stunting),44.3651,PCNT,,_T,_T,_T,_T,_T,42.8628,45.8777,RA,,Enquête à indicateurs mutliples - MICS 2000. Rapport Final. Bangui  République Centrafricaine  BBA editions  2001,,,NT_ANT_HAZ_NE2,2000
CAF,Central African Republic,2006.0,0,NT_ANT_HAZ_NE2,Height-for-age <-2 SD (stunting),43.6324,PCNT,,_T,_T,_T,_T,_T,41.756,45.5272,RA,,Suivi de la situation des enfants et des femmes. MICS-3 Résultats de l'enquête nationale à indicateurs multiples couplée avec la sérologie VIH et enémie en RCA 2006. Bangui  Republique Centrafricaine  ICASEES  2009,,,NT_ANT_HAZ_NE2,2006
CAF,Central African Republic,2010.0,0,NT_ANT_HAZ_NE2,Height-for-age <-2 SD (stunting),40.7357,PCNT,,_T,_T,_T,_T,_T,38.9074,42.59,RA,,Suivi de la situation des enfants  des femmes et des hommes. Enquête par grappes à indicateurs multiples - MICS couplée avec la sérologie VIH  RCA  2010  Rapport final. Bangui  RCA  ICASEES  2012.,,,NT_ANT_HAZ_NE2,2010
CAF,Central African Republic,2012.0,0,NT_ANT_HAZ_NE2,Height-for-age <-2 SD (stunting),39.7144,PCNT,,_T,_T,_T,_T,_T,38.1037,41.3477,RA,,Enquete Nationale Sur La Situation Nutritionnele et la Mortalite en Republique Centrafricaine  Rapport Finale Du 30 Mai au 15 Juillet 2012,,,NT_ANT_HAZ_NE2,2012
CAF,Central African Republic,2014.0,0,NT_ANT_HAZ_NE2,Height-for-age <-2 SD (stunting),37.9691,PCNT,,_T,_T,_T,_T,_T,36.6871,39.2682,RA,,Enquete Nationale sur la Situation Nutritionnelle et la Mortalite en Republique Centrafricaine  2014,,,NT_ANT_HAZ_NE2,2014
CAF,Central African Republic,2018.0,0,NT_ANT_HAZ_NE2,Height-for-age <-2 SD (stunting),37.5308,PCNT,,_T,_T,_T,_T,_T,36.5427,38.5294,RA,,Enquete Nationale sur la Situation Nutritionnelle et la Mortalite en Republique Centrafricaine  2018,,,NT_ANT_HAZ_NE2,2018
CAF,Central African Republic,2019.25,0,NT_ANT_HAZ_NE2,Height-for-age <-2 SD (stunting),39.7522,PCNT,,_T,_T,_T,_T,_T,38.1245,41.4029,RA,,MICS6-RCA Enquête par grappes à indicateurs multiples 2018-2019  Rapport final. Bangui  République Centrafricaine   ICASEES,,,NT_ANT_HAZ_NE2,2019
CAF,Central African Republic,2019.9166666666667,0,NT_ANT_HAZ_NE2,Height-for-age <-2 SD (stunting),40.2498,PCNT,,_T,_T,_T,_T,_T,38.5319,41.9919,RA,,Enquete Nationale sur la Situation Nutritionnelle et la Mortalite en Republique Centrafricaine  2019,,,NT_ANT_HAZ_NE2,2019
CAF,Central African Republic,2022.0,0,NT_ANT_HAZ_NE2,Height-for-age <-2 SD (stunting),37.9,PCNT,,_T,_T,_T,_T,_T,,,RP,,ENQUETE NATIONALE NUTRITIONNELLE ET DE MORTALITE RETROSPECTIVE Selon la méthodologie SMART,,,NT_ANT_HAZ_NE2,2022
COM,Comoros,2000.0,0,NT_ANT_HAZ_NE2,Height-for-age <-2 SD (stunting),46.9366,PCNT,,_T,_T,_T,_T,_T,44.0751,49.8183,RA,,Enquête a indicateurs multiples (MICS 2000)  Rapport final (1er draft Février 2001). Moroni  Comoros  UNICEF  2001,,,NT_ANT_HAZ_NE2,2000
COM,Comoros,2012.0,0,NT_ANT_HAZ_NE2,Height-for-age <-2 SD (stunting),31.1312,PCNT,,_T,_T,_T,_T,_T,28.8876,33.4671,RA,,Enquête démographique et de santé et à indicateurs multiples aux Comores 2012. Demograohic and Health Surveys and MICS. Rockville  MD 20850  USA   DGSP et ICF International  2014,,,NT_ANT_HAZ_NE2,2012
COM,Comoros,2022.0,0,NT_ANT_HAZ_NE2,Height-for-age <-2 SD (stunting),18.1659,PCNT,,_T,_T,_T,_T,_T,16.5266,19.929,RA,,Comoros 2022 Multiple Indicator Cluster Survey,,,NT_ANT_HAZ_NE2,2022
DZA,Algeria,2000.0,0,NT_ANT_HAZ_NE2,Height-for-age <-2 SD (stunting),23.6013,PCNT,,_T,_T,_T,_T,_T,20.6817,26.7939,RA,,Enquête nationale sur les objectives de la fin décennie santé mère et enfant EDG Algérie 2000 (MICS). Institut National de Santé Publique. République Algérienne Démocratique et Populaire  2001,,,NT_ANT_HAZ_NE2,2000
DZA,Algeria,2002.0,0,NT_ANT_HAZ_NE2,Height-for-age <-2 SD (stunting),24.0393,PCNT,,_T,_T,_T,_T,_T,22.3222,25.8445,RA,,Enquête Algérienne sur la santé de la famille-2002  Rapport principal. Alger  Algérie  Agence Nationale de la Documentation en Santé  2004,,,NT_ANT_HAZ_NE2,2002
DZA,Algeria,2006.0,0,NT_ANT_HAZ_NE2,Height-for-age <-2 SD (stunting),15.4455,PCNT,,_T,_T,_T,_T,_T,14.4319,16.5165,RA,,Suivi de la situation des enfant et des femmes. Enquête nationale à indicateurs multiples  Rapport principal. MICS3. République Algérienne Démocratique et Populaire  Décembre 2008,,,NT_ANT_HAZ_NE2,2006
DZA,Algeria,2012.0,0,NT_ANT_HAZ_NE2,Height-for-age <-2 SD (stunting),11.6896,PCNT,,_T,_T,_T,_T,_T,10.7601,12.688,RA,,République Algérienne Démocratiqe et Populaire enquête par grappes à indicateurs mulitples (MICS) 2012-2013. Rapport final. Ministère de la Santé  de la Population et de la Réforme Hospitalière  2015.,,,NT_ANT_HAZ_NE2,2012
DZA,Algeria,2019.0,0,NT_ANT_HAZ_NE2,Height-for-age <-2 SD (stunting),9.8093,PCNT,,_T,_T,_T,_T,_T,9.0011,10.6815,RA,,Enquête par grappes à indicateurs multiples [MICS] 2019,,,NT_ANT_HAZ_NE2,2019
GEO,Georgia,2005.0,0,NT_ANT_HAZ_NE2,Height-for-age <-2 SD (stunting),14.5929,PCNT,,_T,_T,_T,_T,_T,12.4662,17.0119,RA,,Georgia monitoring the situation of children and women. Mulitple indicator cluster survey 2005.,,,NT_ANT_HAZ_NE2,2005
GEO,Georgia,2009.0,0,NT_ANT_HAZ_NE2,Height-for-age <-2 SD (stunting),11.7644,PCNT,,_T,_T,_T,_T,_T,9.699,14.2006,RA,,Report of the Georgia national nutrition survey (GNNS) 2009. Tbilisi  Georgia  NCDC&PH and UNICEF  2010.,,,NT_ANT_HAZ_NE2,2009
GEO,Georgia,2018.0,0,NT_ANT_HAZ_NE2,Height-for-age <-2 SD (stunting),5.763,PCNT,,_T,_T,_T,_T,_T,4.3957,7.5221,RA,,Georgia Multiple Indicator Cluster Survey 2018  Survey Findings Report. Tbilisi  Georgia  National Statistics Office of Georgia.,,,NT_ANT_HAZ_NE2,2018
GNB,Guinea-Bissau,2000.0,0,NT_ANT_HAZ_NE2,Height-for-age <-2 SD (stunting),33.8181,PCNT,,_T,_T,_T,_T,_T,32.3974,35.2686,RA,,Multiple indicator cluster survey Guinea-Bissau  2000 (MICS). Bissau  Guinea-Bissau  General Direction of Planning  National Institute of Statistics and Census and UNICEF  2000,,,NT_ANT_HAZ_NE2,2000
GNB,Guinea-Bissau,2008.0,0,NT_ANT_HAZ_NE2,Height-for-age <-2 SD (stunting),27.6213,PCNT,,_T,_T,_T,_T,_T,25.1021,30.291,RA,,Enquête nutritionnel SMART. Evaluation de la situation nutritionnelle en Guinée Bissau  Rapport final  décembre 2008,,,NT_ANT_HAZ_NE2,2008
GNB,Guinea-Bissau,2010.0,0,NT_ANT_HAZ_NE2,Height-for-age <-2 SD (stunting),31.9623,PCNT,,_T,_T,_T,_T,_T,29.8874,34.1111,RA,,Inquérito aos indicadores múltiplos (MICS)  inquérito demográfico de saúde reprodutiva - Guiné-Bissau  2010  Relatório final. Bissau  Guiné-Bissau  2011.,,,NT_ANT_HAZ_NE2,2010
GNB,Guinea-Bissau,2012.0,0,NT_ANT_HAZ_NE2,Height-for-age <-2 SD (stunting),26.4434,PCNT,,_T,_T,_T,_T,_T,24.6976,28.2663,RA,,Deuxieme Enquete Nationale Sur L’etat Nutritionnel Des Enfants De Moins De 5 Ans Et Des Femmes En Age De Procreer  (15 A 49 Ans) En Republique De Guinee-Bissau  Novembre-Decembre 2012,,,NT_ANT_HAZ_NE2,2012
GNB,Guinea-Bissau,2014.0,0,NT_ANT_HAZ_NE2,Height-for-age <-2 SD (stunting),27.6132,PCNT,,_T,_T,_T,_T,_T,25.9904,29.2973,RA,,Inquérito aos Indicadores Múltiplos (MICS5) 2014  Relatório Final. Bissau  Guiné-Bissau  Ministério da Economia e Finanças e Direcção Geral do Plano/ Instituto Nacional de Estatística (INE),,,NT_ANT_HAZ_NE2,2014
GNB,Guinea-Bissau,2019.0833333333333,0,NT_ANT_HAZ_NE2,Height-for-age <-2 SD (stunting),27.696,PCNT,,_T,_T,_T,_T,_T,26.0203,29.4367,RA,,Inquérito aos Indicadores Múltiplos (MICS5) 2018-2019  Relatório Final. Bissau  Guiné-Bissau  Ministério da Economia e Finanças e Direcção Geral do Plano/ Instituto Nacional de Estatística (INE).,,,NT_ANT_HAZ_NE2,2019
GNB,Guinea-Bissau,2019.75,0,NT_ANT_HAZ_NE2,Height-for-age <-2 SD (stunting),28.1357,PCNT,,_T,_T,_T,_T,_T,25.8171,30.5767,RA,,Enquête nutritionnel SMART. Evaluation de la situation nutritionnelle en Guinée Bissau  2019,,,NT_ANT_HAZ_NE2,2019
IRN,Iran (Islamic Republic of),2004.0,0,NT_ANT_HAZ_NE2,Height-for-age <-2 SD (stunting),7.1,PCNT,,_T,_T,_T,_T,_T,,,AD,,Iran Anthropometric Nutritional Indicators Survey 2004,,,NT_ANT_HAZ_NE2,2004
IRN,Iran (Islamic Republic of),2010.0,0,NT_ANT_HAZ_NE2,Height-for-age <-2 SD (stunting),6.83,PCNT,,_T,_T,_T,_T,_T,,,RP,,Iran's Multiple Indicator Demographic and Health Survey - 2010.,,,NT_ANT_HAZ_NE2,2010
IRN,Iran (Islamic Republic of),2017.0,0,NT_ANT_HAZ_NE2,Height-for-age <-2 SD (stunting),4.8,PCNT,,_T,_T,_T,_T,_T,,,RP,,Children Anthropometry  Nutrition and Development Survey 2017  CANDS_IR96. Ministry of Health. 2021. Tehran  Iran,,,NT_ANT_HAZ_NE2,2017
KGZ,Kyrgyzstan,2006.0,0,NT_ANT_HAZ_NE2,Height-for-age <-2 SD (stunting),18.0974,PCNT,,_T,_T,_T,_T,_T,15.5921,20.9054,RA,,Multiple indicator cluster survey 2006  Kyrgyz Republic. Final report. Bishkek  Kyrgyzstan  National Statistical Committee of the Kyrkyz Republic and United Nations Children's Fund  2007,,,NT_ANT_HAZ_NE2,2006
KGZ,Kyrgyzstan,2009.0,0,NT_ANT_HAZ_NE2,Height-for-age <-2 SD (stunting),22.6,PCNT,,_T,_T,_T,_T,_T,19.6,25.9,RP,,National survey of the nutritional status of children 6-59 months of age and their mothers  Kyrgyzstan 2009. Bishkek  Ministry of Health  National Statistical Committee  UNICEF  Kyrgyz-Swiss-Swedish Health Project  US CDC  2010.,,,NT_ANT_HAZ_NE2,2009
KGZ,Kyrgyzstan,2012.0,0,NT_ANT_HAZ_NE2,Height-for-age <-2 SD (stunting),17.8898,PCNT,,_T,_T,_T,_T,_T,16.0124,19.9351,RA,,Kyrgyz Republic demographic and health survey 2012. Demographic and Health Surveys. Bishkek  Kyrgyz Republic  and Calverton  Maryland  USA  NSC  MOH  and ICF International  2013,,,NT_ANT_HAZ_NE2,2012
KGZ,Kyrgyzstan,2014.0,0,NT_ANT_HAZ_NE2,Height-for-age <-2 SD (stunting),12.9191,PCNT,,_T,_T,_T,_T,_T,11.5896,14.3764,RA,,Kyrgyzstan multiple indicator cluster survey 2014  Final Report (MICS). Bishkek  Kyrgyzstan  National Statistical Committee of the Kyrgyz Republic and UNICEF  2014.,,,NT_ANT_HAZ_NE2,2014
KGZ,Kyrgyzstan,2018.0,0,NT_ANT_HAZ_NE2,Height-for-age <-2 SD (stunting),11.7534,PCNT,,_T,_T,_T,_T,_T,10.3025,13.3782,RA,,Kyrgyzstan Multiple Indicator Cluster Survey 2018  Survey Findings Report. Bishkek  Kyrgyzstan  National Statistical Committee of the Kyrgyz Republic and UNICEF.,,,NT_ANT_HAZ_NE2,2018
KGZ,Kyrgyzstan,2021.0,0,NT_ANT_HAZ_NE2,Height-for-age <-2 SD (stunting),8.5713,PCNT,,_T,_T,_T,_T,_T,6.7829,10.7766,RA,,NATIONAL INTEGRATED MICRONUTRIENT AND ANTHROPOMETRIC SURVEY OF THE KYRGYZ REPUBLIC 2021 (NIMAS),,,NT_ANT_HAZ_NE2,2021
KGZ,Kyrgyzstan,2023.0,0,NT_ANT_HAZ_NE2,Height-for-age <-2 SD (stunting),14.1487,PCNT,,_T,_T,_T,_T,_T,12.4429,16.0456,RA,,Kyrgyz Republic Multiple Indicator Cluster Survey 2023 Survey Findings Report September  2024,,,NT_ANT_HAZ_NE2,2023
KWT,Kuwait,2001.0,0,NT_ANT_HAZ_NE2,Height-for-age <-2 SD (stunting),3.8594,PCNT,,_T,_T,_T,_T,_T,3.3558,4.4352,RA,,Kuwait Nutrition Surveillance System [KNSS] 2001. Kuwait city  Kuwait  Food & Nutrition Administration,,,NT_ANT_HAZ_NE2,2001
KWT,Kuwait,2002.0,0,NT_ANT_HAZ_NE2,Height-for-age <-2 SD (stunting),3.5659,PCNT,,_T,_T,_T,_T,_T,3.0235,4.2013,RA,,Kuwait Nutrition Surveillance System [KNSS] 2002. Kuwait city  Kuwait  Food & Nutrition Administration,,,NT_ANT_HAZ_NE2,2002
KWT,Kuwait,2003.0,0,NT_ANT_HAZ_NE2,Height-for-age <-2 SD (stunting),3.9926,PCNT,,_T,_T,_T,_T,_T,3.4471,4.6203,RA,,Kuwait Nutrition Surveillance System [KNSS] 2003. Kuwait city  Kuwait  Food & Nutrition Administration,,,NT_ANT_HAZ_NE2,2003
KWT,Kuwait,2004.0,0,NT_ANT_HAZ_NE2,Height-for-age <-2 SD (stunting),4.1087,PCNT,,_T,_T,_T,_T,_T,3.5593,4.7386,RA,,Kuwait Nutrition Surveillance System [KNSS] 2004. Kuwait city  Kuwait  Food & Nutrition Administration,,,NT_ANT_HAZ_NE2,2004
KWT,Kuwait,2005.0,0,NT_ANT_HAZ_NE2,Height-for-age <-2 SD (stunting),4.5179,PCNT,,_T,_T,_T,_T,_T,4.0039,5.0943,RA,,Kuwait Nutrition Surveillance System [KNSS] 2005. Kuwait city  Kuwait  Food & Nutrition Administration,,,NT_ANT_HAZ_NE2,2005
KWT,Kuwait,2006.0,0,NT_ANT_HAZ_NE2,Height-for-age <-2 SD (stunting),4.8327,PCNT,,_T,_T,_T,_T,_T,4.1692,5.5956,RA,,Kuwait Nutrition Surveillance System [KNSS] 2006. Kuwait city  Kuwait  Food & Nutrition Administration,,,NT_ANT_HAZ_NE2,2006
KWT,Kuwait,2007.0,0,NT_ANT_HAZ_NE2,Height-for-age <-2 SD (stunting),5.094,PCNT,,_T,_T,_T,_T,_T,4.4406,5.8377,RA,,Kuwait Nutrition Surveillance System [KNSS] 2007. Kuwait city  Kuwait  Food & Nutrition Administration,,,NT_ANT_HAZ_NE2,2007
KWT,Kuwait,2008.0,0,NT_ANT_HAZ_NE2,Height-for-age <-2 SD (stunting),5.0946,PCNT,,_T,_T,_T,_T,_T,4.4745,5.7956,RA,,Kuwait Nutrition Surveillance System [KNSS] 2008. Kuwait city  Kuwait  Food & Nutrition Administration,,,NT_ANT_HAZ_NE2,2008
KWT,Kuwait,2009.0,0,NT_ANT_HAZ_NE2,Height-for-age <-2 SD (stunting),3.7727,PCNT,,_T,_T,_T,_T,_T,3.2295,4.403,RA,,Kuwait Nutrition Surveillance System [KNSS] 2009. Kuwait city  Kuwait  Food & Nutrition Administration,,,NT_ANT_HAZ_NE2,2009
KWT,Kuwait,2010.0,0,NT_ANT_HAZ_NE2,Height-for-age <-2 SD (stunting),4.0217,PCNT,,_T,_T,_T,_T,_T,3.4584,4.6724,RA,,Kuwait Nutrition Surveillance System [KNSS] 2010. Kuwait city  Kuwait  Food & Nutrition Administration  2013,,,NT_ANT_HAZ_NE2,2010
KWT,Kuwait,2011.0,0,NT_ANT_HAZ_NE2,Height-for-age <-2 SD (stunting),4.0573,PCNT,,_T,_T,_T,_T,_T,3.5,4.6989,RA,,Kuwait Nutrition Surveillance System [KNSS] 2011. Kuwait city  Kuwait  Food & Nutrition Administration  2013,,,NT_ANT_HAZ_NE2,2011
KWT,Kuwait,2012.0,0,NT_ANT_HAZ_NE2,Height-for-age <-2 SD (stunting),4.2702,PCNT,,_T,_T,_T,_T,_T,3.676,4.9555,RA,,Kuwait Nutrition Surveillance System [KNSS] 2012. Kuwait city  Kuwait  Food & Nutrition Administration  2013,,,NT_ANT_HAZ_NE2,2012
KWT,Kuwait,2013.0,0,NT_ANT_HAZ_NE2,Height-for-age <-2 SD (stunting),5.6068,PCNT,,_T,_T,_T,_T,_T,4.8287,6.5018,RA,,Kuwait Nutrition Surveillance System [KNSS] 2013. Kuwait city  Kuwait  Food & Nutrition Administration  2015,,,NT_ANT_HAZ_NE2,2013
KWT,Kuwait,2014.0,0,NT_ANT_HAZ_NE2,Height-for-age <-2 SD (stunting),5.8985,PCNT,,_T,_T,_T,_T,_T,5.1408,6.76,RA,,Kuwait Nutrition Surveillance System [KNSS] 2014. Kuwait city  Kuwait  Food & Nutrition Administration  2015,,,NT_ANT_HAZ_NE2,2014
KWT,Kuwait,2015.0,0,NT_ANT_HAZ_NE2,Height-for-age <-2 SD (stunting),5.2103,PCNT,,_T,_T,_T,_T,_T,4.4176,6.1362,RA,,The Kuwait Nutrition Surveillance System [KNSS] 2015 Annual Report. Kuwait City. Food & Nutrition Administration,,,NT_ANT_HAZ_NE2,2015
KWT,Kuwait,2016.0,0,NT_ANT_HAZ_NE2,Height-for-age <-2 SD (stunting),6.2639,PCNT,,_T,_T,_T,_T,_T,5.4682,7.1666,RA,,Kuwait Nutrition Surveillance System [KNSS] 2016. Kuwait city  Kuwait  Food & Nutrition Administration,,,NT_ANT_HAZ_NE2,2016
KWT,Kuwait,2017.0,0,NT_ANT_HAZ_NE2,Height-for-age <-2 SD (stunting),5.7539,PCNT,,_T,_T,_T,_T,_T,5.0179,6.5904,RA,,Kuwait Nutrition Surveillance System [KNSS] 2017. Kuwait city  Kuwait  Food & Nutrition Administration,,,NT_ANT_HAZ_NE2,2017
KWT,Kuwait,2018.0,0,NT_ANT_HAZ_NE2,Height-for-age <-2 SD (stunting),7.0069,PCNT,,_T,_T,_T,_T,_T,6.1432,7.9817,RA,,Kuwait Nutrition Surveillance System [KNSS] 2018. Kuwait city  Kuwait  Food & Nutrition Administration,,,NT_ANT_HAZ_NE2,2018
KWT,Kuwait,2019.0,0,NT_ANT_HAZ_NE2,Height-for-age <-2 SD (stunting),4.6363,PCNT,,_T,_T,_T,_T,_T,3.9866,5.386,RA,,Kuwait Nutrition Surveillance System [KNSS] 2019. Kuwait city  Kuwait  Food & Nutrition Administration,,,NT_ANT_HAZ_NE2,2019
KWT,Kuwait,2020.0,0,NT_ANT_HAZ_NE2,Height-for-age <-2 SD (stunting),3.8435,PCNT,,_T,_T,_T,_T,_T,3.1653,4.6599,RA,,Kuwait Nutrition Surveillance System [KNSS] 2020. Kuwait city  Kuwait  Food & Nutrition Administration,,,NT_ANT_HAZ_NE2,2020
KWT,Kuwait,2021.0,0,NT_ANT_HAZ_NE2,Height-for-age <-2 SD (stunting),4.3241,PCNT,,_T,_T,_T,_T,_T,3.6985,5.0499,RA,,Kuwait Civil Registration and Vital Statistics (2021 Extract),,,NT_ANT_HAZ_NE2,2021
KWT,Kuwait,2022.0,0,NT_ANT_HAZ_NE2,Height-for-age <-2 SD (stunting),4.6344,PCNT,,_T,_T,_T,_T,_T,3.9601,5.4171,RA,,Kuwait Nutrition Surveillance System 2022,,,NT_ANT_HAZ_NE2,2022
KWT,Kuwait,2023.0,0,NT_ANT_HAZ_NE2,Height-for-age <-2 SD (stunting),3.2053,PCNT,,_T,_T,_T,_T,_T,2.6155,3.9227,RA,,Kuwait Nutrition Surveillance System [KNSS] 2023. Kuwait city  Kuwait  Food & Nutrition Administration,,,NT_ANT_HAZ_NE2,2023
LAO,Lao People's Democratic Republic,2000.0,0,NT_ANT_HAZ_NE2,Height-for-age <-2 SD (stunting),47.5032,PCNT,,_T,_T,_T,_T,_T,43.7216,51.3137,RA,,Laos Multiple Indicator Cluster Survey 2000. New York  United States  United Nations Children's Fund (UNICEF).,,,NT_ANT_HAZ_NE2,2000
LAO,Lao People's Democratic Republic,2006.0,0,NT_ANT_HAZ_NE2,Height-for-age <-2 SD (stunting),47.6627,PCNT,,_T,_T,_T,_T,_T,45.3869,49.9482,RA,,Lao PDR multiple indicator cluster survey 2006  final report. Vientiane  Lao PDR  Department of Statistics and UNICEF  2008,,,NT_ANT_HAZ_NE2,2006
LAO,Lao People's Democratic Republic,2011.0,0,NT_ANT_HAZ_NE2,Height-for-age <-2 SD (stunting),44.1795,PCNT,,_T,_T,_T,_T,_T,42.4728,45.9001,RA,,Lao social indicator survey LSIS (MICS/DHS). Vientiane  Lao PDR  MoH and LSB  2012,,,NT_ANT_HAZ_NE2,2011
LAO,Lao People's Democratic Republic,2015.0,0,NT_ANT_HAZ_NE2,Height-for-age <-2 SD (stunting),35.5179,PCNT,,_T,_T,_T,_T,_T,34.1869,36.8717,RA,,Lao Child Anthropometry Assessment Survey  Add-On to the 2015 National Immunization Survey  Final Report  February 2016,,,NT_ANT_HAZ_NE2,2015
LAO,Lao People's Democratic Republic,2017.0,0,NT_ANT_HAZ_NE2,Height-for-age <-2 SD (stunting),33.0632,PCNT,,_T,_T,_T,_T,_T,31.6067,34.553,RA,,Lao Social Indicator Survey II 2017  Survey Findings Report. Vientiane  Lao PDR  Lao Statistics Bureau and UNICEF,,,NT_ANT_HAZ_NE2,2017
LAO,Lao People's Democratic Republic,2023.0,0,NT_ANT_HAZ_NE2,Height-for-age <-2 SD (stunting),32.8,PCNT,,_T,_T,_T,_T,_T,,,RP,,Lao Social Indicator Survey III-2023 (MICS),,,NT_ANT_HAZ_NE2,2023
MAR,Morocco,2003.0,0,NT_ANT_HAZ_NE2,Height-for-age <-2 SD (stunting),23.0942,PCNT,,_T,_T,_T,_T,_T,21.5967,24.6628,RA,,Enquête dur la population et la santé familiale (EPSF) 2003-2004. Demographic and Health Surveys. Calverton  Maryland  USA  Ministère de la Santé et ORC Macro  2005,,,NT_ANT_HAZ_NE2,2003
MAR,Morocco,2011.0,0,NT_ANT_HAZ_NE2,Height-for-age <-2 SD (stunting),14.882,PCNT,,_T,_T,_T,_T,_T,13.0803,16.8836,RA,,Enquête nationale sur la population et la santé familiale (ENPSF) 2010-2011. Rabat  Royaume de Maroc  Ministère de la Santé  2012,,,NT_ANT_HAZ_NE2,2011
MAR,Morocco,2017.0,0,NT_ANT_HAZ_NE2,Height-for-age <-2 SD (stunting),15.1064,PCNT,,_T,_T,_T,_T,_T,13.6308,16.7109,RA,,Enquête Nationale sur la Population et la Santé Familiale (ENPSF) -2017-2018,,,NT_ANT_HAZ_NE2,2017
MAR,Morocco,2019.0,0,NT_ANT_HAZ_NE2,Height-for-age <-2 SD (stunting),14.2,PCNT,,_T,_T,_T,_T,_T,,,RP,,ENQUETE NATIONALE SUR LA NUTRITION (ENN 2019-2020),,,NT_ANT_HAZ_NE2,2019
MLT,Malta,2022.0,0,NT_ANT_HAZ_NE2,Height-for-age <-2 SD (stunting),3.2809,PCNT,,_T,_T,_T,_T,_T,2.4253,4.4247,RA,,Malta’s Recovery and Resilience Plan Data Collection 2022,,,NT_ANT_HAZ_NE2,2022
OMN,Oman,2009.0,0,NT_ANT_HAZ_NE2,Height-for-age <-2 SD (stunting),9.8,PCNT,,_T,_T,_T,_T,_T,,,ER,,Second National Health Survey for Protein Energy Malnutrition In Children below Five Years of Age In the Sultanate of Oman,,,NT_ANT_HAZ_NE2,2009
OMN,Oman,2014.0,0,NT_ANT_HAZ_NE2,Height-for-age <-2 SD (stunting),14.1,PCNT,,_T,_T,_T,_T,_T,,,RP,,Multiple Indicator Cluster Survey 2014  Final Report. Muscat  Oman  2016.,,,NT_ANT_HAZ_NE2,2014
OMN,Oman,2017.0,0,NT_ANT_HAZ_NE2,Height-for-age <-2 SD (stunting),11.4,PCNT,,_T,_T,_T,_T,_T,9.8,13.1,RP,,Oman National Nutrition Survey 2017. Muscat  Oman  2018,,,NT_ANT_HAZ_NE2,2017
TJK,Tajikistan,2000.0,0,NT_ANT_HAZ_NE2,Height-for-age <-2 SD (stunting),42.1,PCNT,,_T,_T,_T,_T,_T,,,AD,,National nutrition survey of Tajikistan (September/October 2000). London  UK  Action Against Hunger UK  2001,,,NT_ANT_HAZ_NE2,2000
TJK,Tajikistan,2001.0,0,NT_ANT_HAZ_NE2,Height-for-age <-2 SD (stunting),43.2,PCNT,,_T,_T,_T,_T,_T,,,AD,,Representative national nutrition survey Tajikistan (Sughd  RRS  Kouliab and Kurgan Teppe regions)  October/November 2001. London  UK  Action Against Hunger UK  2002,,,NT_ANT_HAZ_NE2,2001
TJK,Tajikistan,2002.0,0,NT_ANT_HAZ_NE2,Height-for-age <-2 SD (stunting),37.1,PCNT,,_T,_T,_T,_T,_T,,,AD,,National nutrition survey Tajikistan  May/June 2002. Action against Hunger and European Community Humanitarian Office  2002,,,NT_ANT_HAZ_NE2,2002
TJK,Tajikistan,2003.0,0,NT_ANT_HAZ_NE2,Height-for-age <-2 SD (stunting),42.4,PCNT,,_T,_T,_T,_T,_T,,,AD,,National nutrition and water & sanitation survey  Tajikistan  October 2003. Dushanbe  Tajikistan  Action Against Hunger (lead agency nutrition) and Mercy Corps (lead agency wat/san)  2004,,,NT_ANT_HAZ_NE2,2003
TJK,Tajikistan,2005.0,0,NT_ANT_HAZ_NE2,Height-for-age <-2 SD (stunting),33.0948,PCNT,,_T,_T,_T,_T,_T,30.9654,35.2959,RA,,Tajikistan multiple indicator cluster survey 2005  Final Report. Dushanbe  Tajikistan  State Committee on Statistics of the Republic of Tajikistan  2007,,,NT_ANT_HAZ_NE2,2005
TJK,Tajikistan,2007.0,0,NT_ANT_HAZ_NE2,Height-for-age <-2 SD (stunting),39.266,PCNT,,_T,_T,_T,_T,_T,36.7444,41.8461,RA,,Tajikistan living standards measurement survey 2007 (TLSS)  Indicators at a glance. Dushanbe  Republic of Tajikistan  State Committee on Statistics and UNICEF  2009,,,NT_ANT_HAZ_NE2,2007
TJK,Tajikistan,2009.0,0,NT_ANT_HAZ_NE2,Height-for-age <-2 SD (stunting),28.7811,PCNT,,_T,_T,_T,_T,_T,25.8337,31.92,RA,,Micronutrient status survey in Tajikistan  2009. Dushanbe  Republic of Tajikistan  Ministry of Health and UNICEF  2010,,,NT_ANT_HAZ_NE2,2009
TJK,Tajikistan,2012.0,0,NT_ANT_HAZ_NE2,Height-for-age <-2 SD (stunting),26.8646,PCNT,,_T,_T,_T,_T,_T,25.0447,28.7661,RA,,Tajikistan demographic and health survey 2012. Demographic and Health Surveys. Dushanbe  Tajikistan  and Calverton  Maryland  USA  SA  MOH  and ICF International  2013,,,NT_ANT_HAZ_NE2,2012
TJK,Tajikistan,2016.0,0,NT_ANT_HAZ_NE2,Height-for-age <-2 SD (stunting),19.6366,PCNT,,_T,_T,_T,_T,_T,17.3709,22.1186,RA,,National Micronutrient Status Survey in Tajikistan 2016,,,NT_ANT_HAZ_NE2,2016
TJK,Tajikistan,2017.0,0,NT_ANT_HAZ_NE2,Height-for-age <-2 SD (stunting),17.5103,PCNT,,_T,_T,_T,_T,_T,16.0991,19.0171,RA,,Tajikistan Demographic and Health Survey 2017. Dushanbe  Republic of Tajikistan  and Rockville  Maryland  USA  Statistical Agency under the President of the Republic of Tajikistan (SA),,,NT_ANT_HAZ_NE2,2017
TJK,Tajikistan,2023.0,0,NT_ANT_HAZ_NE2,Height-for-age <-2 SD (stunting),13.7,PCNT,,_T,_T,_T,_T,_T,,,RP,,Tajikistan Demographic and Health Survey 2023. Dushanbe  Republic of Tajikistan and Rockville  Maryland  USA  Agency on Statistics under the President of the Republic of Tajikistan and ICF,,,NT_ANT_HAZ_NE2,2023
YEM,Yemen,2003.0,0,NT_ANT_HAZ_NE2,Height-for-age <-2 SD (stunting),57.3195,PCNT,,_T,_T,_T,_T,_T,55.6987,58.9247,RA,,The Yemen family health survey  Principal report. Pan Arab Project for Family Health. Cairo  Egypt  The Republic of Yemen Ministry of Health & Population  Central Statistical Organization an League of Arab States  2004,,,NT_ANT_HAZ_NE2,2003
YEM,Yemen,2005.0,0,NT_ANT_HAZ_NE2,Height-for-age <-2 SD (stunting),57.0109,PCNT,,_T,_T,_T,_T,_T,55.1336,58.8682,RA,,Yemen Household Budget Survey 2005-2006,,,NT_ANT_HAZ_NE2,2005
YEM,Yemen,2011.0,0,NT_ANT_HAZ_NE2,Height-for-age <-2 SD (stunting),46.6,PCNT,,_T,_T,_T,_T,_T,,,ER,,The state of food security and nutrition in Yemen. Comprehensive food security survey 2011. Sana'a  Republic of Yemen  2013,,,NT_ANT_HAZ_NE2,2011
YEM,Yemen,2013.0,0,NT_ANT_HAZ_NE2,Height-for-age <-2 SD (stunting),46.4095,PCNT,,_T,_T,_T,_T,_T,44.9902,47.8346,RA,,Yemen National Health and Demographic Survey 2013. Rockville  Maryland  USA  MOPHP  CSO  PAPFAM  and ICF International  2014.,,,NT_ANT_HAZ_NE2,2013
YEM,Yemen,2021.0,0,NT_ANT_HAZ_NE2,Height-for-age <-2 SD (stunting),45.1,PCNT,,_T,_T,_T,_T,_T,,,RP,,The Report of Nutrition and Mortality Surveys,,,NT_ANT_HAZ_NE2,2021
YEM,Yemen,2022.0,0,NT_ANT_HAZ_NE2,Height-for-age <-2 SD (stunting),48.5428,PCNT,,_T,_T,_T,_T,_T,47.2466,49.841,RA,,Yemen MICS multiple indicator cluster survey 2022-2023  survey findings report,,,NT_ANT_HAZ_NE2,2022
ZMB,Zambia,2002.0,0,NT_ANT_HAZ_NE2,Height-for-age <-2 SD (stunting),52.5222,PCNT,,_T,_T,_T,_T,_T,50.819,54.2195,RA,,Zambia demographic and health survey 2001-2002. Demographic and Health Surveys. Calverton  Maryland  USA  Central Statistical Office  Central Board of Health  and ORC Macro  2003,,,NT_ANT_HAZ_NE2,2002
ZMB,Zambia,2007.0,0,NT_ANT_HAZ_NE2,Height-for-age <-2 SD (stunting),45.8024,PCNT,,_T,_T,_T,_T,_T,43.9104,47.7067,RA,,Zambia demographic and health survey 2007. Demographic and Health Surveys. Calverton  Maryland  USA  CSO and Macro International Inc.  2009,,,NT_ANT_HAZ_NE2,2007
ZMB,Zambia,2013.0,0,NT_ANT_HAZ_NE2,Height-for-age <-2 SD (stunting),40.0166,PCNT,,_T,_T,_T,_T,_T,38.8349,41.2101,RA,,Zambia demographic and health Survey 2013-14. Demographic and Health Surveys. Rockville  Maryland  USA  Central Statistical Office  Ministry of Health  and ICF International  2014.,,,NT_ANT_HAZ_NE2,2013
ZMB,Zambia,2018.0,0,NT_ANT_HAZ_NE2,Height-for-age <-2 SD (stunting),34.5873,PCNT,,_T,_T,_T,_T,_T,33.3752,35.8197,RA,,Zambia Demographic and Health Survey 2018. Lusaka  Zambia  and Rockville  Maryland  USA  Zambia Statistics Agency  Ministry of Health  and ICF,,,NT_ANT_HAZ_NE2,2018
ALB,Albania,2005.0,0,NT_ANT_WAZ_NE2,Weight-for-age <-2 SD (Underweight),6.6482,PCNT,,_T,_T,_T,_T,_T,5.0991,8.6252,RA,,Albania multiple indicator cluster survey 2005  final report. Tirana  Albania  Albanian National Institute of Statistics  2008,,,NT_ANT_WAZ_NE2,2005
ALB,Albania,2009.0,0,NT_ANT_WAZ_NE2,Weight-for-age <-2 SD (Underweight),6.2851,PCNT,,_T,_T,_T,_T,_T,5.0322,7.8243,RA,,Albania demographic and health survey 2008-09. Demographic and Health Surveys. Tirana  Albania  Institute of Statistics  Institute of Public Health and ICF Macro  2010,,,NT_ANT_WAZ_NE2,2009
ALB,Albania,2017.0,0,NT_ANT_WAZ_NE2,Weight-for-age <-2 SD (Underweight),1.4788,PCNT,,_T,_T,_T,_T,_T,0.9903,2.2028,RA,,Albania Demographic and Health Survey 2017-18. Tirana  Albania  Institute of Statistics  Institute of Public Health  and ICF,,,NT_ANT_WAZ_NE2,2017
AZE,Azerbaijan,2000.0,0,NT_ANT_WAZ_NE2,Weight-for-age <-2 SD (Underweight),14.0459,PCNT,,_T,_T,_T,_T,_T,12.1287,16.2102,RA,,Azerbaijan multiple indicator cluster survey 2000 (MICS). Baku  Azerbaijan  United Nations Children's Fund  2001.,,,NT_ANT_WAZ_NE2,2000
AZE,Azerbaijan,2001.0,0,NT_ANT_WAZ_NE2,Weight-for-age <-2 SD (Underweight),5.9,PCNT,,_T,_T,_T,_T,_T,,,AD,,Reproductive health survey Azerbaijan  2001  Final report. Serbanescu F  Morris L  Rahimova S  Stupp P  eds. Atlanta  GA  US Department of Health and Human Services  CDC  2003,,,NT_ANT_WAZ_NE2,2001
AZE,Azerbaijan,2006.0,0,NT_ANT_WAZ_NE2,Weight-for-age <-2 SD (Underweight),8.422,PCNT,,_T,_T,_T,_T,_T,6.6667,10.5872,RA,,Azerbaijan Demographic and Health Survey 2006. Demographic and Health Surveys. Calverton  Maryland  USA  State Statistical Committee and Macro International Inc.  2008,,,NT_ANT_WAZ_NE2,2006
AZE,Azerbaijan,2011.0,0,NT_ANT_WAZ_NE2,Weight-for-age <-2 SD (Underweight),6.5,PCNT,,_T,_T,_T,_T,_T,,,RP,,Demographic and Health Survey  Azerbaijan 2011. Ministry of Health (MoH) [Azerbaijan]  Baku  Azerbaijan,,,NT_ANT_WAZ_NE2,2011
AZE,Azerbaijan,2013.0,0,NT_ANT_WAZ_NE2,Weight-for-age <-2 SD (Underweight),4.9226,PCNT,,_T,_T,_T,_T,_T,3.544,6.7997,RA,,Azerbaijan nutrition survey  (AzNS)  2013. Baku  Republic of Azerbaijan  2014.,,,NT_ANT_WAZ_NE2,2013
AZE,Azerbaijan,2023.0,0,NT_ANT_WAZ_NE2,Weight-for-age <-2 SD (Underweight),3.0219,PCNT,,_T,_T,_T,_T,_T,2.3057,3.9516,RA,,The Republic of Azerbaijan Multiple Indicator Cluster Survey 2023,,,NT_ANT_WAZ_NE2,2023
BLR,Belarus,2005.0,0,NT_ANT_WAZ_NE2,Weight-for-age <-2 SD (Underweight),1.2744,PCNT,,_T,_T,_T,_T,_T,0.8176,1.9814,RA,,Belarus multiple indicator cluster survey 2005  final report. Minsk  Republic of Belarus  Ministry of Statistics and Analysis [Belarus] and Research Institute of Statistics of the MSA [Belarus]  2007,,,NT_ANT_WAZ_NE2,2005
CAF,Central African Republic,2000.0,0,NT_ANT_WAZ_NE2,Weight-for-age <-2 SD (Underweight),21.3286,PCNT,,_T,_T,_T,_T,_T,19.9953,22.7256,RA,,Enquête à indicateurs mutliples - MICS 2000. Rapport Final. Bangui  République Centrafricaine  BBA editions  2001,,,NT_ANT_WAZ_NE2,2000
CAF,Central African Republic,2006.0,0,NT_ANT_WAZ_NE2,Weight-for-age <-2 SD (Underweight),26.1291,PCNT,,_T,_T,_T,_T,_T,24.4792,27.8491,RA,,Suivi de la situation des enfants et des femmes. MICS-3 Résultats de l'enquête nationale à indicateurs multiples couplée avec la sérologie VIH et enémie en RCA 2006. Bangui  Republique Centrafricaine  ICASEES  2009,,,NT_ANT_WAZ_NE2,2006
CAF,Central African Republic,2010.0,0,NT_ANT_WAZ_NE2,Weight-for-age <-2 SD (Underweight),23.4526,PCNT,,_T,_T,_T,_T,_T,22.0528,24.9128,RA,,Suivi de la situation des enfants  des femmes et des hommes. Enquête par grappes à indicateurs multiples - MICS couplée avec la sérologie VIH  RCA  2010  Rapport final. Bangui  RCA  ICASEES  2012.,,,NT_ANT_WAZ_NE2,2010
CAF,Central African Republic,2012.0,0,NT_ANT_WAZ_NE2,Weight-for-age <-2 SD (Underweight),24.5154,PCNT,,_T,_T,_T,_T,_T,23.3696,25.6984,RA,,Enquete Nationale Sur La Situation Nutritionnele et la Mortalite en Republique Centrafricaine  Rapport Finale Du 30 Mai au 15 Juillet 2012,,,NT_ANT_WAZ_NE2,2012
CAF,Central African Republic,2014.0,0,NT_ANT_WAZ_NE2,Weight-for-age <-2 SD (Underweight),19.9979,PCNT,,_T,_T,_T,_T,_T,18.9863,21.0493,RA,,Enquete Nationale sur la Situation Nutritionnelle et la Mortalite en Republique Centrafricaine  2014,,,NT_ANT_WAZ_NE2,2014
CAF,Central African Republic,2018.0,0,NT_ANT_WAZ_NE2,Weight-for-age <-2 SD (Underweight),19.7465,PCNT,,_T,_T,_T,_T,_T,18.9442,20.5743,RA,,Enquete Nationale sur la Situation Nutritionnelle et la Mortalite en Republique Centrafricaine  2018,,,NT_ANT_WAZ_NE2,2018
CAF,Central African Republic,2019.25,0,NT_ANT_WAZ_NE2,Weight-for-age <-2 SD (Underweight),21.4599,PCNT,,_T,_T,_T,_T,_T,20.2068,22.7685,RA,,MICS6-RCA Enquête par grappes à indicateurs multiples 2018-2019  Rapport final. Bangui  République Centrafricaine   ICASEES,,,NT_ANT_WAZ_NE2,2019
CAF,Central African Republic,2019.9166666666667,0,NT_ANT_WAZ_NE2,Weight-for-age <-2 SD (Underweight),20.4653,PCNT,,_T,_T,_T,_T,_T,19.2582,21.7276,RA,,Enquete Nationale sur la Situation Nutritionnelle et la Mortalite en Republique Centrafricaine  2019,,,NT_ANT_WAZ_NE2,2019
CAF,Central African Republic,2022.0,0,NT_ANT_WAZ_NE2,Weight-for-age <-2 SD (Underweight),18.4,PCNT,,_T,_T,_T,_T,_T,,,RP,,ENQUETE NATIONALE NUTRITIONNELLE ET DE MORTALITE RETROSPECTIVE Selon la méthodologie SMART,,,NT_ANT_WAZ_NE2,2022
COM,Comoros,2000.0,0,NT_ANT_WAZ_NE2,Weight-for-age <-2 SD (Underweight),25.0705,PCNT,,_T,_T,_T,_T,_T,22.2976,28.0637,RA,,Enquête a indicateurs multiples (MICS 2000)  Rapport final (1er draft Février 2001). Moroni  Comoros  UNICEF  2001,,,NT_ANT_WAZ_NE2,2000
COM,Comoros,2012.0,0,NT_ANT_WAZ_NE2,Weight-for-age <-2 SD (Underweight),16.9414,PCNT,,_T,_T,_T,_T,_T,15.1649,18.8797,RA,,Enquête démographique et de santé et à indicateurs multiples aux Comores 2012. Demograohic and Health Surveys and MICS. Rockville  MD 20850  USA   DGSP et ICF International  2014,,,NT_ANT_WAZ_NE2,2012
COM,Comoros,2022.0,0,NT_ANT_WAZ_NE2,Weight-for-age <-2 SD (Underweight),9.1294,PCNT,,_T,_T,_T,_T,_T,8.1125,10.2595,RA,,Comoros 2022 Multiple Indicator Cluster Survey,,,NT_ANT_WAZ_NE2,2022
DZA,Algeria,2000.0,0,NT_ANT_WAZ_NE2,Weight-for-age <-2 SD (Underweight),5.4177,PCNT,,_T,_T,_T,_T,_T,4.3397,6.7445,RA,,Enquête nationale sur les objectives de la fin décennie santé mère et enfant EDG Algérie 2000 (MICS). Institut National de Santé Publique. République Algérienne Démocratique et Populaire  2001,,,NT_ANT_WAZ_NE2,2000
DZA,Algeria,2002.0,0,NT_ANT_WAZ_NE2,Weight-for-age <-2 SD (Underweight),11.0605,PCNT,,_T,_T,_T,_T,_T,9.532,12.7994,RA,,Enquête Algérienne sur la santé de la famille-2002  Rapport principal. Alger  Algérie  Agence Nationale de la Documentation en Santé  2004,,,NT_ANT_WAZ_NE2,2002
DZA,Algeria,2006.0,0,NT_ANT_WAZ_NE2,Weight-for-age <-2 SD (Underweight),3.4482,PCNT,,_T,_T,_T,_T,_T,3.0725,3.8679,RA,,Suivi de la situation des enfant et des femmes. Enquête nationale à indicateurs multiples  Rapport principal. MICS3. République Algérienne Démocratique et Populaire  Décembre 2008,,,NT_ANT_WAZ_NE2,2006
DZA,Algeria,2012.0,0,NT_ANT_WAZ_NE2,Weight-for-age <-2 SD (Underweight),3.0486,PCNT,,_T,_T,_T,_T,_T,2.6778,3.4691,RA,,République Algérienne Démocratiqe et Populaire enquête par grappes à indicateurs mulitples (MICS) 2012-2013. Rapport final. Ministère de la Santé  de la Population et de la Réforme Hospitalière  2015.,,,NT_ANT_WAZ_NE2,2012
DZA,Algeria,2019.0,0,NT_ANT_WAZ_NE2,Weight-for-age <-2 SD (Underweight),2.6566,PCNT,,_T,_T,_T,_T,_T,2.3073,3.0571,RA,,Enquête par grappes à indicateurs multiples [MICS] 2019,,,NT_ANT_WAZ_NE2,2019
GEO,Georgia,2005.0,0,NT_ANT_WAZ_NE2,Weight-for-age <-2 SD (Underweight),2.3514,PCNT,,_T,_T,_T,_T,_T,1.6644,3.3124,RA,,Georgia monitoring the situation of children and women. Mulitple indicator cluster survey 2005.,,,NT_ANT_WAZ_NE2,2005
GEO,Georgia,2009.0,0,NT_ANT_WAZ_NE2,Weight-for-age <-2 SD (Underweight),1.0891,PCNT,,_T,_T,_T,_T,_T,0.7437,1.5922,RA,,Report of the Georgia national nutrition survey (GNNS) 2009. Tbilisi  Georgia  NCDC&PH and UNICEF  2010.,,,NT_ANT_WAZ_NE2,2009
GEO,Georgia,2018.0,0,NT_ANT_WAZ_NE2,Weight-for-age <-2 SD (Underweight),2.0723,PCNT,,_T,_T,_T,_T,_T,1.2093,3.5293,RA,,Georgia Multiple Indicator Cluster Survey 2018  Survey Findings Report. Tbilisi  Georgia  National Statistics Office of Georgia.,,,NT_ANT_WAZ_NE2,2018
GNB,Guinea-Bissau,2000.0,0,NT_ANT_WAZ_NE2,Weight-for-age <-2 SD (Underweight),19.7962,PCNT,,_T,_T,_T,_T,_T,18.6269,21.0199,RA,,Multiple indicator cluster survey Guinea-Bissau  2000 (MICS). Bissau  Guinea-Bissau  General Direction of Planning  National Institute of Statistics and Census and UNICEF  2000,,,NT_ANT_WAZ_NE2,2000
GNB,Guinea-Bissau,2008.0,0,NT_ANT_WAZ_NE2,Weight-for-age <-2 SD (Underweight),16.375,PCNT,,_T,_T,_T,_T,_T,14.4698,18.477,RA,,Enquête nutritionnel SMART. Evaluation de la situation nutritionnelle en Guinée Bissau  Rapport final  décembre 2008,,,NT_ANT_WAZ_NE2,2008
GNB,Guinea-Bissau,2010.0,0,NT_ANT_WAZ_NE2,Weight-for-age <-2 SD (Underweight),18.0227,PCNT,,_T,_T,_T,_T,_T,16.6689,19.4608,RA,,Inquérito aos indicadores múltiplos (MICS)  inquérito demográfico de saúde reprodutiva - Guiné-Bissau  2010  Relatório final. Bissau  Guiné-Bissau  2011.,,,NT_ANT_WAZ_NE2,2010
GNB,Guinea-Bissau,2012.0,0,NT_ANT_WAZ_NE2,Weight-for-age <-2 SD (Underweight),16.9791,PCNT,,_T,_T,_T,_T,_T,15.5784,18.4783,RA,,Deuxieme Enquete Nationale Sur L’etat Nutritionnel Des Enfants De Moins De 5 Ans Et Des Femmes En Age De Procreer  (15 A 49 Ans) En Republique De Guinee-Bissau  Novembre-Decembre 2012,,,NT_ANT_WAZ_NE2,2012
GNB,Guinea-Bissau,2014.0,0,NT_ANT_WAZ_NE2,Weight-for-age <-2 SD (Underweight),17.0252,PCNT,,_T,_T,_T,_T,_T,15.7442,18.3877,RA,,Inquérito aos Indicadores Múltiplos (MICS5) 2014  Relatório Final. Bissau  Guiné-Bissau  Ministério da Economia e Finanças e Direcção Geral do Plano/ Instituto Nacional de Estatística (INE),,,NT_ANT_WAZ_NE2,2014
GNB,Guinea-Bissau,2019.0833333333333,0,NT_ANT_WAZ_NE2,Weight-for-age <-2 SD (Underweight),16.275,PCNT,,_T,_T,_T,_T,_T,15.1679,17.4461,RA,,Inquérito aos Indicadores Múltiplos (MICS5) 2018-2019  Relatório Final. Bissau  Guiné-Bissau  Ministério da Economia e Finanças e Direcção Geral do Plano/ Instituto Nacional de Estatística (INE).,,,NT_ANT_WAZ_NE2,2019
GNB,Guinea-Bissau,2019.75,0,NT_ANT_WAZ_NE2,Weight-for-age <-2 SD (Underweight),18.8257,PCNT,,_T,_T,_T,_T,_T,16.9376,20.8714,RA,,Enquête nutritionnel SMART. Evaluation de la situation nutritionnelle en Guinée Bissau  2019,,,NT_ANT_WAZ_NE2,2019
IRN,Iran (Islamic Republic of),2004.0,0,NT_ANT_WAZ_NE2,Weight-for-age <-2 SD (Underweight),4.6,PCNT,,_T,_T,_T,_T,_T,,,AD,,Iran Anthropometric Nutritional Indicators Survey 2004,,,NT_ANT_WAZ_NE2,2004
IRN,Iran (Islamic Republic of),2010.0,0,NT_ANT_WAZ_NE2,Weight-for-age <-2 SD (Underweight),4.08,PCNT,,_T,_T,_T,_T,_T,,,RP,,Iran's Multiple Indicator Demographic and Health Survey - 2010.,,,NT_ANT_WAZ_NE2,2010
IRN,Iran (Islamic Republic of),2017.0,0,NT_ANT_WAZ_NE2,Weight-for-age <-2 SD (Underweight),4.3,PCNT,,_T,_T,_T,_T,_T,,,RP,,Children Anthropometry  Nutrition and Development Survey 2017  CANDS_IR96. Ministry of Health. 2021. Tehran  Iran,,,NT_ANT_WAZ_NE2,2017
KGZ,Kyrgyzstan,2006.0,0,NT_ANT_WAZ_NE2,Weight-for-age <-2 SD (Underweight),2.6835,PCNT,,_T,_T,_T,_T,_T,1.9641,3.6565,RA,,Multiple indicator cluster survey 2006  Kyrgyz Republic. Final report. Bishkek  Kyrgyzstan  National Statistical Committee of the Kyrkyz Republic and United Nations Children's Fund  2007,,,NT_ANT_WAZ_NE2,2006
KGZ,Kyrgyzstan,2009.0,0,NT_ANT_WAZ_NE2,Weight-for-age <-2 SD (Underweight),4.7,PCNT,,_T,_T,_T,_T,_T,,,RP,,National survey of the nutritional status of children 6-59 months of age and their mothers  Kyrgyzstan 2009. Bishkek  Ministry of Health  National Statistical Committee  UNICEF  Kyrgyz-Swiss-Swedish Health Project  US CDC  2010.,,,NT_ANT_WAZ_NE2,2009
KGZ,Kyrgyzstan,2012.0,0,NT_ANT_WAZ_NE2,Weight-for-age <-2 SD (Underweight),3.7769,PCNT,,_T,_T,_T,_T,_T,3.0932,4.6047,RA,,Kyrgyz Republic demographic and health survey 2012. Demographic and Health Surveys. Bishkek  Kyrgyz Republic  and Calverton  Maryland  USA  NSC  MOH  and ICF International  2013,,,NT_ANT_WAZ_NE2,2012
KGZ,Kyrgyzstan,2014.0,0,NT_ANT_WAZ_NE2,Weight-for-age <-2 SD (Underweight),2.7882,PCNT,,_T,_T,_T,_T,_T,2.1641,3.5857,RA,,Kyrgyzstan multiple indicator cluster survey 2014  Final Report (MICS). Bishkek  Kyrgyzstan  National Statistical Committee of the Kyrgyz Republic and UNICEF  2014.,,,NT_ANT_WAZ_NE2,2014
KGZ,Kyrgyzstan,2018.0,0,NT_ANT_WAZ_NE2,Weight-for-age <-2 SD (Underweight),1.8344,PCNT,,_T,_T,_T,_T,_T,1.273,2.6368,RA,,Kyrgyzstan Multiple Indicator Cluster Survey 2018  Survey Findings Report. Bishkek  Kyrgyzstan  National Statistical Committee of the Kyrgyz Republic and UNICEF.,,,NT_ANT_WAZ_NE2,2018
KGZ,Kyrgyzstan,2021.0,0,NT_ANT_WAZ_NE2,Weight-for-age <-2 SD (Underweight),1.0,PCNT,,_T,_T,_T,_T,_T,,,RA,,NATIONAL INTEGRATED MICRONUTRIENT AND ANTHROPOMETRIC SURVEY OF THE KYRGYZ REPUBLIC 2021 (NIMAS),,,NT_ANT_WAZ_NE2,2021
KGZ,Kyrgyzstan,2023.0,0,NT_ANT_WAZ_NE2,Weight-for-age <-2 SD (Underweight),2.9078,PCNT,,_T,_T,_T,_T,_T,2.2692,3.7194,RA,,Kyrgyz Republic Multiple Indicator Cluster Survey 2023 Survey Findings Report September  2024,,,NT_ANT_WAZ_NE2,2023
KWT,Kuwait,2001.0,0,NT_ANT_WAZ_NE2,Weight-for-age <-2 SD (Underweight),2.184,PCNT,,_T,_T,_T,_T,_T,1.8116,2.631,RA,,Kuwait Nutrition Surveillance System [KNSS] 2001. Kuwait city  Kuwait  Food & Nutrition Administration,,,NT_ANT_WAZ_NE2,2001
KWT,Kuwait,2002.0,0,NT_ANT_WAZ_NE2,Weight-for-age <-2 SD (Underweight),2.0562,PCNT,,_T,_T,_T,_T,_T,1.6521,2.5566,RA,,Kuwait Nutrition Surveillance System [KNSS] 2002. Kuwait city  Kuwait  Food & Nutrition Administration,,,NT_ANT_WAZ_NE2,2002
KWT,Kuwait,2003.0,0,NT_ANT_WAZ_NE2,Weight-for-age <-2 SD (Underweight),2.3445,PCNT,,_T,_T,_T,_T,_T,1.9326,2.8417,RA,,Kuwait Nutrition Surveillance System [KNSS] 2003. Kuwait city  Kuwait  Food & Nutrition Administration,,,NT_ANT_WAZ_NE2,2003
KWT,Kuwait,2004.0,0,NT_ANT_WAZ_NE2,Weight-for-age <-2 SD (Underweight),2.7619,PCNT,,_T,_T,_T,_T,_T,2.3158,3.2911,RA,,Kuwait Nutrition Surveillance System [KNSS] 2004. Kuwait city  Kuwait  Food & Nutrition Administration,,,NT_ANT_WAZ_NE2,2004
KWT,Kuwait,2005.0,0,NT_ANT_WAZ_NE2,Weight-for-age <-2 SD (Underweight),2.6424,PCNT,,_T,_T,_T,_T,_T,2.2532,3.0967,RA,,Kuwait Nutrition Surveillance System [KNSS] 2005. Kuwait city  Kuwait  Food & Nutrition Administration,,,NT_ANT_WAZ_NE2,2005
KWT,Kuwait,2006.0,0,NT_ANT_WAZ_NE2,Weight-for-age <-2 SD (Underweight),2.8555,PCNT,,_T,_T,_T,_T,_T,2.3525,3.4623,RA,,Kuwait Nutrition Surveillance System [KNSS] 2006. Kuwait city  Kuwait  Food & Nutrition Administration,,,NT_ANT_WAZ_NE2,2006
KWT,Kuwait,2007.0,0,NT_ANT_WAZ_NE2,Weight-for-age <-2 SD (Underweight),2.8653,PCNT,,_T,_T,_T,_T,_T,2.382,3.4432,RA,,Kuwait Nutrition Surveillance System [KNSS] 2007. Kuwait city  Kuwait  Food & Nutrition Administration,,,NT_ANT_WAZ_NE2,2007
KWT,Kuwait,2008.0,0,NT_ANT_WAZ_NE2,Weight-for-age <-2 SD (Underweight),2.3543,PCNT,,_T,_T,_T,_T,_T,1.9407,2.8535,RA,,Kuwait Nutrition Surveillance System [KNSS] 2008. Kuwait city  Kuwait  Food & Nutrition Administration,,,NT_ANT_WAZ_NE2,2008
KWT,Kuwait,2009.0,0,NT_ANT_WAZ_NE2,Weight-for-age <-2 SD (Underweight),1.6899,PCNT,,_T,_T,_T,_T,_T,1.3367,2.1345,RA,,Kuwait Nutrition Surveillance System [KNSS] 2009. Kuwait city  Kuwait  Food & Nutrition Administration,,,NT_ANT_WAZ_NE2,2009
KWT,Kuwait,2010.0,0,NT_ANT_WAZ_NE2,Weight-for-age <-2 SD (Underweight),1.6507,PCNT,,_T,_T,_T,_T,_T,1.301,2.0922,RA,,Kuwait Nutrition Surveillance System [KNSS] 2010. Kuwait city  Kuwait  Food & Nutrition Administration  2013,,,NT_ANT_WAZ_NE2,2010
KWT,Kuwait,2011.0,0,NT_ANT_WAZ_NE2,Weight-for-age <-2 SD (Underweight),2.0957,PCNT,,_T,_T,_T,_T,_T,1.7035,2.576,RA,,Kuwait Nutrition Surveillance System [KNSS] 2011. Kuwait city  Kuwait  Food & Nutrition Administration  2013,,,NT_ANT_WAZ_NE2,2011
KWT,Kuwait,2012.0,0,NT_ANT_WAZ_NE2,Weight-for-age <-2 SD (Underweight),2.1244,PCNT,,_T,_T,_T,_T,_T,1.7139,2.6305,RA,,Kuwait Nutrition Surveillance System [KNSS] 2012. Kuwait city  Kuwait  Food & Nutrition Administration  2013,,,NT_ANT_WAZ_NE2,2012
KWT,Kuwait,2013.0,0,NT_ANT_WAZ_NE2,Weight-for-age <-2 SD (Underweight),3.5666,PCNT,,_T,_T,_T,_T,_T,2.9537,4.301,RA,,Kuwait Nutrition Surveillance System [KNSS] 2013. Kuwait city  Kuwait  Food & Nutrition Administration  2015,,,NT_ANT_WAZ_NE2,2013
KWT,Kuwait,2014.0,0,NT_ANT_WAZ_NE2,Weight-for-age <-2 SD (Underweight),3.0312,PCNT,,_T,_T,_T,_T,_T,2.4976,3.6746,RA,,Kuwait Nutrition Surveillance System [KNSS] 2014. Kuwait city  Kuwait  Food & Nutrition Administration  2015,,,NT_ANT_WAZ_NE2,2014
KWT,Kuwait,2015.0,0,NT_ANT_WAZ_NE2,Weight-for-age <-2 SD (Underweight),3.2159,PCNT,,_T,_T,_T,_T,_T,2.6036,3.9664,RA,,The Kuwait Nutrition Surveillance System [KNSS] 2015 Annual Report. Kuwait City. Food & Nutrition Administration,,,NT_ANT_WAZ_NE2,2015
KWT,Kuwait,2016.0,0,NT_ANT_WAZ_NE2,Weight-for-age <-2 SD (Underweight),3.2612,PCNT,,_T,_T,_T,_T,_T,2.6901,3.9486,RA,,Kuwait Nutrition Surveillance System [KNSS] 2016. Kuwait city  Kuwait  Food & Nutrition Administration,,,NT_ANT_WAZ_NE2,2016
KWT,Kuwait,2017.0,0,NT_ANT_WAZ_NE2,Weight-for-age <-2 SD (Underweight),3.5923,PCNT,,_T,_T,_T,_T,_T,3.0182,4.2708,RA,,Kuwait Nutrition Surveillance System [KNSS] 2017. Kuwait city  Kuwait  Food & Nutrition Administration,,,NT_ANT_WAZ_NE2,2017
KWT,Kuwait,2018.0,0,NT_ANT_WAZ_NE2,Weight-for-age <-2 SD (Underweight),3.2509,PCNT,,_T,_T,_T,_T,_T,2.682,3.9357,RA,,Kuwait Nutrition Surveillance System [KNSS] 2018. Kuwait city  Kuwait  Food & Nutrition Administration,,,NT_ANT_WAZ_NE2,2018
KWT,Kuwait,2019.0,0,NT_ANT_WAZ_NE2,Weight-for-age <-2 SD (Underweight),2.0398,PCNT,,_T,_T,_T,_T,_T,1.641,2.533,RA,,Kuwait Nutrition Surveillance System [KNSS] 2019. Kuwait city  Kuwait  Food & Nutrition Administration,,,NT_ANT_WAZ_NE2,2019
KWT,Kuwait,2020.0,0,NT_ANT_WAZ_NE2,Weight-for-age <-2 SD (Underweight),1.7575,PCNT,,_T,_T,_T,_T,_T,1.2081,2.5501,RA,,Kuwait Nutrition Surveillance System [KNSS] 2020. Kuwait city  Kuwait  Food & Nutrition Administration,,,NT_ANT_WAZ_NE2,2020
KWT,Kuwait,2021.0,0,NT_ANT_WAZ_NE2,Weight-for-age <-2 SD (Underweight),2.3906,PCNT,,_T,_T,_T,_T,_T,1.8846,3.0284,RA,,Kuwait Civil Registration and Vital Statistics (2021 Extract),,,NT_ANT_WAZ_NE2,2021
KWT,Kuwait,2022.0,0,NT_ANT_WAZ_NE2,Weight-for-age <-2 SD (Underweight),2.877,PCNT,,_T,_T,_T,_T,_T,2.2846,3.6174,RA,,Kuwait Nutrition Surveillance System 2022,,,NT_ANT_WAZ_NE2,2022
KWT,Kuwait,2023.0,0,NT_ANT_WAZ_NE2,Weight-for-age <-2 SD (Underweight),2.7861,PCNT,,_T,_T,_T,_T,_T,2.1422,3.6164,RA,,Kuwait Nutrition Surveillance System [KNSS] 2023. Kuwait city  Kuwait  Food & Nutrition Administration,,,NT_ANT_WAZ_NE2,2023
LAO,Lao People's Democratic Republic,2000.0,0,NT_ANT_WAZ_NE2,Weight-for-age <-2 SD (Underweight),35.6333,PCNT,,_T,_T,_T,_T,_T,31.8482,39.6068,RA,,Laos Multiple Indicator Cluster Survey 2000. New York  United States  United Nations Children's Fund (UNICEF).,,,NT_ANT_WAZ_NE2,2000
LAO,Lao People's Democratic Republic,2006.0,0,NT_ANT_WAZ_NE2,Weight-for-age <-2 SD (Underweight),31.6006,PCNT,,_T,_T,_T,_T,_T,29.3018,33.9931,RA,,Lao PDR multiple indicator cluster survey 2006  final report. Vientiane  Lao PDR  Department of Statistics and UNICEF  2008,,,NT_ANT_WAZ_NE2,2006
LAO,Lao People's Democratic Republic,2011.0,0,NT_ANT_WAZ_NE2,Weight-for-age <-2 SD (Underweight),26.5831,PCNT,,_T,_T,_T,_T,_T,24.9679,28.2633,RA,,Lao social indicator survey LSIS (MICS/DHS). Vientiane  Lao PDR  MoH and LSB  2012,,,NT_ANT_WAZ_NE2,2011
LAO,Lao People's Democratic Republic,2015.0,0,NT_ANT_WAZ_NE2,Weight-for-age <-2 SD (Underweight),25.4781,PCNT,,_T,_T,_T,_T,_T,24.3661,26.6229,RA,,Lao Child Anthropometry Assessment Survey  Add-On to the 2015 National Immunization Survey  Final Report  February 2016,,,NT_ANT_WAZ_NE2,2015
LAO,Lao People's Democratic Republic,2017.0,0,NT_ANT_WAZ_NE2,Weight-for-age <-2 SD (Underweight),21.1391,PCNT,,_T,_T,_T,_T,_T,20.0119,22.312,RA,,Lao Social Indicator Survey II 2017  Survey Findings Report. Vientiane  Lao PDR  Lao Statistics Bureau and UNICEF,,,NT_ANT_WAZ_NE2,2017
LAO,Lao People's Democratic Republic,2023.0,0,NT_ANT_WAZ_NE2,Weight-for-age <-2 SD (Underweight),24.3,PCNT,,_T,_T,_T,_T,_T,,,RP,,Lao Social Indicator Survey III-2023 (MICS),,,NT_ANT_WAZ_NE2,2023
MAR,Morocco,2003.0,0,NT_ANT_WAZ_NE2,Weight-for-age <-2 SD (Underweight),9.8302,PCNT,,_T,_T,_T,_T,_T,8.9565,10.7791,RA,,Enquête dur la population et la santé familiale (EPSF) 2003-2004. Demographic and Health Surveys. Calverton  Maryland  USA  Ministère de la Santé et ORC Macro  2005,,,NT_ANT_WAZ_NE2,2003
MAR,Morocco,2011.0,0,NT_ANT_WAZ_NE2,Weight-for-age <-2 SD (Underweight),2.9129,PCNT,,_T,_T,_T,_T,_T,2.2811,3.713,RA,,Enquête nationale sur la population et la santé familiale (ENPSF) 2010-2011. Rabat  Royaume de Maroc  Ministère de la Santé  2012,,,NT_ANT_WAZ_NE2,2011
MAR,Morocco,2017.0,0,NT_ANT_WAZ_NE2,Weight-for-age <-2 SD (Underweight),2.5764,PCNT,,_T,_T,_T,_T,_T,2.145,3.0917,RA,,Enquête Nationale sur la Population et la Santé Familiale (ENPSF) -2017-2018,,,NT_ANT_WAZ_NE2,2017
MAR,Morocco,2019.0,0,NT_ANT_WAZ_NE2,Weight-for-age <-2 SD (Underweight),3.0,PCNT,,_T,_T,_T,_T,_T,,,RP,,ENQUETE NATIONALE SUR LA NUTRITION (ENN 2019-2020),,,NT_ANT_WAZ_NE2,2019
MLT,Malta,2022.0,0,NT_ANT_WAZ_NE2,Weight-for-age <-2 SD (Underweight),0.7,PCNT,,_T,_T,_T,_T,_T,,,RA,,Malta’s Recovery and Resilience Plan Data Collection 2022,,,NT_ANT_WAZ_NE2,2022
OMN,Oman,2009.0,0,NT_ANT_WAZ_NE2,Weight-for-age <-2 SD (Underweight),8.6,PCNT,,_T,_T,_T,_T,_T,,,ER,,Second National Health Survey for Protein Energy Malnutrition In Children below Five Years of Age In the Sultanate of Oman,,,NT_ANT_WAZ_NE2,2009
OMN,Oman,2014.0,0,NT_ANT_WAZ_NE2,Weight-for-age <-2 SD (Underweight),9.7,PCNT,,_T,_T,_T,_T,_T,,,RP,,Multiple Indicator Cluster Survey 2014  Final Report. Muscat  Oman  2016.,,,NT_ANT_WAZ_NE2,2014
OMN,Oman,2017.0,0,NT_ANT_WAZ_NE2,Weight-for-age <-2 SD (Underweight),11.2,PCNT,,_T,_T,_T,_T,_T,9.6,13.1,RP,,Oman National Nutrition Survey 2017. Muscat  Oman  2018,,,NT_ANT_WAZ_NE2,2017
TJK,Tajikistan,2005.0,0,NT_ANT_WAZ_NE2,Weight-for-age <-2 SD (Underweight),14.8834,PCNT,,_T,_T,_T,_T,_T,13.3383,16.5733,RA,,Tajikistan multiple indicator cluster survey 2005  Final Report. Dushanbe  Tajikistan  State Committee on Statistics of the Republic of Tajikistan  2007,,,NT_ANT_WAZ_NE2,2005
TJK,Tajikistan,2007.0,0,NT_ANT_WAZ_NE2,Weight-for-age <-2 SD (Underweight),15.0865,PCNT,,_T,_T,_T,_T,_T,13.4335,16.9033,RA,,Tajikistan living standards measurement survey 2007 (TLSS)  Indicators at a glance. Dushanbe  Republic of Tajikistan  State Committee on Statistics and UNICEF  2009,,,NT_ANT_WAZ_NE2,2007
TJK,Tajikistan,2009.0,0,NT_ANT_WAZ_NE2,Weight-for-age <-2 SD (Underweight),8.2,PCNT,,_T,_T,_T,_T,_T,,,RA,,Micronutrient status survey in Tajikistan  2009. Dushanbe  Republic of Tajikistan  Ministry of Health and UNICEF  2010,,,NT_ANT_WAZ_NE2,2009
TJK,Tajikistan,2012.0,0,NT_ANT_WAZ_NE2,Weight-for-age <-2 SD (Underweight),13.2658,PCNT,,_T,_T,_T,_T,_T,11.8147,14.865,RA,,Tajikistan demographic and health survey 2012. Demographic and Health Surveys. Dushanbe  Tajikistan  and Calverton  Maryland  USA  SA  MOH  and ICF International  2013,,,NT_ANT_WAZ_NE2,2012
TJK,Tajikistan,2016.0,0,NT_ANT_WAZ_NE2,Weight-for-age <-2 SD (Underweight),6.4291,PCNT,,_T,_T,_T,_T,_T,5.2265,7.8855,RA,,National Micronutrient Status Survey in Tajikistan 2016,,,NT_ANT_WAZ_NE2,2016
TJK,Tajikistan,2017.0,0,NT_ANT_WAZ_NE2,Weight-for-age <-2 SD (Underweight),7.5771,PCNT,,_T,_T,_T,_T,_T,6.694,8.5659,RA,,Tajikistan Demographic and Health Survey 2017. Dushanbe  Republic of Tajikistan  and Rockville  Maryland  USA  Statistical Agency under the President of the Republic of Tajikistan (SA),,,NT_ANT_WAZ_NE2,2017
TJK,Tajikistan,2023.0,0,NT_ANT_WAZ_NE2,Weight-for-age <-2 SD (Underweight),5.2,PCNT,,_T,_T,_T,_T,_T,,,RP,,Tajikistan Demographic and Health Survey 2023. Dushanbe  Republic of Tajikistan and Rockville  Maryland  USA  Agency on Statistics under the President of the Republic of Tajikistan and ICF,,,NT_ANT_WAZ_NE2,2023
YEM,Yemen,2003.0,0,NT_ANT_WAZ_NE2,Weight-for-age <-2 SD (Underweight),45.2517,PCNT,,_T,_T,_T,_T,_T,43.5911,46.9229,RA,,The Yemen family health survey  Principal report. Pan Arab Project for Family Health. Cairo  Egypt  The Republic of Yemen Ministry of Health & Population  Central Statistical Organization an League of Arab States  2004,,,NT_ANT_WAZ_NE2,2003
YEM,Yemen,2005.0,0,NT_ANT_WAZ_NE2,Weight-for-age <-2 SD (Underweight),36.706,PCNT,,_T,_T,_T,_T,_T,35.0608,38.3827,RA,,Yemen Household Budget Survey 2005-2006,,,NT_ANT_WAZ_NE2,2005
YEM,Yemen,2011.0,0,NT_ANT_WAZ_NE2,Weight-for-age <-2 SD (Underweight),35.5,PCNT,,_T,_T,_T,_T,_T,,,ER,,The state of food security and nutrition in Yemen. Comprehensive food security survey 2011. Sana'a  Republic of Yemen  2013,,,NT_ANT_WAZ_NE2,2011
YEM,Yemen,2013.0,0,NT_ANT_WAZ_NE2,Weight-for-age <-2 SD (Underweight),39.9391,PCNT,,_T,_T,_T,_T,_T,38.5616,41.3326,RA,,Yemen National Health and Demographic Survey 2013. Rockville  Maryland  USA  MOPHP  CSO  PAPFAM  and ICF International  2014.,,,NT_ANT_WAZ_NE2,2013
YEM,Yemen,2021.0,0,NT_ANT_WAZ_NE2,Weight-for-age <-2 SD (Underweight),31.6,PCNT,,_T,_T,_T,_T,_T,,,RP,,The Report of Nutrition and Mortality Surveys,,,NT_ANT_WAZ_NE2,2021
YEM,Yemen,2022.0,0,NT_ANT_WAZ_NE2,Weight-for-age <-2 SD (Underweight),40.706,PCNT,,_T,_T,_T,_T,_T,39.3779,42.0478,RA,,Yemen MICS multiple indicator cluster survey 2022-2023  survey findings report,,,NT_ANT_WAZ_NE2,2022
ZMB,Zambia,2002.0,0,NT_ANT_WAZ_NE2,Weight-for-age <-2 SD (Underweight),23.2169,PCNT,,_T,_T,_T,_T,_T,21.8162,24.6792,RA,,Zambia demographic and health survey 2001-2002. Demographic and Health Surveys. Calverton  Maryland  USA  Central Statistical Office  Central Board of Health  and ORC Macro  2003,,,NT_ANT_WAZ_NE2,2002
ZMB,Zambia,2007.0,0,NT_ANT_WAZ_NE2,Weight-for-age <-2 SD (Underweight),14.9024,PCNT,,_T,_T,_T,_T,_T,13.7626,16.1189,RA,,Zambia demographic and health survey 2007. Demographic and Health Surveys. Calverton  Maryland  USA  CSO and Macro International Inc.  2009,,,NT_ANT_WAZ_NE2,2007
ZMB,Zambia,2013.0,0,NT_ANT_WAZ_NE2,Weight-for-age <-2 SD (Underweight),14.8803,PCNT,,_T,_T,_T,_T,_T,14.0926,15.704,RA,,Zambia demographic and health Survey 2013-14. Demographic and Health Surveys. Rockville  Maryland  USA  Central Statistical Office  Ministry of Health  and ICF International  2014.,,,NT_ANT_WAZ_NE2,2013
ZMB,Zambia,2018.0,0,NT_ANT_WAZ_NE2,Weight-for-age <-2 SD (Underweight),11.8172,PCNT,,_T,_T,_T,_T,_T,10.9566,12.7357,RA,,Zambia Demographic and Health Survey 2018. Lusaka  Zambia  and Rockville  Maryland  USA  Zambia Statistics Agency  Ministry of Health  and ICF,,,NT_ANT_WAZ_NE2,2018
ALB,Albania,2005.0,0,NT_ANT_WHZ_NE2,Weight-for-height <-2 SD (wasting),7.3247,PCNT,,_T,_T,_T,_T,_T,5.6032,9.5217,RA,,Albania multiple indicator cluster survey 2005  final report. Tirana  Albania  Albanian National Institute of Statistics  2008,,,NT_ANT_WHZ_NE2,2005
ALB,Albania,2009.0,0,NT_ANT_WHZ_NE2,Weight-for-height <-2 SD (wasting),9.5795,PCNT,,_T,_T,_T,_T,_T,7.5405,12.0977,RA,,Albania demographic and health survey 2008-09. Demographic and Health Surveys. Tirana  Albania  Institute of Statistics  Institute of Public Health and ICF Macro  2010,,,NT_ANT_WHZ_NE2,2009
ALB,Albania,2017.0,0,NT_ANT_WHZ_NE2,Weight-for-height <-2 SD (wasting),1.5842,PCNT,,_T,_T,_T,_T,_T,1.1461,2.1861,RA,,Albania Demographic and Health Survey 2017-18. Tirana  Albania  Institute of Statistics  Institute of Public Health  and ICF,,,NT_ANT_WHZ_NE2,2017
AZE,Azerbaijan,2000.0,0,NT_ANT_WHZ_NE2,Weight-for-height <-2 SD (wasting),8.981,PCNT,,_T,_T,_T,_T,_T,7.4865,10.7392,RA,,Azerbaijan multiple indicator cluster survey 2000 (MICS). Baku  Azerbaijan  United Nations Children's Fund  2001.,,,NT_ANT_WHZ_NE2,2000
AZE,Azerbaijan,2001.0,0,NT_ANT_WHZ_NE2,Weight-for-height <-2 SD (wasting),3.2,PCNT,,_T,_T,_T,_T,_T,,,AD,,Reproductive health survey Azerbaijan  2001  Final report. Serbanescu F  Morris L  Rahimova S  Stupp P  eds. Atlanta  GA  US Department of Health and Human Services  CDC  2003,,,NT_ANT_WHZ_NE2,2001
AZE,Azerbaijan,2006.0,0,NT_ANT_WHZ_NE2,Weight-for-height <-2 SD (wasting),6.7976,PCNT,,_T,_T,_T,_T,_T,5.4564,8.439,RA,,Azerbaijan Demographic and Health Survey 2006. Demographic and Health Surveys. Calverton  Maryland  USA  State Statistical Committee and Macro International Inc.  2008,,,NT_ANT_WHZ_NE2,2006
AZE,Azerbaijan,2011.0,0,NT_ANT_WHZ_NE2,Weight-for-height <-2 SD (wasting),6.6,PCNT,,_T,_T,_T,_T,_T,,,RP,,Demographic and Health Survey  Azerbaijan 2011. Ministry of Health (MoH) [Azerbaijan]  Baku  Azerbaijan,,,NT_ANT_WHZ_NE2,2011
AZE,Azerbaijan,2013.0,0,NT_ANT_WHZ_NE2,Weight-for-height <-2 SD (wasting),3.1592,PCNT,,_T,_T,_T,_T,_T,2.2198,4.478,RA,,Azerbaijan nutrition survey  (AzNS)  2013. Baku  Republic of Azerbaijan  2014.,,,NT_ANT_WHZ_NE2,2013
AZE,Azerbaijan,2023.0,0,NT_ANT_WHZ_NE2,Weight-for-height <-2 SD (wasting),3.5201,PCNT,,_T,_T,_T,_T,_T,1.9973,6.1314,RA,,The Republic of Azerbaijan Multiple Indicator Cluster Survey 2023,,,NT_ANT_WHZ_NE2,2023
BLR,Belarus,2005.0,0,NT_ANT_WHZ_NE2,Weight-for-height <-2 SD (wasting),2.2066,PCNT,,_T,_T,_T,_T,_T,1.5455,3.1414,RA,,Belarus multiple indicator cluster survey 2005  final report. Minsk  Republic of Belarus  Ministry of Statistics and Analysis [Belarus] and Research Institute of Statistics of the MSA [Belarus]  2007,,,NT_ANT_WHZ_NE2,2005
BLR,Belarus,2019.0,0,NT_ANT_WHZ_NE2,Weight-for-height <-2 SD (wasting),1.3,PCNT,,_T,_T,_T,_T,_T,,,RP,,Child Malnutrition Data from State Statistical Reporting Form  Belarus 2019,,,NT_ANT_WHZ_NE2,2019
BLR,Belarus,2020.0,0,NT_ANT_WHZ_NE2,Weight-for-height <-2 SD (wasting),1.3,PCNT,,_T,_T,_T,_T,_T,,,RP,,Child Malnutrition Data from State Statistical Reporting Form  Belarus 2020,,,NT_ANT_WHZ_NE2,2020
BLR,Belarus,2021.0,0,NT_ANT_WHZ_NE2,Weight-for-height <-2 SD (wasting),1.2,PCNT,,_T,_T,_T,_T,_T,,,RP,,Child Malnutrition Data from State Statistical Reporting Form  Belarus 2021,,,NT_ANT_WHZ_NE2,2021
BLR,Belarus,2022.0,0,NT_ANT_WHZ_NE2,Weight-for-height <-2 SD (wasting),1.3,PCNT,,_T,_T,_T,_T,_T,,,RP,,Child Malnutrition Data from State Statistical Reporting Form  Belarus 2022,,,NT_ANT_WHZ_NE2,2022
BLR,Belarus,2023.0,0,NT_ANT_WHZ_NE2,Weight-for-height <-2 SD (wasting),1.3,PCNT,,_T,_T,_T,_T,_T,,,RP,,Child Malnutrition Data from State Statistical Reporting Form  Belarus 2023,,,NT_ANT_WHZ_NE2,2023
CAF,Central African Republic,2000.0,0,NT_ANT_WHZ_NE2,Weight-for-height <-2 SD (wasting),10.4113,PCNT,,_T,_T,_T,_T,_T,9.4516,11.4562,RA,,Enquête à indicateurs mutliples - MICS 2000. Rapport Final. Bangui  République Centrafricaine  BBA editions  2001,,,NT_ANT_WHZ_NE2,2000
CAF,Central African Republic,2006.0,0,NT_ANT_WHZ_NE2,Weight-for-height <-2 SD (wasting),12.1076,PCNT,,_T,_T,_T,_T,_T,10.9493,13.3699,RA,,Suivi de la situation des enfants et des femmes. MICS-3 Résultats de l'enquête nationale à indicateurs multiples couplée avec la sérologie VIH et enémie en RCA 2006. Bangui  Republique Centrafricaine  ICASEES  2009,,,NT_ANT_WHZ_NE2,2006
CAF,Central African Republic,2010.0,0,NT_ANT_WHZ_NE2,Weight-for-height <-2 SD (wasting),7.3739,PCNT,,_T,_T,_T,_T,_T,6.6166,8.2104,RA,,Suivi de la situation des enfants  des femmes et des hommes. Enquête par grappes à indicateurs multiples - MICS couplée avec la sérologie VIH  RCA  2010  Rapport final. Bangui  RCA  ICASEES  2012.,,,NT_ANT_WHZ_NE2,2010
CAF,Central African Republic,2012.0,0,NT_ANT_WHZ_NE2,Weight-for-height <-2 SD (wasting),7.4142,PCNT,,_T,_T,_T,_T,_T,6.8762,7.9906,RA,,Enquete Nationale Sur La Situation Nutritionnele et la Mortalite en Republique Centrafricaine  Rapport Finale Du 30 Mai au 15 Juillet 2012,,,NT_ANT_WHZ_NE2,2012
CAF,Central African Republic,2014.0,0,NT_ANT_WHZ_NE2,Weight-for-height <-2 SD (wasting),6.16,PCNT,,_T,_T,_T,_T,_T,5.6251,6.7423,RA,,Enquete Nationale sur la Situation Nutritionnelle et la Mortalite en Republique Centrafricaine  2014,,,NT_ANT_WHZ_NE2,2014
CAF,Central African Republic,2018.0,0,NT_ANT_WHZ_NE2,Weight-for-height <-2 SD (wasting),6.5337,PCNT,,_T,_T,_T,_T,_T,6.0844,7.0137,RA,,Enquete Nationale sur la Situation Nutritionnelle et la Mortalite en Republique Centrafricaine  2018,,,NT_ANT_WHZ_NE2,2018
CAF,Central African Republic,2019.25,0,NT_ANT_WHZ_NE2,Weight-for-height <-2 SD (wasting),5.3802,PCNT,,_T,_T,_T,_T,_T,4.7306,6.1133,RA,,MICS6-RCA Enquête par grappes à indicateurs multiples 2018-2019  Rapport final. Bangui  République Centrafricaine   ICASEES,,,NT_ANT_WHZ_NE2,2019
CAF,Central African Republic,2019.9166666666667,0,NT_ANT_WHZ_NE2,Weight-for-height <-2 SD (wasting),5.1886,PCNT,,_T,_T,_T,_T,_T,4.6516,5.7839,RA,,Enquete Nationale sur la Situation Nutritionnelle et la Mortalite en Republique Centrafricaine  2019,,,NT_ANT_WHZ_NE2,2019
CAF,Central African Republic,2022.0,0,NT_ANT_WHZ_NE2,Weight-for-height <-2 SD (wasting),5.2,PCNT,,_T,_T,_T,_T,_T,,,RP,,ENQUETE NATIONALE NUTRITIONNELLE ET DE MORTALITE RETROSPECTIVE Selon la méthodologie SMART,,,NT_ANT_WHZ_NE2,2022
COM,Comoros,2000.0,0,NT_ANT_WHZ_NE2,Weight-for-height <-2 SD (wasting),13.2846,PCNT,,_T,_T,_T,_T,_T,11.1771,15.7192,RA,,Enquête a indicateurs multiples (MICS 2000)  Rapport final (1er draft Février 2001). Moroni  Comoros  UNICEF  2001,,,NT_ANT_WHZ_NE2,2000
COM,Comoros,2012.0,0,NT_ANT_WHZ_NE2,Weight-for-height <-2 SD (wasting),11.2112,PCNT,,_T,_T,_T,_T,_T,9.8888,12.6855,RA,,Enquête démographique et de santé et à indicateurs multiples aux Comores 2012. Demograohic and Health Surveys and MICS. Rockville  MD 20850  USA   DGSP et ICF International  2014,,,NT_ANT_WHZ_NE2,2012
COM,Comoros,2022.0,0,NT_ANT_WHZ_NE2,Weight-for-height <-2 SD (wasting),5.0614,PCNT,,_T,_T,_T,_T,_T,4.3134,5.931,RA,,Comoros 2022 Multiple Indicator Cluster Survey,,,NT_ANT_WHZ_NE2,2022
DZA,Algeria,2000.0,0,NT_ANT_WHZ_NE2,Weight-for-height <-2 SD (wasting),3.0981,PCNT,,_T,_T,_T,_T,_T,2.4143,3.9677,RA,,Enquête nationale sur les objectives de la fin décennie santé mère et enfant EDG Algérie 2000 (MICS). Institut National de Santé Publique. République Algérienne Démocratique et Populaire  2001,,,NT_ANT_WHZ_NE2,2000
DZA,Algeria,2002.0,0,NT_ANT_WHZ_NE2,Weight-for-height <-2 SD (wasting),9.618,PCNT,,_T,_T,_T,_T,_T,8.3994,10.9922,RA,,Enquête Algérienne sur la santé de la famille-2002  Rapport principal. Alger  Algérie  Agence Nationale de la Documentation en Santé  2004,,,NT_ANT_WHZ_NE2,2002
DZA,Algeria,2006.0,0,NT_ANT_WHZ_NE2,Weight-for-height <-2 SD (wasting),4.131,PCNT,,_T,_T,_T,_T,_T,3.683,4.6308,RA,,Suivi de la situation des enfant et des femmes. Enquête nationale à indicateurs multiples  Rapport principal. MICS3. République Algérienne Démocratique et Populaire  Décembre 2008,,,NT_ANT_WHZ_NE2,2006
DZA,Algeria,2012.0,0,NT_ANT_WHZ_NE2,Weight-for-height <-2 SD (wasting),4.1068,PCNT,,_T,_T,_T,_T,_T,3.6504,4.6174,RA,,République Algérienne Démocratiqe et Populaire enquête par grappes à indicateurs mulitples (MICS) 2012-2013. Rapport final. Ministère de la Santé  de la Population et de la Réforme Hospitalière  2015.,,,NT_ANT_WHZ_NE2,2012
DZA,Algeria,2019.0,0,NT_ANT_WHZ_NE2,Weight-for-height <-2 SD (wasting),2.7028,PCNT,,_T,_T,_T,_T,_T,2.3298,3.1336,RA,,Enquête par grappes à indicateurs multiples [MICS] 2019,,,NT_ANT_WHZ_NE2,2019
GEO,Georgia,2005.0,0,NT_ANT_WHZ_NE2,Weight-for-height <-2 SD (wasting),2.9905,PCNT,,_T,_T,_T,_T,_T,2.1695,4.109,RA,,Georgia monitoring the situation of children and women. Mulitple indicator cluster survey 2005.,,,NT_ANT_WHZ_NE2,2005
GEO,Georgia,2009.0,0,NT_ANT_WHZ_NE2,Weight-for-height <-2 SD (wasting),1.2856,PCNT,,_T,_T,_T,_T,_T,0.9076,1.818,RA,,Report of the Georgia national nutrition survey (GNNS) 2009. Tbilisi  Georgia  NCDC&PH and UNICEF  2010.,,,NT_ANT_WHZ_NE2,2009
GEO,Georgia,2018.0,0,NT_ANT_WHZ_NE2,Weight-for-height <-2 SD (wasting),0.6301,PCNT,,_T,_T,_T,_T,_T,0.2588,1.5257,RA,,Georgia Multiple Indicator Cluster Survey 2018  Survey Findings Report. Tbilisi  Georgia  National Statistics Office of Georgia.,,,NT_ANT_WHZ_NE2,2018
GNB,Guinea-Bissau,2000.0,0,NT_ANT_WHZ_NE2,Weight-for-height <-2 SD (wasting),11.781,PCNT,,_T,_T,_T,_T,_T,10.9266,12.6926,RA,,Multiple indicator cluster survey Guinea-Bissau  2000 (MICS). Bissau  Guinea-Bissau  General Direction of Planning  National Institute of Statistics and Census and UNICEF  2000,,,NT_ANT_WHZ_NE2,2000
GNB,Guinea-Bissau,2008.0,0,NT_ANT_WHZ_NE2,Weight-for-height <-2 SD (wasting),4.7708,PCNT,,_T,_T,_T,_T,_T,3.9429,5.762,RA,,Enquête nutritionnel SMART. Evaluation de la situation nutritionnelle en Guinée Bissau  Rapport final  décembre 2008,,,NT_ANT_WHZ_NE2,2008
GNB,Guinea-Bissau,2010.0,0,NT_ANT_WHZ_NE2,Weight-for-height <-2 SD (wasting),5.9081,PCNT,,_T,_T,_T,_T,_T,5.2357,6.6608,RA,,Inquérito aos indicadores múltiplos (MICS)  inquérito demográfico de saúde reprodutiva - Guiné-Bissau  2010  Relatório final. Bissau  Guiné-Bissau  2011.,,,NT_ANT_WHZ_NE2,2010
GNB,Guinea-Bissau,2012.0,0,NT_ANT_WHZ_NE2,Weight-for-height <-2 SD (wasting),6.1834,PCNT,,_T,_T,_T,_T,_T,5.3823,7.0949,RA,,Deuxieme Enquete Nationale Sur L’etat Nutritionnel Des Enfants De Moins De 5 Ans Et Des Femmes En Age De Procreer  (15 A 49 Ans) En Republique De Guinee-Bissau  Novembre-Decembre 2012,,,NT_ANT_WHZ_NE2,2012
GNB,Guinea-Bissau,2014.0,0,NT_ANT_WHZ_NE2,Weight-for-height <-2 SD (wasting),5.9629,PCNT,,_T,_T,_T,_T,_T,5.3264,6.6701,RA,,Inquérito aos Indicadores Múltiplos (MICS5) 2014  Relatório Final. Bissau  Guiné-Bissau  Ministério da Economia e Finanças e Direcção Geral do Plano/ Instituto Nacional de Estatística (INE),,,NT_ANT_WHZ_NE2,2014
GNB,Guinea-Bissau,2019.0833333333333,0,NT_ANT_WHZ_NE2,Weight-for-height <-2 SD (wasting),5.1055,PCNT,,_T,_T,_T,_T,_T,4.5112,5.7734,RA,,Inquérito aos Indicadores Múltiplos (MICS5) 2018-2019  Relatório Final. Bissau  Guiné-Bissau  Ministério da Economia e Finanças e Direcção Geral do Plano/ Instituto Nacional de Estatística (INE).,,,NT_ANT_WHZ_NE2,2019
GNB,Guinea-Bissau,2019.75,0,NT_ANT_WHZ_NE2,Weight-for-height <-2 SD (wasting),7.8178,PCNT,,_T,_T,_T,_T,_T,6.892,8.8561,RA,,Enquête nutritionnel SMART. Evaluation de la situation nutritionnelle en Guinée Bissau  2019,,,NT_ANT_WHZ_NE2,2019
IRN,Iran (Islamic Republic of),2004.0,0,NT_ANT_WHZ_NE2,Weight-for-height <-2 SD (wasting),4.8,PCNT,,_T,_T,_T,_T,_T,,,AD,,Iran Anthropometric Nutritional Indicators Survey 2004,,,NT_ANT_WHZ_NE2,2004
IRN,Iran (Islamic Republic of),2010.0,0,NT_ANT_WHZ_NE2,Weight-for-height <-2 SD (wasting),4.0,PCNT,,_T,_T,_T,_T,_T,,,RP,,Iran's Multiple Indicator Demographic and Health Survey - 2010.,,,NT_ANT_WHZ_NE2,2010
IRN,Iran (Islamic Republic of),2017.0,0,NT_ANT_WHZ_NE2,Weight-for-height <-2 SD (wasting),4.3,PCNT,,_T,_T,_T,_T,_T,,,RP,,Children Anthropometry  Nutrition and Development Survey 2017  CANDS_IR96. Ministry of Health. 2021. Tehran  Iran,,,NT_ANT_WHZ_NE2,2017
KGZ,Kyrgyzstan,2006.0,0,NT_ANT_WHZ_NE2,Weight-for-height <-2 SD (wasting),3.3594,PCNT,,_T,_T,_T,_T,_T,2.483,4.5307,RA,,Multiple indicator cluster survey 2006  Kyrgyz Republic. Final report. Bishkek  Kyrgyzstan  National Statistical Committee of the Kyrkyz Republic and United Nations Children's Fund  2007,,,NT_ANT_WHZ_NE2,2006
KGZ,Kyrgyzstan,2009.0,0,NT_ANT_WHZ_NE2,Weight-for-height <-2 SD (wasting),1.4,PCNT,,_T,_T,_T,_T,_T,,,RP,,National survey of the nutritional status of children 6-59 months of age and their mothers  Kyrgyzstan 2009. Bishkek  Ministry of Health  National Statistical Committee  UNICEF  Kyrgyz-Swiss-Swedish Health Project  US CDC  2010.,,,NT_ANT_WHZ_NE2,2009
KGZ,Kyrgyzstan,2012.0,0,NT_ANT_WHZ_NE2,Weight-for-height <-2 SD (wasting),2.8473,PCNT,,_T,_T,_T,_T,_T,2.2615,3.5792,RA,,Kyrgyz Republic demographic and health survey 2012. Demographic and Health Surveys. Bishkek  Kyrgyz Republic  and Calverton  Maryland  USA  NSC  MOH  and ICF International  2013,,,NT_ANT_WHZ_NE2,2012
KGZ,Kyrgyzstan,2014.0,0,NT_ANT_WHZ_NE2,Weight-for-height <-2 SD (wasting),2.844,PCNT,,_T,_T,_T,_T,_T,2.2289,3.6226,RA,,Kyrgyzstan multiple indicator cluster survey 2014  Final Report (MICS). Bishkek  Kyrgyzstan  National Statistical Committee of the Kyrgyz Republic and UNICEF  2014.,,,NT_ANT_WHZ_NE2,2014
KGZ,Kyrgyzstan,2018.0,0,NT_ANT_WHZ_NE2,Weight-for-height <-2 SD (wasting),2.0323,PCNT,,_T,_T,_T,_T,_T,1.4627,2.8174,RA,,Kyrgyzstan Multiple Indicator Cluster Survey 2018  Survey Findings Report. Bishkek  Kyrgyzstan  National Statistical Committee of the Kyrgyz Republic and UNICEF.,,,NT_ANT_WHZ_NE2,2018
KGZ,Kyrgyzstan,2021.0,0,NT_ANT_WHZ_NE2,Weight-for-height <-2 SD (wasting),0.9,PCNT,,_T,_T,_T,_T,_T,,,RA,,NATIONAL INTEGRATED MICRONUTRIENT AND ANTHROPOMETRIC SURVEY OF THE KYRGYZ REPUBLIC 2021 (NIMAS),,,NT_ANT_WHZ_NE2,2021
KGZ,Kyrgyzstan,2023.0,0,NT_ANT_WHZ_NE2,Weight-for-height <-2 SD (wasting),2.9831,PCNT,,_T,_T,_T,_T,_T,2.2728,3.9067,RA,,Kyrgyz Republic Multiple Indicator Cluster Survey 2023 Survey Findings Report September  2024,,,NT_ANT_WHZ_NE2,2023
KWT,Kuwait,2001.0,0,NT_ANT_WHZ_NE2,Weight-for-height <-2 SD (wasting),2.1307,PCNT,,_T,_T,_T,_T,_T,1.7626,2.5736,RA,,Kuwait Nutrition Surveillance System [KNSS] 2001. Kuwait city  Kuwait  Food & Nutrition Administration,,,NT_ANT_WHZ_NE2,2001
KWT,Kuwait,2002.0,0,NT_ANT_WHZ_NE2,Weight-for-height <-2 SD (wasting),2.1637,PCNT,,_T,_T,_T,_T,_T,1.748,2.6756,RA,,Kuwait Nutrition Surveillance System [KNSS] 2002. Kuwait city  Kuwait  Food & Nutrition Administration,,,NT_ANT_WHZ_NE2,2002
KWT,Kuwait,2003.0,0,NT_ANT_WHZ_NE2,Weight-for-height <-2 SD (wasting),2.5546,PCNT,,_T,_T,_T,_T,_T,2.1232,3.0709,RA,,Kuwait Nutrition Surveillance System [KNSS] 2003. Kuwait city  Kuwait  Food & Nutrition Administration,,,NT_ANT_WHZ_NE2,2003
KWT,Kuwait,2004.0,0,NT_ANT_WHZ_NE2,Weight-for-height <-2 SD (wasting),3.4042,PCNT,,_T,_T,_T,_T,_T,2.9058,3.9845,RA,,Kuwait Nutrition Surveillance System [KNSS] 2004. Kuwait city  Kuwait  Food & Nutrition Administration,,,NT_ANT_WHZ_NE2,2004
KWT,Kuwait,2005.0,0,NT_ANT_WHZ_NE2,Weight-for-height <-2 SD (wasting),3.3256,PCNT,,_T,_T,_T,_T,_T,2.8863,3.8291,RA,,Kuwait Nutrition Surveillance System [KNSS] 2005. Kuwait city  Kuwait  Food & Nutrition Administration,,,NT_ANT_WHZ_NE2,2005
KWT,Kuwait,2006.0,0,NT_ANT_WHZ_NE2,Weight-for-height <-2 SD (wasting),2.9589,PCNT,,_T,_T,_T,_T,_T,2.4448,3.5772,RA,,Kuwait Nutrition Surveillance System [KNSS] 2006. Kuwait city  Kuwait  Food & Nutrition Administration,,,NT_ANT_WHZ_NE2,2006
KWT,Kuwait,2007.0,0,NT_ANT_WHZ_NE2,Weight-for-height <-2 SD (wasting),3.535,PCNT,,_T,_T,_T,_T,_T,2.9936,4.17,RA,,Kuwait Nutrition Surveillance System [KNSS] 2007. Kuwait city  Kuwait  Food & Nutrition Administration,,,NT_ANT_WHZ_NE2,2007
KWT,Kuwait,2008.0,0,NT_ANT_WHZ_NE2,Weight-for-height <-2 SD (wasting),2.2989,PCNT,,_T,_T,_T,_T,_T,1.8893,2.7946,RA,,Kuwait Nutrition Surveillance System [KNSS] 2008. Kuwait city  Kuwait  Food & Nutrition Administration,,,NT_ANT_WHZ_NE2,2008
KWT,Kuwait,2009.0,0,NT_ANT_WHZ_NE2,Weight-for-height <-2 SD (wasting),1.7787,PCNT,,_T,_T,_T,_T,_T,1.414,2.2353,RA,,Kuwait Nutrition Surveillance System [KNSS] 2009. Kuwait city  Kuwait  Food & Nutrition Administration,,,NT_ANT_WHZ_NE2,2009
KWT,Kuwait,2010.0,0,NT_ANT_WHZ_NE2,Weight-for-height <-2 SD (wasting),2.3721,PCNT,,_T,_T,_T,_T,_T,1.9457,2.8893,RA,,Kuwait Nutrition Surveillance System [KNSS] 2010. Kuwait city  Kuwait  Food & Nutrition Administration  2013,,,NT_ANT_WHZ_NE2,2010
KWT,Kuwait,2011.0,0,NT_ANT_WHZ_NE2,Weight-for-height <-2 SD (wasting),1.6795,PCNT,,_T,_T,_T,_T,_T,1.3306,2.1178,RA,,Kuwait Nutrition Surveillance System [KNSS] 2011. Kuwait city  Kuwait  Food & Nutrition Administration  2013,,,NT_ANT_WHZ_NE2,2011
KWT,Kuwait,2012.0,0,NT_ANT_WHZ_NE2,Weight-for-height <-2 SD (wasting),2.4181,PCNT,,_T,_T,_T,_T,_T,1.9771,2.9544,RA,,Kuwait Nutrition Surveillance System [KNSS] 2012. Kuwait city  Kuwait  Food & Nutrition Administration  2013,,,NT_ANT_WHZ_NE2,2012
KWT,Kuwait,2013.0,0,NT_ANT_WHZ_NE2,Weight-for-height <-2 SD (wasting),2.8318,PCNT,,_T,_T,_T,_T,_T,2.289,3.4987,RA,,Kuwait Nutrition Surveillance System [KNSS] 2013. Kuwait city  Kuwait  Food & Nutrition Administration  2015,,,NT_ANT_WHZ_NE2,2013
KWT,Kuwait,2014.0,0,NT_ANT_WHZ_NE2,Weight-for-height <-2 SD (wasting),2.5197,PCNT,,_T,_T,_T,_T,_T,2.0362,3.1144,RA,,Kuwait Nutrition Surveillance System [KNSS] 2014. Kuwait city  Kuwait  Food & Nutrition Administration  2015,,,NT_ANT_WHZ_NE2,2014
KWT,Kuwait,2015.0,0,NT_ANT_WHZ_NE2,Weight-for-height <-2 SD (wasting),2.9828,PCNT,,_T,_T,_T,_T,_T,2.3951,3.7091,RA,,The Kuwait Nutrition Surveillance System [KNSS] 2015 Annual Report. Kuwait City. Food & Nutrition Administration,,,NT_ANT_WHZ_NE2,2015
KWT,Kuwait,2016.0,0,NT_ANT_WHZ_NE2,Weight-for-height <-2 SD (wasting),2.3233,PCNT,,_T,_T,_T,_T,_T,1.8478,2.9175,RA,,Kuwait Nutrition Surveillance System [KNSS] 2016. Kuwait city  Kuwait  Food & Nutrition Administration,,,NT_ANT_WHZ_NE2,2016
KWT,Kuwait,2017.0,0,NT_ANT_WHZ_NE2,Weight-for-height <-2 SD (wasting),2.3782,PCNT,,_T,_T,_T,_T,_T,1.9165,2.9476,RA,,Kuwait Nutrition Surveillance System [KNSS] 2017. Kuwait city  Kuwait  Food & Nutrition Administration,,,NT_ANT_WHZ_NE2,2017
KWT,Kuwait,2018.0,0,NT_ANT_WHZ_NE2,Weight-for-height <-2 SD (wasting),2.2338,PCNT,,_T,_T,_T,_T,_T,1.7721,2.8123,RA,,Kuwait Nutrition Surveillance System [KNSS] 2018. Kuwait city  Kuwait  Food & Nutrition Administration,,,NT_ANT_WHZ_NE2,2018
KWT,Kuwait,2019.0,0,NT_ANT_WHZ_NE2,Weight-for-height <-2 SD (wasting),1.7357,PCNT,,_T,_T,_T,_T,_T,1.3348,2.2542,RA,,Kuwait Nutrition Surveillance System [KNSS] 2019. Kuwait city  Kuwait  Food & Nutrition Administration,,,NT_ANT_WHZ_NE2,2019
KWT,Kuwait,2020.0,0,NT_ANT_WHZ_NE2,Weight-for-height <-2 SD (wasting),1.9052,PCNT,,_T,_T,_T,_T,_T,1.3882,2.6096,RA,,Kuwait Nutrition Surveillance System [KNSS] 2020. Kuwait city  Kuwait  Food & Nutrition Administration,,,NT_ANT_WHZ_NE2,2020
KWT,Kuwait,2021.0,0,NT_ANT_WHZ_NE2,Weight-for-height <-2 SD (wasting),3.1882,PCNT,,_T,_T,_T,_T,_T,2.4834,4.0847,RA,,Kuwait Civil Registration and Vital Statistics (2021 Extract),,,NT_ANT_WHZ_NE2,2021
KWT,Kuwait,2022.0,0,NT_ANT_WHZ_NE2,Weight-for-height <-2 SD (wasting),3.3683,PCNT,,_T,_T,_T,_T,_T,2.6934,4.2049,RA,,Kuwait Nutrition Surveillance System 2022,,,NT_ANT_WHZ_NE2,2022
KWT,Kuwait,2023.0,0,NT_ANT_WHZ_NE2,Weight-for-height <-2 SD (wasting),3.5177,PCNT,,_T,_T,_T,_T,_T,2.7643,4.467,RA,,Kuwait Nutrition Surveillance System [KNSS] 2023. Kuwait city  Kuwait  Food & Nutrition Administration,,,NT_ANT_WHZ_NE2,2023
LAO,Lao People's Democratic Republic,2000.0,0,NT_ANT_WHZ_NE2,Weight-for-height <-2 SD (wasting),17.4778,PCNT,,_T,_T,_T,_T,_T,14.9325,20.3532,RA,,Laos Multiple Indicator Cluster Survey 2000. New York  United States  United Nations Children's Fund (UNICEF).,,,NT_ANT_WHZ_NE2,2000
LAO,Lao People's Democratic Republic,2006.0,0,NT_ANT_WHZ_NE2,Weight-for-height <-2 SD (wasting),7.3867,PCNT,,_T,_T,_T,_T,_T,6.3906,8.524,RA,,Lao PDR multiple indicator cluster survey 2006  final report. Vientiane  Lao PDR  Department of Statistics and UNICEF  2008,,,NT_ANT_WHZ_NE2,2006
LAO,Lao People's Democratic Republic,2011.0,0,NT_ANT_WHZ_NE2,Weight-for-height <-2 SD (wasting),5.9289,PCNT,,_T,_T,_T,_T,_T,5.3266,6.5946,RA,,Lao social indicator survey LSIS (MICS/DHS). Vientiane  Lao PDR  MoH and LSB  2012,,,NT_ANT_WHZ_NE2,2011
LAO,Lao People's Democratic Republic,2015.0,0,NT_ANT_WHZ_NE2,Weight-for-height <-2 SD (wasting),9.6644,PCNT,,_T,_T,_T,_T,_T,9.0457,10.3208,RA,,Lao Child Anthropometry Assessment Survey  Add-On to the 2015 National Immunization Survey  Final Report  February 2016,,,NT_ANT_WHZ_NE2,2015
LAO,Lao People's Democratic Republic,2017.0,0,NT_ANT_WHZ_NE2,Weight-for-height <-2 SD (wasting),9.0203,PCNT,,_T,_T,_T,_T,_T,8.3125,9.7819,RA,,Lao Social Indicator Survey II 2017  Survey Findings Report. Vientiane  Lao PDR  Lao Statistics Bureau and UNICEF,,,NT_ANT_WHZ_NE2,2017
LAO,Lao People's Democratic Republic,2023.0,0,NT_ANT_WHZ_NE2,Weight-for-height <-2 SD (wasting),10.7,PCNT,,_T,_T,_T,_T,_T,,,RP,,Lao Social Indicator Survey III-2023 (MICS),,,NT_ANT_WHZ_NE2,2023
MAR,Morocco,2003.0,0,NT_ANT_WHZ_NE2,Weight-for-height <-2 SD (wasting),10.7831,PCNT,,_T,_T,_T,_T,_T,9.8588,11.7827,RA,,Enquête dur la population et la santé familiale (EPSF) 2003-2004. Demographic and Health Surveys. Calverton  Maryland  USA  Ministère de la Santé et ORC Macro  2005,,,NT_ANT_WHZ_NE2,2003
MAR,Morocco,2011.0,0,NT_ANT_WHZ_NE2,Weight-for-height <-2 SD (wasting),2.3,PCNT,,_T,_T,_T,_T,_T,1.8199,2.903,RA,,Enquête nationale sur la population et la santé familiale (ENPSF) 2010-2011. Rabat  Royaume de Maroc  Ministère de la Santé  2012,,,NT_ANT_WHZ_NE2,2011
MAR,Morocco,2017.0,0,NT_ANT_WHZ_NE2,Weight-for-height <-2 SD (wasting),2.5887,PCNT,,_T,_T,_T,_T,_T,2.1478,3.1172,RA,,Enquête Nationale sur la Population et la Santé Familiale (ENPSF) -2017-2018,,,NT_ANT_WHZ_NE2,2017
MAR,Morocco,2019.0,0,NT_ANT_WHZ_NE2,Weight-for-height <-2 SD (wasting),2.4,PCNT,,_T,_T,_T,_T,_T,,,RP,,ENQUETE NATIONALE SUR LA NUTRITION (ENN 2019-2020),,,NT_ANT_WHZ_NE2,2019
MLT,Malta,2022.0,0,NT_ANT_WHZ_NE2,Weight-for-height <-2 SD (wasting),0.4,PCNT,,_T,_T,_T,_T,_T,,,RA,,Malta’s Recovery and Resilience Plan Data Collection 2022,,,NT_ANT_WHZ_NE2,2022
OMN,Oman,2009.0,0,NT_ANT_WHZ_NE2,Weight-for-height <-2 SD (wasting),7.1,PCNT,,_T,_T,_T,_T,_T,,,ER,,Second National Health Survey for Protein Energy Malnutrition In Children below Five Years of Age In the Sultanate of Oman,,,NT_ANT_WHZ_NE2,2009
OMN,Oman,2014.0,0,NT_ANT_WHZ_NE2,Weight-for-height <-2 SD (wasting),7.5,PCNT,,_T,_T,_T,_T,_T,,,RP,,Multiple Indicator Cluster Survey 2014  Final Report. Muscat  Oman  2016.,,,NT_ANT_WHZ_NE2,2014
OMN,Oman,2017.0,0,NT_ANT_WHZ_NE2,Weight-for-height <-2 SD (wasting),9.3,PCNT,,_T,_T,_T,_T,_T,7.9,11.0,RP,,Oman National Nutrition Survey 2017. Muscat  Oman  2018,,,NT_ANT_WHZ_NE2,2017
TJK,Tajikistan,2000.0,0,NT_ANT_WHZ_NE2,Weight-for-height <-2 SD (wasting),9.4,PCNT,,_T,_T,_T,_T,_T,,,AD,,National nutrition survey of Tajikistan (September/October 2000). London  UK  Action Against Hunger UK  2001,,,NT_ANT_WHZ_NE2,2000
TJK,Tajikistan,2001.0,0,NT_ANT_WHZ_NE2,Weight-for-height <-2 SD (wasting),19.4,PCNT,,_T,_T,_T,_T,_T,,,AD,,Representative national nutrition survey Tajikistan (Sughd  RRS  Kouliab and Kurgan Teppe regions)  October/November 2001. London  UK  Action Against Hunger UK  2002,,,NT_ANT_WHZ_NE2,2001
TJK,Tajikistan,2002.0,0,NT_ANT_WHZ_NE2,Weight-for-height <-2 SD (wasting),6.1,PCNT,,_T,_T,_T,_T,_T,,,AD,,National nutrition survey Tajikistan  May/June 2002. Action against Hunger and European Community Humanitarian Office  2002,,,NT_ANT_WHZ_NE2,2002
TJK,Tajikistan,2003.0,0,NT_ANT_WHZ_NE2,Weight-for-height <-2 SD (wasting),5.9,PCNT,,_T,_T,_T,_T,_T,,,AD,,National nutrition and water & sanitation survey  Tajikistan  October 2003. Dushanbe  Tajikistan  Action Against Hunger (lead agency nutrition) and Mercy Corps (lead agency wat/san)  2004,,,NT_ANT_WHZ_NE2,2003
TJK,Tajikistan,2005.0,0,NT_ANT_WHZ_NE2,Weight-for-height <-2 SD (wasting),8.6911,PCNT,,_T,_T,_T,_T,_T,7.564,9.968,RA,,Tajikistan multiple indicator cluster survey 2005  Final Report. Dushanbe  Tajikistan  State Committee on Statistics of the Republic of Tajikistan  2007,,,NT_ANT_WHZ_NE2,2005
TJK,Tajikistan,2007.0,0,NT_ANT_WHZ_NE2,Weight-for-height <-2 SD (wasting),6.8542,PCNT,,_T,_T,_T,_T,_T,5.7164,8.1986,RA,,Tajikistan living standards measurement survey 2007 (TLSS)  Indicators at a glance. Dushanbe  Republic of Tajikistan  State Committee on Statistics and UNICEF  2009,,,NT_ANT_WHZ_NE2,2007
TJK,Tajikistan,2009.0,0,NT_ANT_WHZ_NE2,Weight-for-height <-2 SD (wasting),4.2,PCNT,,_T,_T,_T,_T,_T,,,RA,,Micronutrient status survey in Tajikistan  2009. Dushanbe  Republic of Tajikistan  Ministry of Health and UNICEF  2010,,,NT_ANT_WHZ_NE2,2009
TJK,Tajikistan,2012.0,0,NT_ANT_WHZ_NE2,Weight-for-height <-2 SD (wasting),9.8999,PCNT,,_T,_T,_T,_T,_T,8.8243,11.0906,RA,,Tajikistan demographic and health survey 2012. Demographic and Health Surveys. Dushanbe  Tajikistan  and Calverton  Maryland  USA  SA  MOH  and ICF International  2013,,,NT_ANT_WHZ_NE2,2012
TJK,Tajikistan,2016.0,0,NT_ANT_WHZ_NE2,Weight-for-height <-2 SD (wasting),3.5188,PCNT,,_T,_T,_T,_T,_T,2.7634,4.4713,RA,,National Micronutrient Status Survey in Tajikistan 2016,,,NT_ANT_WHZ_NE2,2016
TJK,Tajikistan,2017.0,0,NT_ANT_WHZ_NE2,Weight-for-height <-2 SD (wasting),5.563,PCNT,,_T,_T,_T,_T,_T,4.8697,6.3484,RA,,Tajikistan Demographic and Health Survey 2017. Dushanbe  Republic of Tajikistan  and Rockville  Maryland  USA  Statistical Agency under the President of the Republic of Tajikistan (SA),,,NT_ANT_WHZ_NE2,2017
TJK,Tajikistan,2023.0,0,NT_ANT_WHZ_NE2,Weight-for-height <-2 SD (wasting),6.4,PCNT,,_T,_T,_T,_T,_T,,,RP,,Tajikistan Demographic and Health Survey 2023. Dushanbe  Republic of Tajikistan and Rockville  Maryland  USA  Agency on Statistics under the President of the Republic of Tajikistan and ICF,,,NT_ANT_WHZ_NE2,2023
YEM,Yemen,2003.0,0,NT_ANT_WHZ_NE2,Weight-for-height <-2 SD (wasting),15.3277,PCNT,,_T,_T,_T,_T,_T,14.3548,16.3541,RA,,The Yemen family health survey  Principal report. Pan Arab Project for Family Health. Cairo  Egypt  The Republic of Yemen Ministry of Health & Population  Central Statistical Organization an League of Arab States  2004,,,NT_ANT_WHZ_NE2,2003
YEM,Yemen,2005.0,0,NT_ANT_WHZ_NE2,Weight-for-height <-2 SD (wasting),13.7866,PCNT,,_T,_T,_T,_T,_T,12.7554,14.8869,RA,,Yemen Household Budget Survey 2005-2006,,,NT_ANT_WHZ_NE2,2005
YEM,Yemen,2011.0,0,NT_ANT_WHZ_NE2,Weight-for-height <-2 SD (wasting),13.3,PCNT,,_T,_T,_T,_T,_T,,,ER,,The state of food security and nutrition in Yemen. Comprehensive food security survey 2011. Sana'a  Republic of Yemen  2013,,,NT_ANT_WHZ_NE2,2011
YEM,Yemen,2013.0,0,NT_ANT_WHZ_NE2,Weight-for-height <-2 SD (wasting),16.3986,PCNT,,_T,_T,_T,_T,_T,15.48,17.3606,RA,,Yemen National Health and Demographic Survey 2013. Rockville  Maryland  USA  MOPHP  CSO  PAPFAM  and ICF International  2014.,,,NT_ANT_WHZ_NE2,2013
YEM,Yemen,2021.0,0,NT_ANT_WHZ_NE2,Weight-for-height <-2 SD (wasting),10.0,PCNT,,_T,_T,_T,_T,_T,,,RP,,The Report of Nutrition and Mortality Surveys,,,NT_ANT_WHZ_NE2,2021
YEM,Yemen,2022.0,0,NT_ANT_WHZ_NE2,Weight-for-height <-2 SD (wasting),16.8473,PCNT,,_T,_T,_T,_T,_T,15.7027,18.0575,RA,,Yemen MICS multiple indicator cluster survey 2022-2023  survey findings report,,,NT_ANT_WHZ_NE2,2022
ZMB,Zambia,2002.0,0,NT_ANT_WHZ_NE2,Weight-for-height <-2 SD (wasting),6.2126,PCNT,,_T,_T,_T,_T,_T,5.5413,6.9592,RA,,Zambia demographic and health survey 2001-2002. Demographic and Health Surveys. Calverton  Maryland  USA  Central Statistical Office  Central Board of Health  and ORC Macro  2003,,,NT_ANT_WHZ_NE2,2002
ZMB,Zambia,2007.0,0,NT_ANT_WHZ_NE2,Weight-for-height <-2 SD (wasting),5.5621,PCNT,,_T,_T,_T,_T,_T,4.9271,6.2736,RA,,Zambia demographic and health survey 2007. Demographic and Health Surveys. Calverton  Maryland  USA  CSO and Macro International Inc.  2009,,,NT_ANT_WHZ_NE2,2007
ZMB,Zambia,2013.0,0,NT_ANT_WHZ_NE2,Weight-for-height <-2 SD (wasting),6.2448,PCNT,,_T,_T,_T,_T,_T,5.6839,6.8569,RA,,Zambia demographic and health Survey 2013-14. Demographic and Health Surveys. Rockville  Maryland  USA  Central Statistical Office  Ministry of Health  and ICF International  2014.,,,NT_ANT_WHZ_NE2,2013
ZMB,Zambia,2018.0,0,NT_ANT_WHZ_NE2,Weight-for-height <-2 SD (wasting),4.2284,PCNT,,_T,_T,_T,_T,_T,3.6756,4.8601,RA,,Zambia Demographic and Health Survey 2018. Lusaka  Zambia  and Rockville  Maryland  USA  Zambia Statistics Agency  Ministry of Health  and ICF,,,NT_ANT_WHZ_NE2,2018
ALB,Albania,2002.0,0,MNCH_CSEC,C-section rate - percentage of deliveries by cesarean section,13.4,PCNT,,_T,_T,_T,_T,,,,RP,,MNCH_SRC_25,,,MNCH_CSEC,2002
ALB,Albania,2009.0,0,MNCH_CSEC,C-section rate - percentage of deliveries by cesarean section,18.7,PCNT,,_T,_T,_T,_T,,,,RP,,MNCH_SRC_30,,,MNCH_CSEC,2009
ALB,Albania,2018.0,0,MNCH_CSEC,C-section rate - percentage of deliveries by cesarean section,31.0,PCNT,,_T,_T,_T,_T,,,,RP,,MNCH_SRC_33,,,MNCH_CSEC,2018
AZE,Azerbaijan,2001.0,0,MNCH_CSEC,C-section rate - percentage of deliveries by cesarean section,2.6,PCNT,,_T,_T,_T,_T,,,,RP,,MNCH_SRC_181,,,MNCH_CSEC,2001
AZE,Azerbaijan,2006.0,0,MNCH_CSEC,C-section rate - percentage of deliveries by cesarean section,4.7,PCNT,,_T,_T,_T,_T,,,,RP,,MNCH_SRC_185,,,MNCH_CSEC,2006
AZE,Azerbaijan,2011.0,0,MNCH_CSEC,C-section rate - percentage of deliveries by cesarean section,20.0,PCNT,,_T,_T,_T,_T,,,,RP,,MNCH_SRC_188,,,MNCH_CSEC,2011
AZE,Azerbaijan,2013.0,0,MNCH_CSEC,C-section rate - percentage of deliveries by cesarean section,26.0,PCNT,,_T,_T,_T,_T,,,,RP,,MNCH_SRC_190,,,MNCH_CSEC,2013
AZE,Azerbaijan,2023.0,0,MNCH_CSEC,C-section rate - percentage of deliveries by cesarean section,47.1,PCNT,,_T,_T,_T,_T,,,,RP,,MNCH_SRC_2940,,,MNCH_CSEC,2023
BLR,Belarus,2001.0,0,MNCH_CSEC,C-section rate - percentage of deliveries by cesarean section,16.3,PCNT,,_T,_T,_T,_T,,,,RP,,MNCH_SRC_256,,,MNCH_CSEC,2001
BLR,Belarus,2009.0,0,MNCH_CSEC,C-section rate - percentage of deliveries by cesarean section,22.3,PCNT,,_T,_T,_T,_T,,,,RP,,MNCH_SRC_256,,,MNCH_CSEC,2009
BLR,Belarus,2012.0,0,MNCH_CSEC,C-section rate - percentage of deliveries by cesarean section,25.3,PCNT,,_T,_T,_T,_T,,,,RP,,MNCH_SRC_253,,,MNCH_CSEC,2012
BLR,Belarus,2019.0,0,MNCH_CSEC,C-section rate - percentage of deliveries by cesarean section,31.2,PCNT,,_T,_T,_T,_T,,,,RP,,MNCH_SRC_249,,,MNCH_CSEC,2019
CAF,Central African Republic,2010.0,0,MNCH_CSEC,C-section rate - percentage of deliveries by cesarean section,4.5,PCNT,,_T,_T,_T,_T,,,,RP,,MNCH_SRC_292,,,MNCH_CSEC,2010
CAF,Central African Republic,2019.0,0,MNCH_CSEC,C-section rate - percentage of deliveries by cesarean section,2.2,PCNT,,_T,_T,_T,_T,,,,RP,,MNCH_SRC_47,,,MNCH_CSEC,2019
COM,Comoros,2012.0,0,MNCH_CSEC,C-section rate - percentage of deliveries by cesarean section,9.6,PCNT,,_T,_T,_T,_T,,,,RP,,MNCH_SRC_565,,,MNCH_CSEC,2012
COM,Comoros,2022.0,0,MNCH_CSEC,C-section rate - percentage of deliveries by cesarean section,18.1,PCNT,,_T,_T,_T,_T,,,,RP,,MNCH_SRC_2770,,,MNCH_CSEC,2022
DZA,Algeria,2013.0,0,MNCH_CSEC,C-section rate - percentage of deliveries by cesarean section,16.0,PCNT,,_T,_T,_T,_T,,,,RP,,MNCH_SRC_44,,,MNCH_CSEC,2013
DZA,Algeria,2019.0,0,MNCH_CSEC,C-section rate - percentage of deliveries by cesarean section,24.8,PCNT,,_T,_T,_T,_T,,,,RP,,MNCH_SRC_47,,,MNCH_CSEC,2019
GEO,Georgia,2000.0,0,MNCH_CSEC,C-section rate - percentage of deliveries by cesarean section,6.4,PCNT,,_T,_T,_T,_T,,,,RP,,MNCH_SRC_905,,,MNCH_CSEC,2000
GEO,Georgia,2005.0,0,MNCH_CSEC,C-section rate - percentage of deliveries by cesarean section,13.0,PCNT,,_T,_T,_T,_T,,,,RP,,MNCH_SRC_65,,,MNCH_CSEC,2005
GEO,Georgia,2009.0,0,MNCH_CSEC,C-section rate - percentage of deliveries by cesarean section,28.7,PCNT,,_T,_T,_T,_T,,,,RP,,MNCH_SRC_913,,,MNCH_CSEC,2009
GEO,Georgia,2010.0,0,MNCH_CSEC,C-section rate - percentage of deliveries by cesarean section,23.9,PCNT,,_T,_T,_T,_T,,,,RP,,MNCH_SRC_914,,,MNCH_CSEC,2010
GEO,Georgia,2011.0,0,MNCH_CSEC,C-section rate - percentage of deliveries by cesarean section,35.1,PCNT,,_T,_T,_T,_T,,,,RP,,MNCH_SRC_916,,,MNCH_CSEC,2011
GEO,Georgia,2013.0,0,MNCH_CSEC,C-section rate - percentage of deliveries by cesarean section,37.3,PCNT,,_T,_T,_T,_T,,,,RP,,MNCH_SRC_918,,,MNCH_CSEC,2013
GEO,Georgia,2014.0,0,MNCH_CSEC,C-section rate - percentage of deliveries by cesarean section,39.0,PCNT,,_T,_T,_T,_T,,,,RP,,MNCH_SRC_921,,,MNCH_CSEC,2014
GEO,Georgia,2015.0,0,MNCH_CSEC,C-section rate - percentage of deliveries by cesarean section,41.4,PCNT,,_T,_T,_T,_T,,,,RP,,MNCH_SRC_924,,,MNCH_CSEC,2015
GEO,Georgia,2017.0,0,MNCH_CSEC,C-section rate - percentage of deliveries by cesarean section,44.7,PCNT,,_T,_T,_T,_T,,,,RP,,MNCH_SRC_928,,,MNCH_CSEC,2017
GEO,Georgia,2018.0,0,MNCH_CSEC,C-section rate - percentage of deliveries by cesarean section,46.6,PCNT,,_T,_T,_T,_T,,,,RP,,MNCH_SRC_930,,,MNCH_CSEC,2018
GEO,Georgia,2019.0,0,MNCH_CSEC,C-section rate - percentage of deliveries by cesarean section,39.9,PCNT,,_T,_T,_T,_T,,,,RP,,MNCH_SRC_932,,,MNCH_CSEC,2019
GEO,Georgia,2020.0,0,MNCH_CSEC,C-section rate - percentage of deliveries by cesarean section,40.6,PCNT,,_T,_T,_T,_T,,,,RP,,MNCH_SRC_932,,,MNCH_CSEC,2020
GNB,Guinea-Bissau,2010.0,0,MNCH_CSEC,C-section rate - percentage of deliveries by cesarean section,2.3,PCNT,,_T,_T,_T,_T,,,,RP,,MNCH_SRC_292,,,MNCH_CSEC,2010
GNB,Guinea-Bissau,2014.0,0,MNCH_CSEC,C-section rate - percentage of deliveries by cesarean section,3.9,PCNT,,_T,_T,_T,_T,,,,RP,,MNCH_SRC_283,,,MNCH_CSEC,2014
GNB,Guinea-Bissau,2019.0,0,MNCH_CSEC,C-section rate - percentage of deliveries by cesarean section,3.0,PCNT,,_T,_T,_T,_T,,,,RP,,MNCH_SRC_47,,,MNCH_CSEC,2019
IRN,Iran (Islamic Republic of),2005.0,0,MNCH_CSEC,C-section rate - percentage of deliveries by cesarean section,40.4,PCNT,,_T,_T,_T,_T,,,,RP,,MNCH_SRC_88,,,MNCH_CSEC,2005
IRN,Iran (Islamic Republic of),2010.0,0,MNCH_CSEC,C-section rate - percentage of deliveries by cesarean section,54.5,PCNT,,_T,_T,_T,_T,,,,RP,,MNCH_SRC_1068,,,MNCH_CSEC,2010
IRN,Iran (Islamic Republic of),2016.0,0,MNCH_CSEC,C-section rate - percentage of deliveries by cesarean section,50.1,PCNT,,_T,_T,_T,_T,,,,RP,,MNCH_SRC_2973,,,MNCH_CSEC,2016
KGZ,Kyrgyzstan,2012.0,0,MNCH_CSEC,C-section rate - percentage of deliveries by cesarean section,5.8,PCNT,,_T,_T,_T,_T,,,,RP,,MNCH_SRC_889,,,MNCH_CSEC,2012
KGZ,Kyrgyzstan,2014.0,0,MNCH_CSEC,C-section rate - percentage of deliveries by cesarean section,7.4,PCNT,,_T,_T,_T,_T,,,,RP,,MNCH_SRC_283,,,MNCH_CSEC,2014
KGZ,Kyrgyzstan,2018.0,0,MNCH_CSEC,C-section rate - percentage of deliveries by cesarean section,8.3,PCNT,,_T,_T,_T,_T,,,,RP,,MNCH_SRC_609,,,MNCH_CSEC,2018
KGZ,Kyrgyzstan,2023.0,0,MNCH_CSEC,C-section rate - percentage of deliveries by cesarean section,11.3,PCNT,,_T,_T,_T,_T,,,,RP,,MNCH_SRC_2940,,,MNCH_CSEC,2023
LAO,Lao People's Democratic Republic,2010.0,0,MNCH_CSEC,C-section rate - percentage of deliveries by cesarean section,2.0,PCNT,,_T,_T,_T,_T,,,,RP,,MNCH_SRC_1253,,,MNCH_CSEC,2010
LAO,Lao People's Democratic Republic,2012.0,0,MNCH_CSEC,C-section rate - percentage of deliveries by cesarean section,3.7,PCNT,,_T,_T,_T,_T,,,,RP,,MNCH_SRC_1254,,,MNCH_CSEC,2012
LAO,Lao People's Democratic Republic,2017.0,0,MNCH_CSEC,C-section rate - percentage of deliveries by cesarean section,5.8,PCNT,,_T,_T,_T,_T,,,,RP,,MNCH_SRC_709,,,MNCH_CSEC,2017
LAO,Lao People's Democratic Republic,2023.0,0,MNCH_CSEC,C-section rate - percentage of deliveries by cesarean section,7.4,PCNT,,_T,_T,_T,_T,,,,RP,,MNCH_SRC_3299,,,MNCH_CSEC,2023
MAR,Morocco,2004.0,0,MNCH_CSEC,C-section rate - percentage of deliveries by cesarean section,5.4,PCNT,,_T,_T,_T,_T,,,,RP,,MNCH_SRC_307,,,MNCH_CSEC,2004
MAR,Morocco,2011.0,0,MNCH_CSEC,C-section rate - percentage of deliveries by cesarean section,16.0,PCNT,,_T,_T,_T,_T,,,,RP,,MNCH_SRC_1498,,,MNCH_CSEC,2011
MAR,Morocco,2018.0,0,MNCH_CSEC,C-section rate - percentage of deliveries by cesarean section,21.2,PCNT,,_T,_T,_T,_T,,,,RP,,MNCH_SRC_3304,,,MNCH_CSEC,2018
MLT,Malta,2000.0,0,MNCH_CSEC,C-section rate - percentage of deliveries by cesarean section,23.1,PCNT,,_T,_T,_T,_T,,,,RP,,MNCH_SRC_3319,,,MNCH_CSEC,2000
MLT,Malta,2001.0,0,MNCH_CSEC,C-section rate - percentage of deliveries by cesarean section,23.6,PCNT,,_T,_T,_T,_T,,,,RP,,MNCH_SRC_3319,,,MNCH_CSEC,2001
MLT,Malta,2002.0,0,MNCH_CSEC,C-section rate - percentage of deliveries by cesarean section,23.6,PCNT,,_T,_T,_T,_T,,,,RP,,MNCH_SRC_3319,,,MNCH_CSEC,2002
MLT,Malta,2003.0,0,MNCH_CSEC,C-section rate - percentage of deliveries by cesarean section,26.0,PCNT,,_T,_T,_T,_T,,,,RP,,MNCH_SRC_3319,,,MNCH_CSEC,2003
MLT,Malta,2004.0,0,MNCH_CSEC,C-section rate - percentage of deliveries by cesarean section,27.3,PCNT,,_T,_T,_T,_T,,,,RP,,MNCH_SRC_3319,,,MNCH_CSEC,2004
MLT,Malta,2005.0,0,MNCH_CSEC,C-section rate - percentage of deliveries by cesarean section,30.6,PCNT,,_T,_T,_T,_T,,,,RP,,MNCH_SRC_3319,,,MNCH_CSEC,2005
MLT,Malta,2006.0,0,MNCH_CSEC,C-section rate - percentage of deliveries by cesarean section,34.8,PCNT,,_T,_T,_T,_T,,,,RP,,MNCH_SRC_3319,,,MNCH_CSEC,2006
MLT,Malta,2007.0,0,MNCH_CSEC,C-section rate - percentage of deliveries by cesarean section,32.3,PCNT,,_T,_T,_T,_T,,,,RP,,MNCH_SRC_3319,,,MNCH_CSEC,2007
MLT,Malta,2008.0,0,MNCH_CSEC,C-section rate - percentage of deliveries by cesarean section,30.4,PCNT,,_T,_T,_T,_T,,,,RP,,MNCH_SRC_3319,,,MNCH_CSEC,2008
MLT,Malta,2009.0,0,MNCH_CSEC,C-section rate - percentage of deliveries by cesarean section,29.0,PCNT,,_T,_T,_T,_T,,,,RP,,MNCH_SRC_3319,,,MNCH_CSEC,2009
MLT,Malta,2010.0,0,MNCH_CSEC,C-section rate - percentage of deliveries by cesarean section,31.7,PCNT,,_T,_T,_T,_T,,,,RP,,MNCH_SRC_3319,,,MNCH_CSEC,2010
MLT,Malta,2011.0,0,MNCH_CSEC,C-section rate - percentage of deliveries by cesarean section,34.0,PCNT,,_T,_T,_T,_T,,,,RP,,MNCH_SRC_3319,,,MNCH_CSEC,2011
MLT,Malta,2012.0,0,MNCH_CSEC,C-section rate - percentage of deliveries by cesarean section,33.7,PCNT,,_T,_T,_T,_T,,,,RP,,MNCH_SRC_3319,,,MNCH_CSEC,2012
MLT,Malta,2013.0,0,MNCH_CSEC,C-section rate - percentage of deliveries by cesarean section,31.2,PCNT,,_T,_T,_T,_T,,,,RP,,MNCH_SRC_3319,,,MNCH_CSEC,2013
MLT,Malta,2014.0,0,MNCH_CSEC,C-section rate - percentage of deliveries by cesarean section,32.0,PCNT,,_T,_T,_T,_T,,,,RP,,MNCH_SRC_3319,,,MNCH_CSEC,2014
MLT,Malta,2015.0,0,MNCH_CSEC,C-section rate - percentage of deliveries by cesarean section,31.0,PCNT,,_T,_T,_T,_T,,,,RP,,MNCH_SRC_3319,,,MNCH_CSEC,2015
MLT,Malta,2016.0,0,MNCH_CSEC,C-section rate - percentage of deliveries by cesarean section,30.7,PCNT,,_T,_T,_T,_T,,,,RP,,MNCH_SRC_3319,,,MNCH_CSEC,2016
MLT,Malta,2017.0,0,MNCH_CSEC,C-section rate - percentage of deliveries by cesarean section,30.9,PCNT,,_T,_T,_T,_T,,,,RP,,MNCH_SRC_3319,,,MNCH_CSEC,2017
MLT,Malta,2018.0,0,MNCH_CSEC,C-section rate - percentage of deliveries by cesarean section,31.6,PCNT,,_T,_T,_T,_T,,,,RP,,MNCH_SRC_3319,,,MNCH_CSEC,2018
MLT,Malta,2019.0,0,MNCH_CSEC,C-section rate - percentage of deliveries by cesarean section,30.9,PCNT,,_T,_T,_T,_T,,,,RP,,MNCH_SRC_3319,,,MNCH_CSEC,2019
MLT,Malta,2020.0,0,MNCH_CSEC,C-section rate - percentage of deliveries by cesarean section,31.2,PCNT,,_T,_T,_T,_T,,,,RP,,MNCH_SRC_3319,,,MNCH_CSEC,2020
OMN,Oman,2007.0,0,MNCH_CSEC,C-section rate - percentage of deliveries by cesarean section,14.1,PCNT,,_T,_T,_T,_T,,,,RP,,MNCH_SRC_68,,,MNCH_CSEC,2007
OMN,Oman,2014.0,0,MNCH_CSEC,C-section rate - percentage of deliveries by cesarean section,19.4,PCNT,,_T,_T,_T,_T,,,,RP,,MNCH_SRC_283,,,MNCH_CSEC,2014
TJK,Tajikistan,2012.0,0,MNCH_CSEC,C-section rate - percentage of deliveries by cesarean section,4.0,PCNT,,_T,_T,_T,_T,,,,RP,,MNCH_SRC_889,,,MNCH_CSEC,2012
TJK,Tajikistan,2017.0,0,MNCH_CSEC,C-section rate - percentage of deliveries by cesarean section,5.3,PCNT,,_T,_T,_T,_T,,,,RP,,MNCH_SRC_1060,,,MNCH_CSEC,2017
TJK,Tajikistan,2023.0,0,MNCH_CSEC,C-section rate - percentage of deliveries by cesarean section,10.4,PCNT,,_T,_T,_T,_T,,,,RP,,MNCH_SRC_3377,,,MNCH_CSEC,2023
YEM,Yemen,2003.0,0,MNCH_CSEC,C-section rate - percentage of deliveries by cesarean section,8.6,PCNT,,_T,_T,_T,_T,,,,RP,,MNCH_SRC_2237,,,MNCH_CSEC,2003
YEM,Yemen,2013.0,0,MNCH_CSEC,C-section rate - percentage of deliveries by cesarean section,4.8,PCNT,,_T,_T,_T,_T,,,,RP,,MNCH_SRC_751,,,MNCH_CSEC,2013
YEM,Yemen,2023.0,0,MNCH_CSEC,C-section rate - percentage of deliveries by cesarean section,10.8,PCNT,,_T,_T,_T,_T,,,,RP,,MNCH_SRC_2713,,,MNCH_CSEC,2023
ZMB,Zambia,2002.0,0,MNCH_CSEC,C-section rate - percentage of deliveries by cesarean section,2.1,PCNT,,_T,_T,_T,_T,,,,RP,,MNCH_SRC_2246,,,MNCH_CSEC,2002
ZMB,Zambia,2007.0,0,MNCH_CSEC,C-section rate - percentage of deliveries by cesarean section,3.0,PCNT,,_T,_T,_T,_T,,,,RP,,MNCH_SRC_233,,,MNCH_CSEC,2007
ZMB,Zambia,2014.0,0,MNCH_CSEC,C-section rate - percentage of deliveries by cesarean section,4.4,PCNT,,_T,_T,_T,_T,,,,RP,,MNCH_SRC_718,,,MNCH_CSEC,2014
ZMB,Zambia,2018.0,0,MNCH_CSEC,C-section rate - percentage of deliveries by cesarean section,6.2,PCNT,,_T,_T,_T,_T,,,,RP,,MNCH_SRC_455,,,MNCH_CSEC,2018
ZMB,Zambia,2019.0,0,MNCH_CSEC,C-section rate - percentage of deliveries by cesarean section,5.0,PCNT,,_T,_T,_T,_T,,,,RP,,MNCH_SRC_2256,,,MNCH_CSEC,2019
ALB,Albania,2005.0,0,MNCH_BIRTH18,Early childbearing - percentage of women (aged 20-24 years) who gave birth before age 18,3.5,PCNT,,_T,Y20T24,_T,_T,,,,RP,,MNCH_SRC_28,,,MNCH_BIRTH18,2005
ALB,Albania,2009.0,0,MNCH_BIRTH18,Early childbearing - percentage of women (aged 20-24 years) who gave birth before age 18,2.5,PCNT,,_T,Y20T24,_T,_T,,,,RP,,MNCH_SRC_30,,,MNCH_BIRTH18,2009
ALB,Albania,2018.0,0,MNCH_BIRTH18,Early childbearing - percentage of women (aged 20-24 years) who gave birth before age 18,2.6,PCNT,,_T,Y20T24,_T,_T,,,,RP,,MNCH_SRC_33,,,MNCH_BIRTH18,2018
AZE,Azerbaijan,2006.0,0,MNCH_BIRTH18,Early childbearing - percentage of women (aged 20-24 years) who gave birth before age 18,4.3,PCNT,,_T,Y20T24,_T,_T,,,,RP,,MNCH_SRC_185,,,MNCH_BIRTH18,2006
AZE,Azerbaijan,2011.0,0,MNCH_BIRTH18,Early childbearing - percentage of women (aged 20-24 years) who gave birth before age 18,4.0,PCNT,,_T,Y20T24,_T,_T,,,,RP,,MNCH_SRC_188,,,MNCH_BIRTH18,2011
AZE,Azerbaijan,2023.0,0,MNCH_BIRTH18,Early childbearing - percentage of women (aged 20-24 years) who gave birth before age 18,4.2,PCNT,,_T,Y20T24,_T,_T,,,,RP,,MNCH_SRC_2940,,,MNCH_BIRTH18,2023
BLR,Belarus,2005.0,0,MNCH_BIRTH18,Early childbearing - percentage of women (aged 20-24 years) who gave birth before age 18,2.9,PCNT,,_T,Y20T24,_T,_T,,,,RP,,MNCH_SRC_28,,,MNCH_BIRTH18,2005
CAF,Central African Republic,2006.0,0,MNCH_BIRTH18,Early childbearing - percentage of women (aged 20-24 years) who gave birth before age 18,33.5,PCNT,,_T,Y20T24,_T,_T,,,,RP,,MNCH_SRC_40,,,MNCH_BIRTH18,2006
CAF,Central African Republic,2010.0,0,MNCH_BIRTH18,Early childbearing - percentage of women (aged 20-24 years) who gave birth before age 18,45.3,PCNT,,_T,Y20T24,_T,_T,,,,RP,,MNCH_SRC_292,,,MNCH_BIRTH18,2010
CAF,Central African Republic,2019.0,0,MNCH_BIRTH18,Early childbearing - percentage of women (aged 20-24 years) who gave birth before age 18,42.8,PCNT,,_T,Y20T24,_T,_T,,,,RP,,MNCH_SRC_47,,,MNCH_BIRTH18,2019
COM,Comoros,2012.0,0,MNCH_BIRTH18,Early childbearing - percentage of women (aged 20-24 years) who gave birth before age 18,17.1,PCNT,,_T,Y20T24,_T,_T,,,,RP,,MNCH_SRC_565,,,MNCH_BIRTH18,2012
COM,Comoros,2022.0,0,MNCH_BIRTH18,Early childbearing - percentage of women (aged 20-24 years) who gave birth before age 18,13.4,PCNT,,_T,Y20T24,_T,_T,,,,RP,,MNCH_SRC_2770,,,MNCH_BIRTH18,2022
DZA,Algeria,2013.0,0,MNCH_BIRTH18,Early childbearing - percentage of women (aged 20-24 years) who gave birth before age 18,0.8,PCNT,,_T,Y20T24,_T,_T,,,,RP,,MNCH_SRC_44,,,MNCH_BIRTH18,2013
DZA,Algeria,2019.0,0,MNCH_BIRTH18,Early childbearing - percentage of women (aged 20-24 years) who gave birth before age 18,1.1,PCNT,,_T,Y20T24,_T,_T,,,,RP,,MNCH_SRC_47,,,MNCH_BIRTH18,2019
GEO,Georgia,2005.0,0,MNCH_BIRTH18,Early childbearing - percentage of women (aged 20-24 years) who gave birth before age 18,7.8,PCNT,,_T,Y20T24,_T,_T,,,,RP,,MNCH_SRC_28,,,MNCH_BIRTH18,2005
GEO,Georgia,2010.0,0,MNCH_BIRTH18,Early childbearing - percentage of women (aged 20-24 years) who gave birth before age 18,6.1,PCNT,,_T,Y20T24,_T,_T,,,,RP,,MNCH_SRC_914,,,MNCH_BIRTH18,2010
GEO,Georgia,2018.0,0,MNCH_BIRTH18,Early childbearing - percentage of women (aged 20-24 years) who gave birth before age 18,6.1,PCNT,,_T,Y20T24,_T,_T,,,,RP,,MNCH_SRC_930,,,MNCH_BIRTH18,2018
GNB,Guinea-Bissau,2006.0,0,MNCH_BIRTH18,Early childbearing - percentage of women (aged 20-24 years) who gave birth before age 18,30.9,PCNT,,_T,Y20T24,_T,_T,,,,RP,,MNCH_SRC_40,,,MNCH_BIRTH18,2006
GNB,Guinea-Bissau,2010.0,0,MNCH_BIRTH18,Early childbearing - percentage of women (aged 20-24 years) who gave birth before age 18,33.0,PCNT,,_T,Y20T24,_T,_T,,,,RP,,MNCH_SRC_292,,,MNCH_BIRTH18,2010
GNB,Guinea-Bissau,2014.0,0,MNCH_BIRTH18,Early childbearing - percentage of women (aged 20-24 years) who gave birth before age 18,28.3,PCNT,,_T,Y20T24,_T,_T,,,,RP,,MNCH_SRC_283,,,MNCH_BIRTH18,2014
GNB,Guinea-Bissau,2019.0,0,MNCH_BIRTH18,Early childbearing - percentage of women (aged 20-24 years) who gave birth before age 18,27.0,PCNT,,_T,Y20T24,_T,_T,,,,RP,,MNCH_SRC_47,,,MNCH_BIRTH18,2019
IRN,Iran (Islamic Republic of),2010.0,0,MNCH_BIRTH18,Early childbearing - percentage of women (aged 20-24 years) who gave birth before age 18,5.2,PCNT,,_T,Y20T24,_T,_T,,,,RP,,MNCH_SRC_1068,,,MNCH_BIRTH18,2010
KGZ,Kyrgyzstan,2006.0,0,MNCH_BIRTH18,Early childbearing - percentage of women (aged 20-24 years) who gave birth before age 18,2.3,PCNT,,_T,Y20T24,_T,_T,,,,RP,,MNCH_SRC_893,,,MNCH_BIRTH18,2006
KGZ,Kyrgyzstan,2012.0,0,MNCH_BIRTH18,Early childbearing - percentage of women (aged 20-24 years) who gave birth before age 18,1.8,PCNT,,_T,Y20T24,_T,_T,,,,RP,,MNCH_SRC_889,,,MNCH_BIRTH18,2012
KGZ,Kyrgyzstan,2014.0,0,MNCH_BIRTH18,Early childbearing - percentage of women (aged 20-24 years) who gave birth before age 18,3.5,PCNT,,_T,Y20T24,_T,_T,,,,RP,,MNCH_SRC_283,,,MNCH_BIRTH18,2014
KGZ,Kyrgyzstan,2018.0,0,MNCH_BIRTH18,Early childbearing - percentage of women (aged 20-24 years) who gave birth before age 18,2.8,PCNT,,_T,Y20T24,_T,_T,,,,RP,,MNCH_SRC_609,,,MNCH_BIRTH18,2018
KGZ,Kyrgyzstan,2023.0,0,MNCH_BIRTH18,Early childbearing - percentage of women (aged 20-24 years) who gave birth before age 18,1.8,PCNT,,_T,Y20T24,_T,_T,,,,RP,,MNCH_SRC_2940,,,MNCH_BIRTH18,2023
LAO,Lao People's Democratic Republic,2005.0,0,MNCH_BIRTH18,Early childbearing - percentage of women (aged 20-24 years) who gave birth before age 18,54.7,PCNT,,_T,Y20T24,_T,_T,,,,RP,,MNCH_SRC_1249,,,MNCH_BIRTH18,2005
LAO,Lao People's Democratic Republic,2012.0,0,MNCH_BIRTH18,Early childbearing - percentage of women (aged 20-24 years) who gave birth before age 18,18.2,PCNT,,_T,Y20T24,_T,_T,,,,RP,,MNCH_SRC_1254,,,MNCH_BIRTH18,2012
LAO,Lao People's Democratic Republic,2017.0,0,MNCH_BIRTH18,Early childbearing - percentage of women (aged 20-24 years) who gave birth before age 18,18.4,PCNT,,_T,Y20T24,_T,_T,,,,RP,,MNCH_SRC_709,,,MNCH_BIRTH18,2017
LAO,Lao People's Democratic Republic,2023.0,0,MNCH_BIRTH18,Early childbearing - percentage of women (aged 20-24 years) who gave birth before age 18,17.4,PCNT,,_T,Y20T24,_T,_T,,,,RP,,MNCH_SRC_3299,,,MNCH_BIRTH18,2023
MAR,Morocco,2004.0,0,MNCH_BIRTH18,Early childbearing - percentage of women (aged 20-24 years) who gave birth before age 18,7.5,PCNT,,_T,Y20T24,_T,_T,,,,RP,,MNCH_SRC_307,,,MNCH_BIRTH18,2004
OMN,Oman,2014.0,0,MNCH_BIRTH18,Early childbearing - percentage of women (aged 20-24 years) who gave birth before age 18,2.0,PCNT,,_T,Y20T24,_T,_T,,,,RP,,MNCH_SRC_283,,,MNCH_BIRTH18,2014
TJK,Tajikistan,2005.0,0,MNCH_BIRTH18,Early childbearing - percentage of women (aged 20-24 years) who gave birth before age 18,3.5,PCNT,,_T,Y20T24,_T,_T,,,,RP,,MNCH_SRC_28,,,MNCH_BIRTH18,2005
TJK,Tajikistan,2012.0,0,MNCH_BIRTH18,Early childbearing - percentage of women (aged 20-24 years) who gave birth before age 18,2.2,PCNT,,_T,Y20T24,_T,_T,,,,RP,,MNCH_SRC_889,,,MNCH_BIRTH18,2012
TJK,Tajikistan,2017.0,0,MNCH_BIRTH18,Early childbearing - percentage of women (aged 20-24 years) who gave birth before age 18,1.1,PCNT,,_T,Y20T24,_T,_T,,,,RP,,MNCH_SRC_1060,,,MNCH_BIRTH18,2017
TJK,Tajikistan,2023.0,0,MNCH_BIRTH18,Early childbearing - percentage of women (aged 20-24 years) who gave birth before age 18,1.2,PCNT,,_T,Y20T24,_T,_T,,,,RP,,MNCH_SRC_3377,,,MNCH_BIRTH18,2023
YEM,Yemen,2013.0,0,MNCH_BIRTH18,Early childbearing - percentage of women (aged 20-24 years) who gave birth before age 18,16.9,PCNT,,_T,Y20T24,_T,_T,,,,RP,,MNCH_SRC_751,,,MNCH_BIRTH18,2013
YEM,Yemen,2023.0,0,MNCH_BIRTH18,Early childbearing - percentage of women (aged 20-24 years) who gave birth before age 18,14.5,PCNT,,_T,Y20T24,_T,_T,,,,RP,,MNCH_SRC_2713,,,MNCH_BIRTH18,2023
ZMB,Zambia,2002.0,0,MNCH_BIRTH18,Early childbearing - percentage of women (aged 20-24 years) who gave birth before age 18,34.6,PCNT,,_T,Y20T24,_T,_T,,,,RP,,MNCH_SRC_2246,,,MNCH_BIRTH18,2002
ZMB,Zambia,2007.0,0,MNCH_BIRTH18,Early childbearing - percentage of women (aged 20-24 years) who gave birth before age 18,33.6,PCNT,,_T,Y20T24,_T,_T,,,,RP,,MNCH_SRC_233,,,MNCH_BIRTH18,2007
ZMB,Zambia,2014.0,0,MNCH_BIRTH18,Early childbearing - percentage of women (aged 20-24 years) who gave birth before age 18,30.7,PCNT,,_T,Y20T24,_T,_T,,,,RP,,MNCH_SRC_718,,,MNCH_BIRTH18,2014
ZMB,Zambia,2018.0,0,MNCH_BIRTH18,Early childbearing - percentage of women (aged 20-24 years) who gave birth before age 18,30.9,PCNT,,_T,Y20T24,_T,_T,,,,RP,,MNCH_SRC_455,,,MNCH_BIRTH18,2018
ZMB,Zambia,2019.0,0,MNCH_BIRTH18,Early childbearing - percentage of women (aged 20-24 years) who gave birth before age 18,30.9,PCNT,,_T,Y20T24,_T,_T,,,,RP,,MNCH_SRC_2256,,,MNCH_BIRTH18,2019
ALB,Albania,2018.0,0,ED_CR_L1,Completion rate for children of primary school age,94.92128,PCNT,,_T,,_T,_T,,,,,,DHS 2017-18,,,ED_CR_L1,2018
BLR,Belarus,2020.0,0,ED_CR_L1,Completion rate for children of primary school age,99.932289,PCNT,,_T,,_T,_T,,,,,,MICS 2019,,,ED_CR_L1,2020
CAF,Central African Republic,2019.0,0,ED_CR_L1,Completion rate for children of primary school age,26.755501,PCNT,,_T,,_T,_T,,,,,,MICS 2018-19,,,ED_CR_L1,2019
COM,Comoros,2012.0,0,ED_CR_L1,Completion rate for children of primary school age,76.0,PCNT,,_T,,_T,_T,,,,,,DHS 2012,,,ED_CR_L1,2012
DZA,Algeria,2020.0,0,ED_CR_L1,Completion rate for children of primary school age,94.708633,PCNT,,_T,,_T,_T,,,,,,MICS 2019,,,ED_CR_L1,2020
GEO,Georgia,2018.0,0,ED_CR_L1,Completion rate for children of primary school age,99.900002,PCNT,,_T,,_T,_T,,,,,,MICS 2018,,,ED_CR_L1,2018
GNB,Guinea-Bissau,2019.0,0,ED_CR_L1,Completion rate for children of primary school age,27.22732,PCNT,,_T,,_T,_T,,,,,,MICS 2018-19,,,ED_CR_L1,2019
KGZ,Kyrgyzstan,2018.0,0,ED_CR_L1,Completion rate for children of primary school age,99.199997,PCNT,,_T,,_T,_T,,,,,,MICS 2018,,,ED_CR_L1,2018
LAO,Lao People's Democratic Republic,2017.0,0,ED_CR_L1,Completion rate for children of primary school age,83.433311,PCNT,,_T,,_T,_T,,,,,,MICS 2017,,,ED_CR_L1,2017
TJK,Tajikistan,2017.0,0,ED_CR_L1,Completion rate for children of primary school age,98.471497,PCNT,,_T,,_T,_T,,,,,,DHS 2017,,,ED_CR_L1,2017
YEM,Yemen,2013.0,0,ED_CR_L1,Completion rate for children of primary school age,62.599998,PCNT,,_T,,_T,_T,,,,,,DHS 2013,,,ED_CR_L1,2013
ZMB,Zambia,2018.0,0,ED_CR_L1,Completion rate for children of primary school age,72.170639,PCNT,,_T,,_T,_T,,,,,,DHS 2018,,,ED_CR_L1,2018
