indicator_code,indicator_name,unit,domain,data_type,country_code,country_name,region,income,year,query_type,ground_truth_value
CME_MRY0T4,Under-five mortality rate,"per 1,000 live births",CME,annual_modeled,YEM,Yemen,MNA,LIC,2000,POSITIVE,92.9092530076976
CME_MRY0T4,Under-five mortality rate,"per 1,000 live births",CME,annual_modeled,YEM,Yemen,MNA,LIC,2001,POSITIVE,88.2033436282345
CME_MRY0T4,Under-five mortality rate,"per 1,000 live births",CME,annual_modeled,YEM,Yemen,MNA,LIC,2002,POSITIVE,83.4977339430944
CME_MRY0T4,Under-five mortality rate,"per 1,000 live births",CME,annual_modeled,YEM,Yemen,MNA,LIC,2003,POSITIVE,78.9625070631194
CME_MRY0T4,Under-five mortality rate,"per 1,000 live births",CME,annual_modeled,YEM,Yemen,MNA,LIC,2004,POSITIVE,74.6565549681484
CME_MRY0T4,Under-five mortality rate,"per 1,000 live births",CME,annual_modeled,YEM,Yemen,MNA,LIC,2005,POSITIVE,70.6094041856609
CME_MRY0T4,Under-five mortality rate,"per 1,000 live births",CME,annual_modeled,YEM,Yemen,MNA,LIC,2006,POSITIVE,66.8546044124318
CME_MRY0T4,Under-five mortality rate,"per 1,000 live births",CME,annual_modeled,YEM,Yemen,MNA,LIC,2007,POSITIVE,63.403245627408
CME_MRY0T4,Under-five mortality rate,"per 1,000 live births",CME,annual_modeled,YEM,Yemen,MNA,LIC,2008,POSITIVE,60.2168110293068
CME_MRY0T4,Under-five mortality rate,"per 1,000 live births",CME,annual_modeled,YEM,Yemen,MNA,LIC,2009,POSITIVE,57.4592881438143
CME_MRY0T4,Under-five mortality rate,"per 1,000 live births",CME,annual_modeled,YEM,Yemen,MNA,LIC,2010,POSITIVE,55.0107554867517
CME_MRY0T4,Under-five mortality rate,"per 1,000 live births",CME,annual_modeled,YEM,Yemen,MNA,LIC,2011,POSITIVE,53.1036955477223
CME_MRY0T4,Under-five mortality rate,"per 1,000 live births",CME,annual_modeled,YEM,Yemen,MNA,LIC,2012,POSITIVE,51.5752888017566
CME_MRY0T4,Under-five mortality rate,"per 1,000 live births",CME,annual_modeled,YEM,Yemen,MNA,LIC,2013,POSITIVE,49.6447180152419
CME_MRY0T4,Under-five mortality rate,"per 1,000 live births",CME,annual_modeled,YEM,Yemen,MNA,LIC,2014,POSITIVE,48.6561983950177
CME_MRY0T4,Under-five mortality rate,"per 1,000 live births",CME,annual_modeled,YEM,Yemen,MNA,LIC,2015,POSITIVE,49.2785873304699
CME_MRY0T4,Under-five mortality rate,"per 1,000 live births",CME,annual_modeled,YEM,Yemen,MNA,LIC,2016,POSITIVE,47.9452750705279
CME_MRY0T4,Under-five mortality rate,"per 1,000 live births",CME,annual_modeled,YEM,Yemen,MNA,LIC,2017,POSITIVE,47.4658868661102
CME_MRY0T4,Under-five mortality rate,"per 1,000 live births",CME,annual_modeled,YEM,Yemen,MNA,LIC,2018,POSITIVE,47.2517570807029
CME_MRY0T4,Under-five mortality rate,"per 1,000 live births",CME,annual_modeled,YEM,Yemen,MNA,LIC,2019,POSITIVE,46.1224812101634
CME_MRY0T4,Under-five mortality rate,"per 1,000 live births",CME,annual_modeled,YEM,Yemen,MNA,LIC,2020,POSITIVE,43.398084181442
CME_MRY0T4,Under-five mortality rate,"per 1,000 live births",CME,annual_modeled,YEM,Yemen,MNA,LIC,2021,POSITIVE,42.6361010391544
CME_MRY0T4,Under-five mortality rate,"per 1,000 live births",CME,annual_modeled,YEM,Yemen,MNA,LIC,2022,POSITIVE,41.0881718745755
CME_MRY0T4,Under-five mortality rate,"per 1,000 live births",CME,annual_modeled,YEM,Yemen,MNA,LIC,2023,POSITIVE,39.4851087238631
CME_MRY0T4,Under-five mortality rate,"per 1,000 live births",CME,annual_modeled,YEM,Yemen,MNA,LIC,2024,POSITIVE,38.1429738055437
CME_MRY0T4,Under-five mortality rate,"per 1,000 live births",CME,annual_modeled,CAF,Central African Republic,WCA,LIC,2000,POSITIVE,165.457867681709
CME_MRY0T4,Under-five mortality rate,"per 1,000 live births",CME,annual_modeled,CAF,Central African Republic,WCA,LIC,2001,POSITIVE,162.486669333879
CME_MRY0T4,Under-five mortality rate,"per 1,000 live births",CME,annual_modeled,CAF,Central African Republic,WCA,LIC,2002,POSITIVE,159.047119631176
CME_MRY0T4,Under-five mortality rate,"per 1,000 live births",CME,annual_modeled,CAF,Central African Republic,WCA,LIC,2003,POSITIVE,155.590402786042
CME_MRY0T4,Under-five mortality rate,"per 1,000 live births",CME,annual_modeled,CAF,Central African Republic,WCA,LIC,2004,POSITIVE,151.825308752156
CME_MRY0T4,Under-five mortality rate,"per 1,000 live births",CME,annual_modeled,CAF,Central African Republic,WCA,LIC,2005,POSITIVE,147.910171740256
CME_MRY0T4,Under-five mortality rate,"per 1,000 live births",CME,annual_modeled,CAF,Central African Republic,WCA,LIC,2006,POSITIVE,143.480960757692
CME_MRY0T4,Under-five mortality rate,"per 1,000 live births",CME,annual_modeled,CAF,Central African Republic,WCA,LIC,2007,POSITIVE,139.312008593441
CME_MRY0T4,Under-five mortality rate,"per 1,000 live births",CME,annual_modeled,CAF,Central African Republic,WCA,LIC,2008,POSITIVE,135.465913119195
CME_MRY0T4,Under-five mortality rate,"per 1,000 live births",CME,annual_modeled,CAF,Central African Republic,WCA,LIC,2009,POSITIVE,489.290961311267
CME_MRY0T4,Under-five mortality rate,"per 1,000 live births",CME,annual_modeled,CAF,Central African Republic,WCA,LIC,2010,POSITIVE,150.740632178403
CME_MRY0T4,Under-five mortality rate,"per 1,000 live births",CME,annual_modeled,CAF,Central African Republic,WCA,LIC,2011,POSITIVE,125.090355723804
CME_MRY0T4,Under-five mortality rate,"per 1,000 live births",CME,annual_modeled,CAF,Central African Republic,WCA,LIC,2012,POSITIVE,121.940492792421
CME_MRY0T4,Under-five mortality rate,"per 1,000 live births",CME,annual_modeled,CAF,Central African Republic,WCA,LIC,2013,POSITIVE,134.211372264786
CME_MRY0T4,Under-five mortality rate,"per 1,000 live births",CME,annual_modeled,CAF,Central African Republic,WCA,LIC,2014,POSITIVE,186.847163506313
CME_MRY0T4,Under-five mortality rate,"per 1,000 live births",CME,annual_modeled,CAF,Central African Republic,WCA,LIC,2015,POSITIVE,113.706548131951
CME_MRY0T4,Under-five mortality rate,"per 1,000 live births",CME,annual_modeled,CAF,Central African Republic,WCA,LIC,2016,POSITIVE,126.768881866546
CME_MRY0T4,Under-five mortality rate,"per 1,000 live births",CME,annual_modeled,CAF,Central African Republic,WCA,LIC,2017,POSITIVE,155.207764928732
CME_MRY0T4,Under-five mortality rate,"per 1,000 live births",CME,annual_modeled,CAF,Central African Republic,WCA,LIC,2018,POSITIVE,120.233071331939
CME_MRY0T4,Under-five mortality rate,"per 1,000 live births",CME,annual_modeled,CAF,Central African Republic,WCA,LIC,2019,POSITIVE,254.691597697322
CME_MRY0T4,Under-five mortality rate,"per 1,000 live births",CME,annual_modeled,CAF,Central African Republic,WCA,LIC,2020,POSITIVE,124.187852358338
CME_MRY0T4,Under-five mortality rate,"per 1,000 live births",CME,annual_modeled,CAF,Central African Republic,WCA,LIC,2021,POSITIVE,178.700096791505
CME_MRY0T4,Under-five mortality rate,"per 1,000 live births",CME,annual_modeled,CAF,Central African Republic,WCA,LIC,2022,POSITIVE,424.579201665498
CME_MRY0T4,Under-five mortality rate,"per 1,000 live births",CME,annual_modeled,CAF,Central African Republic,WCA,LIC,2023,POSITIVE,92.6056815279805
CME_MRY0T4,Under-five mortality rate,"per 1,000 live births",CME,annual_modeled,CAF,Central African Republic,WCA,LIC,2024,POSITIVE,89.7277827228626
CME_MRY0T4,Under-five mortality rate,"per 1,000 live births",CME,annual_modeled,GNB,Guinea-Bissau,WCA,LIC,2000,POSITIVE,174.832855781427
CME_MRY0T4,Under-five mortality rate,"per 1,000 live births",CME,annual_modeled,GNB,Guinea-Bissau,WCA,LIC,2001,POSITIVE,169.31889540202
CME_MRY0T4,Under-five mortality rate,"per 1,000 live births",CME,annual_modeled,GNB,Guinea-Bissau,WCA,LIC,2002,POSITIVE,163.566818316076
CME_MRY0T4,Under-five mortality rate,"per 1,000 live births",CME,annual_modeled,GNB,Guinea-Bissau,WCA,LIC,2003,POSITIVE,157.689513738582
CME_MRY0T4,Under-five mortality rate,"per 1,000 live births",CME,annual_modeled,GNB,Guinea-Bissau,WCA,LIC,2004,POSITIVE,151.585259015807
CME_MRY0T4,Under-five mortality rate,"per 1,000 live births",CME,annual_modeled,GNB,Guinea-Bissau,WCA,LIC,2005,POSITIVE,145.329781085407
CME_MRY0T4,Under-five mortality rate,"per 1,000 live births",CME,annual_modeled,GNB,Guinea-Bissau,WCA,LIC,2006,POSITIVE,139.055299376116
CME_MRY0T4,Under-five mortality rate,"per 1,000 live births",CME,annual_modeled,GNB,Guinea-Bissau,WCA,LIC,2007,POSITIVE,132.800429922331
CME_MRY0T4,Under-five mortality rate,"per 1,000 live births",CME,annual_modeled,GNB,Guinea-Bissau,WCA,LIC,2008,POSITIVE,126.462434165059
CME_MRY0T4,Under-five mortality rate,"per 1,000 live births",CME,annual_modeled,GNB,Guinea-Bissau,WCA,LIC,2009,POSITIVE,120.172913877722
CME_MRY0T4,Under-five mortality rate,"per 1,000 live births",CME,annual_modeled,GNB,Guinea-Bissau,WCA,LIC,2010,POSITIVE,114.303398408977
CME_MRY0T4,Under-five mortality rate,"per 1,000 live births",CME,annual_modeled,GNB,Guinea-Bissau,WCA,LIC,2011,POSITIVE,108.591432844012
CME_MRY0T4,Under-five mortality rate,"per 1,000 live births",CME,annual_modeled,GNB,Guinea-Bissau,WCA,LIC,2012,POSITIVE,103.556925885288
CME_MRY0T4,Under-five mortality rate,"per 1,000 live births",CME,annual_modeled,GNB,Guinea-Bissau,WCA,LIC,2013,POSITIVE,99.1117216102778
CME_MRY0T4,Under-five mortality rate,"per 1,000 live births",CME,annual_modeled,GNB,Guinea-Bissau,WCA,LIC,2014,POSITIVE,95.1637433847005
CME_MRY0T4,Under-five mortality rate,"per 1,000 live births",CME,annual_modeled,GNB,Guinea-Bissau,WCA,LIC,2015,POSITIVE,91.6014700659797
CME_MRY0T4,Under-five mortality rate,"per 1,000 live births",CME,annual_modeled,GNB,Guinea-Bissau,WCA,LIC,2016,POSITIVE,88.221124118301
CME_MRY0T4,Under-five mortality rate,"per 1,000 live births",CME,annual_modeled,GNB,Guinea-Bissau,WCA,LIC,2017,POSITIVE,85.1305189238695
CME_MRY0T4,Under-five mortality rate,"per 1,000 live births",CME,annual_modeled,GNB,Guinea-Bissau,WCA,LIC,2018,POSITIVE,82.2184876137811
CME_MRY0T4,Under-five mortality rate,"per 1,000 live births",CME,annual_modeled,GNB,Guinea-Bissau,WCA,LIC,2019,POSITIVE,79.4528780651149
CME_MRY0T4,Under-five mortality rate,"per 1,000 live births",CME,annual_modeled,GNB,Guinea-Bissau,WCA,LIC,2020,POSITIVE,76.7453557431808
CME_MRY0T4,Under-five mortality rate,"per 1,000 live births",CME,annual_modeled,GNB,Guinea-Bissau,WCA,LIC,2021,POSITIVE,74.349986353217
CME_MRY0T4,Under-five mortality rate,"per 1,000 live births",CME,annual_modeled,GNB,Guinea-Bissau,WCA,LIC,2022,POSITIVE,72.0308932266975
CME_MRY0T4,Under-five mortality rate,"per 1,000 live births",CME,annual_modeled,GNB,Guinea-Bissau,WCA,LIC,2023,POSITIVE,69.6960638564149
CME_MRY0T4,Under-five mortality rate,"per 1,000 live births",CME,annual_modeled,GNB,Guinea-Bissau,WCA,LIC,2024,POSITIVE,67.3361328119606
CME_MRY0T4,Under-five mortality rate,"per 1,000 live births",CME,annual_modeled,COM,Comoros,ESA,LIC,2000,POSITIVE,79.8658048113412
CME_MRY0T4,Under-five mortality rate,"per 1,000 live births",CME,annual_modeled,COM,Comoros,ESA,LIC,2001,POSITIVE,76.7715865226264
CME_MRY0T4,Under-five mortality rate,"per 1,000 live births",CME,annual_modeled,COM,Comoros,ESA,LIC,2002,POSITIVE,73.7894257813725
CME_MRY0T4,Under-five mortality rate,"per 1,000 live births",CME,annual_modeled,COM,Comoros,ESA,LIC,2003,POSITIVE,70.999287207487
CME_MRY0T4,Under-five mortality rate,"per 1,000 live births",CME,annual_modeled,COM,Comoros,ESA,LIC,2004,POSITIVE,68.3301855711673
CME_MRY0T4,Under-five mortality rate,"per 1,000 live births",CME,annual_modeled,COM,Comoros,ESA,LIC,2005,POSITIVE,65.8327169171313
CME_MRY0T4,Under-five mortality rate,"per 1,000 live births",CME,annual_modeled,COM,Comoros,ESA,LIC,2006,POSITIVE,63.4178353516756
CME_MRY0T4,Under-five mortality rate,"per 1,000 live births",CME,annual_modeled,COM,Comoros,ESA,LIC,2007,POSITIVE,61.2390950357402
CME_MRY0T4,Under-five mortality rate,"per 1,000 live births",CME,annual_modeled,COM,Comoros,ESA,LIC,2008,POSITIVE,59.2073969313136
CME_MRY0T4,Under-five mortality rate,"per 1,000 live births",CME,annual_modeled,COM,Comoros,ESA,LIC,2009,POSITIVE,57.3240310786965
CME_MRY0T4,Under-five mortality rate,"per 1,000 live births",CME,annual_modeled,COM,Comoros,ESA,LIC,2010,POSITIVE,55.5594612036873
CME_MRY0T4,Under-five mortality rate,"per 1,000 live births",CME,annual_modeled,COM,Comoros,ESA,LIC,2011,POSITIVE,54.0064609469682
CME_MRY0T4,Under-five mortality rate,"per 1,000 live births",CME,annual_modeled,COM,Comoros,ESA,LIC,2012,POSITIVE,52.5474162671923
CME_MRY0T4,Under-five mortality rate,"per 1,000 live births",CME,annual_modeled,COM,Comoros,ESA,LIC,2013,POSITIVE,51.2125088952889
CME_MRY0T4,Under-five mortality rate,"per 1,000 live births",CME,annual_modeled,COM,Comoros,ESA,LIC,2014,POSITIVE,50.0252597703319
CME_MRY0T4,Under-five mortality rate,"per 1,000 live births",CME,annual_modeled,COM,Comoros,ESA,LIC,2015,POSITIVE,48.906893775743
CME_MRY0T4,Under-five mortality rate,"per 1,000 live births",CME,annual_modeled,COM,Comoros,ESA,LIC,2016,POSITIVE,47.8514545394338
CME_MRY0T4,Under-five mortality rate,"per 1,000 live births",CME,annual_modeled,COM,Comoros,ESA,LIC,2017,POSITIVE,46.8588547986506
CME_MRY0T4,Under-five mortality rate,"per 1,000 live births",CME,annual_modeled,COM,Comoros,ESA,LIC,2018,POSITIVE,45.8498175995742
CME_MRY0T4,Under-five mortality rate,"per 1,000 live births",CME,annual_modeled,COM,Comoros,ESA,LIC,2019,POSITIVE,44.8398483640025
CME_MRY0T4,Under-five mortality rate,"per 1,000 live births",CME,annual_modeled,COM,Comoros,ESA,LIC,2020,POSITIVE,43.7215005841554
CME_MRY0T4,Under-five mortality rate,"per 1,000 live births",CME,annual_modeled,COM,Comoros,ESA,LIC,2021,POSITIVE,42.5886454376546
CME_MRY0T4,Under-five mortality rate,"per 1,000 live births",CME,annual_modeled,COM,Comoros,ESA,LIC,2022,POSITIVE,41.3710666956507
CME_MRY0T4,Under-five mortality rate,"per 1,000 live births",CME,annual_modeled,COM,Comoros,ESA,LIC,2023,POSITIVE,40.1859199193298
CME_MRY0T4,Under-five mortality rate,"per 1,000 live births",CME,annual_modeled,COM,Comoros,ESA,LIC,2024,POSITIVE,38.9734472132848
CME_MRY0T4,Under-five mortality rate,"per 1,000 live births",CME,annual_modeled,ZMB,Zambia,ESA,LIC,2000,POSITIVE,151.756215776661
CME_MRY0T4,Under-five mortality rate,"per 1,000 live births",CME,annual_modeled,ZMB,Zambia,ESA,LIC,2001,POSITIVE,143.188146340069
CME_MRY0T4,Under-five mortality rate,"per 1,000 live births",CME,annual_modeled,ZMB,Zambia,ESA,LIC,2002,POSITIVE,132.8554195954
CME_MRY0T4,Under-five mortality rate,"per 1,000 live births",CME,annual_modeled,ZMB,Zambia,ESA,LIC,2003,POSITIVE,122.091023919134
CME_MRY0T4,Under-five mortality rate,"per 1,000 live births",CME,annual_modeled,ZMB,Zambia,ESA,LIC,2004,POSITIVE,111.714075449583
CME_MRY0T4,Under-five mortality rate,"per 1,000 live births",CME,annual_modeled,ZMB,Zambia,ESA,LIC,2005,POSITIVE,102.65943263002
CME_MRY0T4,Under-five mortality rate,"per 1,000 live births",CME,annual_modeled,ZMB,Zambia,ESA,LIC,2006,POSITIVE,94.7682778865784
CME_MRY0T4,Under-five mortality rate,"per 1,000 live births",CME,annual_modeled,ZMB,Zambia,ESA,LIC,2007,POSITIVE,89.0728148697362
CME_MRY0T4,Under-five mortality rate,"per 1,000 live births",CME,annual_modeled,ZMB,Zambia,ESA,LIC,2008,POSITIVE,84.23194306372
CME_MRY0T4,Under-five mortality rate,"per 1,000 live births",CME,annual_modeled,ZMB,Zambia,ESA,LIC,2009,POSITIVE,78.4234013469032
CME_MRY0T4,Under-five mortality rate,"per 1,000 live births",CME,annual_modeled,ZMB,Zambia,ESA,LIC,2010,POSITIVE,74.3343646479696
CME_MRY0T4,Under-five mortality rate,"per 1,000 live births",CME,annual_modeled,ZMB,Zambia,ESA,LIC,2011,POSITIVE,71.8395522398654
CME_MRY0T4,Under-five mortality rate,"per 1,000 live births",CME,annual_modeled,ZMB,Zambia,ESA,LIC,2012,POSITIVE,69.2150778102739
CME_MRY0T4,Under-five mortality rate,"per 1,000 live births",CME,annual_modeled,ZMB,Zambia,ESA,LIC,2013,POSITIVE,65.9835589149996
CME_MRY0T4,Under-five mortality rate,"per 1,000 live births",CME,annual_modeled,ZMB,Zambia,ESA,LIC,2014,POSITIVE,62.5756431916158
CME_MRY0T4,Under-five mortality rate,"per 1,000 live births",CME,annual_modeled,ZMB,Zambia,ESA,LIC,2015,POSITIVE,60.1602562723903
CME_MRY0T4,Under-five mortality rate,"per 1,000 live births",CME,annual_modeled,ZMB,Zambia,ESA,LIC,2016,POSITIVE,57.1379844688831
CME_MRY0T4,Under-five mortality rate,"per 1,000 live births",CME,annual_modeled,ZMB,Zambia,ESA,LIC,2017,POSITIVE,55.1533513970925
CME_MRY0T4,Under-five mortality rate,"per 1,000 live births",CME,annual_modeled,ZMB,Zambia,ESA,LIC,2018,POSITIVE,54.6752453823209
CME_MRY0T4,Under-five mortality rate,"per 1,000 live births",CME,annual_modeled,ZMB,Zambia,ESA,LIC,2019,POSITIVE,53.4757184145862
CME_MRY0T4,Under-five mortality rate,"per 1,000 live births",CME,annual_modeled,ZMB,Zambia,ESA,LIC,2020,POSITIVE,52.4710956050654
CME_MRY0T4,Under-five mortality rate,"per 1,000 live births",CME,annual_modeled,ZMB,Zambia,ESA,LIC,2021,POSITIVE,50.3543903938898
CME_MRY0T4,Under-five mortality rate,"per 1,000 live births",CME,annual_modeled,ZMB,Zambia,ESA,LIC,2022,POSITIVE,49.4846083677702
CME_MRY0T4,Under-five mortality rate,"per 1,000 live births",CME,annual_modeled,ZMB,Zambia,ESA,LIC,2023,POSITIVE,49.133866067513
CME_MRY0T4,Under-five mortality rate,"per 1,000 live births",CME,annual_modeled,ZMB,Zambia,ESA,LIC,2024,POSITIVE,48.3652143961706
CME_MRY0T4,Under-five mortality rate,"per 1,000 live births",CME,annual_modeled,MAR,Morocco,MNA,LMC,2000,POSITIVE,52.4181424685762
CME_MRY0T4,Under-five mortality rate,"per 1,000 live births",CME,annual_modeled,MAR,Morocco,MNA,LMC,2001,POSITIVE,50.198362765422
CME_MRY0T4,Under-five mortality rate,"per 1,000 live births",CME,annual_modeled,MAR,Morocco,MNA,LMC,2002,POSITIVE,48.0132004531244
CME_MRY0T4,Under-five mortality rate,"per 1,000 live births",CME,annual_modeled,MAR,Morocco,MNA,LMC,2003,POSITIVE,45.8367649470543
CME_MRY0T4,Under-five mortality rate,"per 1,000 live births",CME,annual_modeled,MAR,Morocco,MNA,LMC,2004,POSITIVE,43.6299665506393
CME_MRY0T4,Under-five mortality rate,"per 1,000 live births",CME,annual_modeled,MAR,Morocco,MNA,LMC,2005,POSITIVE,41.3936053247893
CME_MRY0T4,Under-five mortality rate,"per 1,000 live births",CME,annual_modeled,MAR,Morocco,MNA,LMC,2006,POSITIVE,39.1512157788929
CME_MRY0T4,Under-five mortality rate,"per 1,000 live births",CME,annual_modeled,MAR,Morocco,MNA,LMC,2007,POSITIVE,36.9394722100412
CME_MRY0T4,Under-five mortality rate,"per 1,000 live births",CME,annual_modeled,MAR,Morocco,MNA,LMC,2008,POSITIVE,34.7973366704543
CME_MRY0T4,Under-five mortality rate,"per 1,000 live births",CME,annual_modeled,MAR,Morocco,MNA,LMC,2009,POSITIVE,32.7956376619775
CME_MRY0T4,Under-five mortality rate,"per 1,000 live births",CME,annual_modeled,MAR,Morocco,MNA,LMC,2010,POSITIVE,30.9124624339446
CME_MRY0T4,Under-five mortality rate,"per 1,000 live births",CME,annual_modeled,MAR,Morocco,MNA,LMC,2011,POSITIVE,29.1637186459428
CME_MRY0T4,Under-five mortality rate,"per 1,000 live births",CME,annual_modeled,MAR,Morocco,MNA,LMC,2012,POSITIVE,27.5224915689206
CME_MRY0T4,Under-five mortality rate,"per 1,000 live births",CME,annual_modeled,MAR,Morocco,MNA,LMC,2013,POSITIVE,25.9505515437546
CME_MRY0T4,Under-five mortality rate,"per 1,000 live births",CME,annual_modeled,MAR,Morocco,MNA,LMC,2014,POSITIVE,24.4726959746674
CME_MRY0T4,Under-five mortality rate,"per 1,000 live births",CME,annual_modeled,MAR,Morocco,MNA,LMC,2015,POSITIVE,23.128328880512
CME_MRY0T4,Under-five mortality rate,"per 1,000 live births",CME,annual_modeled,MAR,Morocco,MNA,LMC,2016,POSITIVE,21.8943045572518
CME_MRY0T4,Under-five mortality rate,"per 1,000 live births",CME,annual_modeled,MAR,Morocco,MNA,LMC,2017,POSITIVE,20.819717117869
CME_MRY0T4,Under-five mortality rate,"per 1,000 live births",CME,annual_modeled,MAR,Morocco,MNA,LMC,2018,POSITIVE,19.9208689046281
CME_MRY0T4,Under-five mortality rate,"per 1,000 live births",CME,annual_modeled,MAR,Morocco,MNA,LMC,2019,POSITIVE,19.0733740565532
CME_MRY0T4,Under-five mortality rate,"per 1,000 live births",CME,annual_modeled,MAR,Morocco,MNA,LMC,2020,POSITIVE,18.3278133014936
CME_MRY0T4,Under-five mortality rate,"per 1,000 live births",CME,annual_modeled,MAR,Morocco,MNA,LMC,2021,POSITIVE,17.624524939407
CME_MRY0T4,Under-five mortality rate,"per 1,000 live births",CME,annual_modeled,MAR,Morocco,MNA,LMC,2022,POSITIVE,16.9797877146966
CME_MRY0T4,Under-five mortality rate,"per 1,000 live births",CME,annual_modeled,MAR,Morocco,MNA,LMC,2023,POSITIVE,16.3179754829336
CME_MRY0T4,Under-five mortality rate,"per 1,000 live births",CME,annual_modeled,MAR,Morocco,MNA,LMC,2024,POSITIVE,15.7315030404638
CME_MRY0T4,Under-five mortality rate,"per 1,000 live births",CME,annual_modeled,DZA,Algeria,MNA,LMC,2000,POSITIVE,41.6936057426721
CME_MRY0T4,Under-five mortality rate,"per 1,000 live births",CME,annual_modeled,DZA,Algeria,MNA,LMC,2001,POSITIVE,40.1653886367019
CME_MRY0T4,Under-five mortality rate,"per 1,000 live births",CME,annual_modeled,DZA,Algeria,MNA,LMC,2002,POSITIVE,38.5910097276341
CME_MRY0T4,Under-five mortality rate,"per 1,000 live births",CME,annual_modeled,DZA,Algeria,MNA,LMC,2003,POSITIVE,37.0015595229242
CME_MRY0T4,Under-five mortality rate,"per 1,000 live births",CME,annual_modeled,DZA,Algeria,MNA,LMC,2004,POSITIVE,35.4302571545235
CME_MRY0T4,Under-five mortality rate,"per 1,000 live births",CME,annual_modeled,DZA,Algeria,MNA,LMC,2005,POSITIVE,33.9266559432102
CME_MRY0T4,Under-five mortality rate,"per 1,000 live births",CME,annual_modeled,DZA,Algeria,MNA,LMC,2006,POSITIVE,32.5199302327891
CME_MRY0T4,Under-five mortality rate,"per 1,000 live births",CME,annual_modeled,DZA,Algeria,MNA,LMC,2007,POSITIVE,31.2308719652108
CME_MRY0T4,Under-five mortality rate,"per 1,000 live births",CME,annual_modeled,DZA,Algeria,MNA,LMC,2008,POSITIVE,30.0598284262153
CME_MRY0T4,Under-five mortality rate,"per 1,000 live births",CME,annual_modeled,DZA,Algeria,MNA,LMC,2009,POSITIVE,29.0149343069942
CME_MRY0T4,Under-five mortality rate,"per 1,000 live births",CME,annual_modeled,DZA,Algeria,MNA,LMC,2010,POSITIVE,28.0897833431847
CME_MRY0T4,Under-five mortality rate,"per 1,000 live births",CME,annual_modeled,DZA,Algeria,MNA,LMC,2011,POSITIVE,27.2825744285144
CME_MRY0T4,Under-five mortality rate,"per 1,000 live births",CME,annual_modeled,DZA,Algeria,MNA,LMC,2012,POSITIVE,26.56630898447
CME_MRY0T4,Under-five mortality rate,"per 1,000 live births",CME,annual_modeled,DZA,Algeria,MNA,LMC,2013,POSITIVE,25.948047639108
CME_MRY0T4,Under-five mortality rate,"per 1,000 live births",CME,annual_modeled,DZA,Algeria,MNA,LMC,2014,POSITIVE,25.4021080944743
CME_MRY0T4,Under-five mortality rate,"per 1,000 live births",CME,annual_modeled,DZA,Algeria,MNA,LMC,2015,POSITIVE,24.9102378764238
CME_MRY0T4,Under-five mortality rate,"per 1,000 live births",CME,annual_modeled,DZA,Algeria,MNA,LMC,2016,POSITIVE,24.4555924949313
CME_MRY0T4,Under-five mortality rate,"per 1,000 live births",CME,annual_modeled,DZA,Algeria,MNA,LMC,2017,POSITIVE,24.0348261165257
CME_MRY0T4,Under-five mortality rate,"per 1,000 live births",CME,annual_modeled,DZA,Algeria,MNA,LMC,2018,POSITIVE,23.6525446831753
CME_MRY0T4,Under-five mortality rate,"per 1,000 live births",CME,annual_modeled,DZA,Algeria,MNA,LMC,2019,POSITIVE,23.2817921196319
CME_MRY0T4,Under-five mortality rate,"per 1,000 live births",CME,annual_modeled,DZA,Algeria,MNA,LMC,2020,POSITIVE,22.9212293664691
CME_MRY0T4,Under-five mortality rate,"per 1,000 live births",CME,annual_modeled,DZA,Algeria,MNA,LMC,2021,POSITIVE,22.5991185296161
CME_MRY0T4,Under-five mortality rate,"per 1,000 live births",CME,annual_modeled,DZA,Algeria,MNA,LMC,2022,POSITIVE,22.2843959166658
CME_MRY0T4,Under-five mortality rate,"per 1,000 live births",CME,annual_modeled,DZA,Algeria,MNA,LMC,2023,POSITIVE,21.9786143991698
CME_MRY0T4,Under-five mortality rate,"per 1,000 live births",CME,annual_modeled,DZA,Algeria,MNA,LMC,2024,POSITIVE,21.6402794757543
CME_MRY0T4,Under-five mortality rate,"per 1,000 live births",CME,annual_modeled,LAO,Laos,EAP,LMC,2000,POSITIVE,100.123544257877
CME_MRY0T4,Under-five mortality rate,"per 1,000 live births",CME,annual_modeled,LAO,Laos,EAP,LMC,2001,POSITIVE,95.597156294953
CME_MRY0T4,Under-five mortality rate,"per 1,000 live births",CME,annual_modeled,LAO,Laos,EAP,LMC,2002,POSITIVE,91.0782466695601
CME_MRY0T4,Under-five mortality rate,"per 1,000 live births",CME,annual_modeled,LAO,Laos,EAP,LMC,2003,POSITIVE,86.5818243976725
CME_MRY0T4,Under-five mortality rate,"per 1,000 live births",CME,annual_modeled,LAO,Laos,EAP,LMC,2004,POSITIVE,82.1166220026598
CME_MRY0T4,Under-five mortality rate,"per 1,000 live births",CME,annual_modeled,LAO,Laos,EAP,LMC,2005,POSITIVE,77.72503233027
CME_MRY0T4,Under-five mortality rate,"per 1,000 live births",CME,annual_modeled,LAO,Laos,EAP,LMC,2006,POSITIVE,73.5069533353133
CME_MRY0T4,Under-five mortality rate,"per 1,000 live births",CME,annual_modeled,LAO,Laos,EAP,LMC,2007,POSITIVE,69.451247578756
CME_MRY0T4,Under-five mortality rate,"per 1,000 live births",CME,annual_modeled,LAO,Laos,EAP,LMC,2008,POSITIVE,65.516151342079
CME_MRY0T4,Under-five mortality rate,"per 1,000 live births",CME,annual_modeled,LAO,Laos,EAP,LMC,2009,POSITIVE,61.8084019926607
CME_MRY0T4,Under-five mortality rate,"per 1,000 live births",CME,annual_modeled,LAO,Laos,EAP,LMC,2010,POSITIVE,58.3738964407427
CME_MRY0T4,Under-five mortality rate,"per 1,000 live births",CME,annual_modeled,LAO,Laos,EAP,LMC,2011,POSITIVE,55.1476352609725
CME_MRY0T4,Under-five mortality rate,"per 1,000 live births",CME,annual_modeled,LAO,Laos,EAP,LMC,2012,POSITIVE,52.1425208242706
CME_MRY0T4,Under-five mortality rate,"per 1,000 live births",CME,annual_modeled,LAO,Laos,EAP,LMC,2013,POSITIVE,49.377446255645
CME_MRY0T4,Under-five mortality rate,"per 1,000 live births",CME,annual_modeled,LAO,Laos,EAP,LMC,2014,POSITIVE,46.8092290489945
CME_MRY0T4,Under-five mortality rate,"per 1,000 live births",CME,annual_modeled,LAO,Laos,EAP,LMC,2015,POSITIVE,44.4199778572623
CME_MRY0T4,Under-five mortality rate,"per 1,000 live births",CME,annual_modeled,LAO,Laos,EAP,LMC,2016,POSITIVE,42.2106931008809
CME_MRY0T4,Under-five mortality rate,"per 1,000 live births",CME,annual_modeled,LAO,Laos,EAP,LMC,2017,POSITIVE,40.1513465736214
CME_MRY0T4,Under-five mortality rate,"per 1,000 live births",CME,annual_modeled,LAO,Laos,EAP,LMC,2018,POSITIVE,38.2676738488799
CME_MRY0T4,Under-five mortality rate,"per 1,000 live births",CME,annual_modeled,LAO,Laos,EAP,LMC,2019,POSITIVE,36.4962348234433
CME_MRY0T4,Under-five mortality rate,"per 1,000 live births",CME,annual_modeled,LAO,Laos,EAP,LMC,2020,POSITIVE,34.8036470981919
CME_MRY0T4,Under-five mortality rate,"per 1,000 live births",CME,annual_modeled,LAO,Laos,EAP,LMC,2021,POSITIVE,33.2074922852914
CME_MRY0T4,Under-five mortality rate,"per 1,000 live births",CME,annual_modeled,LAO,Laos,EAP,LMC,2022,POSITIVE,31.7827758861718
CME_MRY0T4,Under-five mortality rate,"per 1,000 live births",CME,annual_modeled,LAO,Laos,EAP,LMC,2023,POSITIVE,30.5013883407787
CME_MRY0T4,Under-five mortality rate,"per 1,000 live births",CME,annual_modeled,LAO,Laos,EAP,LMC,2024,POSITIVE,29.3500559642661
CME_MRY0T4,Under-five mortality rate,"per 1,000 live births",CME,annual_modeled,KGZ,Kyrgyzstan,ECA,LMC,2000,POSITIVE,50.8076329347685
CME_MRY0T4,Under-five mortality rate,"per 1,000 live births",CME,annual_modeled,KGZ,Kyrgyzstan,ECA,LMC,2001,POSITIVE,48.0988089054135
CME_MRY0T4,Under-five mortality rate,"per 1,000 live births",CME,annual_modeled,KGZ,Kyrgyzstan,ECA,LMC,2002,POSITIVE,45.4725409196708
CME_MRY0T4,Under-five mortality rate,"per 1,000 live births",CME,annual_modeled,KGZ,Kyrgyzstan,ECA,LMC,2003,POSITIVE,42.9915720990887
CME_MRY0T4,Under-five mortality rate,"per 1,000 live births",CME,annual_modeled,KGZ,Kyrgyzstan,ECA,LMC,2004,POSITIVE,40.8760519220285
CME_MRY0T4,Under-five mortality rate,"per 1,000 live births",CME,annual_modeled,KGZ,Kyrgyzstan,ECA,LMC,2005,POSITIVE,39.17778494397
CME_MRY0T4,Under-five mortality rate,"per 1,000 live births",CME,annual_modeled,KGZ,Kyrgyzstan,ECA,LMC,2006,POSITIVE,37.6243034832388
CME_MRY0T4,Under-five mortality rate,"per 1,000 live births",CME,annual_modeled,KGZ,Kyrgyzstan,ECA,LMC,2007,POSITIVE,35.8820731629863
CME_MRY0T4,Under-five mortality rate,"per 1,000 live births",CME,annual_modeled,KGZ,Kyrgyzstan,ECA,LMC,2008,POSITIVE,33.7998822523113
CME_MRY0T4,Under-five mortality rate,"per 1,000 live births",CME,annual_modeled,KGZ,Kyrgyzstan,ECA,LMC,2009,POSITIVE,31.5909640661617
CME_MRY0T4,Under-five mortality rate,"per 1,000 live births",CME,annual_modeled,KGZ,Kyrgyzstan,ECA,LMC,2010,POSITIVE,29.4761011134261
CME_MRY0T4,Under-five mortality rate,"per 1,000 live births",CME,annual_modeled,KGZ,Kyrgyzstan,ECA,LMC,2011,POSITIVE,27.5779490195009
CME_MRY0T4,Under-five mortality rate,"per 1,000 live births",CME,annual_modeled,KGZ,Kyrgyzstan,ECA,LMC,2012,POSITIVE,26.0041208910064
CME_MRY0T4,Under-five mortality rate,"per 1,000 live births",CME,annual_modeled,KGZ,Kyrgyzstan,ECA,LMC,2013,POSITIVE,24.7091769981576
CME_MRY0T4,Under-five mortality rate,"per 1,000 live births",CME,annual_modeled,KGZ,Kyrgyzstan,ECA,LMC,2014,POSITIVE,23.5169454380871
CME_MRY0T4,Under-five mortality rate,"per 1,000 live births",CME,annual_modeled,KGZ,Kyrgyzstan,ECA,LMC,2015,POSITIVE,22.3069033716848
CME_MRY0T4,Under-five mortality rate,"per 1,000 live births",CME,annual_modeled,KGZ,Kyrgyzstan,ECA,LMC,2016,POSITIVE,21.0885276876973
CME_MRY0T4,Under-five mortality rate,"per 1,000 live births",CME,annual_modeled,KGZ,Kyrgyzstan,ECA,LMC,2017,POSITIVE,19.9689327084252
CME_MRY0T4,Under-five mortality rate,"per 1,000 live births",CME,annual_modeled,KGZ,Kyrgyzstan,ECA,LMC,2018,POSITIVE,19.0207551674362
CME_MRY0T4,Under-five mortality rate,"per 1,000 live births",CME,annual_modeled,KGZ,Kyrgyzstan,ECA,LMC,2019,POSITIVE,18.3039786673188
CME_MRY0T4,Under-five mortality rate,"per 1,000 live births",CME,annual_modeled,KGZ,Kyrgyzstan,ECA,LMC,2020,POSITIVE,17.8145721560973
CME_MRY0T4,Under-five mortality rate,"per 1,000 live births",CME,annual_modeled,KGZ,Kyrgyzstan,ECA,LMC,2021,POSITIVE,17.4823114759341
CME_MRY0T4,Under-five mortality rate,"per 1,000 live births",CME,annual_modeled,KGZ,Kyrgyzstan,ECA,LMC,2022,POSITIVE,17.2515805778237
CME_MRY0T4,Under-five mortality rate,"per 1,000 live births",CME,annual_modeled,KGZ,Kyrgyzstan,ECA,LMC,2023,POSITIVE,17.0301214497739
CME_MRY0T4,Under-five mortality rate,"per 1,000 live births",CME,annual_modeled,KGZ,Kyrgyzstan,ECA,LMC,2024,POSITIVE,16.7820696454905
CME_MRY0T4,Under-five mortality rate,"per 1,000 live births",CME,annual_modeled,TJK,Tajikistan,ECA,LMC,2000,POSITIVE,78.372307237531
CME_MRY0T4,Under-five mortality rate,"per 1,000 live births",CME,annual_modeled,TJK,Tajikistan,ECA,LMC,2001,POSITIVE,71.8056532026745
CME_MRY0T4,Under-five mortality rate,"per 1,000 live births",CME,annual_modeled,TJK,Tajikistan,ECA,LMC,2002,POSITIVE,65.5648120932225
CME_MRY0T4,Under-five mortality rate,"per 1,000 live births",CME,annual_modeled,TJK,Tajikistan,ECA,LMC,2003,POSITIVE,59.7763246728147
CME_MRY0T4,Under-five mortality rate,"per 1,000 live births",CME,annual_modeled,TJK,Tajikistan,ECA,LMC,2004,POSITIVE,54.6181692076256
CME_MRY0T4,Under-five mortality rate,"per 1,000 live births",CME,annual_modeled,TJK,Tajikistan,ECA,LMC,2005,POSITIVE,50.3031247880507
CME_MRY0T4,Under-five mortality rate,"per 1,000 live births",CME,annual_modeled,TJK,Tajikistan,ECA,LMC,2006,POSITIVE,46.59357616907
CME_MRY0T4,Under-five mortality rate,"per 1,000 live births",CME,annual_modeled,TJK,Tajikistan,ECA,LMC,2007,POSITIVE,43.603442136209
CME_MRY0T4,Under-five mortality rate,"per 1,000 live births",CME,annual_modeled,TJK,Tajikistan,ECA,LMC,2008,POSITIVE,41.234193798505
CME_MRY0T4,Under-five mortality rate,"per 1,000 live births",CME,annual_modeled,TJK,Tajikistan,ECA,LMC,2009,POSITIVE,39.2829362033096
CME_MRY0T4,Under-five mortality rate,"per 1,000 live births",CME,annual_modeled,TJK,Tajikistan,ECA,LMC,2010,POSITIVE,37.6350537639531
CME_MRY0T4,Under-five mortality rate,"per 1,000 live births",CME,annual_modeled,TJK,Tajikistan,ECA,LMC,2011,POSITIVE,36.231097003004
CME_MRY0T4,Under-five mortality rate,"per 1,000 live births",CME,annual_modeled,TJK,Tajikistan,ECA,LMC,2012,POSITIVE,35.0421039033707
CME_MRY0T4,Under-five mortality rate,"per 1,000 live births",CME,annual_modeled,TJK,Tajikistan,ECA,LMC,2013,POSITIVE,33.9689520625327
CME_MRY0T4,Under-five mortality rate,"per 1,000 live births",CME,annual_modeled,TJK,Tajikistan,ECA,LMC,2014,POSITIVE,33.0150515020226
CME_MRY0T4,Under-five mortality rate,"per 1,000 live births",CME,annual_modeled,TJK,Tajikistan,ECA,LMC,2015,POSITIVE,32.2140674844265
CME_MRY0T4,Under-five mortality rate,"per 1,000 live births",CME,annual_modeled,TJK,Tajikistan,ECA,LMC,2016,POSITIVE,31.5374355550252
CME_MRY0T4,Under-five mortality rate,"per 1,000 live births",CME,annual_modeled,TJK,Tajikistan,ECA,LMC,2017,POSITIVE,31.0245093569692
CME_MRY0T4,Under-five mortality rate,"per 1,000 live births",CME,annual_modeled,TJK,Tajikistan,ECA,LMC,2018,POSITIVE,30.6841463940065
CME_MRY0T4,Under-five mortality rate,"per 1,000 live births",CME,annual_modeled,TJK,Tajikistan,ECA,LMC,2019,POSITIVE,30.3706050536241
CME_MRY0T4,Under-five mortality rate,"per 1,000 live births",CME,annual_modeled,TJK,Tajikistan,ECA,LMC,2020,POSITIVE,30.095915128443
CME_MRY0T4,Under-five mortality rate,"per 1,000 live births",CME,annual_modeled,TJK,Tajikistan,ECA,LMC,2021,POSITIVE,29.7748617667044
CME_MRY0T4,Under-five mortality rate,"per 1,000 live births",CME,annual_modeled,TJK,Tajikistan,ECA,LMC,2022,POSITIVE,29.3566733854952
CME_MRY0T4,Under-five mortality rate,"per 1,000 live births",CME,annual_modeled,TJK,Tajikistan,ECA,LMC,2023,POSITIVE,28.7569950508052
CME_MRY0T4,Under-five mortality rate,"per 1,000 live births",CME,annual_modeled,TJK,Tajikistan,ECA,LMC,2024,POSITIVE,28.1262415854691
CME_MRY0T4,Under-five mortality rate,"per 1,000 live births",CME,annual_modeled,IRN,Iran,MNA,UMC,2000,POSITIVE,36.360060833214
CME_MRY0T4,Under-five mortality rate,"per 1,000 live births",CME,annual_modeled,IRN,Iran,MNA,UMC,2001,POSITIVE,34.3256717199405
CME_MRY0T4,Under-five mortality rate,"per 1,000 live births",CME,annual_modeled,IRN,Iran,MNA,UMC,2002,POSITIVE,32.281272690941
CME_MRY0T4,Under-five mortality rate,"per 1,000 live births",CME,annual_modeled,IRN,Iran,MNA,UMC,2003,POSITIVE,30.2525691853691
CME_MRY0T4,Under-five mortality rate,"per 1,000 live births",CME,annual_modeled,IRN,Iran,MNA,UMC,2004,POSITIVE,28.2999973040471
CME_MRY0T4,Under-five mortality rate,"per 1,000 live births",CME,annual_modeled,IRN,Iran,MNA,UMC,2005,POSITIVE,26.4655478025803
CME_MRY0T4,Under-five mortality rate,"per 1,000 live births",CME,annual_modeled,IRN,Iran,MNA,UMC,2006,POSITIVE,24.7448855340757
CME_MRY0T4,Under-five mortality rate,"per 1,000 live births",CME,annual_modeled,IRN,Iran,MNA,UMC,2007,POSITIVE,23.1388224300769
CME_MRY0T4,Under-five mortality rate,"per 1,000 live births",CME,annual_modeled,IRN,Iran,MNA,UMC,2008,POSITIVE,21.677150990483
CME_MRY0T4,Under-five mortality rate,"per 1,000 live births",CME,annual_modeled,IRN,Iran,MNA,UMC,2009,POSITIVE,20.3791785877568
CME_MRY0T4,Under-five mortality rate,"per 1,000 live births",CME,annual_modeled,IRN,Iran,MNA,UMC,2010,POSITIVE,19.2792303297288
CME_MRY0T4,Under-five mortality rate,"per 1,000 live births",CME,annual_modeled,IRN,Iran,MNA,UMC,2011,POSITIVE,18.3428249243399
CME_MRY0T4,Under-five mortality rate,"per 1,000 live births",CME,annual_modeled,IRN,Iran,MNA,UMC,2012,POSITIVE,17.5269985068247
CME_MRY0T4,Under-five mortality rate,"per 1,000 live births",CME,annual_modeled,IRN,Iran,MNA,UMC,2013,POSITIVE,16.7857473368871
CME_MRY0T4,Under-five mortality rate,"per 1,000 live births",CME,annual_modeled,IRN,Iran,MNA,UMC,2014,POSITIVE,16.1395600002454
CME_MRY0T4,Under-five mortality rate,"per 1,000 live births",CME,annual_modeled,IRN,Iran,MNA,UMC,2015,POSITIVE,15.5127168032194
CME_MRY0T4,Under-five mortality rate,"per 1,000 live births",CME,annual_modeled,IRN,Iran,MNA,UMC,2016,POSITIVE,14.9233623560012
CME_MRY0T4,Under-five mortality rate,"per 1,000 live births",CME,annual_modeled,IRN,Iran,MNA,UMC,2017,POSITIVE,14.3794834693739
CME_MRY0T4,Under-five mortality rate,"per 1,000 live births",CME,annual_modeled,IRN,Iran,MNA,UMC,2018,POSITIVE,13.883664384902
CME_MRY0T4,Under-five mortality rate,"per 1,000 live births",CME,annual_modeled,IRN,Iran,MNA,UMC,2019,POSITIVE,13.395333274947
CME_MRY0T4,Under-five mortality rate,"per 1,000 live births",CME,annual_modeled,IRN,Iran,MNA,UMC,2020,POSITIVE,12.9653536787048
CME_MRY0T4,Under-five mortality rate,"per 1,000 live births",CME,annual_modeled,IRN,Iran,MNA,UMC,2021,POSITIVE,12.563891612789
CME_MRY0T4,Under-five mortality rate,"per 1,000 live births",CME,annual_modeled,IRN,Iran,MNA,UMC,2022,POSITIVE,12.1068409357421
CME_MRY0T4,Under-five mortality rate,"per 1,000 live births",CME,annual_modeled,IRN,Iran,MNA,UMC,2023,POSITIVE,11.6924686497726
CME_MRY0T4,Under-five mortality rate,"per 1,000 live births",CME,annual_modeled,IRN,Iran,MNA,UMC,2024,POSITIVE,11.3243310941823
CME_MRY0T4,Under-five mortality rate,"per 1,000 live births",CME,annual_modeled,AZE,Azerbaijan,ECA,UMC,2000,POSITIVE,74.3050754350011
CME_MRY0T4,Under-five mortality rate,"per 1,000 live births",CME,annual_modeled,AZE,Azerbaijan,ECA,UMC,2001,POSITIVE,69.2909675056208
CME_MRY0T4,Under-five mortality rate,"per 1,000 live births",CME,annual_modeled,AZE,Azerbaijan,ECA,UMC,2002,POSITIVE,64.3985865119822
CME_MRY0T4,Under-five mortality rate,"per 1,000 live births",CME,annual_modeled,AZE,Azerbaijan,ECA,UMC,2003,POSITIVE,59.9496725338175
CME_MRY0T4,Under-five mortality rate,"per 1,000 live births",CME,annual_modeled,AZE,Azerbaijan,ECA,UMC,2004,POSITIVE,55.8389529340196
CME_MRY0T4,Under-five mortality rate,"per 1,000 live births",CME,annual_modeled,AZE,Azerbaijan,ECA,UMC,2005,POSITIVE,52.0926415898216
CME_MRY0T4,Under-five mortality rate,"per 1,000 live births",CME,annual_modeled,AZE,Azerbaijan,ECA,UMC,2006,POSITIVE,48.7156103756443
CME_MRY0T4,Under-five mortality rate,"per 1,000 live births",CME,annual_modeled,AZE,Azerbaijan,ECA,UMC,2007,POSITIVE,45.6517686323439
CME_MRY0T4,Under-five mortality rate,"per 1,000 live births",CME,annual_modeled,AZE,Azerbaijan,ECA,UMC,2008,POSITIVE,42.8713680278591
CME_MRY0T4,Under-five mortality rate,"per 1,000 live births",CME,annual_modeled,AZE,Azerbaijan,ECA,UMC,2009,POSITIVE,40.2306577138768
CME_MRY0T4,Under-five mortality rate,"per 1,000 live births",CME,annual_modeled,AZE,Azerbaijan,ECA,UMC,2010,POSITIVE,37.7505486790492
CME_MRY0T4,Under-five mortality rate,"per 1,000 live births",CME,annual_modeled,AZE,Azerbaijan,ECA,UMC,2011,POSITIVE,35.4535792229331
CME_MRY0T4,Under-five mortality rate,"per 1,000 live births",CME,annual_modeled,AZE,Azerbaijan,ECA,UMC,2012,POSITIVE,33.3611022813874
CME_MRY0T4,Under-five mortality rate,"per 1,000 live births",CME,annual_modeled,AZE,Azerbaijan,ECA,UMC,2013,POSITIVE,31.4090070652012
CME_MRY0T4,Under-five mortality rate,"per 1,000 live births",CME,annual_modeled,AZE,Azerbaijan,ECA,UMC,2014,POSITIVE,29.6197803731824
CME_MRY0T4,Under-five mortality rate,"per 1,000 live births",CME,annual_modeled,AZE,Azerbaijan,ECA,UMC,2015,POSITIVE,27.9482290281728
CME_MRY0T4,Under-five mortality rate,"per 1,000 live births",CME,annual_modeled,AZE,Azerbaijan,ECA,UMC,2016,POSITIVE,26.4573762941773
CME_MRY0T4,Under-five mortality rate,"per 1,000 live births",CME,annual_modeled,AZE,Azerbaijan,ECA,UMC,2017,POSITIVE,25.115295322547
CME_MRY0T4,Under-five mortality rate,"per 1,000 live births",CME,annual_modeled,AZE,Azerbaijan,ECA,UMC,2018,POSITIVE,23.8288675481992
CME_MRY0T4,Under-five mortality rate,"per 1,000 live births",CME,annual_modeled,AZE,Azerbaijan,ECA,UMC,2019,POSITIVE,22.6534359098679
CME_MRY0T4,Under-five mortality rate,"per 1,000 live births",CME,annual_modeled,AZE,Azerbaijan,ECA,UMC,2020,POSITIVE,21.5425797897047
CME_MRY0T4,Under-five mortality rate,"per 1,000 live births",CME,annual_modeled,AZE,Azerbaijan,ECA,UMC,2021,POSITIVE,20.5436338243352
CME_MRY0T4,Under-five mortality rate,"per 1,000 live births",CME,annual_modeled,AZE,Azerbaijan,ECA,UMC,2022,POSITIVE,19.5926591066671
CME_MRY0T4,Under-five mortality rate,"per 1,000 live births",CME,annual_modeled,AZE,Azerbaijan,ECA,UMC,2023,POSITIVE,18.742526934821
CME_MRY0T4,Under-five mortality rate,"per 1,000 live births",CME,annual_modeled,AZE,Azerbaijan,ECA,UMC,2024,POSITIVE,17.8872423134013
CME_MRY0T4,Under-five mortality rate,"per 1,000 live births",CME,annual_modeled,GEO,Georgia,ECA,UMC,2000,POSITIVE,35.835625194041
CME_MRY0T4,Under-five mortality rate,"per 1,000 live births",CME,annual_modeled,GEO,Georgia,ECA,UMC,2001,POSITIVE,33.4154377970847
CME_MRY0T4,Under-five mortality rate,"per 1,000 live births",CME,annual_modeled,GEO,Georgia,ECA,UMC,2002,POSITIVE,30.8778665599606
CME_MRY0T4,Under-five mortality rate,"per 1,000 live births",CME,annual_modeled,GEO,Georgia,ECA,UMC,2003,POSITIVE,28.3251884787828
CME_MRY0T4,Under-five mortality rate,"per 1,000 live births",CME,annual_modeled,GEO,Georgia,ECA,UMC,2004,POSITIVE,25.7634364255077
CME_MRY0T4,Under-five mortality rate,"per 1,000 live births",CME,annual_modeled,GEO,Georgia,ECA,UMC,2005,POSITIVE,23.2961463538782
CME_MRY0T4,Under-five mortality rate,"per 1,000 live births",CME,annual_modeled,GEO,Georgia,ECA,UMC,2006,POSITIVE,21.0166018564002
CME_MRY0T4,Under-five mortality rate,"per 1,000 live births",CME,annual_modeled,GEO,Georgia,ECA,UMC,2007,POSITIVE,18.9500169555111
CME_MRY0T4,Under-five mortality rate,"per 1,000 live births",CME,annual_modeled,GEO,Georgia,ECA,UMC,2008,POSITIVE,17.1216404887335
CME_MRY0T4,Under-five mortality rate,"per 1,000 live births",CME,annual_modeled,GEO,Georgia,ECA,UMC,2009,POSITIVE,15.5391054605976
CME_MRY0T4,Under-five mortality rate,"per 1,000 live births",CME,annual_modeled,GEO,Georgia,ECA,UMC,2010,POSITIVE,14.2025786625578
CME_MRY0T4,Under-five mortality rate,"per 1,000 live births",CME,annual_modeled,GEO,Georgia,ECA,UMC,2011,POSITIVE,13.0900251361383
CME_MRY0T4,Under-five mortality rate,"per 1,000 live births",CME,annual_modeled,GEO,Georgia,ECA,UMC,2012,POSITIVE,12.1918291447245
CME_MRY0T4,Under-five mortality rate,"per 1,000 live births",CME,annual_modeled,GEO,Georgia,ECA,UMC,2013,POSITIVE,11.4930963001773
CME_MRY0T4,Under-five mortality rate,"per 1,000 live births",CME,annual_modeled,GEO,Georgia,ECA,UMC,2014,POSITIVE,10.9599106333718
CME_MRY0T4,Under-five mortality rate,"per 1,000 live births",CME,annual_modeled,GEO,Georgia,ECA,UMC,2015,POSITIVE,10.554772906493
CME_MRY0T4,Under-five mortality rate,"per 1,000 live births",CME,annual_modeled,GEO,Georgia,ECA,UMC,2016,POSITIVE,10.2485817919503
CME_MRY0T4,Under-five mortality rate,"per 1,000 live births",CME,annual_modeled,GEO,Georgia,ECA,UMC,2017,POSITIVE,10.0014737451481
CME_MRY0T4,Under-five mortality rate,"per 1,000 live births",CME,annual_modeled,GEO,Georgia,ECA,UMC,2018,POSITIVE,9.78452789780895
CME_MRY0T4,Under-five mortality rate,"per 1,000 live births",CME,annual_modeled,GEO,Georgia,ECA,UMC,2019,POSITIVE,9.57438726816969
CME_MRY0T4,Under-five mortality rate,"per 1,000 live births",CME,annual_modeled,GEO,Georgia,ECA,UMC,2020,POSITIVE,9.36988394019467
CME_MRY0T4,Under-five mortality rate,"per 1,000 live births",CME,annual_modeled,GEO,Georgia,ECA,UMC,2021,POSITIVE,9.17198740090774
CME_MRY0T4,Under-five mortality rate,"per 1,000 live births",CME,annual_modeled,GEO,Georgia,ECA,UMC,2022,POSITIVE,8.98116745133244
CME_MRY0T4,Under-five mortality rate,"per 1,000 live births",CME,annual_modeled,GEO,Georgia,ECA,UMC,2023,POSITIVE,8.79061082856985
CME_MRY0T4,Under-five mortality rate,"per 1,000 live births",CME,annual_modeled,GEO,Georgia,ECA,UMC,2024,POSITIVE,8.59532865030026
CME_MRY0T4,Under-five mortality rate,"per 1,000 live births",CME,annual_modeled,ALB,Albania,ECA,UMC,2000,POSITIVE,26.9688398690634
CME_MRY0T4,Under-five mortality rate,"per 1,000 live births",CME,annual_modeled,ALB,Albania,ECA,UMC,2001,POSITIVE,25.6239508820418
CME_MRY0T4,Under-five mortality rate,"per 1,000 live births",CME,annual_modeled,ALB,Albania,ECA,UMC,2002,POSITIVE,24.2575492620097
CME_MRY0T4,Under-five mortality rate,"per 1,000 live births",CME,annual_modeled,ALB,Albania,ECA,UMC,2003,POSITIVE,22.8518524556758
CME_MRY0T4,Under-five mortality rate,"per 1,000 live births",CME,annual_modeled,ALB,Albania,ECA,UMC,2004,POSITIVE,21.4132467072085
CME_MRY0T4,Under-five mortality rate,"per 1,000 live births",CME,annual_modeled,ALB,Albania,ECA,UMC,2005,POSITIVE,19.9592002521699
CME_MRY0T4,Under-five mortality rate,"per 1,000 live births",CME,annual_modeled,ALB,Albania,ECA,UMC,2006,POSITIVE,18.5097195342497
CME_MRY0T4,Under-five mortality rate,"per 1,000 live births",CME,annual_modeled,ALB,Albania,ECA,UMC,2007,POSITIVE,17.1033827588556
CME_MRY0T4,Under-five mortality rate,"per 1,000 live births",CME,annual_modeled,ALB,Albania,ECA,UMC,2008,POSITIVE,15.7640673293259
CME_MRY0T4,Under-five mortality rate,"per 1,000 live births",CME,annual_modeled,ALB,Albania,ECA,UMC,2009,POSITIVE,14.486812930077
CME_MRY0T4,Under-five mortality rate,"per 1,000 live births",CME,annual_modeled,ALB,Albania,ECA,UMC,2010,POSITIVE,13.2803295959687
CME_MRY0T4,Under-five mortality rate,"per 1,000 live births",CME,annual_modeled,ALB,Albania,ECA,UMC,2011,POSITIVE,12.1725325701359
CME_MRY0T4,Under-five mortality rate,"per 1,000 live births",CME,annual_modeled,ALB,Albania,ECA,UMC,2012,POSITIVE,11.220986192476
CME_MRY0T4,Under-five mortality rate,"per 1,000 live births",CME,annual_modeled,ALB,Albania,ECA,UMC,2013,POSITIVE,10.4771536390163
CME_MRY0T4,Under-five mortality rate,"per 1,000 live births",CME,annual_modeled,ALB,Albania,ECA,UMC,2014,POSITIVE,9.93481733243303
CME_MRY0T4,Under-five mortality rate,"per 1,000 live births",CME,annual_modeled,ALB,Albania,ECA,UMC,2015,POSITIVE,9.5862628554266
CME_MRY0T4,Under-five mortality rate,"per 1,000 live births",CME,annual_modeled,ALB,Albania,ECA,UMC,2016,POSITIVE,9.40075265965331
CME_MRY0T4,Under-five mortality rate,"per 1,000 live births",CME,annual_modeled,ALB,Albania,ECA,UMC,2017,POSITIVE,9.3363070136672
CME_MRY0T4,Under-five mortality rate,"per 1,000 live births",CME,annual_modeled,ALB,Albania,ECA,UMC,2018,POSITIVE,9.34431410257931
CME_MRY0T4,Under-five mortality rate,"per 1,000 live births",CME,annual_modeled,ALB,Albania,ECA,UMC,2019,POSITIVE,9.38666962804236
CME_MRY0T4,Under-five mortality rate,"per 1,000 live births",CME,annual_modeled,ALB,Albania,ECA,UMC,2020,POSITIVE,9.43527214299489
CME_MRY0T4,Under-five mortality rate,"per 1,000 live births",CME,annual_modeled,ALB,Albania,ECA,UMC,2021,POSITIVE,9.45683249358583
CME_MRY0T4,Under-five mortality rate,"per 1,000 live births",CME,annual_modeled,ALB,Albania,ECA,UMC,2022,POSITIVE,9.43638524515984
CME_MRY0T4,Under-five mortality rate,"per 1,000 live births",CME,annual_modeled,ALB,Albania,ECA,UMC,2023,POSITIVE,9.35723908797041
CME_MRY0T4,Under-five mortality rate,"per 1,000 live births",CME,annual_modeled,ALB,Albania,ECA,UMC,2024,POSITIVE,9.22708033362451
CME_MRY0T4,Under-five mortality rate,"per 1,000 live births",CME,annual_modeled,BLR,Belarus,ECA,UMC,2000,POSITIVE,12.7619260597762
CME_MRY0T4,Under-five mortality rate,"per 1,000 live births",CME,annual_modeled,BLR,Belarus,ECA,UMC,2001,POSITIVE,11.8313034101308
CME_MRY0T4,Under-five mortality rate,"per 1,000 live births",CME,annual_modeled,BLR,Belarus,ECA,UMC,2002,POSITIVE,10.9457755663546
CME_MRY0T4,Under-five mortality rate,"per 1,000 live births",CME,annual_modeled,BLR,Belarus,ECA,UMC,2003,POSITIVE,10.148280550273
CME_MRY0T4,Under-five mortality rate,"per 1,000 live births",CME,annual_modeled,BLR,Belarus,ECA,UMC,2004,POSITIVE,9.43167580104528
CME_MRY0T4,Under-five mortality rate,"per 1,000 live births",CME,annual_modeled,BLR,Belarus,ECA,UMC,2005,POSITIVE,8.73509936229358
CME_MRY0T4,Under-five mortality rate,"per 1,000 live births",CME,annual_modeled,BLR,Belarus,ECA,UMC,2006,POSITIVE,8.01286672674611
CME_MRY0T4,Under-five mortality rate,"per 1,000 live births",CME,annual_modeled,BLR,Belarus,ECA,UMC,2007,POSITIVE,7.29464568521271
CME_MRY0T4,Under-five mortality rate,"per 1,000 live births",CME,annual_modeled,BLR,Belarus,ECA,UMC,2008,POSITIVE,6.63990708287133
CME_MRY0T4,Under-five mortality rate,"per 1,000 live births",CME,annual_modeled,BLR,Belarus,ECA,UMC,2009,POSITIVE,6.07378138882228
CME_MRY0T4,Under-five mortality rate,"per 1,000 live births",CME,annual_modeled,BLR,Belarus,ECA,UMC,2010,POSITIVE,5.59327825106657
CME_MRY0T4,Under-five mortality rate,"per 1,000 live births",CME,annual_modeled,BLR,Belarus,ECA,UMC,2011,POSITIVE,5.19184511565271
CME_MRY0T4,Under-five mortality rate,"per 1,000 live births",CME,annual_modeled,BLR,Belarus,ECA,UMC,2012,POSITIVE,4.85941045363393
CME_MRY0T4,Under-five mortality rate,"per 1,000 live births",CME,annual_modeled,BLR,Belarus,ECA,UMC,2013,POSITIVE,4.57510530186479
CME_MRY0T4,Under-five mortality rate,"per 1,000 live births",CME,annual_modeled,BLR,Belarus,ECA,UMC,2014,POSITIVE,4.32499121540756
CME_MRY0T4,Under-five mortality rate,"per 1,000 live births",CME,annual_modeled,BLR,Belarus,ECA,UMC,2015,POSITIVE,4.08852595216743
CME_MRY0T4,Under-five mortality rate,"per 1,000 live births",CME,annual_modeled,BLR,Belarus,ECA,UMC,2016,POSITIVE,3.85431203029741
CME_MRY0T4,Under-five mortality rate,"per 1,000 live births",CME,annual_modeled,BLR,Belarus,ECA,UMC,2017,POSITIVE,3.61598935223163
CME_MRY0T4,Under-five mortality rate,"per 1,000 live births",CME,annual_modeled,BLR,Belarus,ECA,UMC,2018,POSITIVE,3.37140593592246
CME_MRY0T4,Under-five mortality rate,"per 1,000 live births",CME,annual_modeled,BLR,Belarus,ECA,UMC,2019,POSITIVE,3.13064369573523
CME_MRY0T4,Under-five mortality rate,"per 1,000 live births",CME,annual_modeled,BLR,Belarus,ECA,UMC,2020,POSITIVE,2.90968501681381
CME_MRY0T4,Under-five mortality rate,"per 1,000 live births",CME,annual_modeled,BLR,Belarus,ECA,UMC,2021,POSITIVE,2.72991756453827
CME_MRY0T4,Under-five mortality rate,"per 1,000 live births",CME,annual_modeled,BLR,Belarus,ECA,UMC,2022,POSITIVE,2.57839583276599
CME_MRY0T4,Under-five mortality rate,"per 1,000 live births",CME,annual_modeled,BLR,Belarus,ECA,UMC,2023,POSITIVE,2.44868474128095
CME_MRY0T4,Under-five mortality rate,"per 1,000 live births",CME,annual_modeled,BLR,Belarus,ECA,UMC,2024,POSITIVE,2.33133623833552
CME_MRY0T4,Under-five mortality rate,"per 1,000 live births",CME,annual_modeled,KWT,Kuwait,MNA,HIC,2000,POSITIVE,12.7430607837139
CME_MRY0T4,Under-five mortality rate,"per 1,000 live births",CME,annual_modeled,KWT,Kuwait,MNA,HIC,2001,POSITIVE,12.5101790097518
CME_MRY0T4,Under-five mortality rate,"per 1,000 live births",CME,annual_modeled,KWT,Kuwait,MNA,HIC,2002,POSITIVE,12.3339685149969
CME_MRY0T4,Under-five mortality rate,"per 1,000 live births",CME,annual_modeled,KWT,Kuwait,MNA,HIC,2003,POSITIVE,12.1549518742874
CME_MRY0T4,Under-five mortality rate,"per 1,000 live births",CME,annual_modeled,KWT,Kuwait,MNA,HIC,2004,POSITIVE,11.9532378742435
CME_MRY0T4,Under-five mortality rate,"per 1,000 live births",CME,annual_modeled,KWT,Kuwait,MNA,HIC,2005,POSITIVE,11.7575668789229
CME_MRY0T4,Under-five mortality rate,"per 1,000 live births",CME,annual_modeled,KWT,Kuwait,MNA,HIC,2006,POSITIVE,11.5855351937371
CME_MRY0T4,Under-five mortality rate,"per 1,000 live births",CME,annual_modeled,KWT,Kuwait,MNA,HIC,2007,POSITIVE,11.4302433744601
CME_MRY0T4,Under-five mortality rate,"per 1,000 live births",CME,annual_modeled,KWT,Kuwait,MNA,HIC,2008,POSITIVE,11.2441694247657
CME_MRY0T4,Under-five mortality rate,"per 1,000 live births",CME,annual_modeled,KWT,Kuwait,MNA,HIC,2009,POSITIVE,11.0090678765967
CME_MRY0T4,Under-five mortality rate,"per 1,000 live births",CME,annual_modeled,KWT,Kuwait,MNA,HIC,2010,POSITIVE,10.7079546783878
CME_MRY0T4,Under-five mortality rate,"per 1,000 live births",CME,annual_modeled,KWT,Kuwait,MNA,HIC,2011,POSITIVE,10.3413396749577
CME_MRY0T4,Under-five mortality rate,"per 1,000 live births",CME,annual_modeled,KWT,Kuwait,MNA,HIC,2012,POSITIVE,9.95471721138064
CME_MRY0T4,Under-five mortality rate,"per 1,000 live births",CME,annual_modeled,KWT,Kuwait,MNA,HIC,2013,POSITIVE,9.60707532433388
CME_MRY0T4,Under-five mortality rate,"per 1,000 live births",CME,annual_modeled,KWT,Kuwait,MNA,HIC,2014,POSITIVE,9.33004101266562
CME_MRY0T4,Under-five mortality rate,"per 1,000 live births",CME,annual_modeled,KWT,Kuwait,MNA,HIC,2015,POSITIVE,9.13123696037385
CME_MRY0T4,Under-five mortality rate,"per 1,000 live births",CME,annual_modeled,KWT,Kuwait,MNA,HIC,2016,POSITIVE,9.00189857726227
CME_MRY0T4,Under-five mortality rate,"per 1,000 live births",CME,annual_modeled,KWT,Kuwait,MNA,HIC,2017,POSITIVE,8.93034635238227
CME_MRY0T4,Under-five mortality rate,"per 1,000 live births",CME,annual_modeled,KWT,Kuwait,MNA,HIC,2018,POSITIVE,8.89204118998307
CME_MRY0T4,Under-five mortality rate,"per 1,000 live births",CME,annual_modeled,KWT,Kuwait,MNA,HIC,2019,POSITIVE,8.86558511616194
CME_MRY0T4,Under-five mortality rate,"per 1,000 live births",CME,annual_modeled,KWT,Kuwait,MNA,HIC,2020,POSITIVE,8.81797703675917
CME_MRY0T4,Under-five mortality rate,"per 1,000 live births",CME,annual_modeled,KWT,Kuwait,MNA,HIC,2021,POSITIVE,8.71890818089852
CME_MRY0T4,Under-five mortality rate,"per 1,000 live births",CME,annual_modeled,KWT,Kuwait,MNA,HIC,2022,POSITIVE,8.56134801115511
CME_MRY0T4,Under-five mortality rate,"per 1,000 live births",CME,annual_modeled,KWT,Kuwait,MNA,HIC,2023,POSITIVE,8.35343225040891
CME_MRY0T4,Under-five mortality rate,"per 1,000 live births",CME,annual_modeled,KWT,Kuwait,MNA,HIC,2024,POSITIVE,8.10382261436074
CME_MRY0T4,Under-five mortality rate,"per 1,000 live births",CME,annual_modeled,BHR,Bahrain,MNA,HIC,2000,POSITIVE,12.4996896785114
CME_MRY0T4,Under-five mortality rate,"per 1,000 live births",CME,annual_modeled,BHR,Bahrain,MNA,HIC,2001,POSITIVE,11.9862347599269
CME_MRY0T4,Under-five mortality rate,"per 1,000 live births",CME,annual_modeled,BHR,Bahrain,MNA,HIC,2002,POSITIVE,11.5965255553284
CME_MRY0T4,Under-five mortality rate,"per 1,000 live births",CME,annual_modeled,BHR,Bahrain,MNA,HIC,2003,POSITIVE,11.2699453718843
CME_MRY0T4,Under-five mortality rate,"per 1,000 live births",CME,annual_modeled,BHR,Bahrain,MNA,HIC,2004,POSITIVE,10.9609346373107
CME_MRY0T4,Under-five mortality rate,"per 1,000 live births",CME,annual_modeled,BHR,Bahrain,MNA,HIC,2005,POSITIVE,10.626077708419
CME_MRY0T4,Under-five mortality rate,"per 1,000 live births",CME,annual_modeled,BHR,Bahrain,MNA,HIC,2006,POSITIVE,10.2543408818895
CME_MRY0T4,Under-five mortality rate,"per 1,000 live births",CME,annual_modeled,BHR,Bahrain,MNA,HIC,2007,POSITIVE,9.84163991264982
CME_MRY0T4,Under-five mortality rate,"per 1,000 live births",CME,annual_modeled,BHR,Bahrain,MNA,HIC,2008,POSITIVE,9.40509839176253
CME_MRY0T4,Under-five mortality rate,"per 1,000 live births",CME,annual_modeled,BHR,Bahrain,MNA,HIC,2009,POSITIVE,8.97850767593096
CME_MRY0T4,Under-five mortality rate,"per 1,000 live births",CME,annual_modeled,BHR,Bahrain,MNA,HIC,2010,POSITIVE,8.60385797134854
CME_MRY0T4,Under-five mortality rate,"per 1,000 live births",CME,annual_modeled,BHR,Bahrain,MNA,HIC,2011,POSITIVE,8.30038711957332
CME_MRY0T4,Under-five mortality rate,"per 1,000 live births",CME,annual_modeled,BHR,Bahrain,MNA,HIC,2012,POSITIVE,8.05739851092742
CME_MRY0T4,Under-five mortality rate,"per 1,000 live births",CME,annual_modeled,BHR,Bahrain,MNA,HIC,2013,POSITIVE,7.88481603102796
CME_MRY0T4,Under-five mortality rate,"per 1,000 live births",CME,annual_modeled,BHR,Bahrain,MNA,HIC,2014,POSITIVE,7.76310366403318
CME_MRY0T4,Under-five mortality rate,"per 1,000 live births",CME,annual_modeled,BHR,Bahrain,MNA,HIC,2015,POSITIVE,7.67736852158836
CME_MRY0T4,Under-five mortality rate,"per 1,000 live births",CME,annual_modeled,BHR,Bahrain,MNA,HIC,2016,POSITIVE,7.63951642895132
CME_MRY0T4,Under-five mortality rate,"per 1,000 live births",CME,annual_modeled,BHR,Bahrain,MNA,HIC,2017,POSITIVE,7.65605080951428
CME_MRY0T4,Under-five mortality rate,"per 1,000 live births",CME,annual_modeled,BHR,Bahrain,MNA,HIC,2018,POSITIVE,7.72318136991086
CME_MRY0T4,Under-five mortality rate,"per 1,000 live births",CME,annual_modeled,BHR,Bahrain,MNA,HIC,2019,POSITIVE,7.83752876564545
CME_MRY0T4,Under-five mortality rate,"per 1,000 live births",CME,annual_modeled,BHR,Bahrain,MNA,HIC,2020,POSITIVE,7.99325282957667
CME_MRY0T4,Under-five mortality rate,"per 1,000 live births",CME,annual_modeled,BHR,Bahrain,MNA,HIC,2021,POSITIVE,8.1830513594032
CME_MRY0T4,Under-five mortality rate,"per 1,000 live births",CME,annual_modeled,BHR,Bahrain,MNA,HIC,2022,POSITIVE,8.39274600048623
CME_MRY0T4,Under-five mortality rate,"per 1,000 live births",CME,annual_modeled,BHR,Bahrain,MNA,HIC,2023,POSITIVE,8.59987958090302
CME_MRY0T4,Under-five mortality rate,"per 1,000 live births",CME,annual_modeled,BHR,Bahrain,MNA,HIC,2024,POSITIVE,8.76694545312907
CME_MRY0T4,Under-five mortality rate,"per 1,000 live births",CME,annual_modeled,OMN,Oman,MNA,HIC,2000,POSITIVE,16.5391946271701
CME_MRY0T4,Under-five mortality rate,"per 1,000 live births",CME,annual_modeled,OMN,Oman,MNA,HIC,2001,POSITIVE,15.5030504390132
CME_MRY0T4,Under-five mortality rate,"per 1,000 live births",CME,annual_modeled,OMN,Oman,MNA,HIC,2002,POSITIVE,14.6223444870058
CME_MRY0T4,Under-five mortality rate,"per 1,000 live births",CME,annual_modeled,OMN,Oman,MNA,HIC,2003,POSITIVE,13.8971660403689
CME_MRY0T4,Under-five mortality rate,"per 1,000 live births",CME,annual_modeled,OMN,Oman,MNA,HIC,2004,POSITIVE,13.3118068639743
CME_MRY0T4,Under-five mortality rate,"per 1,000 live births",CME,annual_modeled,OMN,Oman,MNA,HIC,2005,POSITIVE,12.8534921952629
CME_MRY0T4,Under-five mortality rate,"per 1,000 live births",CME,annual_modeled,OMN,Oman,MNA,HIC,2006,POSITIVE,12.4949978248957
CME_MRY0T4,Under-five mortality rate,"per 1,000 live births",CME,annual_modeled,OMN,Oman,MNA,HIC,2007,POSITIVE,12.2299915646915
CME_MRY0T4,Under-five mortality rate,"per 1,000 live births",CME,annual_modeled,OMN,Oman,MNA,HIC,2008,POSITIVE,12.0284618701906
CME_MRY0T4,Under-five mortality rate,"per 1,000 live births",CME,annual_modeled,OMN,Oman,MNA,HIC,2009,POSITIVE,11.8684939603563
CME_MRY0T4,Under-five mortality rate,"per 1,000 live births",CME,annual_modeled,OMN,Oman,MNA,HIC,2010,POSITIVE,11.7223347549264
CME_MRY0T4,Under-five mortality rate,"per 1,000 live births",CME,annual_modeled,OMN,Oman,MNA,HIC,2011,POSITIVE,11.5736452271995
CME_MRY0T4,Under-five mortality rate,"per 1,000 live births",CME,annual_modeled,OMN,Oman,MNA,HIC,2012,POSITIVE,11.4254108103153
CME_MRY0T4,Under-five mortality rate,"per 1,000 live births",CME,annual_modeled,OMN,Oman,MNA,HIC,2013,POSITIVE,11.2940219329936
CME_MRY0T4,Under-five mortality rate,"per 1,000 live births",CME,annual_modeled,OMN,Oman,MNA,HIC,2014,POSITIVE,11.187050694489
CME_MRY0T4,Under-five mortality rate,"per 1,000 live births",CME,annual_modeled,OMN,Oman,MNA,HIC,2015,POSITIVE,11.1010835421701
CME_MRY0T4,Under-five mortality rate,"per 1,000 live births",CME,annual_modeled,OMN,Oman,MNA,HIC,2016,POSITIVE,11.0294697670196
CME_MRY0T4,Under-five mortality rate,"per 1,000 live births",CME,annual_modeled,OMN,Oman,MNA,HIC,2017,POSITIVE,10.9601313931761
CME_MRY0T4,Under-five mortality rate,"per 1,000 live births",CME,annual_modeled,OMN,Oman,MNA,HIC,2018,POSITIVE,10.8805697596921
CME_MRY0T4,Under-five mortality rate,"per 1,000 live births",CME,annual_modeled,OMN,Oman,MNA,HIC,2019,POSITIVE,10.7795532026573
CME_MRY0T4,Under-five mortality rate,"per 1,000 live births",CME,annual_modeled,OMN,Oman,MNA,HIC,2020,POSITIVE,10.6787327956943
CME_MRY0T4,Under-five mortality rate,"per 1,000 live births",CME,annual_modeled,OMN,Oman,MNA,HIC,2021,POSITIVE,10.575483578337
CME_MRY0T4,Under-five mortality rate,"per 1,000 live births",CME,annual_modeled,OMN,Oman,MNA,HIC,2022,POSITIVE,10.4815517124587
CME_MRY0T4,Under-five mortality rate,"per 1,000 live births",CME,annual_modeled,OMN,Oman,MNA,HIC,2023,POSITIVE,10.3872425692686
CME_MRY0T4,Under-five mortality rate,"per 1,000 live births",CME,annual_modeled,OMN,Oman,MNA,HIC,2024,POSITIVE,10.2836413383736
CME_MRY0T4,Under-five mortality rate,"per 1,000 live births",CME,annual_modeled,CYP,Cyprus,ECA,HIC,2000,POSITIVE,6.5600064952866
CME_MRY0T4,Under-five mortality rate,"per 1,000 live births",CME,annual_modeled,CYP,Cyprus,ECA,HIC,2001,POSITIVE,6.16049114898936
CME_MRY0T4,Under-five mortality rate,"per 1,000 live births",CME,annual_modeled,CYP,Cyprus,ECA,HIC,2002,POSITIVE,5.78753335132467
CME_MRY0T4,Under-five mortality rate,"per 1,000 live births",CME,annual_modeled,CYP,Cyprus,ECA,HIC,2003,POSITIVE,5.43696391784185
CME_MRY0T4,Under-five mortality rate,"per 1,000 live births",CME,annual_modeled,CYP,Cyprus,ECA,HIC,2004,POSITIVE,5.08306137317703
CME_MRY0T4,Under-five mortality rate,"per 1,000 live births",CME,annual_modeled,CYP,Cyprus,ECA,HIC,2005,POSITIVE,4.73445754433448
CME_MRY0T4,Under-five mortality rate,"per 1,000 live births",CME,annual_modeled,CYP,Cyprus,ECA,HIC,2006,POSITIVE,4.38617052258481
CME_MRY0T4,Under-five mortality rate,"per 1,000 live births",CME,annual_modeled,CYP,Cyprus,ECA,HIC,2007,POSITIVE,4.05964972546964
CME_MRY0T4,Under-five mortality rate,"per 1,000 live births",CME,annual_modeled,CYP,Cyprus,ECA,HIC,2008,POSITIVE,3.7563266824037
CME_MRY0T4,Under-five mortality rate,"per 1,000 live births",CME,annual_modeled,CYP,Cyprus,ECA,HIC,2009,POSITIVE,3.47973085963589
CME_MRY0T4,Under-five mortality rate,"per 1,000 live births",CME,annual_modeled,CYP,Cyprus,ECA,HIC,2010,POSITIVE,3.23340896555835
CME_MRY0T4,Under-five mortality rate,"per 1,000 live births",CME,annual_modeled,CYP,Cyprus,ECA,HIC,2011,POSITIVE,3.01316545500054
CME_MRY0T4,Under-five mortality rate,"per 1,000 live births",CME,annual_modeled,CYP,Cyprus,ECA,HIC,2012,POSITIVE,2.82427415068416
CME_MRY0T4,Under-five mortality rate,"per 1,000 live births",CME,annual_modeled,CYP,Cyprus,ECA,HIC,2013,POSITIVE,2.66998278320693
CME_MRY0T4,Under-five mortality rate,"per 1,000 live births",CME,annual_modeled,CYP,Cyprus,ECA,HIC,2014,POSITIVE,2.56062297528355
CME_MRY0T4,Under-five mortality rate,"per 1,000 live births",CME,annual_modeled,CYP,Cyprus,ECA,HIC,2015,POSITIVE,2.50373575236414
CME_MRY0T4,Under-five mortality rate,"per 1,000 live births",CME,annual_modeled,CYP,Cyprus,ECA,HIC,2016,POSITIVE,2.51073469650521
CME_MRY0T4,Under-five mortality rate,"per 1,000 live births",CME,annual_modeled,CYP,Cyprus,ECA,HIC,2017,POSITIVE,2.5941213022122
CME_MRY0T4,Under-five mortality rate,"per 1,000 live births",CME,annual_modeled,CYP,Cyprus,ECA,HIC,2018,POSITIVE,2.74801210687454
CME_MRY0T4,Under-five mortality rate,"per 1,000 live births",CME,annual_modeled,CYP,Cyprus,ECA,HIC,2019,POSITIVE,2.97344896595269
CME_MRY0T4,Under-five mortality rate,"per 1,000 live births",CME,annual_modeled,CYP,Cyprus,ECA,HIC,2020,POSITIVE,3.2783909075371
CME_MRY0T4,Under-five mortality rate,"per 1,000 live births",CME,annual_modeled,CYP,Cyprus,ECA,HIC,2021,POSITIVE,3.65551430759443
CME_MRY0T4,Under-five mortality rate,"per 1,000 live births",CME,annual_modeled,CYP,Cyprus,ECA,HIC,2022,POSITIVE,4.09334732023761
CME_MRY0T4,Under-five mortality rate,"per 1,000 live births",CME,annual_modeled,CYP,Cyprus,ECA,HIC,2023,POSITIVE,4.56158880781499
CME_MRY0T4,Under-five mortality rate,"per 1,000 live births",CME,annual_modeled,CYP,Cyprus,ECA,HIC,2024,POSITIVE,4.9791870584878
CME_MRY0T4,Under-five mortality rate,"per 1,000 live births",CME,annual_modeled,MLT,Malta,ECA,HIC,2000,POSITIVE,7.61655820979732
CME_MRY0T4,Under-five mortality rate,"per 1,000 live births",CME,annual_modeled,MLT,Malta,ECA,HIC,2001,POSITIVE,7.38282101668566
CME_MRY0T4,Under-five mortality rate,"per 1,000 live births",CME,annual_modeled,MLT,Malta,ECA,HIC,2002,POSITIVE,7.19425428938495
CME_MRY0T4,Under-five mortality rate,"per 1,000 live births",CME,annual_modeled,MLT,Malta,ECA,HIC,2003,POSITIVE,7.05824204816759
CME_MRY0T4,Under-five mortality rate,"per 1,000 live births",CME,annual_modeled,MLT,Malta,ECA,HIC,2004,POSITIVE,6.96383821571581
CME_MRY0T4,Under-five mortality rate,"per 1,000 live births",CME,annual_modeled,MLT,Malta,ECA,HIC,2005,POSITIVE,6.90678842375397
CME_MRY0T4,Under-five mortality rate,"per 1,000 live births",CME,annual_modeled,MLT,Malta,ECA,HIC,2006,POSITIVE,6.88007862531481
CME_MRY0T4,Under-five mortality rate,"per 1,000 live births",CME,annual_modeled,MLT,Malta,ECA,HIC,2007,POSITIVE,6.87077096688525
CME_MRY0T4,Under-five mortality rate,"per 1,000 live births",CME,annual_modeled,MLT,Malta,ECA,HIC,2008,POSITIVE,6.86958200956528
CME_MRY0T4,Under-five mortality rate,"per 1,000 live births",CME,annual_modeled,MLT,Malta,ECA,HIC,2009,POSITIVE,6.86846562244866
CME_MRY0T4,Under-five mortality rate,"per 1,000 live births",CME,annual_modeled,MLT,Malta,ECA,HIC,2010,POSITIVE,6.86106313035502
CME_MRY0T4,Under-five mortality rate,"per 1,000 live births",CME,annual_modeled,MLT,Malta,ECA,HIC,2011,POSITIVE,6.83678713061266
CME_MRY0T4,Under-five mortality rate,"per 1,000 live births",CME,annual_modeled,MLT,Malta,ECA,HIC,2012,POSITIVE,6.80092509090456
CME_MRY0T4,Under-five mortality rate,"per 1,000 live births",CME,annual_modeled,MLT,Malta,ECA,HIC,2013,POSITIVE,6.74824058645828
CME_MRY0T4,Under-five mortality rate,"per 1,000 live births",CME,annual_modeled,MLT,Malta,ECA,HIC,2014,POSITIVE,6.68056288704668
CME_MRY0T4,Under-five mortality rate,"per 1,000 live births",CME,annual_modeled,MLT,Malta,ECA,HIC,2015,POSITIVE,6.59565305520228
CME_MRY0T4,Under-five mortality rate,"per 1,000 live births",CME,annual_modeled,MLT,Malta,ECA,HIC,2016,POSITIVE,6.49832970021507
CME_MRY0T4,Under-five mortality rate,"per 1,000 live births",CME,annual_modeled,MLT,Malta,ECA,HIC,2017,POSITIVE,6.388067090683
CME_MRY0T4,Under-five mortality rate,"per 1,000 live births",CME,annual_modeled,MLT,Malta,ECA,HIC,2018,POSITIVE,6.25080496266741
CME_MRY0T4,Under-five mortality rate,"per 1,000 live births",CME,annual_modeled,MLT,Malta,ECA,HIC,2019,POSITIVE,6.11439567028526
CME_MRY0T4,Under-five mortality rate,"per 1,000 live births",CME,annual_modeled,MLT,Malta,ECA,HIC,2020,POSITIVE,5.96405845668655
CME_MRY0T4,Under-five mortality rate,"per 1,000 live births",CME,annual_modeled,MLT,Malta,ECA,HIC,2021,POSITIVE,5.80557876351881
CME_MRY0T4,Under-five mortality rate,"per 1,000 live births",CME,annual_modeled,MLT,Malta,ECA,HIC,2022,POSITIVE,5.64755966601939
CME_MRY0T4,Under-five mortality rate,"per 1,000 live births",CME,annual_modeled,MLT,Malta,ECA,HIC,2023,POSITIVE,5.49639526712803
CME_MRY0T4,Under-five mortality rate,"per 1,000 live births",CME,annual_modeled,MLT,Malta,ECA,HIC,2024,POSITIVE,5.33484378809315
CME_MRM0,Neonatal mortality rate,"per 1,000 live births",CME,annual_modeled,YEM,Yemen,MNA,LIC,2000,POSITIVE,36.7184386963519
CME_MRM0,Neonatal mortality rate,"per 1,000 live births",CME,annual_modeled,YEM,Yemen,MNA,LIC,2001,POSITIVE,35.6697728914776
CME_MRM0,Neonatal mortality rate,"per 1,000 live births",CME,annual_modeled,YEM,Yemen,MNA,LIC,2002,POSITIVE,34.527432383935
CME_MRM0,Neonatal mortality rate,"per 1,000 live births",CME,annual_modeled,YEM,Yemen,MNA,LIC,2003,POSITIVE,33.4157347717265
CME_MRM0,Neonatal mortality rate,"per 1,000 live births",CME,annual_modeled,YEM,Yemen,MNA,LIC,2004,POSITIVE,32.3083181299502
CME_MRM0,Neonatal mortality rate,"per 1,000 live births",CME,annual_modeled,YEM,Yemen,MNA,LIC,2005,POSITIVE,31.2026663582881
CME_MRM0,Neonatal mortality rate,"per 1,000 live births",CME,annual_modeled,YEM,Yemen,MNA,LIC,2006,POSITIVE,30.1629905940305
CME_MRM0,Neonatal mortality rate,"per 1,000 live births",CME,annual_modeled,YEM,Yemen,MNA,LIC,2007,POSITIVE,29.1686723857252
CME_MRM0,Neonatal mortality rate,"per 1,000 live births",CME,annual_modeled,YEM,Yemen,MNA,LIC,2008,POSITIVE,28.2854929521514
CME_MRM0,Neonatal mortality rate,"per 1,000 live births",CME,annual_modeled,YEM,Yemen,MNA,LIC,2009,POSITIVE,27.4761720243275
CME_MRM0,Neonatal mortality rate,"per 1,000 live births",CME,annual_modeled,YEM,Yemen,MNA,LIC,2010,POSITIVE,26.7272014971264
CME_MRM0,Neonatal mortality rate,"per 1,000 live births",CME,annual_modeled,YEM,Yemen,MNA,LIC,2011,POSITIVE,26.0663077372934
CME_MRM0,Neonatal mortality rate,"per 1,000 live births",CME,annual_modeled,YEM,Yemen,MNA,LIC,2012,POSITIVE,25.4990411289115
CME_MRM0,Neonatal mortality rate,"per 1,000 live births",CME,annual_modeled,YEM,Yemen,MNA,LIC,2013,POSITIVE,24.9912908839423
CME_MRM0,Neonatal mortality rate,"per 1,000 live births",CME,annual_modeled,YEM,Yemen,MNA,LIC,2014,POSITIVE,24.5584192071122
CME_MRM0,Neonatal mortality rate,"per 1,000 live births",CME,annual_modeled,YEM,Yemen,MNA,LIC,2015,POSITIVE,24.1837930112008
CME_MRM0,Neonatal mortality rate,"per 1,000 live births",CME,annual_modeled,YEM,Yemen,MNA,LIC,2016,POSITIVE,23.8138167417283
CME_MRM0,Neonatal mortality rate,"per 1,000 live births",CME,annual_modeled,YEM,Yemen,MNA,LIC,2017,POSITIVE,23.4698358459696
CME_MRM0,Neonatal mortality rate,"per 1,000 live births",CME,annual_modeled,YEM,Yemen,MNA,LIC,2018,POSITIVE,23.1646440467586
CME_MRM0,Neonatal mortality rate,"per 1,000 live births",CME,annual_modeled,YEM,Yemen,MNA,LIC,2019,POSITIVE,22.8440398986425
CME_MRM0,Neonatal mortality rate,"per 1,000 live births",CME,annual_modeled,YEM,Yemen,MNA,LIC,2020,POSITIVE,22.4741079229235
CME_MRM0,Neonatal mortality rate,"per 1,000 live births",CME,annual_modeled,YEM,Yemen,MNA,LIC,2021,POSITIVE,22.1296992124313
CME_MRM0,Neonatal mortality rate,"per 1,000 live births",CME,annual_modeled,YEM,Yemen,MNA,LIC,2022,POSITIVE,21.7639607115323
CME_MRM0,Neonatal mortality rate,"per 1,000 live births",CME,annual_modeled,YEM,Yemen,MNA,LIC,2023,POSITIVE,21.3485148922787
CME_MRM0,Neonatal mortality rate,"per 1,000 live births",CME,annual_modeled,YEM,Yemen,MNA,LIC,2024,POSITIVE,20.8891724021635
CME_MRM0,Neonatal mortality rate,"per 1,000 live births",CME,annual_modeled,CAF,Central African Republic,WCA,LIC,2000,POSITIVE,42.8750144553211
CME_MRM0,Neonatal mortality rate,"per 1,000 live births",CME,annual_modeled,CAF,Central African Republic,WCA,LIC,2001,POSITIVE,42.1866427973599
CME_MRM0,Neonatal mortality rate,"per 1,000 live births",CME,annual_modeled,CAF,Central African Republic,WCA,LIC,2002,POSITIVE,41.508358167205
CME_MRM0,Neonatal mortality rate,"per 1,000 live births",CME,annual_modeled,CAF,Central African Republic,WCA,LIC,2003,POSITIVE,40.8314225326657
CME_MRM0,Neonatal mortality rate,"per 1,000 live births",CME,annual_modeled,CAF,Central African Republic,WCA,LIC,2004,POSITIVE,40.1318822452304
CME_MRM0,Neonatal mortality rate,"per 1,000 live births",CME,annual_modeled,CAF,Central African Republic,WCA,LIC,2005,POSITIVE,39.4456381911183
CME_MRM0,Neonatal mortality rate,"per 1,000 live births",CME,annual_modeled,CAF,Central African Republic,WCA,LIC,2006,POSITIVE,38.6849728811539
CME_MRM0,Neonatal mortality rate,"per 1,000 live births",CME,annual_modeled,CAF,Central African Republic,WCA,LIC,2007,POSITIVE,37.9707647824495
CME_MRM0,Neonatal mortality rate,"per 1,000 live births",CME,annual_modeled,CAF,Central African Republic,WCA,LIC,2008,POSITIVE,37.3006025468737
CME_MRM0,Neonatal mortality rate,"per 1,000 live births",CME,annual_modeled,CAF,Central African Republic,WCA,LIC,2009,POSITIVE,42.5713857495308
CME_MRM0,Neonatal mortality rate,"per 1,000 live births",CME,annual_modeled,CAF,Central African Republic,WCA,LIC,2010,POSITIVE,36.3867680584328
CME_MRM0,Neonatal mortality rate,"per 1,000 live births",CME,annual_modeled,CAF,Central African Republic,WCA,LIC,2011,POSITIVE,35.5000999500061
CME_MRM0,Neonatal mortality rate,"per 1,000 live births",CME,annual_modeled,CAF,Central African Republic,WCA,LIC,2012,POSITIVE,34.9971634663327
CME_MRM0,Neonatal mortality rate,"per 1,000 live births",CME,annual_modeled,CAF,Central African Republic,WCA,LIC,2013,POSITIVE,34.8249968367398
CME_MRM0,Neonatal mortality rate,"per 1,000 live births",CME,annual_modeled,CAF,Central African Republic,WCA,LIC,2014,POSITIVE,35.3851131682715
CME_MRM0,Neonatal mortality rate,"per 1,000 live births",CME,annual_modeled,CAF,Central African Republic,WCA,LIC,2015,POSITIVE,33.8831415323016
CME_MRM0,Neonatal mortality rate,"per 1,000 live births",CME,annual_modeled,CAF,Central African Republic,WCA,LIC,2016,POSITIVE,33.8127586888991
CME_MRM0,Neonatal mortality rate,"per 1,000 live births",CME,annual_modeled,CAF,Central African Republic,WCA,LIC,2017,POSITIVE,33.9881288701373
CME_MRM0,Neonatal mortality rate,"per 1,000 live births",CME,annual_modeled,CAF,Central African Republic,WCA,LIC,2018,POSITIVE,33.0829652049664
CME_MRM0,Neonatal mortality rate,"per 1,000 live births",CME,annual_modeled,CAF,Central African Republic,WCA,LIC,2019,POSITIVE,34.968288279087
CME_MRM0,Neonatal mortality rate,"per 1,000 live births",CME,annual_modeled,CAF,Central African Republic,WCA,LIC,2020,POSITIVE,32.4056815377622
CME_MRM0,Neonatal mortality rate,"per 1,000 live births",CME,annual_modeled,CAF,Central African Republic,WCA,LIC,2021,POSITIVE,32.87092876653
CME_MRM0,Neonatal mortality rate,"per 1,000 live births",CME,annual_modeled,CAF,Central African Republic,WCA,LIC,2022,POSITIVE,36.4530102896987
CME_MRM0,Neonatal mortality rate,"per 1,000 live births",CME,annual_modeled,CAF,Central African Republic,WCA,LIC,2023,POSITIVE,30.4458225528655
CME_MRM0,Neonatal mortality rate,"per 1,000 live births",CME,annual_modeled,CAF,Central African Republic,WCA,LIC,2024,POSITIVE,29.9329917481392
CME_MRM0,Neonatal mortality rate,"per 1,000 live births",CME,annual_modeled,GNB,Guinea-Bissau,WCA,LIC,2000,POSITIVE,55.1934979305122
CME_MRM0,Neonatal mortality rate,"per 1,000 live births",CME,annual_modeled,GNB,Guinea-Bissau,WCA,LIC,2001,POSITIVE,54.1736871286935
CME_MRM0,Neonatal mortality rate,"per 1,000 live births",CME,annual_modeled,GNB,Guinea-Bissau,WCA,LIC,2002,POSITIVE,53.3287975002371
CME_MRM0,Neonatal mortality rate,"per 1,000 live births",CME,annual_modeled,GNB,Guinea-Bissau,WCA,LIC,2003,POSITIVE,52.585974136321
CME_MRM0,Neonatal mortality rate,"per 1,000 live births",CME,annual_modeled,GNB,Guinea-Bissau,WCA,LIC,2004,POSITIVE,51.8287532668976
CME_MRM0,Neonatal mortality rate,"per 1,000 live births",CME,annual_modeled,GNB,Guinea-Bissau,WCA,LIC,2005,POSITIVE,51.0352515726669
CME_MRM0,Neonatal mortality rate,"per 1,000 live births",CME,annual_modeled,GNB,Guinea-Bissau,WCA,LIC,2006,POSITIVE,50.0687829056036
CME_MRM0,Neonatal mortality rate,"per 1,000 live births",CME,annual_modeled,GNB,Guinea-Bissau,WCA,LIC,2007,POSITIVE,49.0380324333943
CME_MRM0,Neonatal mortality rate,"per 1,000 live births",CME,annual_modeled,GNB,Guinea-Bissau,WCA,LIC,2008,POSITIVE,47.7891589414896
CME_MRM0,Neonatal mortality rate,"per 1,000 live births",CME,annual_modeled,GNB,Guinea-Bissau,WCA,LIC,2009,POSITIVE,46.4616948838052
CME_MRM0,Neonatal mortality rate,"per 1,000 live births",CME,annual_modeled,GNB,Guinea-Bissau,WCA,LIC,2010,POSITIVE,45.1075516588826
CME_MRM0,Neonatal mortality rate,"per 1,000 live births",CME,annual_modeled,GNB,Guinea-Bissau,WCA,LIC,2011,POSITIVE,43.7309867891731
CME_MRM0,Neonatal mortality rate,"per 1,000 live births",CME,annual_modeled,GNB,Guinea-Bissau,WCA,LIC,2012,POSITIVE,42.376460417921
CME_MRM0,Neonatal mortality rate,"per 1,000 live births",CME,annual_modeled,GNB,Guinea-Bissau,WCA,LIC,2013,POSITIVE,41.2653959194338
CME_MRM0,Neonatal mortality rate,"per 1,000 live births",CME,annual_modeled,GNB,Guinea-Bissau,WCA,LIC,2014,POSITIVE,40.1551387232579
CME_MRM0,Neonatal mortality rate,"per 1,000 live births",CME,annual_modeled,GNB,Guinea-Bissau,WCA,LIC,2015,POSITIVE,39.1026218248829
CME_MRM0,Neonatal mortality rate,"per 1,000 live births",CME,annual_modeled,GNB,Guinea-Bissau,WCA,LIC,2016,POSITIVE,38.1829098632922
CME_MRM0,Neonatal mortality rate,"per 1,000 live births",CME,annual_modeled,GNB,Guinea-Bissau,WCA,LIC,2017,POSITIVE,37.2724302522793
CME_MRM0,Neonatal mortality rate,"per 1,000 live births",CME,annual_modeled,GNB,Guinea-Bissau,WCA,LIC,2018,POSITIVE,36.4939310379765
CME_MRM0,Neonatal mortality rate,"per 1,000 live births",CME,annual_modeled,GNB,Guinea-Bissau,WCA,LIC,2019,POSITIVE,35.6983896680453
CME_MRM0,Neonatal mortality rate,"per 1,000 live births",CME,annual_modeled,GNB,Guinea-Bissau,WCA,LIC,2020,POSITIVE,34.9331408497888
CME_MRM0,Neonatal mortality rate,"per 1,000 live births",CME,annual_modeled,GNB,Guinea-Bissau,WCA,LIC,2021,POSITIVE,34.1517580563708
CME_MRM0,Neonatal mortality rate,"per 1,000 live births",CME,annual_modeled,GNB,Guinea-Bissau,WCA,LIC,2022,POSITIVE,33.4563754569862
CME_MRM0,Neonatal mortality rate,"per 1,000 live births",CME,annual_modeled,GNB,Guinea-Bissau,WCA,LIC,2023,POSITIVE,32.6881535316008
CME_MRM0,Neonatal mortality rate,"per 1,000 live births",CME,annual_modeled,GNB,Guinea-Bissau,WCA,LIC,2024,POSITIVE,31.9810118917783
CME_MRM0,Neonatal mortality rate,"per 1,000 live births",CME,annual_modeled,COM,Comoros,ESA,LIC,2000,POSITIVE,34.7912224480028
CME_MRM0,Neonatal mortality rate,"per 1,000 live births",CME,annual_modeled,COM,Comoros,ESA,LIC,2001,POSITIVE,34.099518106489
CME_MRM0,Neonatal mortality rate,"per 1,000 live births",CME,annual_modeled,COM,Comoros,ESA,LIC,2002,POSITIVE,33.4976123882178
CME_MRM0,Neonatal mortality rate,"per 1,000 live births",CME,annual_modeled,COM,Comoros,ESA,LIC,2003,POSITIVE,32.9100709907945
CME_MRM0,Neonatal mortality rate,"per 1,000 live births",CME,annual_modeled,COM,Comoros,ESA,LIC,2004,POSITIVE,32.3549584607746
CME_MRM0,Neonatal mortality rate,"per 1,000 live births",CME,annual_modeled,COM,Comoros,ESA,LIC,2005,POSITIVE,31.729175272399
CME_MRM0,Neonatal mortality rate,"per 1,000 live births",CME,annual_modeled,COM,Comoros,ESA,LIC,2006,POSITIVE,31.177747094234
CME_MRM0,Neonatal mortality rate,"per 1,000 live births",CME,annual_modeled,COM,Comoros,ESA,LIC,2007,POSITIVE,30.5301408060486
CME_MRM0,Neonatal mortality rate,"per 1,000 live births",CME,annual_modeled,COM,Comoros,ESA,LIC,2008,POSITIVE,29.9912635170901
CME_MRM0,Neonatal mortality rate,"per 1,000 live births",CME,annual_modeled,COM,Comoros,ESA,LIC,2009,POSITIVE,29.4751078542766
CME_MRM0,Neonatal mortality rate,"per 1,000 live births",CME,annual_modeled,COM,Comoros,ESA,LIC,2010,POSITIVE,28.9032261947169
CME_MRM0,Neonatal mortality rate,"per 1,000 live births",CME,annual_modeled,COM,Comoros,ESA,LIC,2011,POSITIVE,28.3364701649598
CME_MRM0,Neonatal mortality rate,"per 1,000 live births",CME,annual_modeled,COM,Comoros,ESA,LIC,2012,POSITIVE,27.7650186218113
CME_MRM0,Neonatal mortality rate,"per 1,000 live births",CME,annual_modeled,COM,Comoros,ESA,LIC,2013,POSITIVE,27.2415782209992
CME_MRM0,Neonatal mortality rate,"per 1,000 live births",CME,annual_modeled,COM,Comoros,ESA,LIC,2014,POSITIVE,26.7704898725784
CME_MRM0,Neonatal mortality rate,"per 1,000 live births",CME,annual_modeled,COM,Comoros,ESA,LIC,2015,POSITIVE,26.3159006584542
CME_MRM0,Neonatal mortality rate,"per 1,000 live births",CME,annual_modeled,COM,Comoros,ESA,LIC,2016,POSITIVE,25.8637215666079
CME_MRM0,Neonatal mortality rate,"per 1,000 live births",CME,annual_modeled,COM,Comoros,ESA,LIC,2017,POSITIVE,25.3653810475634
CME_MRM0,Neonatal mortality rate,"per 1,000 live births",CME,annual_modeled,COM,Comoros,ESA,LIC,2018,POSITIVE,24.9099677882222
CME_MRM0,Neonatal mortality rate,"per 1,000 live births",CME,annual_modeled,COM,Comoros,ESA,LIC,2019,POSITIVE,24.4820108103055
CME_MRM0,Neonatal mortality rate,"per 1,000 live births",CME,annual_modeled,COM,Comoros,ESA,LIC,2020,POSITIVE,24.0910699586919
CME_MRM0,Neonatal mortality rate,"per 1,000 live births",CME,annual_modeled,COM,Comoros,ESA,LIC,2021,POSITIVE,23.6504690226153
CME_MRM0,Neonatal mortality rate,"per 1,000 live births",CME,annual_modeled,COM,Comoros,ESA,LIC,2022,POSITIVE,23.1813150167
CME_MRM0,Neonatal mortality rate,"per 1,000 live births",CME,annual_modeled,COM,Comoros,ESA,LIC,2023,POSITIVE,22.6897261309528
CME_MRM0,Neonatal mortality rate,"per 1,000 live births",CME,annual_modeled,COM,Comoros,ESA,LIC,2024,POSITIVE,22.1411936247105
CME_MRM0,Neonatal mortality rate,"per 1,000 live births",CME,annual_modeled,ZMB,Zambia,ESA,LIC,2000,POSITIVE,32.9725999466232
CME_MRM0,Neonatal mortality rate,"per 1,000 live births",CME,annual_modeled,ZMB,Zambia,ESA,LIC,2001,POSITIVE,32.1439938109455
CME_MRM0,Neonatal mortality rate,"per 1,000 live births",CME,annual_modeled,ZMB,Zambia,ESA,LIC,2002,POSITIVE,30.9655634277478
CME_MRM0,Neonatal mortality rate,"per 1,000 live births",CME,annual_modeled,ZMB,Zambia,ESA,LIC,2003,POSITIVE,29.6035041261503
CME_MRM0,Neonatal mortality rate,"per 1,000 live births",CME,annual_modeled,ZMB,Zambia,ESA,LIC,2004,POSITIVE,28.3392903934425
CME_MRM0,Neonatal mortality rate,"per 1,000 live births",CME,annual_modeled,ZMB,Zambia,ESA,LIC,2005,POSITIVE,27.2371744211034
CME_MRM0,Neonatal mortality rate,"per 1,000 live births",CME,annual_modeled,ZMB,Zambia,ESA,LIC,2006,POSITIVE,26.4051705252559
CME_MRM0,Neonatal mortality rate,"per 1,000 live births",CME,annual_modeled,ZMB,Zambia,ESA,LIC,2007,POSITIVE,25.8122833739337
CME_MRM0,Neonatal mortality rate,"per 1,000 live births",CME,annual_modeled,ZMB,Zambia,ESA,LIC,2008,POSITIVE,25.421744244978
CME_MRM0,Neonatal mortality rate,"per 1,000 live births",CME,annual_modeled,ZMB,Zambia,ESA,LIC,2009,POSITIVE,25.0951063804823
CME_MRM0,Neonatal mortality rate,"per 1,000 live births",CME,annual_modeled,ZMB,Zambia,ESA,LIC,2010,POSITIVE,24.8006135905806
CME_MRM0,Neonatal mortality rate,"per 1,000 live births",CME,annual_modeled,ZMB,Zambia,ESA,LIC,2011,POSITIVE,24.5311897332305
CME_MRM0,Neonatal mortality rate,"per 1,000 live births",CME,annual_modeled,ZMB,Zambia,ESA,LIC,2012,POSITIVE,24.2470493757977
CME_MRM0,Neonatal mortality rate,"per 1,000 live births",CME,annual_modeled,ZMB,Zambia,ESA,LIC,2013,POSITIVE,23.944186136132
CME_MRM0,Neonatal mortality rate,"per 1,000 live births",CME,annual_modeled,ZMB,Zambia,ESA,LIC,2014,POSITIVE,23.6754656610053
CME_MRM0,Neonatal mortality rate,"per 1,000 live births",CME,annual_modeled,ZMB,Zambia,ESA,LIC,2015,POSITIVE,23.3911378651416
CME_MRM0,Neonatal mortality rate,"per 1,000 live births",CME,annual_modeled,ZMB,Zambia,ESA,LIC,2016,POSITIVE,23.0937848465616
CME_MRM0,Neonatal mortality rate,"per 1,000 live births",CME,annual_modeled,ZMB,Zambia,ESA,LIC,2017,POSITIVE,22.74091529246
CME_MRM0,Neonatal mortality rate,"per 1,000 live births",CME,annual_modeled,ZMB,Zambia,ESA,LIC,2018,POSITIVE,22.3963549670918
CME_MRM0,Neonatal mortality rate,"per 1,000 live births",CME,annual_modeled,ZMB,Zambia,ESA,LIC,2019,POSITIVE,22.0955283196494
CME_MRM0,Neonatal mortality rate,"per 1,000 live births",CME,annual_modeled,ZMB,Zambia,ESA,LIC,2020,POSITIVE,21.852408377301
CME_MRM0,Neonatal mortality rate,"per 1,000 live births",CME,annual_modeled,ZMB,Zambia,ESA,LIC,2021,POSITIVE,21.6930274991128
CME_MRM0,Neonatal mortality rate,"per 1,000 live births",CME,annual_modeled,ZMB,Zambia,ESA,LIC,2022,POSITIVE,21.6260807610183
CME_MRM0,Neonatal mortality rate,"per 1,000 live births",CME,annual_modeled,ZMB,Zambia,ESA,LIC,2023,POSITIVE,21.5497596139942
CME_MRM0,Neonatal mortality rate,"per 1,000 live births",CME,annual_modeled,ZMB,Zambia,ESA,LIC,2024,POSITIVE,21.441307228395
CME_MRM0,Neonatal mortality rate,"per 1,000 live births",CME,annual_modeled,MAR,Morocco,MNA,LMC,2000,POSITIVE,28.4175634049574
CME_MRM0,Neonatal mortality rate,"per 1,000 live births",CME,annual_modeled,MAR,Morocco,MNA,LMC,2001,POSITIVE,27.6706644913063
CME_MRM0,Neonatal mortality rate,"per 1,000 live births",CME,annual_modeled,MAR,Morocco,MNA,LMC,2002,POSITIVE,26.9169286108875
CME_MRM0,Neonatal mortality rate,"per 1,000 live births",CME,annual_modeled,MAR,Morocco,MNA,LMC,2003,POSITIVE,26.1134180264639
CME_MRM0,Neonatal mortality rate,"per 1,000 live births",CME,annual_modeled,MAR,Morocco,MNA,LMC,2004,POSITIVE,25.3097855626536
CME_MRM0,Neonatal mortality rate,"per 1,000 live births",CME,annual_modeled,MAR,Morocco,MNA,LMC,2005,POSITIVE,24.4583656108065
CME_MRM0,Neonatal mortality rate,"per 1,000 live births",CME,annual_modeled,MAR,Morocco,MNA,LMC,2006,POSITIVE,23.5332894359519
CME_MRM0,Neonatal mortality rate,"per 1,000 live births",CME,annual_modeled,MAR,Morocco,MNA,LMC,2007,POSITIVE,22.5825869950852
CME_MRM0,Neonatal mortality rate,"per 1,000 live births",CME,annual_modeled,MAR,Morocco,MNA,LMC,2008,POSITIVE,21.3724853503503
CME_MRM0,Neonatal mortality rate,"per 1,000 live births",CME,annual_modeled,MAR,Morocco,MNA,LMC,2009,POSITIVE,20.157166165567
CME_MRM0,Neonatal mortality rate,"per 1,000 live births",CME,annual_modeled,MAR,Morocco,MNA,LMC,2010,POSITIVE,19.0031903291588
CME_MRM0,Neonatal mortality rate,"per 1,000 live births",CME,annual_modeled,MAR,Morocco,MNA,LMC,2011,POSITIVE,17.9042597872504
CME_MRM0,Neonatal mortality rate,"per 1,000 live births",CME,annual_modeled,MAR,Morocco,MNA,LMC,2012,POSITIVE,16.8750822147969
CME_MRM0,Neonatal mortality rate,"per 1,000 live births",CME,annual_modeled,MAR,Morocco,MNA,LMC,2013,POSITIVE,15.9130435927583
CME_MRM0,Neonatal mortality rate,"per 1,000 live births",CME,annual_modeled,MAR,Morocco,MNA,LMC,2014,POSITIVE,15.0041739679095
CME_MRM0,Neonatal mortality rate,"per 1,000 live births",CME,annual_modeled,MAR,Morocco,MNA,LMC,2015,POSITIVE,14.1677998745274
CME_MRM0,Neonatal mortality rate,"per 1,000 live births",CME,annual_modeled,MAR,Morocco,MNA,LMC,2016,POSITIVE,13.421296822814
CME_MRM0,Neonatal mortality rate,"per 1,000 live births",CME,annual_modeled,MAR,Morocco,MNA,LMC,2017,POSITIVE,12.7701037938557
CME_MRM0,Neonatal mortality rate,"per 1,000 live births",CME,annual_modeled,MAR,Morocco,MNA,LMC,2018,POSITIVE,12.1985993348375
CME_MRM0,Neonatal mortality rate,"per 1,000 live births",CME,annual_modeled,MAR,Morocco,MNA,LMC,2019,POSITIVE,11.6722031398238
CME_MRM0,Neonatal mortality rate,"per 1,000 live births",CME,annual_modeled,MAR,Morocco,MNA,LMC,2020,POSITIVE,11.2190531873769
CME_MRM0,Neonatal mortality rate,"per 1,000 live births",CME,annual_modeled,MAR,Morocco,MNA,LMC,2021,POSITIVE,10.7900139001016
CME_MRM0,Neonatal mortality rate,"per 1,000 live births",CME,annual_modeled,MAR,Morocco,MNA,LMC,2022,POSITIVE,10.3801147133033
CME_MRM0,Neonatal mortality rate,"per 1,000 live births",CME,annual_modeled,MAR,Morocco,MNA,LMC,2023,POSITIVE,9.99997645855108
CME_MRM0,Neonatal mortality rate,"per 1,000 live births",CME,annual_modeled,MAR,Morocco,MNA,LMC,2024,POSITIVE,9.64249425213611
CME_MRM0,Neonatal mortality rate,"per 1,000 live births",CME,annual_modeled,DZA,Algeria,MNA,LMC,2000,POSITIVE,22.6484989044959
CME_MRM0,Neonatal mortality rate,"per 1,000 live births",CME,annual_modeled,DZA,Algeria,MNA,LMC,2001,POSITIVE,22.2667262464324
CME_MRM0,Neonatal mortality rate,"per 1,000 live births",CME,annual_modeled,DZA,Algeria,MNA,LMC,2002,POSITIVE,21.8438687717937
CME_MRM0,Neonatal mortality rate,"per 1,000 live births",CME,annual_modeled,DZA,Algeria,MNA,LMC,2003,POSITIVE,21.394600963697
CME_MRM0,Neonatal mortality rate,"per 1,000 live births",CME,annual_modeled,DZA,Algeria,MNA,LMC,2004,POSITIVE,20.8163997141915
CME_MRM0,Neonatal mortality rate,"per 1,000 live births",CME,annual_modeled,DZA,Algeria,MNA,LMC,2005,POSITIVE,20.2354454993416
CME_MRM0,Neonatal mortality rate,"per 1,000 live births",CME,annual_modeled,DZA,Algeria,MNA,LMC,2006,POSITIVE,19.6993633045247
CME_MRM0,Neonatal mortality rate,"per 1,000 live births",CME,annual_modeled,DZA,Algeria,MNA,LMC,2007,POSITIVE,19.1485507685027
CME_MRM0,Neonatal mortality rate,"per 1,000 live births",CME,annual_modeled,DZA,Algeria,MNA,LMC,2008,POSITIVE,18.6148086777678
CME_MRM0,Neonatal mortality rate,"per 1,000 live births",CME,annual_modeled,DZA,Algeria,MNA,LMC,2009,POSITIVE,18.1775892442295
CME_MRM0,Neonatal mortality rate,"per 1,000 live births",CME,annual_modeled,DZA,Algeria,MNA,LMC,2010,POSITIVE,17.8957015074736
CME_MRM0,Neonatal mortality rate,"per 1,000 live births",CME,annual_modeled,DZA,Algeria,MNA,LMC,2011,POSITIVE,17.6096764725504
CME_MRM0,Neonatal mortality rate,"per 1,000 live births",CME,annual_modeled,DZA,Algeria,MNA,LMC,2012,POSITIVE,17.1219132474186
CME_MRM0,Neonatal mortality rate,"per 1,000 live births",CME,annual_modeled,DZA,Algeria,MNA,LMC,2013,POSITIVE,16.369300037801
CME_MRM0,Neonatal mortality rate,"per 1,000 live births",CME,annual_modeled,DZA,Algeria,MNA,LMC,2014,POSITIVE,15.6390160837831
CME_MRM0,Neonatal mortality rate,"per 1,000 live births",CME,annual_modeled,DZA,Algeria,MNA,LMC,2015,POSITIVE,15.1798762867491
CME_MRM0,Neonatal mortality rate,"per 1,000 live births",CME,annual_modeled,DZA,Algeria,MNA,LMC,2016,POSITIVE,15.0545564774776
CME_MRM0,Neonatal mortality rate,"per 1,000 live births",CME,annual_modeled,DZA,Algeria,MNA,LMC,2017,POSITIVE,15.2148669460885
CME_MRM0,Neonatal mortality rate,"per 1,000 live births",CME,annual_modeled,DZA,Algeria,MNA,LMC,2018,POSITIVE,15.5465898761751
CME_MRM0,Neonatal mortality rate,"per 1,000 live births",CME,annual_modeled,DZA,Algeria,MNA,LMC,2019,POSITIVE,15.8554275182985
CME_MRM0,Neonatal mortality rate,"per 1,000 live births",CME,annual_modeled,DZA,Algeria,MNA,LMC,2020,POSITIVE,15.9487221842956
CME_MRM0,Neonatal mortality rate,"per 1,000 live births",CME,annual_modeled,DZA,Algeria,MNA,LMC,2021,POSITIVE,15.8537956578316
CME_MRM0,Neonatal mortality rate,"per 1,000 live births",CME,annual_modeled,DZA,Algeria,MNA,LMC,2022,POSITIVE,15.6328713323362
CME_MRM0,Neonatal mortality rate,"per 1,000 live births",CME,annual_modeled,DZA,Algeria,MNA,LMC,2023,POSITIVE,15.3192534659721
CME_MRM0,Neonatal mortality rate,"per 1,000 live births",CME,annual_modeled,DZA,Algeria,MNA,LMC,2024,POSITIVE,14.9633819121343
CME_MRM0,Neonatal mortality rate,"per 1,000 live births",CME,annual_modeled,LAO,Laos,EAP,LMC,2000,POSITIVE,35.7817363095482
CME_MRM0,Neonatal mortality rate,"per 1,000 live births",CME,annual_modeled,LAO,Laos,EAP,LMC,2001,POSITIVE,34.6102899091877
CME_MRM0,Neonatal mortality rate,"per 1,000 live births",CME,annual_modeled,LAO,Laos,EAP,LMC,2002,POSITIVE,33.3960412946818
CME_MRM0,Neonatal mortality rate,"per 1,000 live births",CME,annual_modeled,LAO,Laos,EAP,LMC,2003,POSITIVE,32.1641866994705
CME_MRM0,Neonatal mortality rate,"per 1,000 live births",CME,annual_modeled,LAO,Laos,EAP,LMC,2004,POSITIVE,30.9587525056967
CME_MRM0,Neonatal mortality rate,"per 1,000 live births",CME,annual_modeled,LAO,Laos,EAP,LMC,2005,POSITIVE,29.6985559574246
CME_MRM0,Neonatal mortality rate,"per 1,000 live births",CME,annual_modeled,LAO,Laos,EAP,LMC,2006,POSITIVE,28.4730987805
CME_MRM0,Neonatal mortality rate,"per 1,000 live births",CME,annual_modeled,LAO,Laos,EAP,LMC,2007,POSITIVE,27.2932382280953
CME_MRM0,Neonatal mortality rate,"per 1,000 live births",CME,annual_modeled,LAO,Laos,EAP,LMC,2008,POSITIVE,26.1460075187367
CME_MRM0,Neonatal mortality rate,"per 1,000 live births",CME,annual_modeled,LAO,Laos,EAP,LMC,2009,POSITIVE,24.9871544007744
CME_MRM0,Neonatal mortality rate,"per 1,000 live births",CME,annual_modeled,LAO,Laos,EAP,LMC,2010,POSITIVE,23.8480185969864
CME_MRM0,Neonatal mortality rate,"per 1,000 live births",CME,annual_modeled,LAO,Laos,EAP,LMC,2011,POSITIVE,22.7399213638702
CME_MRM0,Neonatal mortality rate,"per 1,000 live births",CME,annual_modeled,LAO,Laos,EAP,LMC,2012,POSITIVE,21.6715185166137
CME_MRM0,Neonatal mortality rate,"per 1,000 live births",CME,annual_modeled,LAO,Laos,EAP,LMC,2013,POSITIVE,20.6565837434906
CME_MRM0,Neonatal mortality rate,"per 1,000 live births",CME,annual_modeled,LAO,Laos,EAP,LMC,2014,POSITIVE,19.7002365336934
CME_MRM0,Neonatal mortality rate,"per 1,000 live births",CME,annual_modeled,LAO,Laos,EAP,LMC,2015,POSITIVE,18.8840730967381
CME_MRM0,Neonatal mortality rate,"per 1,000 live births",CME,annual_modeled,LAO,Laos,EAP,LMC,2016,POSITIVE,18.1574217455783
CME_MRM0,Neonatal mortality rate,"per 1,000 live births",CME,annual_modeled,LAO,Laos,EAP,LMC,2017,POSITIVE,17.4882719469524
CME_MRM0,Neonatal mortality rate,"per 1,000 live births",CME,annual_modeled,LAO,Laos,EAP,LMC,2018,POSITIVE,16.9319767331657
CME_MRM0,Neonatal mortality rate,"per 1,000 live births",CME,annual_modeled,LAO,Laos,EAP,LMC,2019,POSITIVE,16.3357928610576
CME_MRM0,Neonatal mortality rate,"per 1,000 live births",CME,annual_modeled,LAO,Laos,EAP,LMC,2020,POSITIVE,15.566419888954
CME_MRM0,Neonatal mortality rate,"per 1,000 live births",CME,annual_modeled,LAO,Laos,EAP,LMC,2021,POSITIVE,14.8570923666609
CME_MRM0,Neonatal mortality rate,"per 1,000 live births",CME,annual_modeled,LAO,Laos,EAP,LMC,2022,POSITIVE,14.2285438824635
CME_MRM0,Neonatal mortality rate,"per 1,000 live births",CME,annual_modeled,LAO,Laos,EAP,LMC,2023,POSITIVE,13.6391495803353
CME_MRM0,Neonatal mortality rate,"per 1,000 live births",CME,annual_modeled,LAO,Laos,EAP,LMC,2024,POSITIVE,13.12136282928
CME_MRM0,Neonatal mortality rate,"per 1,000 live births",CME,annual_modeled,KGZ,Kyrgyzstan,ECA,LMC,2000,POSITIVE,20.5842633284293
CME_MRM0,Neonatal mortality rate,"per 1,000 live births",CME,annual_modeled,KGZ,Kyrgyzstan,ECA,LMC,2001,POSITIVE,20.0003611227211
CME_MRM0,Neonatal mortality rate,"per 1,000 live births",CME,annual_modeled,KGZ,Kyrgyzstan,ECA,LMC,2002,POSITIVE,19.5659883895476
CME_MRM0,Neonatal mortality rate,"per 1,000 live births",CME,annual_modeled,KGZ,Kyrgyzstan,ECA,LMC,2003,POSITIVE,19.2658430466077
CME_MRM0,Neonatal mortality rate,"per 1,000 live births",CME,annual_modeled,KGZ,Kyrgyzstan,ECA,LMC,2004,POSITIVE,19.0633496559421
CME_MRM0,Neonatal mortality rate,"per 1,000 live births",CME,annual_modeled,KGZ,Kyrgyzstan,ECA,LMC,2005,POSITIVE,19.0289242702696
CME_MRM0,Neonatal mortality rate,"per 1,000 live births",CME,annual_modeled,KGZ,Kyrgyzstan,ECA,LMC,2006,POSITIVE,19.0551009906715
CME_MRM0,Neonatal mortality rate,"per 1,000 live births",CME,annual_modeled,KGZ,Kyrgyzstan,ECA,LMC,2007,POSITIVE,18.8303607925268
CME_MRM0,Neonatal mortality rate,"per 1,000 live births",CME,annual_modeled,KGZ,Kyrgyzstan,ECA,LMC,2008,POSITIVE,18.2350441625909
CME_MRM0,Neonatal mortality rate,"per 1,000 live births",CME,annual_modeled,KGZ,Kyrgyzstan,ECA,LMC,2009,POSITIVE,17.4614479819208
CME_MRM0,Neonatal mortality rate,"per 1,000 live births",CME,annual_modeled,KGZ,Kyrgyzstan,ECA,LMC,2010,POSITIVE,16.6266401837815
CME_MRM0,Neonatal mortality rate,"per 1,000 live births",CME,annual_modeled,KGZ,Kyrgyzstan,ECA,LMC,2011,POSITIVE,15.8300724692355
CME_MRM0,Neonatal mortality rate,"per 1,000 live births",CME,annual_modeled,KGZ,Kyrgyzstan,ECA,LMC,2012,POSITIVE,15.1698220893918
CME_MRM0,Neonatal mortality rate,"per 1,000 live births",CME,annual_modeled,KGZ,Kyrgyzstan,ECA,LMC,2013,POSITIVE,14.6387410792357
CME_MRM0,Neonatal mortality rate,"per 1,000 live births",CME,annual_modeled,KGZ,Kyrgyzstan,ECA,LMC,2014,POSITIVE,14.1457355763023
CME_MRM0,Neonatal mortality rate,"per 1,000 live births",CME,annual_modeled,KGZ,Kyrgyzstan,ECA,LMC,2015,POSITIVE,13.5991567236604
CME_MRM0,Neonatal mortality rate,"per 1,000 live births",CME,annual_modeled,KGZ,Kyrgyzstan,ECA,LMC,2016,POSITIVE,12.9962977769255
CME_MRM0,Neonatal mortality rate,"per 1,000 live births",CME,annual_modeled,KGZ,Kyrgyzstan,ECA,LMC,2017,POSITIVE,12.4412407225518
CME_MRM0,Neonatal mortality rate,"per 1,000 live births",CME,annual_modeled,KGZ,Kyrgyzstan,ECA,LMC,2018,POSITIVE,11.9757851333231
CME_MRM0,Neonatal mortality rate,"per 1,000 live births",CME,annual_modeled,KGZ,Kyrgyzstan,ECA,LMC,2019,POSITIVE,11.6245990898884
CME_MRM0,Neonatal mortality rate,"per 1,000 live births",CME,annual_modeled,KGZ,Kyrgyzstan,ECA,LMC,2020,POSITIVE,11.388770620093
CME_MRM0,Neonatal mortality rate,"per 1,000 live births",CME,annual_modeled,KGZ,Kyrgyzstan,ECA,LMC,2021,POSITIVE,11.2305903800923
CME_MRM0,Neonatal mortality rate,"per 1,000 live births",CME,annual_modeled,KGZ,Kyrgyzstan,ECA,LMC,2022,POSITIVE,11.0989198945123
CME_MRM0,Neonatal mortality rate,"per 1,000 live births",CME,annual_modeled,KGZ,Kyrgyzstan,ECA,LMC,2023,POSITIVE,10.9464057183436
CME_MRM0,Neonatal mortality rate,"per 1,000 live births",CME,annual_modeled,KGZ,Kyrgyzstan,ECA,LMC,2024,POSITIVE,10.7944036637081
CME_MRM0,Neonatal mortality rate,"per 1,000 live births",CME,annual_modeled,TJK,Tajikistan,ECA,LMC,2000,POSITIVE,26.202945724806
CME_MRM0,Neonatal mortality rate,"per 1,000 live births",CME,annual_modeled,TJK,Tajikistan,ECA,LMC,2001,POSITIVE,24.9248190241219
CME_MRM0,Neonatal mortality rate,"per 1,000 live births",CME,annual_modeled,TJK,Tajikistan,ECA,LMC,2002,POSITIVE,23.5966280204676
CME_MRM0,Neonatal mortality rate,"per 1,000 live births",CME,annual_modeled,TJK,Tajikistan,ECA,LMC,2003,POSITIVE,22.3514495610183
CME_MRM0,Neonatal mortality rate,"per 1,000 live births",CME,annual_modeled,TJK,Tajikistan,ECA,LMC,2004,POSITIVE,21.3644793600986
CME_MRM0,Neonatal mortality rate,"per 1,000 live births",CME,annual_modeled,TJK,Tajikistan,ECA,LMC,2005,POSITIVE,20.5583437303404
CME_MRM0,Neonatal mortality rate,"per 1,000 live births",CME,annual_modeled,TJK,Tajikistan,ECA,LMC,2006,POSITIVE,20.0122608715862
CME_MRM0,Neonatal mortality rate,"per 1,000 live births",CME,annual_modeled,TJK,Tajikistan,ECA,LMC,2007,POSITIVE,19.6070643875422
CME_MRM0,Neonatal mortality rate,"per 1,000 live births",CME,annual_modeled,TJK,Tajikistan,ECA,LMC,2008,POSITIVE,19.2105513686756
CME_MRM0,Neonatal mortality rate,"per 1,000 live births",CME,annual_modeled,TJK,Tajikistan,ECA,LMC,2009,POSITIVE,18.6456606580773
CME_MRM0,Neonatal mortality rate,"per 1,000 live births",CME,annual_modeled,TJK,Tajikistan,ECA,LMC,2010,POSITIVE,17.9001009880587
CME_MRM0,Neonatal mortality rate,"per 1,000 live births",CME,annual_modeled,TJK,Tajikistan,ECA,LMC,2011,POSITIVE,16.8726877435441
CME_MRM0,Neonatal mortality rate,"per 1,000 live births",CME,annual_modeled,TJK,Tajikistan,ECA,LMC,2012,POSITIVE,15.7210461614541
CME_MRM0,Neonatal mortality rate,"per 1,000 live births",CME,annual_modeled,TJK,Tajikistan,ECA,LMC,2013,POSITIVE,14.6544517689448
CME_MRM0,Neonatal mortality rate,"per 1,000 live births",CME,annual_modeled,TJK,Tajikistan,ECA,LMC,2014,POSITIVE,13.7414488965631
CME_MRM0,Neonatal mortality rate,"per 1,000 live births",CME,annual_modeled,TJK,Tajikistan,ECA,LMC,2015,POSITIVE,13.0598850899191
CME_MRM0,Neonatal mortality rate,"per 1,000 live births",CME,annual_modeled,TJK,Tajikistan,ECA,LMC,2016,POSITIVE,12.5877160236607
CME_MRM0,Neonatal mortality rate,"per 1,000 live births",CME,annual_modeled,TJK,Tajikistan,ECA,LMC,2017,POSITIVE,12.2728939123317
CME_MRM0,Neonatal mortality rate,"per 1,000 live births",CME,annual_modeled,TJK,Tajikistan,ECA,LMC,2018,POSITIVE,12.0955643575653
CME_MRM0,Neonatal mortality rate,"per 1,000 live births",CME,annual_modeled,TJK,Tajikistan,ECA,LMC,2019,POSITIVE,11.9529941907141
CME_MRM0,Neonatal mortality rate,"per 1,000 live births",CME,annual_modeled,TJK,Tajikistan,ECA,LMC,2020,POSITIVE,11.8623803053126
CME_MRM0,Neonatal mortality rate,"per 1,000 live births",CME,annual_modeled,TJK,Tajikistan,ECA,LMC,2021,POSITIVE,11.7465539228359
CME_MRM0,Neonatal mortality rate,"per 1,000 live births",CME,annual_modeled,TJK,Tajikistan,ECA,LMC,2022,POSITIVE,11.5695778836991
CME_MRM0,Neonatal mortality rate,"per 1,000 live births",CME,annual_modeled,TJK,Tajikistan,ECA,LMC,2023,POSITIVE,11.3271528956194
CME_MRM0,Neonatal mortality rate,"per 1,000 live births",CME,annual_modeled,TJK,Tajikistan,ECA,LMC,2024,POSITIVE,11.0997469785483
CME_MRM0,Neonatal mortality rate,"per 1,000 live births",CME,annual_modeled,IRN,Iran,MNA,UMC,2000,POSITIVE,19.4908356453362
CME_MRM0,Neonatal mortality rate,"per 1,000 live births",CME,annual_modeled,IRN,Iran,MNA,UMC,2001,POSITIVE,18.8209808652814
CME_MRM0,Neonatal mortality rate,"per 1,000 live births",CME,annual_modeled,IRN,Iran,MNA,UMC,2002,POSITIVE,18.1632440489721
CME_MRM0,Neonatal mortality rate,"per 1,000 live births",CME,annual_modeled,IRN,Iran,MNA,UMC,2003,POSITIVE,17.4812360832583
CME_MRM0,Neonatal mortality rate,"per 1,000 live births",CME,annual_modeled,IRN,Iran,MNA,UMC,2004,POSITIVE,16.7848206852977
CME_MRM0,Neonatal mortality rate,"per 1,000 live births",CME,annual_modeled,IRN,Iran,MNA,UMC,2005,POSITIVE,16.1453637475525
CME_MRM0,Neonatal mortality rate,"per 1,000 live births",CME,annual_modeled,IRN,Iran,MNA,UMC,2006,POSITIVE,15.4862311183541
CME_MRM0,Neonatal mortality rate,"per 1,000 live births",CME,annual_modeled,IRN,Iran,MNA,UMC,2007,POSITIVE,14.8058506408128
CME_MRM0,Neonatal mortality rate,"per 1,000 live births",CME,annual_modeled,IRN,Iran,MNA,UMC,2008,POSITIVE,14.0622042201707
CME_MRM0,Neonatal mortality rate,"per 1,000 live births",CME,annual_modeled,IRN,Iran,MNA,UMC,2009,POSITIVE,13.3236796211099
CME_MRM0,Neonatal mortality rate,"per 1,000 live births",CME,annual_modeled,IRN,Iran,MNA,UMC,2010,POSITIVE,12.6345737488908
CME_MRM0,Neonatal mortality rate,"per 1,000 live births",CME,annual_modeled,IRN,Iran,MNA,UMC,2011,POSITIVE,12.0143149195837
CME_MRM0,Neonatal mortality rate,"per 1,000 live births",CME,annual_modeled,IRN,Iran,MNA,UMC,2012,POSITIVE,11.4427045468745
CME_MRM0,Neonatal mortality rate,"per 1,000 live births",CME,annual_modeled,IRN,Iran,MNA,UMC,2013,POSITIVE,10.9348518785423
CME_MRM0,Neonatal mortality rate,"per 1,000 live births",CME,annual_modeled,IRN,Iran,MNA,UMC,2014,POSITIVE,10.4622887948609
CME_MRM0,Neonatal mortality rate,"per 1,000 live births",CME,annual_modeled,IRN,Iran,MNA,UMC,2015,POSITIVE,10.0490325574348
CME_MRM0,Neonatal mortality rate,"per 1,000 live births",CME,annual_modeled,IRN,Iran,MNA,UMC,2016,POSITIVE,9.63521210388315
CME_MRM0,Neonatal mortality rate,"per 1,000 live births",CME,annual_modeled,IRN,Iran,MNA,UMC,2017,POSITIVE,9.26403717664686
CME_MRM0,Neonatal mortality rate,"per 1,000 live births",CME,annual_modeled,IRN,Iran,MNA,UMC,2018,POSITIVE,8.92582341224499
CME_MRM0,Neonatal mortality rate,"per 1,000 live births",CME,annual_modeled,IRN,Iran,MNA,UMC,2019,POSITIVE,8.63261729015448
CME_MRM0,Neonatal mortality rate,"per 1,000 live births",CME,annual_modeled,IRN,Iran,MNA,UMC,2020,POSITIVE,8.33483662050406
CME_MRM0,Neonatal mortality rate,"per 1,000 live births",CME,annual_modeled,IRN,Iran,MNA,UMC,2021,POSITIVE,8.01472091806076
CME_MRM0,Neonatal mortality rate,"per 1,000 live births",CME,annual_modeled,IRN,Iran,MNA,UMC,2022,POSITIVE,7.72196617678359
CME_MRM0,Neonatal mortality rate,"per 1,000 live births",CME,annual_modeled,IRN,Iran,MNA,UMC,2023,POSITIVE,7.45090271820955
CME_MRM0,Neonatal mortality rate,"per 1,000 live births",CME,annual_modeled,IRN,Iran,MNA,UMC,2024,POSITIVE,7.2016121375691
CME_MRM0,Neonatal mortality rate,"per 1,000 live births",CME,annual_modeled,AZE,Azerbaijan,ECA,UMC,2000,POSITIVE,34.6561528142354
CME_MRM0,Neonatal mortality rate,"per 1,000 live births",CME,annual_modeled,AZE,Azerbaijan,ECA,UMC,2001,POSITIVE,33.2502239281181
CME_MRM0,Neonatal mortality rate,"per 1,000 live births",CME,annual_modeled,AZE,Azerbaijan,ECA,UMC,2002,POSITIVE,31.7631207349641
CME_MRM0,Neonatal mortality rate,"per 1,000 live births",CME,annual_modeled,AZE,Azerbaijan,ECA,UMC,2003,POSITIVE,30.2162900645633
CME_MRM0,Neonatal mortality rate,"per 1,000 live births",CME,annual_modeled,AZE,Azerbaijan,ECA,UMC,2004,POSITIVE,28.705425547051
CME_MRM0,Neonatal mortality rate,"per 1,000 live births",CME,annual_modeled,AZE,Azerbaijan,ECA,UMC,2005,POSITIVE,27.2137483839606
CME_MRM0,Neonatal mortality rate,"per 1,000 live births",CME,annual_modeled,AZE,Azerbaijan,ECA,UMC,2006,POSITIVE,25.8182378984808
CME_MRM0,Neonatal mortality rate,"per 1,000 live births",CME,annual_modeled,AZE,Azerbaijan,ECA,UMC,2007,POSITIVE,24.5506226612918
CME_MRM0,Neonatal mortality rate,"per 1,000 live births",CME,annual_modeled,AZE,Azerbaijan,ECA,UMC,2008,POSITIVE,23.3504274222623
CME_MRM0,Neonatal mortality rate,"per 1,000 live births",CME,annual_modeled,AZE,Azerbaijan,ECA,UMC,2009,POSITIVE,22.261934990247
CME_MRM0,Neonatal mortality rate,"per 1,000 live births",CME,annual_modeled,AZE,Azerbaijan,ECA,UMC,2010,POSITIVE,21.2061156257624
CME_MRM0,Neonatal mortality rate,"per 1,000 live births",CME,annual_modeled,AZE,Azerbaijan,ECA,UMC,2011,POSITIVE,20.006258484166
CME_MRM0,Neonatal mortality rate,"per 1,000 live births",CME,annual_modeled,AZE,Azerbaijan,ECA,UMC,2012,POSITIVE,18.7449789443546
CME_MRM0,Neonatal mortality rate,"per 1,000 live births",CME,annual_modeled,AZE,Azerbaijan,ECA,UMC,2013,POSITIVE,17.6766976680537
CME_MRM0,Neonatal mortality rate,"per 1,000 live births",CME,annual_modeled,AZE,Azerbaijan,ECA,UMC,2014,POSITIVE,16.7187502482605
CME_MRM0,Neonatal mortality rate,"per 1,000 live births",CME,annual_modeled,AZE,Azerbaijan,ECA,UMC,2015,POSITIVE,15.9662645607682
CME_MRM0,Neonatal mortality rate,"per 1,000 live births",CME,annual_modeled,AZE,Azerbaijan,ECA,UMC,2016,POSITIVE,15.3184349433271
CME_MRM0,Neonatal mortality rate,"per 1,000 live births",CME,annual_modeled,AZE,Azerbaijan,ECA,UMC,2017,POSITIVE,14.8679026460761
CME_MRM0,Neonatal mortality rate,"per 1,000 live births",CME,annual_modeled,AZE,Azerbaijan,ECA,UMC,2018,POSITIVE,14.5163563932011
CME_MRM0,Neonatal mortality rate,"per 1,000 live births",CME,annual_modeled,AZE,Azerbaijan,ECA,UMC,2019,POSITIVE,14.2437672619897
CME_MRM0,Neonatal mortality rate,"per 1,000 live births",CME,annual_modeled,AZE,Azerbaijan,ECA,UMC,2020,POSITIVE,13.9506806847437
CME_MRM0,Neonatal mortality rate,"per 1,000 live births",CME,annual_modeled,AZE,Azerbaijan,ECA,UMC,2021,POSITIVE,13.670076387449
CME_MRM0,Neonatal mortality rate,"per 1,000 live births",CME,annual_modeled,AZE,Azerbaijan,ECA,UMC,2022,POSITIVE,13.3097077929723
CME_MRM0,Neonatal mortality rate,"per 1,000 live births",CME,annual_modeled,AZE,Azerbaijan,ECA,UMC,2023,POSITIVE,12.89747661757
CME_MRM0,Neonatal mortality rate,"per 1,000 live births",CME,annual_modeled,AZE,Azerbaijan,ECA,UMC,2024,POSITIVE,12.4294576505074
CME_MRM0,Neonatal mortality rate,"per 1,000 live births",CME,annual_modeled,GEO,Georgia,ECA,UMC,2000,POSITIVE,22.2997318299422
CME_MRM0,Neonatal mortality rate,"per 1,000 live births",CME,annual_modeled,GEO,Georgia,ECA,UMC,2001,POSITIVE,21.1876300135622
CME_MRM0,Neonatal mortality rate,"per 1,000 live births",CME,annual_modeled,GEO,Georgia,ECA,UMC,2002,POSITIVE,19.8942612488784
CME_MRM0,Neonatal mortality rate,"per 1,000 live births",CME,annual_modeled,GEO,Georgia,ECA,UMC,2003,POSITIVE,18.461355880547
CME_MRM0,Neonatal mortality rate,"per 1,000 live births",CME,annual_modeled,GEO,Georgia,ECA,UMC,2004,POSITIVE,16.9682438698638
CME_MRM0,Neonatal mortality rate,"per 1,000 live births",CME,annual_modeled,GEO,Georgia,ECA,UMC,2005,POSITIVE,15.4885736108883
CME_MRM0,Neonatal mortality rate,"per 1,000 live births",CME,annual_modeled,GEO,Georgia,ECA,UMC,2006,POSITIVE,14.1186064071128
CME_MRM0,Neonatal mortality rate,"per 1,000 live births",CME,annual_modeled,GEO,Georgia,ECA,UMC,2007,POSITIVE,12.8897578239723
CME_MRM0,Neonatal mortality rate,"per 1,000 live births",CME,annual_modeled,GEO,Georgia,ECA,UMC,2008,POSITIVE,11.8188329467996
CME_MRM0,Neonatal mortality rate,"per 1,000 live births",CME,annual_modeled,GEO,Georgia,ECA,UMC,2009,POSITIVE,10.8927287304052
CME_MRM0,Neonatal mortality rate,"per 1,000 live births",CME,annual_modeled,GEO,Georgia,ECA,UMC,2010,POSITIVE,10.0809851498256
CME_MRM0,Neonatal mortality rate,"per 1,000 live births",CME,annual_modeled,GEO,Georgia,ECA,UMC,2011,POSITIVE,9.36676422617875
CME_MRM0,Neonatal mortality rate,"per 1,000 live births",CME,annual_modeled,GEO,Georgia,ECA,UMC,2012,POSITIVE,8.70004664249558
CME_MRM0,Neonatal mortality rate,"per 1,000 live births",CME,annual_modeled,GEO,Georgia,ECA,UMC,2013,POSITIVE,8.04249263820563
CME_MRM0,Neonatal mortality rate,"per 1,000 live births",CME,annual_modeled,GEO,Georgia,ECA,UMC,2014,POSITIVE,7.37687718377743
CME_MRM0,Neonatal mortality rate,"per 1,000 live births",CME,annual_modeled,GEO,Georgia,ECA,UMC,2015,POSITIVE,6.7377270132531
CME_MRM0,Neonatal mortality rate,"per 1,000 live births",CME,annual_modeled,GEO,Georgia,ECA,UMC,2016,POSITIVE,6.20131456081825
CME_MRM0,Neonatal mortality rate,"per 1,000 live births",CME,annual_modeled,GEO,Georgia,ECA,UMC,2017,POSITIVE,5.78970194277023
CME_MRM0,Neonatal mortality rate,"per 1,000 live births",CME,annual_modeled,GEO,Georgia,ECA,UMC,2018,POSITIVE,5.52393667215377
CME_MRM0,Neonatal mortality rate,"per 1,000 live births",CME,annual_modeled,GEO,Georgia,ECA,UMC,2019,POSITIVE,5.39498574662973
CME_MRM0,Neonatal mortality rate,"per 1,000 live births",CME,annual_modeled,GEO,Georgia,ECA,UMC,2020,POSITIVE,5.33315851742995
CME_MRM0,Neonatal mortality rate,"per 1,000 live births",CME,annual_modeled,GEO,Georgia,ECA,UMC,2021,POSITIVE,5.28319380310057
CME_MRM0,Neonatal mortality rate,"per 1,000 live births",CME,annual_modeled,GEO,Georgia,ECA,UMC,2022,POSITIVE,5.21257789925026
CME_MRM0,Neonatal mortality rate,"per 1,000 live births",CME,annual_modeled,GEO,Georgia,ECA,UMC,2023,POSITIVE,5.10380458724452
CME_MRM0,Neonatal mortality rate,"per 1,000 live births",CME,annual_modeled,GEO,Georgia,ECA,UMC,2024,POSITIVE,4.953762058921
CME_MRM0,Neonatal mortality rate,"per 1,000 live births",CME,annual_modeled,ALB,Albania,ECA,UMC,2000,POSITIVE,12.0959414278566
CME_MRM0,Neonatal mortality rate,"per 1,000 live births",CME,annual_modeled,ALB,Albania,ECA,UMC,2001,POSITIVE,11.8102332774678
CME_MRM0,Neonatal mortality rate,"per 1,000 live births",CME,annual_modeled,ALB,Albania,ECA,UMC,2002,POSITIVE,11.4797615341068
CME_MRM0,Neonatal mortality rate,"per 1,000 live births",CME,annual_modeled,ALB,Albania,ECA,UMC,2003,POSITIVE,11.2056280337452
CME_MRM0,Neonatal mortality rate,"per 1,000 live births",CME,annual_modeled,ALB,Albania,ECA,UMC,2004,POSITIVE,10.9193377855541
CME_MRM0,Neonatal mortality rate,"per 1,000 live births",CME,annual_modeled,ALB,Albania,ECA,UMC,2005,POSITIVE,10.5298886640544
CME_MRM0,Neonatal mortality rate,"per 1,000 live births",CME,annual_modeled,ALB,Albania,ECA,UMC,2006,POSITIVE,9.98829845199896
CME_MRM0,Neonatal mortality rate,"per 1,000 live births",CME,annual_modeled,ALB,Albania,ECA,UMC,2007,POSITIVE,9.24335790149363
CME_MRM0,Neonatal mortality rate,"per 1,000 live births",CME,annual_modeled,ALB,Albania,ECA,UMC,2008,POSITIVE,8.29597525090834
CME_MRM0,Neonatal mortality rate,"per 1,000 live births",CME,annual_modeled,ALB,Albania,ECA,UMC,2009,POSITIVE,7.34815560405561
CME_MRM0,Neonatal mortality rate,"per 1,000 live births",CME,annual_modeled,ALB,Albania,ECA,UMC,2010,POSITIVE,6.65060681818378
CME_MRM0,Neonatal mortality rate,"per 1,000 live births",CME,annual_modeled,ALB,Albania,ECA,UMC,2011,POSITIVE,6.27031160653323
CME_MRM0,Neonatal mortality rate,"per 1,000 live births",CME,annual_modeled,ALB,Albania,ECA,UMC,2012,POSITIVE,6.06571722559614
CME_MRM0,Neonatal mortality rate,"per 1,000 live births",CME,annual_modeled,ALB,Albania,ECA,UMC,2013,POSITIVE,5.92705073265258
CME_MRM0,Neonatal mortality rate,"per 1,000 live births",CME,annual_modeled,ALB,Albania,ECA,UMC,2014,POSITIVE,5.89419961081494
CME_MRM0,Neonatal mortality rate,"per 1,000 live births",CME,annual_modeled,ALB,Albania,ECA,UMC,2015,POSITIVE,6.03516209754086
CME_MRM0,Neonatal mortality rate,"per 1,000 live births",CME,annual_modeled,ALB,Albania,ECA,UMC,2016,POSITIVE,6.33926988996545
CME_MRM0,Neonatal mortality rate,"per 1,000 live births",CME,annual_modeled,ALB,Albania,ECA,UMC,2017,POSITIVE,6.68618276138901
CME_MRM0,Neonatal mortality rate,"per 1,000 live births",CME,annual_modeled,ALB,Albania,ECA,UMC,2018,POSITIVE,6.96045404322312
CME_MRM0,Neonatal mortality rate,"per 1,000 live births",CME,annual_modeled,ALB,Albania,ECA,UMC,2019,POSITIVE,7.13059935339117
CME_MRM0,Neonatal mortality rate,"per 1,000 live births",CME,annual_modeled,ALB,Albania,ECA,UMC,2020,POSITIVE,7.18583003789976
CME_MRM0,Neonatal mortality rate,"per 1,000 live births",CME,annual_modeled,ALB,Albania,ECA,UMC,2021,POSITIVE,7.12521891187097
CME_MRM0,Neonatal mortality rate,"per 1,000 live births",CME,annual_modeled,ALB,Albania,ECA,UMC,2022,POSITIVE,6.99870378611485
CME_MRM0,Neonatal mortality rate,"per 1,000 live births",CME,annual_modeled,ALB,Albania,ECA,UMC,2023,POSITIVE,6.86888264865943
CME_MRM0,Neonatal mortality rate,"per 1,000 live births",CME,annual_modeled,ALB,Albania,ECA,UMC,2024,POSITIVE,6.73519413525062
CME_MRM0,Neonatal mortality rate,"per 1,000 live births",CME,annual_modeled,BLR,Belarus,ECA,UMC,2000,POSITIVE,5.22730548104632
CME_MRM0,Neonatal mortality rate,"per 1,000 live births",CME,annual_modeled,BLR,Belarus,ECA,UMC,2001,POSITIVE,4.41293129704332
CME_MRM0,Neonatal mortality rate,"per 1,000 live births",CME,annual_modeled,BLR,Belarus,ECA,UMC,2002,POSITIVE,3.88662035190788
CME_MRM0,Neonatal mortality rate,"per 1,000 live births",CME,annual_modeled,BLR,Belarus,ECA,UMC,2003,POSITIVE,3.57794721992233
CME_MRM0,Neonatal mortality rate,"per 1,000 live births",CME,annual_modeled,BLR,Belarus,ECA,UMC,2004,POSITIVE,3.39398121842537
CME_MRM0,Neonatal mortality rate,"per 1,000 live births",CME,annual_modeled,BLR,Belarus,ECA,UMC,2005,POSITIVE,3.20772756666008
CME_MRM0,Neonatal mortality rate,"per 1,000 live births",CME,annual_modeled,BLR,Belarus,ECA,UMC,2006,POSITIVE,2.91710989535923
CME_MRM0,Neonatal mortality rate,"per 1,000 live births",CME,annual_modeled,BLR,Belarus,ECA,UMC,2007,POSITIVE,2.57523959102141
CME_MRM0,Neonatal mortality rate,"per 1,000 live births",CME,annual_modeled,BLR,Belarus,ECA,UMC,2008,POSITIVE,2.24720451495144
CME_MRM0,Neonatal mortality rate,"per 1,000 live births",CME,annual_modeled,BLR,Belarus,ECA,UMC,2009,POSITIVE,1.98730239776897
CME_MRM0,Neonatal mortality rate,"per 1,000 live births",CME,annual_modeled,BLR,Belarus,ECA,UMC,2010,POSITIVE,1.80876572517354
CME_MRM0,Neonatal mortality rate,"per 1,000 live births",CME,annual_modeled,BLR,Belarus,ECA,UMC,2011,POSITIVE,1.72265361803391
CME_MRM0,Neonatal mortality rate,"per 1,000 live births",CME,annual_modeled,BLR,Belarus,ECA,UMC,2012,POSITIVE,1.69763125659217
CME_MRM0,Neonatal mortality rate,"per 1,000 live births",CME,annual_modeled,BLR,Belarus,ECA,UMC,2013,POSITIVE,1.6806694333024
CME_MRM0,Neonatal mortality rate,"per 1,000 live births",CME,annual_modeled,BLR,Belarus,ECA,UMC,2014,POSITIVE,1.64275580723194
CME_MRM0,Neonatal mortality rate,"per 1,000 live births",CME,annual_modeled,BLR,Belarus,ECA,UMC,2015,POSITIVE,1.57792466068358
CME_MRM0,Neonatal mortality rate,"per 1,000 live births",CME,annual_modeled,BLR,Belarus,ECA,UMC,2016,POSITIVE,1.48787739229792
CME_MRM0,Neonatal mortality rate,"per 1,000 live births",CME,annual_modeled,BLR,Belarus,ECA,UMC,2017,POSITIVE,1.3697196384588
CME_MRM0,Neonatal mortality rate,"per 1,000 live births",CME,annual_modeled,BLR,Belarus,ECA,UMC,2018,POSITIVE,1.22869181052833
CME_MRM0,Neonatal mortality rate,"per 1,000 live births",CME,annual_modeled,BLR,Belarus,ECA,UMC,2019,POSITIVE,1.08264364318816
CME_MRM0,Neonatal mortality rate,"per 1,000 live births",CME,annual_modeled,BLR,Belarus,ECA,UMC,2020,POSITIVE,0.959229756647299
CME_MRM0,Neonatal mortality rate,"per 1,000 live births",CME,annual_modeled,BLR,Belarus,ECA,UMC,2021,POSITIVE,0.874640721085327
CME_MRM0,Neonatal mortality rate,"per 1,000 live births",CME,annual_modeled,BLR,Belarus,ECA,UMC,2022,POSITIVE,0.819150386375674
CME_MRM0,Neonatal mortality rate,"per 1,000 live births",CME,annual_modeled,BLR,Belarus,ECA,UMC,2023,POSITIVE,0.778072853642219
CME_MRM0,Neonatal mortality rate,"per 1,000 live births",CME,annual_modeled,BLR,Belarus,ECA,UMC,2024,POSITIVE,0.741020677377868
CME_MRM0,Neonatal mortality rate,"per 1,000 live births",CME,annual_modeled,KWT,Kuwait,MNA,HIC,2000,POSITIVE,6.57290454423479
CME_MRM0,Neonatal mortality rate,"per 1,000 live births",CME,annual_modeled,KWT,Kuwait,MNA,HIC,2001,POSITIVE,6.38646153065497
CME_MRM0,Neonatal mortality rate,"per 1,000 live births",CME,annual_modeled,KWT,Kuwait,MNA,HIC,2002,POSITIVE,6.22605404171868
CME_MRM0,Neonatal mortality rate,"per 1,000 live births",CME,annual_modeled,KWT,Kuwait,MNA,HIC,2003,POSITIVE,6.07509197211816
CME_MRM0,Neonatal mortality rate,"per 1,000 live births",CME,annual_modeled,KWT,Kuwait,MNA,HIC,2004,POSITIVE,5.93251210190893
CME_MRM0,Neonatal mortality rate,"per 1,000 live births",CME,annual_modeled,KWT,Kuwait,MNA,HIC,2005,POSITIVE,5.82390173931276
CME_MRM0,Neonatal mortality rate,"per 1,000 live births",CME,annual_modeled,KWT,Kuwait,MNA,HIC,2006,POSITIVE,5.76564596030022
CME_MRM0,Neonatal mortality rate,"per 1,000 live births",CME,annual_modeled,KWT,Kuwait,MNA,HIC,2007,POSITIVE,5.73710519298006
CME_MRM0,Neonatal mortality rate,"per 1,000 live births",CME,annual_modeled,KWT,Kuwait,MNA,HIC,2008,POSITIVE,5.69214604334538
CME_MRM0,Neonatal mortality rate,"per 1,000 live births",CME,annual_modeled,KWT,Kuwait,MNA,HIC,2009,POSITIVE,5.60810190185765
CME_MRM0,Neonatal mortality rate,"per 1,000 live births",CME,annual_modeled,KWT,Kuwait,MNA,HIC,2010,POSITIVE,5.48925727749857
CME_MRM0,Neonatal mortality rate,"per 1,000 live births",CME,annual_modeled,KWT,Kuwait,MNA,HIC,2011,POSITIVE,5.34236534538893
CME_MRM0,Neonatal mortality rate,"per 1,000 live births",CME,annual_modeled,KWT,Kuwait,MNA,HIC,2012,POSITIVE,5.19639540544168
CME_MRM0,Neonatal mortality rate,"per 1,000 live births",CME,annual_modeled,KWT,Kuwait,MNA,HIC,2013,POSITIVE,5.08063938096288
CME_MRM0,Neonatal mortality rate,"per 1,000 live births",CME,annual_modeled,KWT,Kuwait,MNA,HIC,2014,POSITIVE,5.00637264975367
CME_MRM0,Neonatal mortality rate,"per 1,000 live births",CME,annual_modeled,KWT,Kuwait,MNA,HIC,2015,POSITIVE,4.97569186787531
CME_MRM0,Neonatal mortality rate,"per 1,000 live births",CME,annual_modeled,KWT,Kuwait,MNA,HIC,2016,POSITIVE,4.98113540038889
CME_MRM0,Neonatal mortality rate,"per 1,000 live births",CME,annual_modeled,KWT,Kuwait,MNA,HIC,2017,POSITIVE,5.00744170741452
CME_MRM0,Neonatal mortality rate,"per 1,000 live births",CME,annual_modeled,KWT,Kuwait,MNA,HIC,2018,POSITIVE,5.01765392360418
CME_MRM0,Neonatal mortality rate,"per 1,000 live births",CME,annual_modeled,KWT,Kuwait,MNA,HIC,2019,POSITIVE,4.99529707270414
CME_MRM0,Neonatal mortality rate,"per 1,000 live births",CME,annual_modeled,KWT,Kuwait,MNA,HIC,2020,POSITIVE,4.93474748949623
CME_MRM0,Neonatal mortality rate,"per 1,000 live births",CME,annual_modeled,KWT,Kuwait,MNA,HIC,2021,POSITIVE,4.8402685768677
CME_MRM0,Neonatal mortality rate,"per 1,000 live births",CME,annual_modeled,KWT,Kuwait,MNA,HIC,2022,POSITIVE,4.71631881344106
CME_MRM0,Neonatal mortality rate,"per 1,000 live births",CME,annual_modeled,KWT,Kuwait,MNA,HIC,2023,POSITIVE,4.5741762039282
CME_MRM0,Neonatal mortality rate,"per 1,000 live births",CME,annual_modeled,KWT,Kuwait,MNA,HIC,2024,POSITIVE,4.42464239191397
CME_MRM0,Neonatal mortality rate,"per 1,000 live births",CME,annual_modeled,BHR,Bahrain,MNA,HIC,2000,POSITIVE,4.96885550346499
CME_MRM0,Neonatal mortality rate,"per 1,000 live births",CME,annual_modeled,BHR,Bahrain,MNA,HIC,2001,POSITIVE,4.56214138652713
CME_MRM0,Neonatal mortality rate,"per 1,000 live births",CME,annual_modeled,BHR,Bahrain,MNA,HIC,2002,POSITIVE,4.25349280027062
CME_MRM0,Neonatal mortality rate,"per 1,000 live births",CME,annual_modeled,BHR,Bahrain,MNA,HIC,2003,POSITIVE,4.0076268437826
CME_MRM0,Neonatal mortality rate,"per 1,000 live births",CME,annual_modeled,BHR,Bahrain,MNA,HIC,2004,POSITIVE,3.78912223272343
CME_MRM0,Neonatal mortality rate,"per 1,000 live births",CME,annual_modeled,BHR,Bahrain,MNA,HIC,2005,POSITIVE,3.59382297146081
CME_MRM0,Neonatal mortality rate,"per 1,000 live births",CME,annual_modeled,BHR,Bahrain,MNA,HIC,2006,POSITIVE,3.42731134776793
CME_MRM0,Neonatal mortality rate,"per 1,000 live births",CME,annual_modeled,BHR,Bahrain,MNA,HIC,2007,POSITIVE,3.29833967404705
CME_MRM0,Neonatal mortality rate,"per 1,000 live births",CME,annual_modeled,BHR,Bahrain,MNA,HIC,2008,POSITIVE,3.21112575327031
CME_MRM0,Neonatal mortality rate,"per 1,000 live births",CME,annual_modeled,BHR,Bahrain,MNA,HIC,2009,POSITIVE,3.1608808369089
CME_MRM0,Neonatal mortality rate,"per 1,000 live births",CME,annual_modeled,BHR,Bahrain,MNA,HIC,2010,POSITIVE,3.1452197515703
CME_MRM0,Neonatal mortality rate,"per 1,000 live births",CME,annual_modeled,BHR,Bahrain,MNA,HIC,2011,POSITIVE,3.15701107893495
CME_MRM0,Neonatal mortality rate,"per 1,000 live births",CME,annual_modeled,BHR,Bahrain,MNA,HIC,2012,POSITIVE,3.18142393354987
CME_MRM0,Neonatal mortality rate,"per 1,000 live births",CME,annual_modeled,BHR,Bahrain,MNA,HIC,2013,POSITIVE,3.22079824290063
CME_MRM0,Neonatal mortality rate,"per 1,000 live births",CME,annual_modeled,BHR,Bahrain,MNA,HIC,2014,POSITIVE,3.28006923839672
CME_MRM0,Neonatal mortality rate,"per 1,000 live births",CME,annual_modeled,BHR,Bahrain,MNA,HIC,2015,POSITIVE,3.37120188524888
CME_MRM0,Neonatal mortality rate,"per 1,000 live births",CME,annual_modeled,BHR,Bahrain,MNA,HIC,2016,POSITIVE,3.49361598099501
CME_MRM0,Neonatal mortality rate,"per 1,000 live births",CME,annual_modeled,BHR,Bahrain,MNA,HIC,2017,POSITIVE,3.64886347020474
CME_MRM0,Neonatal mortality rate,"per 1,000 live births",CME,annual_modeled,BHR,Bahrain,MNA,HIC,2018,POSITIVE,3.81839401732413
CME_MRM0,Neonatal mortality rate,"per 1,000 live births",CME,annual_modeled,BHR,Bahrain,MNA,HIC,2019,POSITIVE,3.98783931315097
CME_MRM0,Neonatal mortality rate,"per 1,000 live births",CME,annual_modeled,BHR,Bahrain,MNA,HIC,2020,POSITIVE,4.12903216364118
CME_MRM0,Neonatal mortality rate,"per 1,000 live births",CME,annual_modeled,BHR,Bahrain,MNA,HIC,2021,POSITIVE,4.23935923521163
CME_MRM0,Neonatal mortality rate,"per 1,000 live births",CME,annual_modeled,BHR,Bahrain,MNA,HIC,2022,POSITIVE,4.32992382628934
CME_MRM0,Neonatal mortality rate,"per 1,000 live births",CME,annual_modeled,BHR,Bahrain,MNA,HIC,2023,POSITIVE,4.40088153548333
CME_MRM0,Neonatal mortality rate,"per 1,000 live births",CME,annual_modeled,BHR,Bahrain,MNA,HIC,2024,POSITIVE,4.44485336500335
CME_MRM0,Neonatal mortality rate,"per 1,000 live births",CME,annual_modeled,OMN,Oman,MNA,HIC,2000,POSITIVE,7.74706549806187
CME_MRM0,Neonatal mortality rate,"per 1,000 live births",CME,annual_modeled,OMN,Oman,MNA,HIC,2001,POSITIVE,7.30790743331873
CME_MRM0,Neonatal mortality rate,"per 1,000 live births",CME,annual_modeled,OMN,Oman,MNA,HIC,2002,POSITIVE,6.94191176526666
CME_MRM0,Neonatal mortality rate,"per 1,000 live births",CME,annual_modeled,OMN,Oman,MNA,HIC,2003,POSITIVE,6.64172912980461
CME_MRM0,Neonatal mortality rate,"per 1,000 live births",CME,annual_modeled,OMN,Oman,MNA,HIC,2004,POSITIVE,6.41504519204016
CME_MRM0,Neonatal mortality rate,"per 1,000 live births",CME,annual_modeled,OMN,Oman,MNA,HIC,2005,POSITIVE,6.22924532363348
CME_MRM0,Neonatal mortality rate,"per 1,000 live births",CME,annual_modeled,OMN,Oman,MNA,HIC,2006,POSITIVE,6.0804326219368
CME_MRM0,Neonatal mortality rate,"per 1,000 live births",CME,annual_modeled,OMN,Oman,MNA,HIC,2007,POSITIVE,5.96978221914685
CME_MRM0,Neonatal mortality rate,"per 1,000 live births",CME,annual_modeled,OMN,Oman,MNA,HIC,2008,POSITIVE,5.88894653733285
CME_MRM0,Neonatal mortality rate,"per 1,000 live births",CME,annual_modeled,OMN,Oman,MNA,HIC,2009,POSITIVE,5.82410113327759
CME_MRM0,Neonatal mortality rate,"per 1,000 live births",CME,annual_modeled,OMN,Oman,MNA,HIC,2010,POSITIVE,5.76983692409856
CME_MRM0,Neonatal mortality rate,"per 1,000 live births",CME,annual_modeled,OMN,Oman,MNA,HIC,2011,POSITIVE,5.71305558608815
CME_MRM0,Neonatal mortality rate,"per 1,000 live births",CME,annual_modeled,OMN,Oman,MNA,HIC,2012,POSITIVE,5.65888328700824
CME_MRM0,Neonatal mortality rate,"per 1,000 live births",CME,annual_modeled,OMN,Oman,MNA,HIC,2013,POSITIVE,5.61157068038878
CME_MRM0,Neonatal mortality rate,"per 1,000 live births",CME,annual_modeled,OMN,Oman,MNA,HIC,2014,POSITIVE,5.56687431848222
CME_MRM0,Neonatal mortality rate,"per 1,000 live births",CME,annual_modeled,OMN,Oman,MNA,HIC,2015,POSITIVE,5.539464312707
CME_MRM0,Neonatal mortality rate,"per 1,000 live births",CME,annual_modeled,OMN,Oman,MNA,HIC,2016,POSITIVE,5.53127607162213
CME_MRM0,Neonatal mortality rate,"per 1,000 live births",CME,annual_modeled,OMN,Oman,MNA,HIC,2017,POSITIVE,5.54107822805285
CME_MRM0,Neonatal mortality rate,"per 1,000 live births",CME,annual_modeled,OMN,Oman,MNA,HIC,2018,POSITIVE,5.55523421764067
CME_MRM0,Neonatal mortality rate,"per 1,000 live births",CME,annual_modeled,OMN,Oman,MNA,HIC,2019,POSITIVE,5.57256730138705
CME_MRM0,Neonatal mortality rate,"per 1,000 live births",CME,annual_modeled,OMN,Oman,MNA,HIC,2020,POSITIVE,5.5670756211417
CME_MRM0,Neonatal mortality rate,"per 1,000 live births",CME,annual_modeled,OMN,Oman,MNA,HIC,2021,POSITIVE,5.52719036107577
CME_MRM0,Neonatal mortality rate,"per 1,000 live births",CME,annual_modeled,OMN,Oman,MNA,HIC,2022,POSITIVE,5.50469734992152
CME_MRM0,Neonatal mortality rate,"per 1,000 live births",CME,annual_modeled,OMN,Oman,MNA,HIC,2023,POSITIVE,5.57976689517819
CME_MRM0,Neonatal mortality rate,"per 1,000 live births",CME,annual_modeled,OMN,Oman,MNA,HIC,2024,POSITIVE,5.78161053986383
CME_MRM0,Neonatal mortality rate,"per 1,000 live births",CME,annual_modeled,CYP,Cyprus,ECA,HIC,2000,POSITIVE,3.61428665395113
CME_MRM0,Neonatal mortality rate,"per 1,000 live births",CME,annual_modeled,CYP,Cyprus,ECA,HIC,2001,POSITIVE,3.39578774631058
CME_MRM0,Neonatal mortality rate,"per 1,000 live births",CME,annual_modeled,CYP,Cyprus,ECA,HIC,2002,POSITIVE,3.19389234754452
CME_MRM0,Neonatal mortality rate,"per 1,000 live births",CME,annual_modeled,CYP,Cyprus,ECA,HIC,2003,POSITIVE,3.00133692134075
CME_MRM0,Neonatal mortality rate,"per 1,000 live births",CME,annual_modeled,CYP,Cyprus,ECA,HIC,2004,POSITIVE,2.80947536851984
CME_MRM0,Neonatal mortality rate,"per 1,000 live births",CME,annual_modeled,CYP,Cyprus,ECA,HIC,2005,POSITIVE,2.61708578196717
CME_MRM0,Neonatal mortality rate,"per 1,000 live births",CME,annual_modeled,CYP,Cyprus,ECA,HIC,2006,POSITIVE,2.42889733016824
CME_MRM0,Neonatal mortality rate,"per 1,000 live births",CME,annual_modeled,CYP,Cyprus,ECA,HIC,2007,POSITIVE,2.25398181652733
CME_MRM0,Neonatal mortality rate,"per 1,000 live births",CME,annual_modeled,CYP,Cyprus,ECA,HIC,2008,POSITIVE,2.09552726996462
CME_MRM0,Neonatal mortality rate,"per 1,000 live births",CME,annual_modeled,CYP,Cyprus,ECA,HIC,2009,POSITIVE,1.9537825521735
CME_MRM0,Neonatal mortality rate,"per 1,000 live births",CME,annual_modeled,CYP,Cyprus,ECA,HIC,2010,POSITIVE,1.82699520606245
CME_MRM0,Neonatal mortality rate,"per 1,000 live births",CME,annual_modeled,CYP,Cyprus,ECA,HIC,2011,POSITIVE,1.71024807322441
CME_MRM0,Neonatal mortality rate,"per 1,000 live births",CME,annual_modeled,CYP,Cyprus,ECA,HIC,2012,POSITIVE,1.60343932400275
CME_MRM0,Neonatal mortality rate,"per 1,000 live births",CME,annual_modeled,CYP,Cyprus,ECA,HIC,2013,POSITIVE,1.51432321841503
CME_MRM0,Neonatal mortality rate,"per 1,000 live births",CME,annual_modeled,CYP,Cyprus,ECA,HIC,2014,POSITIVE,1.44680405817394
CME_MRM0,Neonatal mortality rate,"per 1,000 live births",CME,annual_modeled,CYP,Cyprus,ECA,HIC,2015,POSITIVE,1.40726759388473
CME_MRM0,Neonatal mortality rate,"per 1,000 live births",CME,annual_modeled,CYP,Cyprus,ECA,HIC,2016,POSITIVE,1.40248827945187
CME_MRM0,Neonatal mortality rate,"per 1,000 live births",CME,annual_modeled,CYP,Cyprus,ECA,HIC,2017,POSITIVE,1.43946125550094
CME_MRM0,Neonatal mortality rate,"per 1,000 live births",CME,annual_modeled,CYP,Cyprus,ECA,HIC,2018,POSITIVE,1.51767028207981
CME_MRM0,Neonatal mortality rate,"per 1,000 live births",CME,annual_modeled,CYP,Cyprus,ECA,HIC,2019,POSITIVE,1.63818587630942
CME_MRM0,Neonatal mortality rate,"per 1,000 live births",CME,annual_modeled,CYP,Cyprus,ECA,HIC,2020,POSITIVE,1.80013955200217
CME_MRM0,Neonatal mortality rate,"per 1,000 live births",CME,annual_modeled,CYP,Cyprus,ECA,HIC,2021,POSITIVE,2.00250977404987
CME_MRM0,Neonatal mortality rate,"per 1,000 live births",CME,annual_modeled,CYP,Cyprus,ECA,HIC,2022,POSITIVE,2.23985109778557
CME_MRM0,Neonatal mortality rate,"per 1,000 live births",CME,annual_modeled,CYP,Cyprus,ECA,HIC,2023,POSITIVE,2.49405437649687
CME_MRM0,Neonatal mortality rate,"per 1,000 live births",CME,annual_modeled,CYP,Cyprus,ECA,HIC,2024,POSITIVE,2.70973103495304
CME_MRM0,Neonatal mortality rate,"per 1,000 live births",CME,annual_modeled,MLT,Malta,ECA,HIC,2000,POSITIVE,5.07934501988319
CME_MRM0,Neonatal mortality rate,"per 1,000 live births",CME,annual_modeled,MLT,Malta,ECA,HIC,2001,POSITIVE,4.91459970076384
CME_MRM0,Neonatal mortality rate,"per 1,000 live births",CME,annual_modeled,MLT,Malta,ECA,HIC,2002,POSITIVE,4.77991540312083
CME_MRM0,Neonatal mortality rate,"per 1,000 live births",CME,annual_modeled,MLT,Malta,ECA,HIC,2003,POSITIVE,4.68179860037935
CME_MRM0,Neonatal mortality rate,"per 1,000 live births",CME,annual_modeled,MLT,Malta,ECA,HIC,2004,POSITIVE,4.6167783243824
CME_MRM0,Neonatal mortality rate,"per 1,000 live births",CME,annual_modeled,MLT,Malta,ECA,HIC,2005,POSITIVE,4.57848074341633
CME_MRM0,Neonatal mortality rate,"per 1,000 live births",CME,annual_modeled,MLT,Malta,ECA,HIC,2006,POSITIVE,4.56387224770929
CME_MRM0,Neonatal mortality rate,"per 1,000 live births",CME,annual_modeled,MLT,Malta,ECA,HIC,2007,POSITIVE,4.5668778057009
CME_MRM0,Neonatal mortality rate,"per 1,000 live births",CME,annual_modeled,MLT,Malta,ECA,HIC,2008,POSITIVE,4.57543104517997
CME_MRM0,Neonatal mortality rate,"per 1,000 live births",CME,annual_modeled,MLT,Malta,ECA,HIC,2009,POSITIVE,4.58847687386898
CME_MRM0,Neonatal mortality rate,"per 1,000 live births",CME,annual_modeled,MLT,Malta,ECA,HIC,2010,POSITIVE,4.59088087234067
CME_MRM0,Neonatal mortality rate,"per 1,000 live births",CME,annual_modeled,MLT,Malta,ECA,HIC,2011,POSITIVE,4.57850751410471
CME_MRM0,Neonatal mortality rate,"per 1,000 live births",CME,annual_modeled,MLT,Malta,ECA,HIC,2012,POSITIVE,4.55597973690765
CME_MRM0,Neonatal mortality rate,"per 1,000 live births",CME,annual_modeled,MLT,Malta,ECA,HIC,2013,POSITIVE,4.51653619997922
CME_MRM0,Neonatal mortality rate,"per 1,000 live births",CME,annual_modeled,MLT,Malta,ECA,HIC,2014,POSITIVE,4.47123515141708
CME_MRM0,Neonatal mortality rate,"per 1,000 live births",CME,annual_modeled,MLT,Malta,ECA,HIC,2015,POSITIVE,4.41735895009753
CME_MRM0,Neonatal mortality rate,"per 1,000 live births",CME,annual_modeled,MLT,Malta,ECA,HIC,2016,POSITIVE,4.35171797876622
CME_MRM0,Neonatal mortality rate,"per 1,000 live births",CME,annual_modeled,MLT,Malta,ECA,HIC,2017,POSITIVE,4.27583619153472
CME_MRM0,Neonatal mortality rate,"per 1,000 live births",CME,annual_modeled,MLT,Malta,ECA,HIC,2018,POSITIVE,4.18667451429661
CME_MRM0,Neonatal mortality rate,"per 1,000 live births",CME,annual_modeled,MLT,Malta,ECA,HIC,2019,POSITIVE,4.08645230943189
CME_MRM0,Neonatal mortality rate,"per 1,000 live births",CME,annual_modeled,MLT,Malta,ECA,HIC,2020,POSITIVE,3.99214009997668
CME_MRM0,Neonatal mortality rate,"per 1,000 live births",CME,annual_modeled,MLT,Malta,ECA,HIC,2021,POSITIVE,3.8880993646649
CME_MRM0,Neonatal mortality rate,"per 1,000 live births",CME,annual_modeled,MLT,Malta,ECA,HIC,2022,POSITIVE,3.78240303907487
CME_MRM0,Neonatal mortality rate,"per 1,000 live births",CME,annual_modeled,MLT,Malta,ECA,HIC,2023,POSITIVE,3.67756753084193
CME_MRM0,Neonatal mortality rate,"per 1,000 live births",CME,annual_modeled,MLT,Malta,ECA,HIC,2024,POSITIVE,3.56936997871697
CME_MRY0,Infant mortality rate,"per 1,000 live births",CME,annual_modeled,YEM,Yemen,MNA,LIC,2000,POSITIVE,75.7660651086298
CME_MRY0,Infant mortality rate,"per 1,000 live births",CME,annual_modeled,YEM,Yemen,MNA,LIC,2001,POSITIVE,72.2400375713837
CME_MRY0,Infant mortality rate,"per 1,000 live births",CME,annual_modeled,YEM,Yemen,MNA,LIC,2002,POSITIVE,68.672299950341
CME_MRY0,Infant mortality rate,"per 1,000 live births",CME,annual_modeled,YEM,Yemen,MNA,LIC,2003,POSITIVE,65.2223041444196
CME_MRY0,Infant mortality rate,"per 1,000 live births",CME,annual_modeled,YEM,Yemen,MNA,LIC,2004,POSITIVE,61.9086425092606
CME_MRY0,Infant mortality rate,"per 1,000 live births",CME,annual_modeled,YEM,Yemen,MNA,LIC,2005,POSITIVE,58.8035674927718
CME_MRY0,Infant mortality rate,"per 1,000 live births",CME,annual_modeled,YEM,Yemen,MNA,LIC,2006,POSITIVE,55.9146349942301
CME_MRY0,Infant mortality rate,"per 1,000 live births",CME,annual_modeled,YEM,Yemen,MNA,LIC,2007,POSITIVE,53.2463086921356
CME_MRY0,Infant mortality rate,"per 1,000 live births",CME,annual_modeled,YEM,Yemen,MNA,LIC,2008,POSITIVE,50.7615630184541
CME_MRY0,Infant mortality rate,"per 1,000 live births",CME,annual_modeled,YEM,Yemen,MNA,LIC,2009,POSITIVE,48.6222917728374
CME_MRY0,Infant mortality rate,"per 1,000 live births",CME,annual_modeled,YEM,Yemen,MNA,LIC,2010,POSITIVE,46.7149319820147
CME_MRY0,Infant mortality rate,"per 1,000 live births",CME,annual_modeled,YEM,Yemen,MNA,LIC,2011,POSITIVE,45.1902408859907
CME_MRY0,Infant mortality rate,"per 1,000 live births",CME,annual_modeled,YEM,Yemen,MNA,LIC,2012,POSITIVE,43.9521342843712
CME_MRY0,Infant mortality rate,"per 1,000 live births",CME,annual_modeled,YEM,Yemen,MNA,LIC,2013,POSITIVE,42.6233855654969
CME_MRY0,Infant mortality rate,"per 1,000 live births",CME,annual_modeled,YEM,Yemen,MNA,LIC,2014,POSITIVE,41.7674018580851
CME_MRY0,Infant mortality rate,"per 1,000 live births",CME,annual_modeled,YEM,Yemen,MNA,LIC,2015,POSITIVE,41.5899447780539
CME_MRY0,Infant mortality rate,"per 1,000 live births",CME,annual_modeled,YEM,Yemen,MNA,LIC,2016,POSITIVE,40.7073157153455
CME_MRY0,Infant mortality rate,"per 1,000 live births",CME,annual_modeled,YEM,Yemen,MNA,LIC,2017,POSITIVE,40.1183629422304
CME_MRY0,Infant mortality rate,"per 1,000 live births",CME,annual_modeled,YEM,Yemen,MNA,LIC,2018,POSITIVE,39.7221819863432
CME_MRY0,Infant mortality rate,"per 1,000 live births",CME,annual_modeled,YEM,Yemen,MNA,LIC,2019,POSITIVE,38.9564032580197
CME_MRY0,Infant mortality rate,"per 1,000 live births",CME,annual_modeled,YEM,Yemen,MNA,LIC,2020,POSITIVE,37.5694934287647
CME_MRY0,Infant mortality rate,"per 1,000 live births",CME,annual_modeled,YEM,Yemen,MNA,LIC,2021,POSITIVE,36.9326005823909
CME_MRY0,Infant mortality rate,"per 1,000 live births",CME,annual_modeled,YEM,Yemen,MNA,LIC,2022,POSITIVE,35.9527329661366
CME_MRY0,Infant mortality rate,"per 1,000 live births",CME,annual_modeled,YEM,Yemen,MNA,LIC,2023,POSITIVE,34.882980202835
CME_MRY0,Infant mortality rate,"per 1,000 live births",CME,annual_modeled,YEM,Yemen,MNA,LIC,2024,POSITIVE,33.8468789148553
CME_MRY0,Infant mortality rate,"per 1,000 live births",CME,annual_modeled,CAF,Central African Republic,WCA,LIC,2000,POSITIVE,99.5952967175451
CME_MRY0,Infant mortality rate,"per 1,000 live births",CME,annual_modeled,CAF,Central African Republic,WCA,LIC,2001,POSITIVE,97.9494758938826
CME_MRY0,Infant mortality rate,"per 1,000 live births",CME,annual_modeled,CAF,Central African Republic,WCA,LIC,2002,POSITIVE,96.1397750594924
CME_MRY0,Infant mortality rate,"per 1,000 live births",CME,annual_modeled,CAF,Central African Republic,WCA,LIC,2003,POSITIVE,94.3233235982021
CME_MRY0,Infant mortality rate,"per 1,000 live births",CME,annual_modeled,CAF,Central African Republic,WCA,LIC,2004,POSITIVE,92.1767558173988
CME_MRY0,Infant mortality rate,"per 1,000 live births",CME,annual_modeled,CAF,Central African Republic,WCA,LIC,2005,POSITIVE,89.9739970310673
CME_MRY0,Infant mortality rate,"per 1,000 live births",CME,annual_modeled,CAF,Central African Republic,WCA,LIC,2006,POSITIVE,87.4202480606768
CME_MRY0,Infant mortality rate,"per 1,000 live births",CME,annual_modeled,CAF,Central African Republic,WCA,LIC,2007,POSITIVE,85.3257863255012
CME_MRY0,Infant mortality rate,"per 1,000 live births",CME,annual_modeled,CAF,Central African Republic,WCA,LIC,2008,POSITIVE,83.3503858311429
CME_MRY0,Infant mortality rate,"per 1,000 live births",CME,annual_modeled,CAF,Central African Republic,WCA,LIC,2009,POSITIVE,239.852511476219
CME_MRY0,Infant mortality rate,"per 1,000 live births",CME,annual_modeled,CAF,Central African Republic,WCA,LIC,2010,POSITIVE,88.4940416062364
CME_MRY0,Infant mortality rate,"per 1,000 live births",CME,annual_modeled,CAF,Central African Republic,WCA,LIC,2011,POSITIVE,77.7413352140025
CME_MRY0,Infant mortality rate,"per 1,000 live births",CME,annual_modeled,CAF,Central African Republic,WCA,LIC,2012,POSITIVE,76.1164516932148
CME_MRY0,Infant mortality rate,"per 1,000 live births",CME,annual_modeled,CAF,Central African Republic,WCA,LIC,2013,POSITIVE,81.0336726233861
CME_MRY0,Infant mortality rate,"per 1,000 live births",CME,annual_modeled,CAF,Central African Republic,WCA,LIC,2014,POSITIVE,101.670969909632
CME_MRY0,Infant mortality rate,"per 1,000 live births",CME,annual_modeled,CAF,Central African Republic,WCA,LIC,2015,POSITIVE,71.9991322800414
CME_MRY0,Infant mortality rate,"per 1,000 live births",CME,annual_modeled,CAF,Central African Republic,WCA,LIC,2016,POSITIVE,77.0649373506758
CME_MRY0,Infant mortality rate,"per 1,000 live births",CME,annual_modeled,CAF,Central African Republic,WCA,LIC,2017,POSITIVE,88.4033040304211
CME_MRY0,Infant mortality rate,"per 1,000 live births",CME,annual_modeled,CAF,Central African Republic,WCA,LIC,2018,POSITIVE,73.9009174879692
CME_MRY0,Infant mortality rate,"per 1,000 live births",CME,annual_modeled,CAF,Central African Republic,WCA,LIC,2019,POSITIVE,128.933517246654
CME_MRY0,Infant mortality rate,"per 1,000 live births",CME,annual_modeled,CAF,Central African Republic,WCA,LIC,2020,POSITIVE,74.7211271527644
CME_MRY0,Infant mortality rate,"per 1,000 live births",CME,annual_modeled,CAF,Central African Republic,WCA,LIC,2021,POSITIVE,96.3094781602755
CME_MRY0,Infant mortality rate,"per 1,000 live births",CME,annual_modeled,CAF,Central African Republic,WCA,LIC,2022,POSITIVE,206.777973417731
CME_MRY0,Infant mortality rate,"per 1,000 live births",CME,annual_modeled,CAF,Central African Republic,WCA,LIC,2023,POSITIVE,60.7576837563865
CME_MRY0,Infant mortality rate,"per 1,000 live births",CME,annual_modeled,CAF,Central African Republic,WCA,LIC,2024,POSITIVE,58.8258720471144
CME_MRY0,Infant mortality rate,"per 1,000 live births",CME,annual_modeled,GNB,Guinea-Bissau,WCA,LIC,2000,POSITIVE,100.728963208681
CME_MRY0,Infant mortality rate,"per 1,000 live births",CME,annual_modeled,GNB,Guinea-Bissau,WCA,LIC,2001,POSITIVE,97.8568546192073
CME_MRY0,Infant mortality rate,"per 1,000 live births",CME,annual_modeled,GNB,Guinea-Bissau,WCA,LIC,2002,POSITIVE,94.8410876680211
CME_MRY0,Infant mortality rate,"per 1,000 live births",CME,annual_modeled,GNB,Guinea-Bissau,WCA,LIC,2003,POSITIVE,91.7843476698722
CME_MRY0,Infant mortality rate,"per 1,000 live births",CME,annual_modeled,GNB,Guinea-Bissau,WCA,LIC,2004,POSITIVE,88.529681440404
CME_MRY0,Infant mortality rate,"per 1,000 live births",CME,annual_modeled,GNB,Guinea-Bissau,WCA,LIC,2005,POSITIVE,85.0706592823267
CME_MRY0,Infant mortality rate,"per 1,000 live births",CME,annual_modeled,GNB,Guinea-Bissau,WCA,LIC,2006,POSITIVE,81.6657275365042
CME_MRY0,Infant mortality rate,"per 1,000 live births",CME,annual_modeled,GNB,Guinea-Bissau,WCA,LIC,2007,POSITIVE,78.2123753277693
CME_MRY0,Infant mortality rate,"per 1,000 live births",CME,annual_modeled,GNB,Guinea-Bissau,WCA,LIC,2008,POSITIVE,74.6809785399089
CME_MRY0,Infant mortality rate,"per 1,000 live births",CME,annual_modeled,GNB,Guinea-Bissau,WCA,LIC,2009,POSITIVE,71.1704896510397
CME_MRY0,Infant mortality rate,"per 1,000 live births",CME,annual_modeled,GNB,Guinea-Bissau,WCA,LIC,2010,POSITIVE,67.9017951013823
CME_MRY0,Infant mortality rate,"per 1,000 live births",CME,annual_modeled,GNB,Guinea-Bissau,WCA,LIC,2011,POSITIVE,64.620087988429
CME_MRY0,Infant mortality rate,"per 1,000 live births",CME,annual_modeled,GNB,Guinea-Bissau,WCA,LIC,2012,POSITIVE,61.823707638333
CME_MRY0,Infant mortality rate,"per 1,000 live births",CME,annual_modeled,GNB,Guinea-Bissau,WCA,LIC,2013,POSITIVE,59.3162335141401
CME_MRY0,Infant mortality rate,"per 1,000 live births",CME,annual_modeled,GNB,Guinea-Bissau,WCA,LIC,2014,POSITIVE,57.1204872850697
CME_MRY0,Infant mortality rate,"per 1,000 live births",CME,annual_modeled,GNB,Guinea-Bissau,WCA,LIC,2015,POSITIVE,55.1886402993178
CME_MRY0,Infant mortality rate,"per 1,000 live births",CME,annual_modeled,GNB,Guinea-Bissau,WCA,LIC,2016,POSITIVE,53.3932532447412
CME_MRY0,Infant mortality rate,"per 1,000 live births",CME,annual_modeled,GNB,Guinea-Bissau,WCA,LIC,2017,POSITIVE,51.6993754830892
CME_MRY0,Infant mortality rate,"per 1,000 live births",CME,annual_modeled,GNB,Guinea-Bissau,WCA,LIC,2018,POSITIVE,50.1295160352793
CME_MRY0,Infant mortality rate,"per 1,000 live births",CME,annual_modeled,GNB,Guinea-Bissau,WCA,LIC,2019,POSITIVE,48.6445938501456
CME_MRY0,Infant mortality rate,"per 1,000 live births",CME,annual_modeled,GNB,Guinea-Bissau,WCA,LIC,2020,POSITIVE,47.2161131982774
CME_MRY0,Infant mortality rate,"per 1,000 live births",CME,annual_modeled,GNB,Guinea-Bissau,WCA,LIC,2021,POSITIVE,45.9110207320169
CME_MRY0,Infant mortality rate,"per 1,000 live births",CME,annual_modeled,GNB,Guinea-Bissau,WCA,LIC,2022,POSITIVE,44.6630824683273
CME_MRY0,Infant mortality rate,"per 1,000 live births",CME,annual_modeled,GNB,Guinea-Bissau,WCA,LIC,2023,POSITIVE,43.3813865737641
CME_MRY0,Infant mortality rate,"per 1,000 live births",CME,annual_modeled,GNB,Guinea-Bissau,WCA,LIC,2024,POSITIVE,42.07277796645
CME_MRY0,Infant mortality rate,"per 1,000 live births",CME,annual_modeled,COM,Comoros,ESA,LIC,2000,POSITIVE,65.227999287792
CME_MRY0,Infant mortality rate,"per 1,000 live births",CME,annual_modeled,COM,Comoros,ESA,LIC,2001,POSITIVE,63.0094782010492
CME_MRY0,Infant mortality rate,"per 1,000 live births",CME,annual_modeled,COM,Comoros,ESA,LIC,2002,POSITIVE,60.8706732819483
CME_MRY0,Infant mortality rate,"per 1,000 live births",CME,annual_modeled,COM,Comoros,ESA,LIC,2003,POSITIVE,58.8773335591151
CME_MRY0,Infant mortality rate,"per 1,000 live births",CME,annual_modeled,COM,Comoros,ESA,LIC,2004,POSITIVE,56.9172447040839
CME_MRY0,Infant mortality rate,"per 1,000 live births",CME,annual_modeled,COM,Comoros,ESA,LIC,2005,POSITIVE,55.080979995145
CME_MRY0,Infant mortality rate,"per 1,000 live births",CME,annual_modeled,COM,Comoros,ESA,LIC,2006,POSITIVE,53.3089777906324
CME_MRY0,Infant mortality rate,"per 1,000 live births",CME,annual_modeled,COM,Comoros,ESA,LIC,2007,POSITIVE,51.7271251637889
CME_MRY0,Infant mortality rate,"per 1,000 live births",CME,annual_modeled,COM,Comoros,ESA,LIC,2008,POSITIVE,50.2336977142858
CME_MRY0,Infant mortality rate,"per 1,000 live births",CME,annual_modeled,COM,Comoros,ESA,LIC,2009,POSITIVE,48.8564974206588
CME_MRY0,Infant mortality rate,"per 1,000 live births",CME,annual_modeled,COM,Comoros,ESA,LIC,2010,POSITIVE,47.5559918997322
CME_MRY0,Infant mortality rate,"per 1,000 live births",CME,annual_modeled,COM,Comoros,ESA,LIC,2011,POSITIVE,46.4333520517499
CME_MRY0,Infant mortality rate,"per 1,000 live births",CME,annual_modeled,COM,Comoros,ESA,LIC,2012,POSITIVE,45.3828109976123
CME_MRY0,Infant mortality rate,"per 1,000 live births",CME,annual_modeled,COM,Comoros,ESA,LIC,2013,POSITIVE,44.4079305893961
CME_MRY0,Infant mortality rate,"per 1,000 live births",CME,annual_modeled,COM,Comoros,ESA,LIC,2014,POSITIVE,43.5541748267892
CME_MRY0,Infant mortality rate,"per 1,000 live births",CME,annual_modeled,COM,Comoros,ESA,LIC,2015,POSITIVE,42.7553637846108
CME_MRY0,Infant mortality rate,"per 1,000 live births",CME,annual_modeled,COM,Comoros,ESA,LIC,2016,POSITIVE,42.0004104692941
CME_MRY0,Infant mortality rate,"per 1,000 live births",CME,annual_modeled,COM,Comoros,ESA,LIC,2017,POSITIVE,41.2996017257116
CME_MRY0,Infant mortality rate,"per 1,000 live births",CME,annual_modeled,COM,Comoros,ESA,LIC,2018,POSITIVE,40.5552791347525
CME_MRY0,Infant mortality rate,"per 1,000 live births",CME,annual_modeled,COM,Comoros,ESA,LIC,2019,POSITIVE,39.7986752748894
CME_MRY0,Infant mortality rate,"per 1,000 live births",CME,annual_modeled,COM,Comoros,ESA,LIC,2020,POSITIVE,38.9364356607838
CME_MRY0,Infant mortality rate,"per 1,000 live births",CME,annual_modeled,COM,Comoros,ESA,LIC,2021,POSITIVE,38.0275154817469
CME_MRY0,Infant mortality rate,"per 1,000 live births",CME,annual_modeled,COM,Comoros,ESA,LIC,2022,POSITIVE,37.0183648392542
CME_MRY0,Infant mortality rate,"per 1,000 live births",CME,annual_modeled,COM,Comoros,ESA,LIC,2023,POSITIVE,36.0354135843
CME_MRY0,Infant mortality rate,"per 1,000 live births",CME,annual_modeled,COM,Comoros,ESA,LIC,2024,POSITIVE,35.018498436283
CME_MRY0,Infant mortality rate,"per 1,000 live births",CME,annual_modeled,ZMB,Zambia,ESA,LIC,2000,POSITIVE,89.30473584585
CME_MRY0,Infant mortality rate,"per 1,000 live births",CME,annual_modeled,ZMB,Zambia,ESA,LIC,2001,POSITIVE,84.5862088459539
CME_MRY0,Infant mortality rate,"per 1,000 live births",CME,annual_modeled,ZMB,Zambia,ESA,LIC,2002,POSITIVE,78.6809500638738
CME_MRY0,Infant mortality rate,"per 1,000 live births",CME,annual_modeled,ZMB,Zambia,ESA,LIC,2003,POSITIVE,72.3203378744958
CME_MRY0,Infant mortality rate,"per 1,000 live births",CME,annual_modeled,ZMB,Zambia,ESA,LIC,2004,POSITIVE,65.8388693215826
CME_MRY0,Infant mortality rate,"per 1,000 live births",CME,annual_modeled,ZMB,Zambia,ESA,LIC,2005,POSITIVE,60.231970852638
CME_MRY0,Infant mortality rate,"per 1,000 live births",CME,annual_modeled,ZMB,Zambia,ESA,LIC,2006,POSITIVE,56.362013850553
CME_MRY0,Infant mortality rate,"per 1,000 live births",CME,annual_modeled,ZMB,Zambia,ESA,LIC,2007,POSITIVE,54.3457073975873
CME_MRY0,Infant mortality rate,"per 1,000 live births",CME,annual_modeled,ZMB,Zambia,ESA,LIC,2008,POSITIVE,52.083356692953
CME_MRY0,Infant mortality rate,"per 1,000 live births",CME,annual_modeled,ZMB,Zambia,ESA,LIC,2009,POSITIVE,50.1874443622077
CME_MRY0,Infant mortality rate,"per 1,000 live births",CME,annual_modeled,ZMB,Zambia,ESA,LIC,2010,POSITIVE,48.6323032192155
CME_MRY0,Infant mortality rate,"per 1,000 live births",CME,annual_modeled,ZMB,Zambia,ESA,LIC,2011,POSITIVE,47.3805622517
CME_MRY0,Infant mortality rate,"per 1,000 live births",CME,annual_modeled,ZMB,Zambia,ESA,LIC,2012,POSITIVE,46.1185660715196
CME_MRY0,Infant mortality rate,"per 1,000 live births",CME,annual_modeled,ZMB,Zambia,ESA,LIC,2013,POSITIVE,44.5042052918793
CME_MRY0,Infant mortality rate,"per 1,000 live births",CME,annual_modeled,ZMB,Zambia,ESA,LIC,2014,POSITIVE,43.0172644409769
CME_MRY0,Infant mortality rate,"per 1,000 live births",CME,annual_modeled,ZMB,Zambia,ESA,LIC,2015,POSITIVE,42.3946481908193
CME_MRY0,Infant mortality rate,"per 1,000 live births",CME,annual_modeled,ZMB,Zambia,ESA,LIC,2016,POSITIVE,40.5993732416015
CME_MRY0,Infant mortality rate,"per 1,000 live births",CME,annual_modeled,ZMB,Zambia,ESA,LIC,2017,POSITIVE,38.7792723341999
CME_MRY0,Infant mortality rate,"per 1,000 live births",CME,annual_modeled,ZMB,Zambia,ESA,LIC,2018,POSITIVE,37.6912011872291
CME_MRY0,Infant mortality rate,"per 1,000 live births",CME,annual_modeled,ZMB,Zambia,ESA,LIC,2019,POSITIVE,36.0865706049871
CME_MRY0,Infant mortality rate,"per 1,000 live births",CME,annual_modeled,ZMB,Zambia,ESA,LIC,2020,POSITIVE,35.7314165386348
CME_MRY0,Infant mortality rate,"per 1,000 live births",CME,annual_modeled,ZMB,Zambia,ESA,LIC,2021,POSITIVE,35.6418003185701
CME_MRY0,Infant mortality rate,"per 1,000 live births",CME,annual_modeled,ZMB,Zambia,ESA,LIC,2022,POSITIVE,35.4063651223981
CME_MRY0,Infant mortality rate,"per 1,000 live births",CME,annual_modeled,ZMB,Zambia,ESA,LIC,2023,POSITIVE,35.022367036324
CME_MRY0,Infant mortality rate,"per 1,000 live births",CME,annual_modeled,ZMB,Zambia,ESA,LIC,2024,POSITIVE,34.6127562057072
CME_MRY0,Infant mortality rate,"per 1,000 live births",CME,annual_modeled,MAR,Morocco,MNA,LMC,2000,POSITIVE,45.4294528365117
CME_MRY0,Infant mortality rate,"per 1,000 live births",CME,annual_modeled,MAR,Morocco,MNA,LMC,2001,POSITIVE,43.7599768447552
CME_MRY0,Infant mortality rate,"per 1,000 live births",CME,annual_modeled,MAR,Morocco,MNA,LMC,2002,POSITIVE,42.0870891484554
CME_MRY0,Infant mortality rate,"per 1,000 live births",CME,annual_modeled,MAR,Morocco,MNA,LMC,2003,POSITIVE,40.3791798274097
CME_MRY0,Infant mortality rate,"per 1,000 live births",CME,annual_modeled,MAR,Morocco,MNA,LMC,2004,POSITIVE,38.6246435234628
CME_MRY0,Infant mortality rate,"per 1,000 live births",CME,annual_modeled,MAR,Morocco,MNA,LMC,2005,POSITIVE,36.8200079993501
CME_MRY0,Infant mortality rate,"per 1,000 live births",CME,annual_modeled,MAR,Morocco,MNA,LMC,2006,POSITIVE,34.9896688808828
CME_MRY0,Infant mortality rate,"per 1,000 live births",CME,annual_modeled,MAR,Morocco,MNA,LMC,2007,POSITIVE,33.1558204061458
CME_MRY0,Infant mortality rate,"per 1,000 live births",CME,annual_modeled,MAR,Morocco,MNA,LMC,2008,POSITIVE,31.3620239407584
CME_MRY0,Infant mortality rate,"per 1,000 live births",CME,annual_modeled,MAR,Morocco,MNA,LMC,2009,POSITIVE,29.6769099684177
CME_MRY0,Infant mortality rate,"per 1,000 live births",CME,annual_modeled,MAR,Morocco,MNA,LMC,2010,POSITIVE,28.0730087652395
CME_MRY0,Infant mortality rate,"per 1,000 live births",CME,annual_modeled,MAR,Morocco,MNA,LMC,2011,POSITIVE,26.5789431765709
CME_MRY0,Infant mortality rate,"per 1,000 live births",CME,annual_modeled,MAR,Morocco,MNA,LMC,2012,POSITIVE,25.168778152195
CME_MRY0,Infant mortality rate,"per 1,000 live births",CME,annual_modeled,MAR,Morocco,MNA,LMC,2013,POSITIVE,23.8146654571705
CME_MRY0,Infant mortality rate,"per 1,000 live births",CME,annual_modeled,MAR,Morocco,MNA,LMC,2014,POSITIVE,22.5333357163858
CME_MRY0,Infant mortality rate,"per 1,000 live births",CME,annual_modeled,MAR,Morocco,MNA,LMC,2015,POSITIVE,21.359660871323
CME_MRY0,Infant mortality rate,"per 1,000 live births",CME,annual_modeled,MAR,Morocco,MNA,LMC,2016,POSITIVE,20.2800528460211
CME_MRY0,Infant mortality rate,"per 1,000 live births",CME,annual_modeled,MAR,Morocco,MNA,LMC,2017,POSITIVE,19.3287991308037
CME_MRY0,Infant mortality rate,"per 1,000 live births",CME,annual_modeled,MAR,Morocco,MNA,LMC,2018,POSITIVE,18.5283671333994
CME_MRY0,Infant mortality rate,"per 1,000 live births",CME,annual_modeled,MAR,Morocco,MNA,LMC,2019,POSITIVE,17.7677446122648
CME_MRY0,Infant mortality rate,"per 1,000 live births",CME,annual_modeled,MAR,Morocco,MNA,LMC,2020,POSITIVE,17.0975915739383
CME_MRY0,Infant mortality rate,"per 1,000 live births",CME,annual_modeled,MAR,Morocco,MNA,LMC,2021,POSITIVE,16.4570594742846
CME_MRY0,Infant mortality rate,"per 1,000 live births",CME,annual_modeled,MAR,Morocco,MNA,LMC,2022,POSITIVE,15.8679981731646
CME_MRY0,Infant mortality rate,"per 1,000 live births",CME,annual_modeled,MAR,Morocco,MNA,LMC,2023,POSITIVE,15.2651127523849
CME_MRY0,Infant mortality rate,"per 1,000 live births",CME,annual_modeled,MAR,Morocco,MNA,LMC,2024,POSITIVE,14.730741839656
CME_MRY0,Infant mortality rate,"per 1,000 live births",CME,annual_modeled,DZA,Algeria,MNA,LMC,2000,POSITIVE,34.7711274447676
CME_MRY0,Infant mortality rate,"per 1,000 live births",CME,annual_modeled,DZA,Algeria,MNA,LMC,2001,POSITIVE,33.6748182423603
CME_MRY0,Infant mortality rate,"per 1,000 live births",CME,annual_modeled,DZA,Algeria,MNA,LMC,2002,POSITIVE,32.5138115032683
CME_MRY0,Infant mortality rate,"per 1,000 live births",CME,annual_modeled,DZA,Algeria,MNA,LMC,2003,POSITIVE,31.3172942254213
CME_MRY0,Infant mortality rate,"per 1,000 live births",CME,annual_modeled,DZA,Algeria,MNA,LMC,2004,POSITIVE,30.1181409162804
CME_MRY0,Infant mortality rate,"per 1,000 live births",CME,annual_modeled,DZA,Algeria,MNA,LMC,2005,POSITIVE,28.9566637298954
CME_MRY0,Infant mortality rate,"per 1,000 live births",CME,annual_modeled,DZA,Algeria,MNA,LMC,2006,POSITIVE,27.8627230658813
CME_MRY0,Infant mortality rate,"per 1,000 live births",CME,annual_modeled,DZA,Algeria,MNA,LMC,2007,POSITIVE,26.8527276250272
CME_MRY0,Infant mortality rate,"per 1,000 live births",CME,annual_modeled,DZA,Algeria,MNA,LMC,2008,POSITIVE,25.9362368874128
CME_MRY0,Infant mortality rate,"per 1,000 live births",CME,annual_modeled,DZA,Algeria,MNA,LMC,2009,POSITIVE,25.1199545002693
CME_MRY0,Infant mortality rate,"per 1,000 live births",CME,annual_modeled,DZA,Algeria,MNA,LMC,2010,POSITIVE,24.3917624055433
CME_MRY0,Infant mortality rate,"per 1,000 live births",CME,annual_modeled,DZA,Algeria,MNA,LMC,2011,POSITIVE,23.7563457780477
CME_MRY0,Infant mortality rate,"per 1,000 live births",CME,annual_modeled,DZA,Algeria,MNA,LMC,2012,POSITIVE,23.2000550111991
CME_MRY0,Infant mortality rate,"per 1,000 live births",CME,annual_modeled,DZA,Algeria,MNA,LMC,2013,POSITIVE,22.7225111020136
CME_MRY0,Infant mortality rate,"per 1,000 live births",CME,annual_modeled,DZA,Algeria,MNA,LMC,2014,POSITIVE,22.3042649844607
CME_MRY0,Infant mortality rate,"per 1,000 live births",CME,annual_modeled,DZA,Algeria,MNA,LMC,2015,POSITIVE,21.9318595939233
CME_MRY0,Infant mortality rate,"per 1,000 live births",CME,annual_modeled,DZA,Algeria,MNA,LMC,2016,POSITIVE,21.5870855555628
CME_MRY0,Infant mortality rate,"per 1,000 live births",CME,annual_modeled,DZA,Algeria,MNA,LMC,2017,POSITIVE,21.2704158521118
CME_MRY0,Infant mortality rate,"per 1,000 live births",CME,annual_modeled,DZA,Algeria,MNA,LMC,2018,POSITIVE,20.9835478443225
CME_MRY0,Infant mortality rate,"per 1,000 live births",CME,annual_modeled,DZA,Algeria,MNA,LMC,2019,POSITIVE,20.7025463909181
CME_MRY0,Infant mortality rate,"per 1,000 live births",CME,annual_modeled,DZA,Algeria,MNA,LMC,2020,POSITIVE,20.4309009622267
CME_MRY0,Infant mortality rate,"per 1,000 live births",CME,annual_modeled,DZA,Algeria,MNA,LMC,2021,POSITIVE,20.1913004919892
CME_MRY0,Infant mortality rate,"per 1,000 live births",CME,annual_modeled,DZA,Algeria,MNA,LMC,2022,POSITIVE,19.9528986903008
CME_MRY0,Infant mortality rate,"per 1,000 live births",CME,annual_modeled,DZA,Algeria,MNA,LMC,2023,POSITIVE,19.7229890096332
CME_MRY0,Infant mortality rate,"per 1,000 live births",CME,annual_modeled,DZA,Algeria,MNA,LMC,2024,POSITIVE,19.4634074558349
CME_MRY0,Infant mortality rate,"per 1,000 live births",CME,annual_modeled,LAO,Laos,EAP,LMC,2000,POSITIVE,82.2496735990501
CME_MRY0,Infant mortality rate,"per 1,000 live births",CME,annual_modeled,LAO,Laos,EAP,LMC,2001,POSITIVE,79.1645646244743
CME_MRY0,Infant mortality rate,"per 1,000 live births",CME,annual_modeled,LAO,Laos,EAP,LMC,2002,POSITIVE,75.9793546485656
CME_MRY0,Infant mortality rate,"per 1,000 live births",CME,annual_modeled,LAO,Laos,EAP,LMC,2003,POSITIVE,72.7545323686858
CME_MRY0,Infant mortality rate,"per 1,000 live births",CME,annual_modeled,LAO,Laos,EAP,LMC,2004,POSITIVE,69.484708664874
CME_MRY0,Infant mortality rate,"per 1,000 live births",CME,annual_modeled,LAO,Laos,EAP,LMC,2005,POSITIVE,66.2060124482466
CME_MRY0,Infant mortality rate,"per 1,000 live births",CME,annual_modeled,LAO,Laos,EAP,LMC,2006,POSITIVE,63.0125161286094
CME_MRY0,Infant mortality rate,"per 1,000 live births",CME,annual_modeled,LAO,Laos,EAP,LMC,2007,POSITIVE,59.9076773347546
CME_MRY0,Infant mortality rate,"per 1,000 live births",CME,annual_modeled,LAO,Laos,EAP,LMC,2008,POSITIVE,56.8324204939241
CME_MRY0,Infant mortality rate,"per 1,000 live births",CME,annual_modeled,LAO,Laos,EAP,LMC,2009,POSITIVE,53.9293848596161
CME_MRY0,Infant mortality rate,"per 1,000 live births",CME,annual_modeled,LAO,Laos,EAP,LMC,2010,POSITIVE,51.2069396219833
CME_MRY0,Infant mortality rate,"per 1,000 live births",CME,annual_modeled,LAO,Laos,EAP,LMC,2011,POSITIVE,48.6103675427714
CME_MRY0,Infant mortality rate,"per 1,000 live births",CME,annual_modeled,LAO,Laos,EAP,LMC,2012,POSITIVE,46.1837843144367
CME_MRY0,Infant mortality rate,"per 1,000 live births",CME,annual_modeled,LAO,Laos,EAP,LMC,2013,POSITIVE,43.9575070739534
CME_MRY0,Infant mortality rate,"per 1,000 live births",CME,annual_modeled,LAO,Laos,EAP,LMC,2014,POSITIVE,41.8687411817511
CME_MRY0,Infant mortality rate,"per 1,000 live births",CME,annual_modeled,LAO,Laos,EAP,LMC,2015,POSITIVE,39.9116197286914
CME_MRY0,Infant mortality rate,"per 1,000 live births",CME,annual_modeled,LAO,Laos,EAP,LMC,2016,POSITIVE,38.0885427033582
CME_MRY0,Infant mortality rate,"per 1,000 live births",CME,annual_modeled,LAO,Laos,EAP,LMC,2017,POSITIVE,36.3721149242906
CME_MRY0,Infant mortality rate,"per 1,000 live births",CME,annual_modeled,LAO,Laos,EAP,LMC,2018,POSITIVE,34.7954609395706
CME_MRY0,Infant mortality rate,"per 1,000 live births",CME,annual_modeled,LAO,Laos,EAP,LMC,2019,POSITIVE,33.3178807044541
CME_MRY0,Infant mortality rate,"per 1,000 live births",CME,annual_modeled,LAO,Laos,EAP,LMC,2020,POSITIVE,31.8841200846653
CME_MRY0,Infant mortality rate,"per 1,000 live births",CME,annual_modeled,LAO,Laos,EAP,LMC,2021,POSITIVE,30.5310147617594
CME_MRY0,Infant mortality rate,"per 1,000 live births",CME,annual_modeled,LAO,Laos,EAP,LMC,2022,POSITIVE,29.2965910197018
CME_MRY0,Infant mortality rate,"per 1,000 live births",CME,annual_modeled,LAO,Laos,EAP,LMC,2023,POSITIVE,28.1783813564461
CME_MRY0,Infant mortality rate,"per 1,000 live births",CME,annual_modeled,LAO,Laos,EAP,LMC,2024,POSITIVE,27.1623402758955
CME_MRY0,Infant mortality rate,"per 1,000 live births",CME,annual_modeled,KGZ,Kyrgyzstan,ECA,LMC,2000,POSITIVE,44.0072195901879
CME_MRY0,Infant mortality rate,"per 1,000 live births",CME,annual_modeled,KGZ,Kyrgyzstan,ECA,LMC,2001,POSITIVE,41.639735689016
CME_MRY0,Infant mortality rate,"per 1,000 live births",CME,annual_modeled,KGZ,Kyrgyzstan,ECA,LMC,2002,POSITIVE,39.3541748168297
CME_MRY0,Infant mortality rate,"per 1,000 live births",CME,annual_modeled,KGZ,Kyrgyzstan,ECA,LMC,2003,POSITIVE,37.210355420661
CME_MRY0,Infant mortality rate,"per 1,000 live births",CME,annual_modeled,KGZ,Kyrgyzstan,ECA,LMC,2004,POSITIVE,35.3861368458328
CME_MRY0,Infant mortality rate,"per 1,000 live births",CME,annual_modeled,KGZ,Kyrgyzstan,ECA,LMC,2005,POSITIVE,33.9211630809878
CME_MRY0,Infant mortality rate,"per 1,000 live births",CME,annual_modeled,KGZ,Kyrgyzstan,ECA,LMC,2006,POSITIVE,32.5978435749038
CME_MRY0,Infant mortality rate,"per 1,000 live births",CME,annual_modeled,KGZ,Kyrgyzstan,ECA,LMC,2007,POSITIVE,31.0960309760522
CME_MRY0,Infant mortality rate,"per 1,000 live births",CME,annual_modeled,KGZ,Kyrgyzstan,ECA,LMC,2008,POSITIVE,29.3043940234484
CME_MRY0,Infant mortality rate,"per 1,000 live births",CME,annual_modeled,KGZ,Kyrgyzstan,ECA,LMC,2009,POSITIVE,27.3939422722513
CME_MRY0,Infant mortality rate,"per 1,000 live births",CME,annual_modeled,KGZ,Kyrgyzstan,ECA,LMC,2010,POSITIVE,25.5717803237641
CME_MRY0,Infant mortality rate,"per 1,000 live births",CME,annual_modeled,KGZ,Kyrgyzstan,ECA,LMC,2011,POSITIVE,23.9443935037452
CME_MRY0,Infant mortality rate,"per 1,000 live births",CME,annual_modeled,KGZ,Kyrgyzstan,ECA,LMC,2012,POSITIVE,22.5935826346127
CME_MRY0,Infant mortality rate,"per 1,000 live births",CME,annual_modeled,KGZ,Kyrgyzstan,ECA,LMC,2013,POSITIVE,21.4809045029093
CME_MRY0,Infant mortality rate,"per 1,000 live births",CME,annual_modeled,KGZ,Kyrgyzstan,ECA,LMC,2014,POSITIVE,20.468835421472
CME_MRY0,Infant mortality rate,"per 1,000 live births",CME,annual_modeled,KGZ,Kyrgyzstan,ECA,LMC,2015,POSITIVE,19.4360819166572
CME_MRY0,Infant mortality rate,"per 1,000 live births",CME,annual_modeled,KGZ,Kyrgyzstan,ECA,LMC,2016,POSITIVE,18.3832589024151
CME_MRY0,Infant mortality rate,"per 1,000 live births",CME,annual_modeled,KGZ,Kyrgyzstan,ECA,LMC,2017,POSITIVE,17.4260010008424
CME_MRY0,Infant mortality rate,"per 1,000 live births",CME,annual_modeled,KGZ,Kyrgyzstan,ECA,LMC,2018,POSITIVE,16.6176792407141
CME_MRY0,Infant mortality rate,"per 1,000 live births",CME,annual_modeled,KGZ,Kyrgyzstan,ECA,LMC,2019,POSITIVE,16.0038470249658
CME_MRY0,Infant mortality rate,"per 1,000 live births",CME,annual_modeled,KGZ,Kyrgyzstan,ECA,LMC,2020,POSITIVE,15.6012403593831
CME_MRY0,Infant mortality rate,"per 1,000 live births",CME,annual_modeled,KGZ,Kyrgyzstan,ECA,LMC,2021,POSITIVE,15.3254346918347
CME_MRY0,Infant mortality rate,"per 1,000 live births",CME,annual_modeled,KGZ,Kyrgyzstan,ECA,LMC,2022,POSITIVE,15.1410466056618
CME_MRY0,Infant mortality rate,"per 1,000 live births",CME,annual_modeled,KGZ,Kyrgyzstan,ECA,LMC,2023,POSITIVE,14.9675151856281
CME_MRY0,Infant mortality rate,"per 1,000 live births",CME,annual_modeled,KGZ,Kyrgyzstan,ECA,LMC,2024,POSITIVE,14.7630320470291
CME_MRY0,Infant mortality rate,"per 1,000 live births",CME,annual_modeled,TJK,Tajikistan,ECA,LMC,2000,POSITIVE,61.4658244405561
CME_MRY0,Infant mortality rate,"per 1,000 live births",CME,annual_modeled,TJK,Tajikistan,ECA,LMC,2001,POSITIVE,56.4781352384466
CME_MRY0,Infant mortality rate,"per 1,000 live births",CME,annual_modeled,TJK,Tajikistan,ECA,LMC,2002,POSITIVE,51.7252290823727
CME_MRY0,Infant mortality rate,"per 1,000 live births",CME,annual_modeled,TJK,Tajikistan,ECA,LMC,2003,POSITIVE,47.3035517894953
CME_MRY0,Infant mortality rate,"per 1,000 live births",CME,annual_modeled,TJK,Tajikistan,ECA,LMC,2004,POSITIVE,43.3478025112018
CME_MRY0,Infant mortality rate,"per 1,000 live births",CME,annual_modeled,TJK,Tajikistan,ECA,LMC,2005,POSITIVE,40.0275640927902
CME_MRY0,Infant mortality rate,"per 1,000 live births",CME,annual_modeled,TJK,Tajikistan,ECA,LMC,2006,POSITIVE,37.1862748923557
CME_MRY0,Infant mortality rate,"per 1,000 live births",CME,annual_modeled,TJK,Tajikistan,ECA,LMC,2007,POSITIVE,34.9064018248368
CME_MRY0,Infant mortality rate,"per 1,000 live births",CME,annual_modeled,TJK,Tajikistan,ECA,LMC,2008,POSITIVE,33.106229946978
CME_MRY0,Infant mortality rate,"per 1,000 live births",CME,annual_modeled,TJK,Tajikistan,ECA,LMC,2009,POSITIVE,31.6177042372663
CME_MRY0,Infant mortality rate,"per 1,000 live births",CME,annual_modeled,TJK,Tajikistan,ECA,LMC,2010,POSITIVE,30.3689981067777
CME_MRY0,Infant mortality rate,"per 1,000 live births",CME,annual_modeled,TJK,Tajikistan,ECA,LMC,2011,POSITIVE,29.3113960740901
CME_MRY0,Infant mortality rate,"per 1,000 live births",CME,annual_modeled,TJK,Tajikistan,ECA,LMC,2012,POSITIVE,28.4244012283749
CME_MRY0,Infant mortality rate,"per 1,000 live births",CME,annual_modeled,TJK,Tajikistan,ECA,LMC,2013,POSITIVE,27.6203005350592
CME_MRY0,Infant mortality rate,"per 1,000 live births",CME,annual_modeled,TJK,Tajikistan,ECA,LMC,2014,POSITIVE,26.9158108168123
CME_MRY0,Infant mortality rate,"per 1,000 live births",CME,annual_modeled,TJK,Tajikistan,ECA,LMC,2015,POSITIVE,26.3289537660298
CME_MRY0,Infant mortality rate,"per 1,000 live births",CME,annual_modeled,TJK,Tajikistan,ECA,LMC,2016,POSITIVE,25.830429212055
CME_MRY0,Infant mortality rate,"per 1,000 live births",CME,annual_modeled,TJK,Tajikistan,ECA,LMC,2017,POSITIVE,25.4698067605603
CME_MRY0,Infant mortality rate,"per 1,000 live births",CME,annual_modeled,TJK,Tajikistan,ECA,LMC,2018,POSITIVE,25.2519804768232
CME_MRY0,Infant mortality rate,"per 1,000 live births",CME,annual_modeled,TJK,Tajikistan,ECA,LMC,2019,POSITIVE,25.0432943334286
CME_MRY0,Infant mortality rate,"per 1,000 live births",CME,annual_modeled,TJK,Tajikistan,ECA,LMC,2020,POSITIVE,24.8851781513776
CME_MRY0,Infant mortality rate,"per 1,000 live births",CME,annual_modeled,TJK,Tajikistan,ECA,LMC,2021,POSITIVE,24.6797616055273
CME_MRY0,Infant mortality rate,"per 1,000 live births",CME,annual_modeled,TJK,Tajikistan,ECA,LMC,2022,POSITIVE,24.3976194510649
CME_MRY0,Infant mortality rate,"per 1,000 live births",CME,annual_modeled,TJK,Tajikistan,ECA,LMC,2023,POSITIVE,23.9526511712782
CME_MRY0,Infant mortality rate,"per 1,000 live births",CME,annual_modeled,TJK,Tajikistan,ECA,LMC,2024,POSITIVE,23.4783164945569
CME_MRY0,Infant mortality rate,"per 1,000 live births",CME,annual_modeled,IRN,Iran,MNA,UMC,2000,POSITIVE,31.732874865742
CME_MRY0,Infant mortality rate,"per 1,000 live births",CME,annual_modeled,IRN,Iran,MNA,UMC,2001,POSITIVE,30.039527619209
CME_MRY0,Infant mortality rate,"per 1,000 live births",CME,annual_modeled,IRN,Iran,MNA,UMC,2002,POSITIVE,28.3245625617773
CME_MRY0,Infant mortality rate,"per 1,000 live births",CME,annual_modeled,IRN,Iran,MNA,UMC,2003,POSITIVE,26.6180356158586
CME_MRY0,Infant mortality rate,"per 1,000 live births",CME,annual_modeled,IRN,Iran,MNA,UMC,2004,POSITIVE,24.9689674752307
CME_MRY0,Infant mortality rate,"per 1,000 live births",CME,annual_modeled,IRN,Iran,MNA,UMC,2005,POSITIVE,23.4151390118228
CME_MRY0,Infant mortality rate,"per 1,000 live births",CME,annual_modeled,IRN,Iran,MNA,UMC,2006,POSITIVE,21.9516906123739
CME_MRY0,Infant mortality rate,"per 1,000 live births",CME,annual_modeled,IRN,Iran,MNA,UMC,2007,POSITIVE,20.5823135121548
CME_MRY0,Infant mortality rate,"per 1,000 live births",CME,annual_modeled,IRN,Iran,MNA,UMC,2008,POSITIVE,19.3278866388335
CME_MRY0,Infant mortality rate,"per 1,000 live births",CME,annual_modeled,IRN,Iran,MNA,UMC,2009,POSITIVE,18.2111660265714
CME_MRY0,Infant mortality rate,"per 1,000 live births",CME,annual_modeled,IRN,Iran,MNA,UMC,2010,POSITIVE,17.2650124347499
CME_MRY0,Infant mortality rate,"per 1,000 live births",CME,annual_modeled,IRN,Iran,MNA,UMC,2011,POSITIVE,16.4514599159244
CME_MRY0,Infant mortality rate,"per 1,000 live births",CME,annual_modeled,IRN,Iran,MNA,UMC,2012,POSITIVE,15.7447859730563
CME_MRY0,Infant mortality rate,"per 1,000 live births",CME,annual_modeled,IRN,Iran,MNA,UMC,2013,POSITIVE,15.1023450267377
CME_MRY0,Infant mortality rate,"per 1,000 live births",CME,annual_modeled,IRN,Iran,MNA,UMC,2014,POSITIVE,14.5423962112144
CME_MRY0,Infant mortality rate,"per 1,000 live births",CME,annual_modeled,IRN,Iran,MNA,UMC,2015,POSITIVE,13.9954649795002
CME_MRY0,Infant mortality rate,"per 1,000 live births",CME,annual_modeled,IRN,Iran,MNA,UMC,2016,POSITIVE,13.4822880411382
CME_MRY0,Infant mortality rate,"per 1,000 live births",CME,annual_modeled,IRN,Iran,MNA,UMC,2017,POSITIVE,13.0080842245896
CME_MRY0,Infant mortality rate,"per 1,000 live births",CME,annual_modeled,IRN,Iran,MNA,UMC,2018,POSITIVE,12.5760578510122
CME_MRY0,Infant mortality rate,"per 1,000 live births",CME,annual_modeled,IRN,Iran,MNA,UMC,2019,POSITIVE,12.146458314328
CME_MRY0,Infant mortality rate,"per 1,000 live births",CME,annual_modeled,IRN,Iran,MNA,UMC,2020,POSITIVE,11.7680219345979
CME_MRY0,Infant mortality rate,"per 1,000 live births",CME,annual_modeled,IRN,Iran,MNA,UMC,2021,POSITIVE,11.414989178361
CME_MRY0,Infant mortality rate,"per 1,000 live births",CME,annual_modeled,IRN,Iran,MNA,UMC,2022,POSITIVE,11.0108023142523
CME_MRY0,Infant mortality rate,"per 1,000 live births",CME,annual_modeled,IRN,Iran,MNA,UMC,2023,POSITIVE,10.6431251700143
CME_MRY0,Infant mortality rate,"per 1,000 live births",CME,annual_modeled,IRN,Iran,MNA,UMC,2024,POSITIVE,10.3184994132182
CME_MRY0,Infant mortality rate,"per 1,000 live births",CME,annual_modeled,AZE,Azerbaijan,ECA,UMC,2000,POSITIVE,61.05325507336
CME_MRY0,Infant mortality rate,"per 1,000 live births",CME,annual_modeled,AZE,Azerbaijan,ECA,UMC,2001,POSITIVE,56.8478543324935
CME_MRY0,Infant mortality rate,"per 1,000 live births",CME,annual_modeled,AZE,Azerbaijan,ECA,UMC,2002,POSITIVE,52.7174363045998
CME_MRY0,Infant mortality rate,"per 1,000 live births",CME,annual_modeled,AZE,Azerbaijan,ECA,UMC,2003,POSITIVE,48.9082462135643
CME_MRY0,Infant mortality rate,"per 1,000 live births",CME,annual_modeled,AZE,Azerbaijan,ECA,UMC,2004,POSITIVE,45.3774317991662
CME_MRY0,Infant mortality rate,"per 1,000 live births",CME,annual_modeled,AZE,Azerbaijan,ECA,UMC,2005,POSITIVE,42.159256514879
CME_MRY0,Infant mortality rate,"per 1,000 live births",CME,annual_modeled,AZE,Azerbaijan,ECA,UMC,2006,POSITIVE,39.2320386713666
CME_MRY0,Infant mortality rate,"per 1,000 live births",CME,annual_modeled,AZE,Azerbaijan,ECA,UMC,2007,POSITIVE,36.5732726797567
CME_MRY0,Infant mortality rate,"per 1,000 live births",CME,annual_modeled,AZE,Azerbaijan,ECA,UMC,2008,POSITIVE,34.1465087702613
CME_MRY0,Infant mortality rate,"per 1,000 live births",CME,annual_modeled,AZE,Azerbaijan,ECA,UMC,2009,POSITIVE,31.839926028764
CME_MRY0,Infant mortality rate,"per 1,000 live births",CME,annual_modeled,AZE,Azerbaijan,ECA,UMC,2010,POSITIVE,29.6884036272535
CME_MRY0,Infant mortality rate,"per 1,000 live births",CME,annual_modeled,AZE,Azerbaijan,ECA,UMC,2011,POSITIVE,27.6846165302024
CME_MRY0,Infant mortality rate,"per 1,000 live births",CME,annual_modeled,AZE,Azerbaijan,ECA,UMC,2012,POSITIVE,25.8513730753386
CME_MRY0,Infant mortality rate,"per 1,000 live births",CME,annual_modeled,AZE,Azerbaijan,ECA,UMC,2013,POSITIVE,24.1556713512974
CME_MRY0,Infant mortality rate,"per 1,000 live births",CME,annual_modeled,AZE,Azerbaijan,ECA,UMC,2014,POSITIVE,22.5912315877354
CME_MRY0,Infant mortality rate,"per 1,000 live births",CME,annual_modeled,AZE,Azerbaijan,ECA,UMC,2015,POSITIVE,21.1219514069596
CME_MRY0,Infant mortality rate,"per 1,000 live births",CME,annual_modeled,AZE,Azerbaijan,ECA,UMC,2016,POSITIVE,19.8054928199083
CME_MRY0,Infant mortality rate,"per 1,000 live births",CME,annual_modeled,AZE,Azerbaijan,ECA,UMC,2017,POSITIVE,18.6266080856813
CME_MRY0,Infant mortality rate,"per 1,000 live births",CME,annual_modeled,AZE,Azerbaijan,ECA,UMC,2018,POSITIVE,17.5176506456483
CME_MRY0,Infant mortality rate,"per 1,000 live births",CME,annual_modeled,AZE,Azerbaijan,ECA,UMC,2019,POSITIVE,16.511978816434
CME_MRY0,Infant mortality rate,"per 1,000 live births",CME,annual_modeled,AZE,Azerbaijan,ECA,UMC,2020,POSITIVE,15.5620599985041
CME_MRY0,Infant mortality rate,"per 1,000 live births",CME,annual_modeled,AZE,Azerbaijan,ECA,UMC,2021,POSITIVE,14.7053054179246
CME_MRY0,Infant mortality rate,"per 1,000 live births",CME,annual_modeled,AZE,Azerbaijan,ECA,UMC,2022,POSITIVE,13.9022818678828
CME_MRY0,Infant mortality rate,"per 1,000 live births",CME,annual_modeled,AZE,Azerbaijan,ECA,UMC,2023,POSITIVE,13.1868670414108
CME_MRY0,Infant mortality rate,"per 1,000 live births",CME,annual_modeled,AZE,Azerbaijan,ECA,UMC,2024,POSITIVE,12.485811241078
CME_MRY0,Infant mortality rate,"per 1,000 live births",CME,annual_modeled,GEO,Georgia,ECA,UMC,2000,POSITIVE,29.2487255015688
CME_MRY0,Infant mortality rate,"per 1,000 live births",CME,annual_modeled,GEO,Georgia,ECA,UMC,2001,POSITIVE,27.2889704128909
CME_MRY0,Infant mortality rate,"per 1,000 live births",CME,annual_modeled,GEO,Georgia,ECA,UMC,2002,POSITIVE,25.2428438362723
CME_MRY0,Infant mortality rate,"per 1,000 live births",CME,annual_modeled,GEO,Georgia,ECA,UMC,2003,POSITIVE,23.1803194671671
CME_MRY0,Infant mortality rate,"per 1,000 live births",CME,annual_modeled,GEO,Georgia,ECA,UMC,2004,POSITIVE,21.1121807068991
CME_MRY0,Infant mortality rate,"per 1,000 live births",CME,annual_modeled,GEO,Georgia,ECA,UMC,2005,POSITIVE,19.1197247320684
CME_MRY0,Infant mortality rate,"per 1,000 live births",CME,annual_modeled,GEO,Georgia,ECA,UMC,2006,POSITIVE,17.2796065076497
CME_MRY0,Infant mortality rate,"per 1,000 live births",CME,annual_modeled,GEO,Georgia,ECA,UMC,2007,POSITIVE,15.6147877095762
CME_MRY0,Infant mortality rate,"per 1,000 live births",CME,annual_modeled,GEO,Georgia,ECA,UMC,2008,POSITIVE,14.1433262600355
CME_MRY0,Infant mortality rate,"per 1,000 live births",CME,annual_modeled,GEO,Georgia,ECA,UMC,2009,POSITIVE,12.8708261850279
CME_MRY0,Infant mortality rate,"per 1,000 live births",CME,annual_modeled,GEO,Georgia,ECA,UMC,2010,POSITIVE,11.7987976167295
CME_MRY0,Infant mortality rate,"per 1,000 live births",CME,annual_modeled,GEO,Georgia,ECA,UMC,2011,POSITIVE,10.9073374258072
CME_MRY0,Infant mortality rate,"per 1,000 live births",CME,annual_modeled,GEO,Georgia,ECA,UMC,2012,POSITIVE,10.1913158346307
CME_MRY0,Infant mortality rate,"per 1,000 live births",CME,annual_modeled,GEO,Georgia,ECA,UMC,2013,POSITIVE,9.63873490244498
CME_MRY0,Infant mortality rate,"per 1,000 live births",CME,annual_modeled,GEO,Georgia,ECA,UMC,2014,POSITIVE,9.22229363970598
CME_MRY0,Infant mortality rate,"per 1,000 live births",CME,annual_modeled,GEO,Georgia,ECA,UMC,2015,POSITIVE,8.90915858422031
CME_MRY0,Infant mortality rate,"per 1,000 live births",CME,annual_modeled,GEO,Georgia,ECA,UMC,2016,POSITIVE,8.67958951242896
CME_MRY0,Infant mortality rate,"per 1,000 live births",CME,annual_modeled,GEO,Georgia,ECA,UMC,2017,POSITIVE,8.4966123414564
CME_MRY0,Infant mortality rate,"per 1,000 live births",CME,annual_modeled,GEO,Georgia,ECA,UMC,2018,POSITIVE,8.33698962058974
CME_MRY0,Infant mortality rate,"per 1,000 live births",CME,annual_modeled,GEO,Georgia,ECA,UMC,2019,POSITIVE,8.18327661850406
CME_MRY0,Infant mortality rate,"per 1,000 live births",CME,annual_modeled,GEO,Georgia,ECA,UMC,2020,POSITIVE,8.03321084775613
CME_MRY0,Infant mortality rate,"per 1,000 live births",CME,annual_modeled,GEO,Georgia,ECA,UMC,2021,POSITIVE,7.88599219266517
CME_MRY0,Infant mortality rate,"per 1,000 live births",CME,annual_modeled,GEO,Georgia,ECA,UMC,2022,POSITIVE,7.74575907130983
CME_MRY0,Infant mortality rate,"per 1,000 live births",CME,annual_modeled,GEO,Georgia,ECA,UMC,2023,POSITIVE,7.60393141100428
CME_MRY0,Infant mortality rate,"per 1,000 live births",CME,annual_modeled,GEO,Georgia,ECA,UMC,2024,POSITIVE,7.45411015780967
CME_MRY0,Infant mortality rate,"per 1,000 live births",CME,annual_modeled,ALB,Albania,ECA,UMC,2000,POSITIVE,17.798590153692
CME_MRY0,Infant mortality rate,"per 1,000 live births",CME,annual_modeled,ALB,Albania,ECA,UMC,2001,POSITIVE,16.9510798790104
CME_MRY0,Infant mortality rate,"per 1,000 live births",CME,annual_modeled,ALB,Albania,ECA,UMC,2002,POSITIVE,16.0986062160405
CME_MRY0,Infant mortality rate,"per 1,000 live births",CME,annual_modeled,ALB,Albania,ECA,UMC,2003,POSITIVE,15.2487844895497
CME_MRY0,Infant mortality rate,"per 1,000 live births",CME,annual_modeled,ALB,Albania,ECA,UMC,2004,POSITIVE,14.3883049486144
CME_MRY0,Infant mortality rate,"per 1,000 live births",CME,annual_modeled,ALB,Albania,ECA,UMC,2005,POSITIVE,13.525847121265
CME_MRY0,Infant mortality rate,"per 1,000 live births",CME,annual_modeled,ALB,Albania,ECA,UMC,2006,POSITIVE,12.6749109097747
CME_MRY0,Infant mortality rate,"per 1,000 live births",CME,annual_modeled,ALB,Albania,ECA,UMC,2007,POSITIVE,11.8559924019921
CME_MRY0,Infant mortality rate,"per 1,000 live births",CME,annual_modeled,ALB,Albania,ECA,UMC,2008,POSITIVE,11.0838808010946
CME_MRY0,Infant mortality rate,"per 1,000 live births",CME,annual_modeled,ALB,Albania,ECA,UMC,2009,POSITIVE,10.3459668132866
CME_MRY0,Infant mortality rate,"per 1,000 live births",CME,annual_modeled,ALB,Albania,ECA,UMC,2010,POSITIVE,9.6464148229312
CME_MRY0,Infant mortality rate,"per 1,000 live births",CME,annual_modeled,ALB,Albania,ECA,UMC,2011,POSITIVE,9.00402664393994
CME_MRY0,Infant mortality rate,"per 1,000 live births",CME,annual_modeled,ALB,Albania,ECA,UMC,2012,POSITIVE,8.45512545891779
CME_MRY0,Infant mortality rate,"per 1,000 live births",CME,annual_modeled,ALB,Albania,ECA,UMC,2013,POSITIVE,8.04586016174206
CME_MRY0,Infant mortality rate,"per 1,000 live births",CME,annual_modeled,ALB,Albania,ECA,UMC,2014,POSITIVE,7.77476693029356
CME_MRY0,Infant mortality rate,"per 1,000 live births",CME,annual_modeled,ALB,Albania,ECA,UMC,2015,POSITIVE,7.64082804348464
CME_MRY0,Infant mortality rate,"per 1,000 live births",CME,annual_modeled,ALB,Albania,ECA,UMC,2016,POSITIVE,7.62614288608104
CME_MRY0,Infant mortality rate,"per 1,000 live births",CME,annual_modeled,ALB,Albania,ECA,UMC,2017,POSITIVE,7.70262916547389
CME_MRY0,Infant mortality rate,"per 1,000 live births",CME,annual_modeled,ALB,Albania,ECA,UMC,2018,POSITIVE,7.83117168009195
CME_MRY0,Infant mortality rate,"per 1,000 live births",CME,annual_modeled,ALB,Albania,ECA,UMC,2019,POSITIVE,7.98339473744617
CME_MRY0,Infant mortality rate,"per 1,000 live births",CME,annual_modeled,ALB,Albania,ECA,UMC,2020,POSITIVE,8.13449151375216
CME_MRY0,Infant mortality rate,"per 1,000 live births",CME,annual_modeled,ALB,Albania,ECA,UMC,2021,POSITIVE,8.25356747075207
CME_MRY0,Infant mortality rate,"per 1,000 live births",CME,annual_modeled,ALB,Albania,ECA,UMC,2022,POSITIVE,8.32040099780823
CME_MRY0,Infant mortality rate,"per 1,000 live births",CME,annual_modeled,ALB,Albania,ECA,UMC,2023,POSITIVE,8.31732099245535
CME_MRY0,Infant mortality rate,"per 1,000 live births",CME,annual_modeled,ALB,Albania,ECA,UMC,2024,POSITIVE,8.25178658715117
CME_MRY0,Infant mortality rate,"per 1,000 live births",CME,annual_modeled,BLR,Belarus,ECA,UMC,2000,POSITIVE,9.9337738053676
CME_MRY0,Infant mortality rate,"per 1,000 live births",CME,annual_modeled,BLR,Belarus,ECA,UMC,2001,POSITIVE,9.17183927882364
CME_MRY0,Infant mortality rate,"per 1,000 live births",CME,annual_modeled,BLR,Belarus,ECA,UMC,2002,POSITIVE,8.45239925452984
CME_MRY0,Infant mortality rate,"per 1,000 live births",CME,annual_modeled,BLR,Belarus,ECA,UMC,2003,POSITIVE,7.80884213140621
CME_MRY0,Infant mortality rate,"per 1,000 live births",CME,annual_modeled,BLR,Belarus,ECA,UMC,2004,POSITIVE,7.23412159441124
CME_MRY0,Infant mortality rate,"per 1,000 live births",CME,annual_modeled,BLR,Belarus,ECA,UMC,2005,POSITIVE,6.68147927883171
CME_MRY0,Infant mortality rate,"per 1,000 live births",CME,annual_modeled,BLR,Belarus,ECA,UMC,2006,POSITIVE,6.11470080705437
CME_MRY0,Infant mortality rate,"per 1,000 live births",CME,annual_modeled,BLR,Belarus,ECA,UMC,2007,POSITIVE,5.55686731009436
CME_MRY0,Infant mortality rate,"per 1,000 live births",CME,annual_modeled,BLR,Belarus,ECA,UMC,2008,POSITIVE,5.05100311851764
CME_MRY0,Infant mortality rate,"per 1,000 live births",CME,annual_modeled,BLR,Belarus,ECA,UMC,2009,POSITIVE,4.61621038404255
CME_MRY0,Infant mortality rate,"per 1,000 live births",CME,annual_modeled,BLR,Belarus,ECA,UMC,2010,POSITIVE,4.24918214329026
CME_MRY0,Infant mortality rate,"per 1,000 live births",CME,annual_modeled,BLR,Belarus,ECA,UMC,2011,POSITIVE,3.94504602749672
CME_MRY0,Infant mortality rate,"per 1,000 live births",CME,annual_modeled,BLR,Belarus,ECA,UMC,2012,POSITIVE,3.69458193680333
CME_MRY0,Infant mortality rate,"per 1,000 live births",CME,annual_modeled,BLR,Belarus,ECA,UMC,2013,POSITIVE,3.48184168151162
CME_MRY0,Infant mortality rate,"per 1,000 live births",CME,annual_modeled,BLR,Belarus,ECA,UMC,2014,POSITIVE,3.29569309782366
CME_MRY0,Infant mortality rate,"per 1,000 live births",CME,annual_modeled,BLR,Belarus,ECA,UMC,2015,POSITIVE,3.1196393781258
CME_MRY0,Infant mortality rate,"per 1,000 live births",CME,annual_modeled,BLR,Belarus,ECA,UMC,2016,POSITIVE,2.94453113155882
CME_MRY0,Infant mortality rate,"per 1,000 live births",CME,annual_modeled,BLR,Belarus,ECA,UMC,2017,POSITIVE,2.76635807322213
CME_MRY0,Infant mortality rate,"per 1,000 live births",CME,annual_modeled,BLR,Belarus,ECA,UMC,2018,POSITIVE,2.58234408445134
CME_MRY0,Infant mortality rate,"per 1,000 live births",CME,annual_modeled,BLR,Belarus,ECA,UMC,2019,POSITIVE,2.40085775837421
CME_MRY0,Infant mortality rate,"per 1,000 live births",CME,annual_modeled,BLR,Belarus,ECA,UMC,2020,POSITIVE,2.23419367471135
CME_MRY0,Infant mortality rate,"per 1,000 live births",CME,annual_modeled,BLR,Belarus,ECA,UMC,2021,POSITIVE,2.09927706524156
CME_MRY0,Infant mortality rate,"per 1,000 live births",CME,annual_modeled,BLR,Belarus,ECA,UMC,2022,POSITIVE,1.98547662388837
CME_MRY0,Infant mortality rate,"per 1,000 live births",CME,annual_modeled,BLR,Belarus,ECA,UMC,2023,POSITIVE,1.88930987567294
CME_MRY0,Infant mortality rate,"per 1,000 live births",CME,annual_modeled,BLR,Belarus,ECA,UMC,2024,POSITIVE,1.80221083117857
CME_MRY0,Infant mortality rate,"per 1,000 live births",CME,annual_modeled,KWT,Kuwait,MNA,HIC,2000,POSITIVE,10.6432305586673
CME_MRY0,Infant mortality rate,"per 1,000 live births",CME,annual_modeled,KWT,Kuwait,MNA,HIC,2001,POSITIVE,10.4575975317468
CME_MRY0,Infant mortality rate,"per 1,000 live births",CME,annual_modeled,KWT,Kuwait,MNA,HIC,2002,POSITIVE,10.3216017478358
CME_MRY0,Infant mortality rate,"per 1,000 live births",CME,annual_modeled,KWT,Kuwait,MNA,HIC,2003,POSITIVE,10.1864717226998
CME_MRY0,Infant mortality rate,"per 1,000 live births",CME,annual_modeled,KWT,Kuwait,MNA,HIC,2004,POSITIVE,10.0338077188482
CME_MRY0,Infant mortality rate,"per 1,000 live births",CME,annual_modeled,KWT,Kuwait,MNA,HIC,2005,POSITIVE,9.88687142206893
CME_MRY0,Infant mortality rate,"per 1,000 live births",CME,annual_modeled,KWT,Kuwait,MNA,HIC,2006,POSITIVE,9.75932266732449
CME_MRY0,Infant mortality rate,"per 1,000 live births",CME,annual_modeled,KWT,Kuwait,MNA,HIC,2007,POSITIVE,9.64742592884204
CME_MRY0,Infant mortality rate,"per 1,000 live births",CME,annual_modeled,KWT,Kuwait,MNA,HIC,2008,POSITIVE,9.50884678071997
CME_MRY0,Infant mortality rate,"per 1,000 live births",CME,annual_modeled,KWT,Kuwait,MNA,HIC,2009,POSITIVE,9.32818930619871
CME_MRY0,Infant mortality rate,"per 1,000 live births",CME,annual_modeled,KWT,Kuwait,MNA,HIC,2010,POSITIVE,9.08945957099365
CME_MRY0,Infant mortality rate,"per 1,000 live births",CME,annual_modeled,KWT,Kuwait,MNA,HIC,2011,POSITIVE,8.7930040542469
CME_MRY0,Infant mortality rate,"per 1,000 live births",CME,annual_modeled,KWT,Kuwait,MNA,HIC,2012,POSITIVE,8.47752137799902
CME_MRY0,Infant mortality rate,"per 1,000 live births",CME,annual_modeled,KWT,Kuwait,MNA,HIC,2013,POSITIVE,8.1947190784379
CME_MRY0,Infant mortality rate,"per 1,000 live births",CME,annual_modeled,KWT,Kuwait,MNA,HIC,2014,POSITIVE,7.97045197735215
CME_MRY0,Infant mortality rate,"per 1,000 live births",CME,annual_modeled,KWT,Kuwait,MNA,HIC,2015,POSITIVE,7.81285186698546
CME_MRY0,Infant mortality rate,"per 1,000 live births",CME,annual_modeled,KWT,Kuwait,MNA,HIC,2016,POSITIVE,7.71405200882602
CME_MRY0,Infant mortality rate,"per 1,000 live births",CME,annual_modeled,KWT,Kuwait,MNA,HIC,2017,POSITIVE,7.66321585724542
CME_MRY0,Infant mortality rate,"per 1,000 live births",CME,annual_modeled,KWT,Kuwait,MNA,HIC,2018,POSITIVE,7.64203487806853
CME_MRY0,Infant mortality rate,"per 1,000 live births",CME,annual_modeled,KWT,Kuwait,MNA,HIC,2019,POSITIVE,7.62958569417167
CME_MRY0,Infant mortality rate,"per 1,000 live births",CME,annual_modeled,KWT,Kuwait,MNA,HIC,2020,POSITIVE,7.59834418185814
CME_MRY0,Infant mortality rate,"per 1,000 live births",CME,annual_modeled,KWT,Kuwait,MNA,HIC,2021,POSITIVE,7.52267103443801
CME_MRY0,Infant mortality rate,"per 1,000 live births",CME,annual_modeled,KWT,Kuwait,MNA,HIC,2022,POSITIVE,7.39658507975463
CME_MRY0,Infant mortality rate,"per 1,000 live births",CME,annual_modeled,KWT,Kuwait,MNA,HIC,2023,POSITIVE,7.22525986644569
CME_MRY0,Infant mortality rate,"per 1,000 live births",CME,annual_modeled,KWT,Kuwait,MNA,HIC,2024,POSITIVE,7.01778321323675
CME_MRY0,Infant mortality rate,"per 1,000 live births",CME,annual_modeled,BHR,Bahrain,MNA,HIC,2000,POSITIVE,10.5103380597423
CME_MRY0,Infant mortality rate,"per 1,000 live births",CME,annual_modeled,BHR,Bahrain,MNA,HIC,2001,POSITIVE,10.0437662530361
CME_MRY0,Infant mortality rate,"per 1,000 live births",CME,annual_modeled,BHR,Bahrain,MNA,HIC,2002,POSITIVE,9.68643956239264
CME_MRY0,Infant mortality rate,"per 1,000 live births",CME,annual_modeled,BHR,Bahrain,MNA,HIC,2003,POSITIVE,9.3878799410709
CME_MRY0,Infant mortality rate,"per 1,000 live births",CME,annual_modeled,BHR,Bahrain,MNA,HIC,2004,POSITIVE,9.10653550535094
CME_MRY0,Infant mortality rate,"per 1,000 live births",CME,annual_modeled,BHR,Bahrain,MNA,HIC,2005,POSITIVE,8.8085373146088
CME_MRY0,Infant mortality rate,"per 1,000 live births",CME,annual_modeled,BHR,Bahrain,MNA,HIC,2006,POSITIVE,8.48327592896783
CME_MRY0,Infant mortality rate,"per 1,000 live births",CME,annual_modeled,BHR,Bahrain,MNA,HIC,2007,POSITIVE,8.12783505091791
CME_MRY0,Infant mortality rate,"per 1,000 live births",CME,annual_modeled,BHR,Bahrain,MNA,HIC,2008,POSITIVE,7.75652261689251
CME_MRY0,Infant mortality rate,"per 1,000 live births",CME,annual_modeled,BHR,Bahrain,MNA,HIC,2009,POSITIVE,7.39765056584835
CME_MRY0,Infant mortality rate,"per 1,000 live births",CME,annual_modeled,BHR,Bahrain,MNA,HIC,2010,POSITIVE,7.08538143591169
CME_MRY0,Infant mortality rate,"per 1,000 live births",CME,annual_modeled,BHR,Bahrain,MNA,HIC,2011,POSITIVE,6.83293562093648
CME_MRY0,Infant mortality rate,"per 1,000 live births",CME,annual_modeled,BHR,Bahrain,MNA,HIC,2012,POSITIVE,6.63318929625859
CME_MRY0,Infant mortality rate,"per 1,000 live births",CME,annual_modeled,BHR,Bahrain,MNA,HIC,2013,POSITIVE,6.49293597712544
CME_MRY0,Infant mortality rate,"per 1,000 live births",CME,annual_modeled,BHR,Bahrain,MNA,HIC,2014,POSITIVE,6.39630529436846
CME_MRY0,Infant mortality rate,"per 1,000 live births",CME,annual_modeled,BHR,Bahrain,MNA,HIC,2015,POSITIVE,6.33094917763909
CME_MRY0,Infant mortality rate,"per 1,000 live births",CME,annual_modeled,BHR,Bahrain,MNA,HIC,2016,POSITIVE,6.30508877577675
CME_MRY0,Infant mortality rate,"per 1,000 live births",CME,annual_modeled,BHR,Bahrain,MNA,HIC,2017,POSITIVE,6.32595939240475
CME_MRY0,Infant mortality rate,"per 1,000 live births",CME,annual_modeled,BHR,Bahrain,MNA,HIC,2018,POSITIVE,6.38853289123566
CME_MRY0,Infant mortality rate,"per 1,000 live births",CME,annual_modeled,BHR,Bahrain,MNA,HIC,2019,POSITIVE,6.4912679090655
CME_MRY0,Infant mortality rate,"per 1,000 live births",CME,annual_modeled,BHR,Bahrain,MNA,HIC,2020,POSITIVE,6.63049978499144
CME_MRY0,Infant mortality rate,"per 1,000 live births",CME,annual_modeled,BHR,Bahrain,MNA,HIC,2021,POSITIVE,6.79639897280735
CME_MRY0,Infant mortality rate,"per 1,000 live births",CME,annual_modeled,BHR,Bahrain,MNA,HIC,2022,POSITIVE,6.98037488590067
CME_MRY0,Infant mortality rate,"per 1,000 live births",CME,annual_modeled,BHR,Bahrain,MNA,HIC,2023,POSITIVE,7.16357187537639
CME_MRY0,Infant mortality rate,"per 1,000 live births",CME,annual_modeled,BHR,Bahrain,MNA,HIC,2024,POSITIVE,7.31430558014828
CME_MRY0,Infant mortality rate,"per 1,000 live births",CME,annual_modeled,OMN,Oman,MNA,HIC,2000,POSITIVE,13.4097758477384
CME_MRY0,Infant mortality rate,"per 1,000 live births",CME,annual_modeled,OMN,Oman,MNA,HIC,2001,POSITIVE,12.5765552034933
CME_MRY0,Infant mortality rate,"per 1,000 live births",CME,annual_modeled,OMN,Oman,MNA,HIC,2002,POSITIVE,11.8676429364381
CME_MRY0,Infant mortality rate,"per 1,000 live births",CME,annual_modeled,OMN,Oman,MNA,HIC,2003,POSITIVE,11.2846503657314
CME_MRY0,Infant mortality rate,"per 1,000 live births",CME,annual_modeled,OMN,Oman,MNA,HIC,2004,POSITIVE,10.8139198949463
CME_MRY0,Infant mortality rate,"per 1,000 live births",CME,annual_modeled,OMN,Oman,MNA,HIC,2005,POSITIVE,10.444703509947
CME_MRY0,Infant mortality rate,"per 1,000 live births",CME,annual_modeled,OMN,Oman,MNA,HIC,2006,POSITIVE,10.1544635994114
CME_MRY0,Infant mortality rate,"per 1,000 live births",CME,annual_modeled,OMN,Oman,MNA,HIC,2007,POSITIVE,9.94211512517642
CME_MRY0,Infant mortality rate,"per 1,000 live births",CME,annual_modeled,OMN,Oman,MNA,HIC,2008,POSITIVE,9.77972177203222
CME_MRY0,Infant mortality rate,"per 1,000 live births",CME,annual_modeled,OMN,Oman,MNA,HIC,2009,POSITIVE,9.6519286451831
CME_MRY0,Infant mortality rate,"per 1,000 live births",CME,annual_modeled,OMN,Oman,MNA,HIC,2010,POSITIVE,9.53497095221636
CME_MRY0,Infant mortality rate,"per 1,000 live births",CME,annual_modeled,OMN,Oman,MNA,HIC,2011,POSITIVE,9.4153034731587
CME_MRY0,Infant mortality rate,"per 1,000 live births",CME,annual_modeled,OMN,Oman,MNA,HIC,2012,POSITIVE,9.29582388983207
CME_MRY0,Infant mortality rate,"per 1,000 live births",CME,annual_modeled,OMN,Oman,MNA,HIC,2013,POSITIVE,9.18596311234405
CME_MRY0,Infant mortality rate,"per 1,000 live births",CME,annual_modeled,OMN,Oman,MNA,HIC,2014,POSITIVE,9.09748734230601
CME_MRY0,Infant mortality rate,"per 1,000 live births",CME,annual_modeled,OMN,Oman,MNA,HIC,2015,POSITIVE,9.02482649376091
CME_MRY0,Infant mortality rate,"per 1,000 live births",CME,annual_modeled,OMN,Oman,MNA,HIC,2016,POSITIVE,8.96108451256911
CME_MRY0,Infant mortality rate,"per 1,000 live births",CME,annual_modeled,OMN,Oman,MNA,HIC,2017,POSITIVE,8.89745554741945
CME_MRY0,Infant mortality rate,"per 1,000 live births",CME,annual_modeled,OMN,Oman,MNA,HIC,2018,POSITIVE,8.82719125252133
CME_MRY0,Infant mortality rate,"per 1,000 live births",CME,annual_modeled,OMN,Oman,MNA,HIC,2019,POSITIVE,8.7371710093189
CME_MRY0,Infant mortality rate,"per 1,000 live births",CME,annual_modeled,OMN,Oman,MNA,HIC,2020,POSITIVE,8.64635727629398
CME_MRY0,Infant mortality rate,"per 1,000 live births",CME,annual_modeled,OMN,Oman,MNA,HIC,2021,POSITIVE,8.55498887258126
CME_MRY0,Infant mortality rate,"per 1,000 live births",CME,annual_modeled,OMN,Oman,MNA,HIC,2022,POSITIVE,8.4719181464848
CME_MRY0,Infant mortality rate,"per 1,000 live births",CME,annual_modeled,OMN,Oman,MNA,HIC,2023,POSITIVE,8.38780915841267
CME_MRY0,Infant mortality rate,"per 1,000 live births",CME,annual_modeled,OMN,Oman,MNA,HIC,2024,POSITIVE,8.29444580167174
CME_MRY0,Infant mortality rate,"per 1,000 live births",CME,annual_modeled,CYP,Cyprus,ECA,HIC,2000,POSITIVE,5.70461263846188
CME_MRY0,Infant mortality rate,"per 1,000 live births",CME,annual_modeled,CYP,Cyprus,ECA,HIC,2001,POSITIVE,5.34371330772931
CME_MRY0,Infant mortality rate,"per 1,000 live births",CME,annual_modeled,CYP,Cyprus,ECA,HIC,2002,POSITIVE,5.00764849306599
CME_MRY0,Infant mortality rate,"per 1,000 live births",CME,annual_modeled,CYP,Cyprus,ECA,HIC,2003,POSITIVE,4.69405461613648
CME_MRY0,Infant mortality rate,"per 1,000 live births",CME,annual_modeled,CYP,Cyprus,ECA,HIC,2004,POSITIVE,4.37844699329883
CME_MRY0,Infant mortality rate,"per 1,000 live births",CME,annual_modeled,CYP,Cyprus,ECA,HIC,2005,POSITIVE,4.06843937691572
CME_MRY0,Infant mortality rate,"per 1,000 live births",CME,annual_modeled,CYP,Cyprus,ECA,HIC,2006,POSITIVE,3.76101900419379
CME_MRY0,Infant mortality rate,"per 1,000 live births",CME,annual_modeled,CYP,Cyprus,ECA,HIC,2007,POSITIVE,3.47309473289198
CME_MRY0,Infant mortality rate,"per 1,000 live births",CME,annual_modeled,CYP,Cyprus,ECA,HIC,2008,POSITIVE,3.20605140166424
CME_MRY0,Infant mortality rate,"per 1,000 live births",CME,annual_modeled,CYP,Cyprus,ECA,HIC,2009,POSITIVE,2.96328642043554
CME_MRY0,Infant mortality rate,"per 1,000 live births",CME,annual_modeled,CYP,Cyprus,ECA,HIC,2010,POSITIVE,2.74756903972816
CME_MRY0,Infant mortality rate,"per 1,000 live births",CME,annual_modeled,CYP,Cyprus,ECA,HIC,2011,POSITIVE,2.5542184358586
CME_MRY0,Infant mortality rate,"per 1,000 live births",CME,annual_modeled,CYP,Cyprus,ECA,HIC,2012,POSITIVE,2.38851797644363
CME_MRY0,Infant mortality rate,"per 1,000 live births",CME,annual_modeled,CYP,Cyprus,ECA,HIC,2013,POSITIVE,2.25255995916059
CME_MRY0,Infant mortality rate,"per 1,000 live births",CME,annual_modeled,CYP,Cyprus,ECA,HIC,2014,POSITIVE,2.15535685271319
CME_MRY0,Infant mortality rate,"per 1,000 live births",CME,annual_modeled,CYP,Cyprus,ECA,HIC,2015,POSITIVE,2.10295382339811
CME_MRY0,Infant mortality rate,"per 1,000 live births",CME,annual_modeled,CYP,Cyprus,ECA,HIC,2016,POSITIVE,2.10400127327
CME_MRY0,Infant mortality rate,"per 1,000 live births",CME,annual_modeled,CYP,Cyprus,ECA,HIC,2017,POSITIVE,2.16804433580721
CME_MRY0,Infant mortality rate,"per 1,000 live births",CME,annual_modeled,CYP,Cyprus,ECA,HIC,2018,POSITIVE,2.29144339655551
CME_MRY0,Infant mortality rate,"per 1,000 live births",CME,annual_modeled,CYP,Cyprus,ECA,HIC,2019,POSITIVE,2.47357705328075
CME_MRY0,Infant mortality rate,"per 1,000 live births",CME,annual_modeled,CYP,Cyprus,ECA,HIC,2020,POSITIVE,2.7211166124937
CME_MRY0,Infant mortality rate,"per 1,000 live births",CME,annual_modeled,CYP,Cyprus,ECA,HIC,2021,POSITIVE,3.02680732882678
CME_MRY0,Infant mortality rate,"per 1,000 live births",CME,annual_modeled,CYP,Cyprus,ECA,HIC,2022,POSITIVE,3.38388157674235
CME_MRY0,Infant mortality rate,"per 1,000 live births",CME,annual_modeled,CYP,Cyprus,ECA,HIC,2023,POSITIVE,3.76379048201569
CME_MRY0,Infant mortality rate,"per 1,000 live births",CME,annual_modeled,CYP,Cyprus,ECA,HIC,2024,POSITIVE,4.10566054366803
CME_MRY0,Infant mortality rate,"per 1,000 live births",CME,annual_modeled,MLT,Malta,ECA,HIC,2000,POSITIVE,6.6879019975205
CME_MRY0,Infant mortality rate,"per 1,000 live births",CME,annual_modeled,MLT,Malta,ECA,HIC,2001,POSITIVE,6.48137717646022
CME_MRY0,Infant mortality rate,"per 1,000 live births",CME,annual_modeled,MLT,Malta,ECA,HIC,2002,POSITIVE,6.31529575698817
CME_MRY0,Infant mortality rate,"per 1,000 live births",CME,annual_modeled,MLT,Malta,ECA,HIC,2003,POSITIVE,6.19577529257566
CME_MRY0,Infant mortality rate,"per 1,000 live births",CME,annual_modeled,MLT,Malta,ECA,HIC,2004,POSITIVE,6.11166502960754
CME_MRY0,Infant mortality rate,"per 1,000 live births",CME,annual_modeled,MLT,Malta,ECA,HIC,2005,POSITIVE,6.0616325937748
CME_MRY0,Infant mortality rate,"per 1,000 live births",CME,annual_modeled,MLT,Malta,ECA,HIC,2006,POSITIVE,6.03691174519137
CME_MRY0,Infant mortality rate,"per 1,000 live births",CME,annual_modeled,MLT,Malta,ECA,HIC,2007,POSITIVE,6.02774207022037
CME_MRY0,Infant mortality rate,"per 1,000 live births",CME,annual_modeled,MLT,Malta,ECA,HIC,2008,POSITIVE,6.02743462753342
CME_MRY0,Infant mortality rate,"per 1,000 live births",CME,annual_modeled,MLT,Malta,ECA,HIC,2009,POSITIVE,6.02853140513086
CME_MRY0,Infant mortality rate,"per 1,000 live births",CME,annual_modeled,MLT,Malta,ECA,HIC,2010,POSITIVE,6.02323632751546
CME_MRY0,Infant mortality rate,"per 1,000 live births",CME,annual_modeled,MLT,Malta,ECA,HIC,2011,POSITIVE,6.00278755102407
CME_MRY0,Infant mortality rate,"per 1,000 live births",CME,annual_modeled,MLT,Malta,ECA,HIC,2012,POSITIVE,5.97297749362665
CME_MRY0,Infant mortality rate,"per 1,000 live births",CME,annual_modeled,MLT,Malta,ECA,HIC,2013,POSITIVE,5.92587719483667
CME_MRY0,Infant mortality rate,"per 1,000 live births",CME,annual_modeled,MLT,Malta,ECA,HIC,2014,POSITIVE,5.86935856921929
CME_MRY0,Infant mortality rate,"per 1,000 live births",CME,annual_modeled,MLT,Malta,ECA,HIC,2015,POSITIVE,5.79622509706103
CME_MRY0,Infant mortality rate,"per 1,000 live births",CME,annual_modeled,MLT,Malta,ECA,HIC,2016,POSITIVE,5.70969905324591
CME_MRY0,Infant mortality rate,"per 1,000 live births",CME,annual_modeled,MLT,Malta,ECA,HIC,2017,POSITIVE,5.61459536743654
CME_MRY0,Infant mortality rate,"per 1,000 live births",CME,annual_modeled,MLT,Malta,ECA,HIC,2018,POSITIVE,5.49387400798683
CME_MRY0,Infant mortality rate,"per 1,000 live births",CME,annual_modeled,MLT,Malta,ECA,HIC,2019,POSITIVE,5.3753961506433
CME_MRY0,Infant mortality rate,"per 1,000 live births",CME,annual_modeled,MLT,Malta,ECA,HIC,2020,POSITIVE,5.24450672019208
CME_MRY0,Infant mortality rate,"per 1,000 live births",CME,annual_modeled,MLT,Malta,ECA,HIC,2021,POSITIVE,5.10732586811527
CME_MRY0,Infant mortality rate,"per 1,000 live births",CME,annual_modeled,MLT,Malta,ECA,HIC,2022,POSITIVE,4.97107484723304
CME_MRY0,Infant mortality rate,"per 1,000 live births",CME,annual_modeled,MLT,Malta,ECA,HIC,2023,POSITIVE,4.84224110481755
CME_MRY0,Infant mortality rate,"per 1,000 live births",CME,annual_modeled,MLT,Malta,ECA,HIC,2024,POSITIVE,4.70352630237053
CME_MRY1T4,Child mortality rate (1-4),"per 1,000 children aged 1",CME,annual_modeled,YEM,Yemen,MNA,LIC,2000,POSITIVE,18.5485376070883
CME_MRY1T4,Child mortality rate (1-4),"per 1,000 children aged 1",CME,annual_modeled,YEM,Yemen,MNA,LIC,2001,POSITIVE,17.206289022289
CME_MRY1T4,Child mortality rate (1-4),"per 1,000 children aged 1",CME,annual_modeled,YEM,Yemen,MNA,LIC,2002,POSITIVE,15.9186009306554
CME_MRY1T4,Child mortality rate (1-4),"per 1,000 children aged 1",CME,annual_modeled,YEM,Yemen,MNA,LIC,2003,POSITIVE,14.698898978661
CME_MRY1T4,Child mortality rate (1-4),"per 1,000 children aged 1",CME,annual_modeled,YEM,Yemen,MNA,LIC,2004,POSITIVE,13.5892014751985
CME_MRY1T4,Child mortality rate (1-4),"per 1,000 children aged 1",CME,annual_modeled,YEM,Yemen,MNA,LIC,2005,POSITIVE,12.5434354457233
CME_MRY1T4,Child mortality rate (1-4),"per 1,000 children aged 1",CME,annual_modeled,YEM,Yemen,MNA,LIC,2006,POSITIVE,11.5879027727875
CME_MRY1T4,Child mortality rate (1-4),"per 1,000 children aged 1",CME,annual_modeled,YEM,Yemen,MNA,LIC,2007,POSITIVE,10.7281725218319
CME_MRY1T4,Child mortality rate (1-4),"per 1,000 children aged 1",CME,annual_modeled,YEM,Yemen,MNA,LIC,2008,POSITIVE,9.96087773367527
CME_MRY1T4,Child mortality rate (1-4),"per 1,000 children aged 1",CME,annual_modeled,YEM,Yemen,MNA,LIC,2009,POSITIVE,9.28863089249382
CME_MRY1T4,Child mortality rate (1-4),"per 1,000 children aged 1",CME,annual_modeled,YEM,Yemen,MNA,LIC,2010,POSITIVE,8.70235334955422
CME_MRY1T4,Child mortality rate (1-4),"per 1,000 children aged 1",CME,annual_modeled,YEM,Yemen,MNA,LIC,2011,POSITIVE,8.2879909701748
CME_MRY1T4,Child mortality rate (1-4),"per 1,000 children aged 1",CME,annual_modeled,YEM,Yemen,MNA,LIC,2012,POSITIVE,7.97361177277456
CME_MRY1T4,Child mortality rate (1-4),"per 1,000 children aged 1",CME,annual_modeled,YEM,Yemen,MNA,LIC,2013,POSITIVE,7.33392934806126
CME_MRY1T4,Child mortality rate (1-4),"per 1,000 children aged 1",CME,annual_modeled,YEM,Yemen,MNA,LIC,2014,POSITIVE,7.1890651082972
CME_MRY1T4,Child mortality rate (1-4),"per 1,000 children aged 1",CME,annual_modeled,YEM,Yemen,MNA,LIC,2015,POSITIVE,8.02228911370584
CME_MRY1T4,Child mortality rate (1-4),"per 1,000 children aged 1",CME,annual_modeled,YEM,Yemen,MNA,LIC,2016,POSITIVE,7.54510012827703
CME_MRY1T4,Child mortality rate (1-4),"per 1,000 children aged 1",CME,annual_modeled,YEM,Yemen,MNA,LIC,2017,POSITIVE,7.65461452772903
CME_MRY1T4,Child mortality rate (1-4),"per 1,000 children aged 1",CME,annual_modeled,YEM,Yemen,MNA,LIC,2018,POSITIVE,7.84103824238697
CME_MRY1T4,Child mortality rate (1-4),"per 1,000 children aged 1",CME,annual_modeled,YEM,Yemen,MNA,LIC,2019,POSITIVE,7.45655865884992
CME_MRY1T4,Child mortality rate (1-4),"per 1,000 children aged 1",CME,annual_modeled,YEM,Yemen,MNA,LIC,2020,POSITIVE,6.05611596187411
CME_MRY1T4,Child mortality rate (1-4),"per 1,000 children aged 1",CME,annual_modeled,YEM,Yemen,MNA,LIC,2021,POSITIVE,5.92222357500993
CME_MRY1T4,Child mortality rate (1-4),"per 1,000 children aged 1",CME,annual_modeled,YEM,Yemen,MNA,LIC,2022,POSITIVE,5.32695759233065
CME_MRY1T4,Child mortality rate (1-4),"per 1,000 children aged 1",CME,annual_modeled,YEM,Yemen,MNA,LIC,2023,POSITIVE,4.76846685596721
CME_MRY1T4,Child mortality rate (1-4),"per 1,000 children aged 1",CME,annual_modeled,YEM,Yemen,MNA,LIC,2024,POSITIVE,4.44659836743871
CME_MRY1T4,Child mortality rate (1-4),"per 1,000 children aged 1",CME,annual_modeled,CAF,Central African Republic,WCA,LIC,2000,POSITIVE,73.1477420367769
CME_MRY1T4,Child mortality rate (1-4),"per 1,000 children aged 1",CME,annual_modeled,CAF,Central African Republic,WCA,LIC,2001,POSITIVE,71.5449874650506
CME_MRY1T4,Child mortality rate (1-4),"per 1,000 children aged 1",CME,annual_modeled,CAF,Central African Republic,WCA,LIC,2002,POSITIVE,69.5985317595899
CME_MRY1T4,Child mortality rate (1-4),"per 1,000 children aged 1",CME,annual_modeled,CAF,Central African Republic,WCA,LIC,2003,POSITIVE,67.6478491548613
CME_MRY1T4,Child mortality rate (1-4),"per 1,000 children aged 1",CME,annual_modeled,CAF,Central African Republic,WCA,LIC,2004,POSITIVE,65.7050293855693
CME_MRY1T4,Child mortality rate (1-4),"per 1,000 children aged 1",CME,annual_modeled,CAF,Central African Republic,WCA,LIC,2005,POSITIVE,63.6643068661666
CME_MRY1T4,Child mortality rate (1-4),"per 1,000 children aged 1",CME,annual_modeled,CAF,Central African Republic,WCA,LIC,2006,POSITIVE,61.4310284421713
CME_MRY1T4,Child mortality rate (1-4),"per 1,000 children aged 1",CME,annual_modeled,CAF,Central African Republic,WCA,LIC,2007,POSITIVE,59.0223507571195
CME_MRY1T4,Child mortality rate (1-4),"per 1,000 children aged 1",CME,annual_modeled,CAF,Central African Republic,WCA,LIC,2008,POSITIVE,56.8543601470484
CME_MRY1T4,Child mortality rate (1-4),"per 1,000 children aged 1",CME,annual_modeled,CAF,Central African Republic,WCA,LIC,2009,POSITIVE,328.144805582527
CME_MRY1T4,Child mortality rate (1-4),"per 1,000 children aged 1",CME,annual_modeled,CAF,Central African Republic,WCA,LIC,2010,POSITIVE,68.2898339829651
CME_MRY1T4,Child mortality rate (1-4),"per 1,000 children aged 1",CME,annual_modeled,CAF,Central African Republic,WCA,LIC,2011,POSITIVE,51.3402826320797
CME_MRY1T4,Child mortality rate (1-4),"per 1,000 children aged 1",CME,annual_modeled,CAF,Central African Republic,WCA,LIC,2012,POSITIVE,49.5993690808137
CME_MRY1T4,Child mortality rate (1-4),"per 1,000 children aged 1",CME,annual_modeled,CAF,Central African Republic,WCA,LIC,2013,POSITIVE,57.8668641696644
CME_MRY1T4,Child mortality rate (1-4),"per 1,000 children aged 1",CME,annual_modeled,CAF,Central African Republic,WCA,LIC,2014,POSITIVE,94.8162541188552
CME_MRY1T4,Child mortality rate (1-4),"per 1,000 children aged 1",CME,annual_modeled,CAF,Central African Republic,WCA,LIC,2015,POSITIVE,44.9432940234521
CME_MRY1T4,Child mortality rate (1-4),"per 1,000 children aged 1",CME,annual_modeled,CAF,Central African Republic,WCA,LIC,2016,POSITIVE,53.854216323734
CME_MRY1T4,Child mortality rate (1-4),"per 1,000 children aged 1",CME,annual_modeled,CAF,Central African Republic,WCA,LIC,2017,POSITIVE,73.2829124918139
CME_MRY1T4,Child mortality rate (1-4),"per 1,000 children aged 1",CME,annual_modeled,CAF,Central African Republic,WCA,LIC,2018,POSITIVE,50.0293702060187
CME_MRY1T4,Child mortality rate (1-4),"per 1,000 children aged 1",CME,annual_modeled,CAF,Central African Republic,WCA,LIC,2019,POSITIVE,144.372539823009
CME_MRY1T4,Child mortality rate (1-4),"per 1,000 children aged 1",CME,annual_modeled,CAF,Central African Republic,WCA,LIC,2020,POSITIVE,53.4614229910519
CME_MRY1T4,Child mortality rate (1-4),"per 1,000 children aged 1",CME,annual_modeled,CAF,Central African Republic,WCA,LIC,2021,POSITIVE,91.1712767152942
CME_MRY1T4,Child mortality rate (1-4),"per 1,000 children aged 1",CME,annual_modeled,CAF,Central African Republic,WCA,LIC,2022,POSITIVE,274.577887337539
CME_MRY1T4,Child mortality rate (1-4),"per 1,000 children aged 1",CME,annual_modeled,CAF,Central African Republic,WCA,LIC,2023,POSITIVE,33.908180264942
CME_MRY1T4,Child mortality rate (1-4),"per 1,000 children aged 1",CME,annual_modeled,CAF,Central African Republic,WCA,LIC,2024,POSITIVE,32.8333618170684
CME_MRY1T4,Child mortality rate (1-4),"per 1,000 children aged 1",CME,annual_modeled,GNB,Guinea-Bissau,WCA,LIC,2000,POSITIVE,82.4044026120989
CME_MRY1T4,Child mortality rate (1-4),"per 1,000 children aged 1",CME,annual_modeled,GNB,Guinea-Bissau,WCA,LIC,2001,POSITIVE,79.213638279
CME_MRY1T4,Child mortality rate (1-4),"per 1,000 children aged 1",CME,annual_modeled,GNB,Guinea-Bissau,WCA,LIC,2002,POSITIVE,75.9267016143879
CME_MRY1T4,Child mortality rate (1-4),"per 1,000 children aged 1",CME,annual_modeled,GNB,Guinea-Bissau,WCA,LIC,2003,POSITIVE,72.5655475213846
CME_MRY1T4,Child mortality rate (1-4),"per 1,000 children aged 1",CME,annual_modeled,GNB,Guinea-Bissau,WCA,LIC,2004,POSITIVE,69.1800668563759
CME_MRY1T4,Child mortality rate (1-4),"per 1,000 children aged 1",CME,annual_modeled,GNB,Guinea-Bissau,WCA,LIC,2005,POSITIVE,65.8620498064552
CME_MRY1T4,Child mortality rate (1-4),"per 1,000 children aged 1",CME,annual_modeled,GNB,Guinea-Bissau,WCA,LIC,2006,POSITIVE,62.4931177681783
CME_MRY1T4,Child mortality rate (1-4),"per 1,000 children aged 1",CME,annual_modeled,GNB,Guinea-Bissau,WCA,LIC,2007,POSITIVE,59.2197737679512
CME_MRY1T4,Child mortality rate (1-4),"per 1,000 children aged 1",CME,annual_modeled,GNB,Guinea-Bissau,WCA,LIC,2008,POSITIVE,55.9606518736238
CME_MRY1T4,Child mortality rate (1-4),"per 1,000 children aged 1",CME,annual_modeled,GNB,Guinea-Bissau,WCA,LIC,2009,POSITIVE,52.7571784495858
CME_MRY1T4,Child mortality rate (1-4),"per 1,000 children aged 1",CME,annual_modeled,GNB,Guinea-Bissau,WCA,LIC,2010,POSITIVE,49.781882493476
CME_MRY1T4,Child mortality rate (1-4),"per 1,000 children aged 1",CME,annual_modeled,GNB,Guinea-Bissau,WCA,LIC,2011,POSITIVE,47.0090754599421
CME_MRY1T4,Child mortality rate (1-4),"per 1,000 children aged 1",CME,annual_modeled,GNB,Guinea-Bissau,WCA,LIC,2012,POSITIVE,44.4833434684774
CME_MRY1T4,Child mortality rate (1-4),"per 1,000 children aged 1",CME,annual_modeled,GNB,Guinea-Bissau,WCA,LIC,2013,POSITIVE,42.3048526124945
CME_MRY1T4,Child mortality rate (1-4),"per 1,000 children aged 1",CME,annual_modeled,GNB,Guinea-Bissau,WCA,LIC,2014,POSITIVE,40.347950705981
CME_MRY1T4,Child mortality rate (1-4),"per 1,000 children aged 1",CME,annual_modeled,GNB,Guinea-Bissau,WCA,LIC,2015,POSITIVE,38.5397882792551
CME_MRY1T4,Child mortality rate (1-4),"per 1,000 children aged 1",CME,annual_modeled,GNB,Guinea-Bissau,WCA,LIC,2016,POSITIVE,36.7923332422012
CME_MRY1T4,Child mortality rate (1-4),"per 1,000 children aged 1",CME,annual_modeled,GNB,Guinea-Bissau,WCA,LIC,2017,POSITIVE,35.2537397703515
CME_MRY1T4,Child mortality rate (1-4),"per 1,000 children aged 1",CME,annual_modeled,GNB,Guinea-Bissau,WCA,LIC,2018,POSITIVE,33.7824704772646
CME_MRY1T4,Child mortality rate (1-4),"per 1,000 children aged 1",CME,annual_modeled,GNB,Guinea-Bissau,WCA,LIC,2019,POSITIVE,32.3835698236666
CME_MRY1T4,Child mortality rate (1-4),"per 1,000 children aged 1",CME,annual_modeled,GNB,Guinea-Bissau,WCA,LIC,2020,POSITIVE,30.9925922926582
CME_MRY1T4,Child mortality rate (1-4),"per 1,000 children aged 1",CME,annual_modeled,GNB,Guinea-Bissau,WCA,LIC,2021,POSITIVE,29.8074563693941
CME_MRY1T4,Child mortality rate (1-4),"per 1,000 children aged 1",CME,annual_modeled,GNB,Guinea-Bissau,WCA,LIC,2022,POSITIVE,28.6472869083163
CME_MRY1T4,Child mortality rate (1-4),"per 1,000 children aged 1",CME,annual_modeled,GNB,Guinea-Bissau,WCA,LIC,2023,POSITIVE,27.5080130312576
CME_MRY1T4,Child mortality rate (1-4),"per 1,000 children aged 1",CME,annual_modeled,GNB,Guinea-Bissau,WCA,LIC,2024,POSITIVE,26.3729377607799
CME_MRY1T4,Child mortality rate (1-4),"per 1,000 children aged 1",CME,annual_modeled,COM,Comoros,ESA,LIC,2000,POSITIVE,15.6592254714975
CME_MRY1T4,Child mortality rate (1-4),"per 1,000 children aged 1",CME,annual_modeled,COM,Comoros,ESA,LIC,2001,POSITIVE,14.6875640698051
CME_MRY1T4,Child mortality rate (1-4),"per 1,000 children aged 1",CME,annual_modeled,COM,Comoros,ESA,LIC,2002,POSITIVE,13.7560952809894
CME_MRY1T4,Child mortality rate (1-4),"per 1,000 children aged 1",CME,annual_modeled,COM,Comoros,ESA,LIC,2003,POSITIVE,12.880312078999
CME_MRY1T4,Child mortality rate (1-4),"per 1,000 children aged 1",CME,annual_modeled,COM,Comoros,ESA,LIC,2004,POSITIVE,12.1017384811365
CME_MRY1T4,Child mortality rate (1-4),"per 1,000 children aged 1",CME,annual_modeled,COM,Comoros,ESA,LIC,2005,POSITIVE,11.3784744458986
CME_MRY1T4,Child mortality rate (1-4),"per 1,000 children aged 1",CME,annual_modeled,COM,Comoros,ESA,LIC,2006,POSITIVE,10.6780959416722
CME_MRY1T4,Child mortality rate (1-4),"per 1,000 children aged 1",CME,annual_modeled,COM,Comoros,ESA,LIC,2007,POSITIVE,10.0308361916434
CME_MRY1T4,Child mortality rate (1-4),"per 1,000 children aged 1",CME,annual_modeled,COM,Comoros,ESA,LIC,2008,POSITIVE,9.44832344066277
CME_MRY1T4,Child mortality rate (1-4),"per 1,000 children aged 1",CME,annual_modeled,COM,Comoros,ESA,LIC,2009,POSITIVE,8.90247752849432
CME_MRY1T4,Child mortality rate (1-4),"per 1,000 children aged 1",CME,annual_modeled,COM,Comoros,ESA,LIC,2010,POSITIVE,8.40308641336246
CME_MRY1T4,Child mortality rate (1-4),"per 1,000 children aged 1",CME,annual_modeled,COM,Comoros,ESA,LIC,2011,POSITIVE,7.94187685938202
CME_MRY1T4,Child mortality rate (1-4),"per 1,000 children aged 1",CME,annual_modeled,COM,Comoros,ESA,LIC,2012,POSITIVE,7.50521292945444
CME_MRY1T4,Child mortality rate (1-4),"per 1,000 children aged 1",CME,annual_modeled,COM,Comoros,ESA,LIC,2013,POSITIVE,7.1207982195205
CME_MRY1T4,Child mortality rate (1-4),"per 1,000 children aged 1",CME,annual_modeled,COM,Comoros,ESA,LIC,2014,POSITIVE,6.76576213031077
CME_MRY1T4,Child mortality rate (1-4),"per 1,000 children aged 1",CME,annual_modeled,COM,Comoros,ESA,LIC,2015,POSITIVE,6.42628828455211
CME_MRY1T4,Child mortality rate (1-4),"per 1,000 children aged 1",CME,annual_modeled,COM,Comoros,ESA,LIC,2016,POSITIVE,6.10756427673309
CME_MRY1T4,Child mortality rate (1-4),"per 1,000 children aged 1",CME,annual_modeled,COM,Comoros,ESA,LIC,2017,POSITIVE,5.79873867054553
CME_MRY1T4,Child mortality rate (1-4),"per 1,000 children aged 1",CME,annual_modeled,COM,Comoros,ESA,LIC,2018,POSITIVE,5.51833612698982
CME_MRY1T4,Child mortality rate (1-4),"per 1,000 children aged 1",CME,annual_modeled,COM,Comoros,ESA,LIC,2019,POSITIVE,5.25012094787647
CME_MRY1T4,Child mortality rate (1-4),"per 1,000 children aged 1",CME,annual_modeled,COM,Comoros,ESA,LIC,2020,POSITIVE,4.97892657774374
CME_MRY1T4,Child mortality rate (1-4),"per 1,000 children aged 1",CME,annual_modeled,COM,Comoros,ESA,LIC,2021,POSITIVE,4.74143494684454
CME_MRY1T4,Child mortality rate (1-4),"per 1,000 children aged 1",CME,annual_modeled,COM,Comoros,ESA,LIC,2022,POSITIVE,4.52002582143363
CME_MRY1T4,Child mortality rate (1-4),"per 1,000 children aged 1",CME,annual_modeled,COM,Comoros,ESA,LIC,2023,POSITIVE,4.3056626701643
CME_MRY1T4,Child mortality rate (1-4),"per 1,000 children aged 1",CME,annual_modeled,COM,Comoros,ESA,LIC,2024,POSITIVE,4.09847108017725
CME_MRY1T4,Child mortality rate (1-4),"per 1,000 children aged 1",CME,annual_modeled,ZMB,Zambia,ESA,LIC,2000,POSITIVE,68.5756063418107
CME_MRY1T4,Child mortality rate (1-4),"per 1,000 children aged 1",CME,annual_modeled,ZMB,Zambia,ESA,LIC,2001,POSITIVE,64.0168829227136
CME_MRY1T4,Child mortality rate (1-4),"per 1,000 children aged 1",CME,annual_modeled,ZMB,Zambia,ESA,LIC,2002,POSITIVE,58.8009870586647
CME_MRY1T4,Child mortality rate (1-4),"per 1,000 children aged 1",CME,annual_modeled,ZMB,Zambia,ESA,LIC,2003,POSITIVE,53.6507245729802
CME_MRY1T4,Child mortality rate (1-4),"per 1,000 children aged 1",CME,annual_modeled,ZMB,Zambia,ESA,LIC,2004,POSITIVE,49.1084510171067
CME_MRY1T4,Child mortality rate (1-4),"per 1,000 children aged 1",CME,annual_modeled,ZMB,Zambia,ESA,LIC,2005,POSITIVE,45.1467388350547
CME_MRY1T4,Child mortality rate (1-4),"per 1,000 children aged 1",CME,annual_modeled,ZMB,Zambia,ESA,LIC,2006,POSITIVE,40.700209825958
CME_MRY1T4,Child mortality rate (1-4),"per 1,000 children aged 1",CME,annual_modeled,ZMB,Zambia,ESA,LIC,2007,POSITIVE,36.7228359708209
CME_MRY1T4,Child mortality rate (1-4),"per 1,000 children aged 1",CME,annual_modeled,ZMB,Zambia,ESA,LIC,2008,POSITIVE,33.9149930510914
CME_MRY1T4,Child mortality rate (1-4),"per 1,000 children aged 1",CME,annual_modeled,ZMB,Zambia,ESA,LIC,2009,POSITIVE,29.7279255967224
CME_MRY1T4,Child mortality rate (1-4),"per 1,000 children aged 1",CME,annual_modeled,ZMB,Zambia,ESA,LIC,2010,POSITIVE,27.0159072204407
CME_MRY1T4,Child mortality rate (1-4),"per 1,000 children aged 1",CME,annual_modeled,ZMB,Zambia,ESA,LIC,2011,POSITIVE,25.6755100926146
CME_MRY1T4,Child mortality rate (1-4),"per 1,000 children aged 1",CME,annual_modeled,ZMB,Zambia,ESA,LIC,2012,POSITIVE,24.2131893098289
CME_MRY1T4,Child mortality rate (1-4),"per 1,000 children aged 1",CME,annual_modeled,ZMB,Zambia,ESA,LIC,2013,POSITIVE,22.4797992229257
CME_MRY1T4,Child mortality rate (1-4),"per 1,000 children aged 1",CME,annual_modeled,ZMB,Zambia,ESA,LIC,2014,POSITIVE,20.4375460747915
CME_MRY1T4,Child mortality rate (1-4),"per 1,000 children aged 1",CME,annual_modeled,ZMB,Zambia,ESA,LIC,2015,POSITIVE,18.5521186240198
CME_MRY1T4,Child mortality rate (1-4),"per 1,000 children aged 1",CME,annual_modeled,ZMB,Zambia,ESA,LIC,2016,POSITIVE,17.2384828257268
CME_MRY1T4,Child mortality rate (1-4),"per 1,000 children aged 1",CME,annual_modeled,ZMB,Zambia,ESA,LIC,2017,POSITIVE,17.0346712171652
CME_MRY1T4,Child mortality rate (1-4),"per 1,000 children aged 1",CME,annual_modeled,ZMB,Zambia,ESA,LIC,2018,POSITIVE,17.6492662401603
CME_MRY1T4,Child mortality rate (1-4),"per 1,000 children aged 1",CME,annual_modeled,ZMB,Zambia,ESA,LIC,2019,POSITIVE,18.040155142415
CME_MRY1T4,Child mortality rate (1-4),"per 1,000 children aged 1",CME,annual_modeled,ZMB,Zambia,ESA,LIC,2020,POSITIVE,17.3599755851689
CME_MRY1T4,Child mortality rate (1-4),"per 1,000 children aged 1",CME,annual_modeled,ZMB,Zambia,ESA,LIC,2021,POSITIVE,15.2563539981101
CME_MRY1T4,Child mortality rate (1-4),"per 1,000 children aged 1",CME,annual_modeled,ZMB,Zambia,ESA,LIC,2022,POSITIVE,14.5949991129308
CME_MRY1T4,Child mortality rate (1-4),"per 1,000 children aged 1",CME,annual_modeled,ZMB,Zambia,ESA,LIC,2023,POSITIVE,14.6236540093415
CME_MRY1T4,Child mortality rate (1-4),"per 1,000 children aged 1",CME,annual_modeled,ZMB,Zambia,ESA,LIC,2024,POSITIVE,14.2455354355713
CME_MRY1T4,Child mortality rate (1-4),"per 1,000 children aged 1",CME,annual_modeled,MAR,Morocco,MNA,LMC,2000,POSITIVE,7.32129191815922
CME_MRY1T4,Child mortality rate (1-4),"per 1,000 children aged 1",CME,annual_modeled,MAR,Morocco,MNA,LMC,2001,POSITIVE,6.73302284443528
CME_MRY1T4,Child mortality rate (1-4),"per 1,000 children aged 1",CME,annual_modeled,MAR,Morocco,MNA,LMC,2002,POSITIVE,6.18648233853997
CME_MRY1T4,Child mortality rate (1-4),"per 1,000 children aged 1",CME,annual_modeled,MAR,Morocco,MNA,LMC,2003,POSITIVE,5.68723083645967
CME_MRY1T4,Child mortality rate (1-4),"per 1,000 children aged 1",CME,annual_modeled,MAR,Morocco,MNA,LMC,2004,POSITIVE,5.20641910930725
CME_MRY1T4,Child mortality rate (1-4),"per 1,000 children aged 1",CME,annual_modeled,MAR,Morocco,MNA,LMC,2005,POSITIVE,4.74843473018977
CME_MRY1T4,Child mortality rate (1-4),"per 1,000 children aged 1",CME,annual_modeled,MAR,Morocco,MNA,LMC,2006,POSITIVE,4.31243766394829
CME_MRY1T4,Child mortality rate (1-4),"per 1,000 children aged 1",CME,annual_modeled,MAR,Morocco,MNA,LMC,2007,POSITIVE,3.91340392149314
CME_MRY1T4,Child mortality rate (1-4),"per 1,000 children aged 1",CME,annual_modeled,MAR,Morocco,MNA,LMC,2008,POSITIVE,3.54653938273031
CME_MRY1T4,Child mortality rate (1-4),"per 1,000 children aged 1",CME,annual_modeled,MAR,Morocco,MNA,LMC,2009,POSITIVE,3.21411262455001
CME_MRY1T4,Child mortality rate (1-4),"per 1,000 children aged 1",CME,annual_modeled,MAR,Morocco,MNA,LMC,2010,POSITIVE,2.9214680673772
CME_MRY1T4,Child mortality rate (1-4),"per 1,000 children aged 1",CME,annual_modeled,MAR,Morocco,MNA,LMC,2011,POSITIVE,2.65535191709304
CME_MRY1T4,Child mortality rate (1-4),"per 1,000 children aged 1",CME,annual_modeled,MAR,Morocco,MNA,LMC,2012,POSITIVE,2.4144830038007
CME_MRY1T4,Child mortality rate (1-4),"per 1,000 children aged 1",CME,annual_modeled,MAR,Morocco,MNA,LMC,2013,POSITIVE,2.18799239347278
CME_MRY1T4,Child mortality rate (1-4),"per 1,000 children aged 1",CME,annual_modeled,MAR,Morocco,MNA,LMC,2014,POSITIVE,1.98406792696604
CME_MRY1T4,Child mortality rate (1-4),"per 1,000 children aged 1",CME,annual_modeled,MAR,Morocco,MNA,LMC,2015,POSITIVE,1.80727069851444
CME_MRY1T4,Child mortality rate (1-4),"per 1,000 children aged 1",CME,annual_modeled,MAR,Morocco,MNA,LMC,2016,POSITIVE,1.64766647441428
CME_MRY1T4,Child mortality rate (1-4),"per 1,000 children aged 1",CME,annual_modeled,MAR,Morocco,MNA,LMC,2017,POSITIVE,1.52030363056066
CME_MRY1T4,Child mortality rate (1-4),"per 1,000 children aged 1",CME,annual_modeled,MAR,Morocco,MNA,LMC,2018,POSITIVE,1.41878962634207
CME_MRY1T4,Child mortality rate (1-4),"per 1,000 children aged 1",CME,annual_modeled,MAR,Morocco,MNA,LMC,2019,POSITIVE,1.32924716851385
CME_MRY1T4,Child mortality rate (1-4),"per 1,000 children aged 1",CME,annual_modeled,MAR,Morocco,MNA,LMC,2020,POSITIVE,1.25162143973734
CME_MRY1T4,Child mortality rate (1-4),"per 1,000 children aged 1",CME,annual_modeled,MAR,Morocco,MNA,LMC,2021,POSITIVE,1.18699999468219
CME_MRY1T4,Child mortality rate (1-4),"per 1,000 children aged 1",CME,annual_modeled,MAR,Morocco,MNA,LMC,2022,POSITIVE,1.12971587092958
CME_MRY1T4,Child mortality rate (1-4),"per 1,000 children aged 1",CME,annual_modeled,MAR,Morocco,MNA,LMC,2023,POSITIVE,1.06918394406574
CME_MRY1T4,Child mortality rate (1-4),"per 1,000 children aged 1",CME,annual_modeled,MAR,Morocco,MNA,LMC,2024,POSITIVE,1.01572356243668
CME_MRY1T4,Child mortality rate (1-4),"per 1,000 children aged 1",CME,annual_modeled,DZA,Algeria,MNA,LMC,2000,POSITIVE,7.17185166620587
CME_MRY1T4,Child mortality rate (1-4),"per 1,000 children aged 1",CME,annual_modeled,DZA,Algeria,MNA,LMC,2001,POSITIVE,6.71675592944737
CME_MRY1T4,Child mortality rate (1-4),"per 1,000 children aged 1",CME,annual_modeled,DZA,Algeria,MNA,LMC,2002,POSITIVE,6.28143150427712
CME_MRY1T4,Child mortality rate (1-4),"per 1,000 children aged 1",CME,annual_modeled,DZA,Algeria,MNA,LMC,2003,POSITIVE,5.86803631738242
CME_MRY1T4,Child mortality rate (1-4),"per 1,000 children aged 1",CME,annual_modeled,DZA,Algeria,MNA,LMC,2004,POSITIVE,5.47707557222527
CME_MRY1T4,Child mortality rate (1-4),"per 1,000 children aged 1",CME,annual_modeled,DZA,Algeria,MNA,LMC,2005,POSITIVE,5.11819815622783
CME_MRY1T4,Child mortality rate (1-4),"per 1,000 children aged 1",CME,annual_modeled,DZA,Algeria,MNA,LMC,2006,POSITIVE,4.79068880230199
CME_MRY1T4,Child mortality rate (1-4),"per 1,000 children aged 1",CME,annual_modeled,DZA,Algeria,MNA,LMC,2007,POSITIVE,4.49895351348317
CME_MRY1T4,Child mortality rate (1-4),"per 1,000 children aged 1",CME,annual_modeled,DZA,Algeria,MNA,LMC,2008,POSITIVE,4.23338973789883
CME_MRY1T4,Child mortality rate (1-4),"per 1,000 children aged 1",CME,annual_modeled,DZA,Algeria,MNA,LMC,2009,POSITIVE,3.99534263185153
CME_MRY1T4,Child mortality rate (1-4),"per 1,000 children aged 1",CME,annual_modeled,DZA,Algeria,MNA,LMC,2010,POSITIVE,3.79047736083077
CME_MRY1T4,Child mortality rate (1-4),"per 1,000 children aged 1",CME,annual_modeled,DZA,Algeria,MNA,LMC,2011,POSITIVE,3.61203746136207
CME_MRY1T4,Child mortality rate (1-4),"per 1,000 children aged 1",CME,annual_modeled,DZA,Algeria,MNA,LMC,2012,POSITIVE,3.44620614542696
CME_MRY1T4,Child mortality rate (1-4),"per 1,000 children aged 1",CME,annual_modeled,DZA,Algeria,MNA,LMC,2013,POSITIVE,3.30053293335864
CME_MRY1T4,Child mortality rate (1-4),"per 1,000 children aged 1",CME,annual_modeled,DZA,Algeria,MNA,LMC,2014,POSITIVE,3.16851449696737
CME_MRY1T4,Child mortality rate (1-4),"per 1,000 children aged 1",CME,annual_modeled,DZA,Algeria,MNA,LMC,2015,POSITIVE,3.04516440057923
CME_MRY1T4,Child mortality rate (1-4),"per 1,000 children aged 1",CME,annual_modeled,DZA,Algeria,MNA,LMC,2016,POSITIVE,2.93179586759368
CME_MRY1T4,Child mortality rate (1-4),"per 1,000 children aged 1",CME,annual_modeled,DZA,Algeria,MNA,LMC,2017,POSITIVE,2.82448830523568
CME_MRY1T4,Child mortality rate (1-4),"per 1,000 children aged 1",CME,annual_modeled,DZA,Algeria,MNA,LMC,2018,POSITIVE,2.72620223387798
CME_MRY1T4,Child mortality rate (1-4),"per 1,000 children aged 1",CME,annual_modeled,DZA,Algeria,MNA,LMC,2019,POSITIVE,2.63377150548938
CME_MRY1T4,Child mortality rate (1-4),"per 1,000 children aged 1",CME,annual_modeled,DZA,Algeria,MNA,LMC,2020,POSITIVE,2.54226925562367
CME_MRY1T4,Child mortality rate (1-4),"per 1,000 children aged 1",CME,annual_modeled,DZA,Algeria,MNA,LMC,2021,POSITIVE,2.45743688419597
CME_MRY1T4,Child mortality rate (1-4),"per 1,000 children aged 1",CME,annual_modeled,DZA,Algeria,MNA,LMC,2022,POSITIVE,2.37896446329844
CME_MRY1T4,Child mortality rate (1-4),"per 1,000 children aged 1",CME,annual_modeled,DZA,Algeria,MNA,LMC,2023,POSITIVE,2.30100814795181
CME_MRY1T4,Child mortality rate (1-4),"per 1,000 children aged 1",CME,annual_modeled,DZA,Algeria,MNA,LMC,2024,POSITIVE,2.22008238802351
CME_MRY1T4,Child mortality rate (1-4),"per 1,000 children aged 1",CME,annual_modeled,LAO,Laos,EAP,LMC,2000,POSITIVE,19.4757442681967
CME_MRY1T4,Child mortality rate (1-4),"per 1,000 children aged 1",CME,annual_modeled,LAO,Laos,EAP,LMC,2001,POSITIVE,17.8453076840182
CME_MRY1T4,Child mortality rate (1-4),"per 1,000 children aged 1",CME,annual_modeled,LAO,Laos,EAP,LMC,2002,POSITIVE,16.3404271289583
CME_MRY1T4,Child mortality rate (1-4),"per 1,000 children aged 1",CME,annual_modeled,LAO,Laos,EAP,LMC,2003,POSITIVE,14.9122239061872
CME_MRY1T4,Child mortality rate (1-4),"per 1,000 children aged 1",CME,annual_modeled,LAO,Laos,EAP,LMC,2004,POSITIVE,13.5751808223294
CME_MRY1T4,Child mortality rate (1-4),"per 1,000 children aged 1",CME,annual_modeled,LAO,Laos,EAP,LMC,2005,POSITIVE,12.3357186228349
CME_MRY1T4,Child mortality rate (1-4),"per 1,000 children aged 1",CME,annual_modeled,LAO,Laos,EAP,LMC,2006,POSITIVE,11.2001893167721
CME_MRY1T4,Child mortality rate (1-4),"per 1,000 children aged 1",CME,annual_modeled,LAO,Laos,EAP,LMC,2007,POSITIVE,10.1517372432954
CME_MRY1T4,Child mortality rate (1-4),"per 1,000 children aged 1",CME,annual_modeled,LAO,Laos,EAP,LMC,2008,POSITIVE,9.20698615702414
CME_MRY1T4,Child mortality rate (1-4),"per 1,000 children aged 1",CME,annual_modeled,LAO,Laos,EAP,LMC,2009,POSITIVE,8.32814909054058
CME_MRY1T4,Child mortality rate (1-4),"per 1,000 children aged 1",CME,annual_modeled,LAO,Laos,EAP,LMC,2010,POSITIVE,7.55376184562029
CME_MRY1T4,Child mortality rate (1-4),"per 1,000 children aged 1",CME,annual_modeled,LAO,Laos,EAP,LMC,2011,POSITIVE,6.87128332617753
CME_MRY1T4,Child mortality rate (1-4),"per 1,000 children aged 1",CME,annual_modeled,LAO,Laos,EAP,LMC,2012,POSITIVE,6.24725855194264
CME_MRY1T4,Child mortality rate (1-4),"per 1,000 children aged 1",CME,annual_modeled,LAO,Laos,EAP,LMC,2013,POSITIVE,5.66914046380246
CME_MRY1T4,Child mortality rate (1-4),"per 1,000 children aged 1",CME,annual_modeled,LAO,Laos,EAP,LMC,2014,POSITIVE,5.15637896355781
CME_MRY1T4,Child mortality rate (1-4),"per 1,000 children aged 1",CME,annual_modeled,LAO,Laos,EAP,LMC,2015,POSITIVE,4.69577407797134
CME_MRY1T4,Child mortality rate (1-4),"per 1,000 children aged 1",CME,annual_modeled,LAO,Laos,EAP,LMC,2016,POSITIVE,4.28537405003171
CME_MRY1T4,Child mortality rate (1-4),"per 1,000 children aged 1",CME,annual_modeled,LAO,Laos,EAP,LMC,2017,POSITIVE,3.92187867107496
CME_MRY1T4,Child mortality rate (1-4),"per 1,000 children aged 1",CME,annual_modeled,LAO,Laos,EAP,LMC,2018,POSITIVE,3.59738559943845
CME_MRY1T4,Child mortality rate (1-4),"per 1,000 children aged 1",CME,annual_modeled,LAO,Laos,EAP,LMC,2019,POSITIVE,3.28789997823214
CME_MRY1T4,Child mortality rate (1-4),"per 1,000 children aged 1",CME,annual_modeled,LAO,Laos,EAP,LMC,2020,POSITIVE,3.01567929430002
CME_MRY1T4,Child mortality rate (1-4),"per 1,000 children aged 1",CME,annual_modeled,LAO,Laos,EAP,LMC,2021,POSITIVE,2.7607665273201
CME_MRY1T4,Child mortality rate (1-4),"per 1,000 children aged 1",CME,annual_modeled,LAO,Laos,EAP,LMC,2022,POSITIVE,2.56121987778246
CME_MRY1T4,Child mortality rate (1-4),"per 1,000 children aged 1",CME,annual_modeled,LAO,Laos,EAP,LMC,2023,POSITIVE,2.39036356034311
CME_MRY1T4,Child mortality rate (1-4),"per 1,000 children aged 1",CME,annual_modeled,LAO,Laos,EAP,LMC,2024,POSITIVE,2.24879831341723
CME_MRY1T4,Child mortality rate (1-4),"per 1,000 children aged 1",CME,annual_modeled,KGZ,Kyrgyzstan,ECA,LMC,2000,POSITIVE,7.11345680005637
CME_MRY1T4,Child mortality rate (1-4),"per 1,000 children aged 1",CME,annual_modeled,KGZ,Kyrgyzstan,ECA,LMC,2001,POSITIVE,6.7397130880244
CME_MRY1T4,Child mortality rate (1-4),"per 1,000 children aged 1",CME,annual_modeled,KGZ,Kyrgyzstan,ECA,LMC,2002,POSITIVE,6.36901336835777
CME_MRY1T4,Child mortality rate (1-4),"per 1,000 children aged 1",CME,annual_modeled,KGZ,Kyrgyzstan,ECA,LMC,2003,POSITIVE,6.00465191037114
CME_MRY1T4,Child mortality rate (1-4),"per 1,000 children aged 1",CME,annual_modeled,KGZ,Kyrgyzstan,ECA,LMC,2004,POSITIVE,5.69130849756688
CME_MRY1T4,Child mortality rate (1-4),"per 1,000 children aged 1",CME,annual_modeled,KGZ,Kyrgyzstan,ECA,LMC,2005,POSITIVE,5.44119347417793
CME_MRY1T4,Child mortality rate (1-4),"per 1,000 children aged 1",CME,annual_modeled,KGZ,Kyrgyzstan,ECA,LMC,2006,POSITIVE,5.19583285498398
CME_MRY1T4,Child mortality rate (1-4),"per 1,000 children aged 1",CME,annual_modeled,KGZ,Kyrgyzstan,ECA,LMC,2007,POSITIVE,4.93964555822884
CME_MRY1T4,Child mortality rate (1-4),"per 1,000 children aged 1",CME,annual_modeled,KGZ,Kyrgyzstan,ECA,LMC,2008,POSITIVE,4.6312028211371
CME_MRY1T4,Child mortality rate (1-4),"per 1,000 children aged 1",CME,annual_modeled,KGZ,Kyrgyzstan,ECA,LMC,2009,POSITIVE,4.31523303866294
CME_MRY1T4,Child mortality rate (1-4),"per 1,000 children aged 1",CME,annual_modeled,KGZ,Kyrgyzstan,ECA,LMC,2010,POSITIVE,4.00678132142235
CME_MRY1T4,Child mortality rate (1-4),"per 1,000 children aged 1",CME,annual_modeled,KGZ,Kyrgyzstan,ECA,LMC,2011,POSITIVE,3.72269314532109
CME_MRY1T4,Child mortality rate (1-4),"per 1,000 children aged 1",CME,annual_modeled,KGZ,Kyrgyzstan,ECA,LMC,2012,POSITIVE,3.4893757558781
CME_MRY1T4,Child mortality rate (1-4),"per 1,000 children aged 1",CME,annual_modeled,KGZ,Kyrgyzstan,ECA,LMC,2013,POSITIVE,3.299141028626
CME_MRY1T4,Child mortality rate (1-4),"per 1,000 children aged 1",CME,annual_modeled,KGZ,Kyrgyzstan,ECA,LMC,2014,POSITIVE,3.11180504189851
CME_MRY1T4,Child mortality rate (1-4),"per 1,000 children aged 1",CME,annual_modeled,KGZ,Kyrgyzstan,ECA,LMC,2015,POSITIVE,2.9277249571239
CME_MRY1T4,Child mortality rate (1-4),"per 1,000 children aged 1",CME,annual_modeled,KGZ,Kyrgyzstan,ECA,LMC,2016,POSITIVE,2.75593179294953
CME_MRY1T4,Child mortality rate (1-4),"per 1,000 children aged 1",CME,annual_modeled,KGZ,Kyrgyzstan,ECA,LMC,2017,POSITIVE,2.58803073373914
CME_MRY1T4,Child mortality rate (1-4),"per 1,000 children aged 1",CME,annual_modeled,KGZ,Kyrgyzstan,ECA,LMC,2018,POSITIVE,2.44368428839276
CME_MRY1T4,Child mortality rate (1-4),"per 1,000 children aged 1",CME,annual_modeled,KGZ,Kyrgyzstan,ECA,LMC,2019,POSITIVE,2.33754129566388
CME_MRY1T4,Child mortality rate (1-4),"per 1,000 children aged 1",CME,annual_modeled,KGZ,Kyrgyzstan,ECA,LMC,2020,POSITIVE,2.24840977808843
CME_MRY1T4,Child mortality rate (1-4),"per 1,000 children aged 1",CME,annual_modeled,KGZ,Kyrgyzstan,ECA,LMC,2021,POSITIVE,2.1904463262189
CME_MRY1T4,Child mortality rate (1-4),"per 1,000 children aged 1",CME,annual_modeled,KGZ,Kyrgyzstan,ECA,LMC,2022,POSITIVE,2.14298094654897
CME_MRY1T4,Child mortality rate (1-4),"per 1,000 children aged 1",CME,annual_modeled,KGZ,Kyrgyzstan,ECA,LMC,2023,POSITIVE,2.09394745446884
CME_MRY1T4,Child mortality rate (1-4),"per 1,000 children aged 1",CME,annual_modeled,KGZ,Kyrgyzstan,ECA,LMC,2024,POSITIVE,2.04929135239351
CME_MRY1T4,Child mortality rate (1-4),"per 1,000 children aged 1",CME,annual_modeled,TJK,Tajikistan,ECA,LMC,2000,POSITIVE,18.0137103561427
CME_MRY1T4,Child mortality rate (1-4),"per 1,000 children aged 1",CME,annual_modeled,TJK,Tajikistan,ECA,LMC,2001,POSITIVE,16.2450055867239
CME_MRY1T4,Child mortality rate (1-4),"per 1,000 children aged 1",CME,annual_modeled,TJK,Tajikistan,ECA,LMC,2002,POSITIVE,14.5944861503144
CME_MRY1T4,Child mortality rate (1-4),"per 1,000 children aged 1",CME,annual_modeled,TJK,Tajikistan,ECA,LMC,2003,POSITIVE,13.0920745078472
CME_MRY1T4,Child mortality rate (1-4),"per 1,000 children aged 1",CME,annual_modeled,TJK,Tajikistan,ECA,LMC,2004,POSITIVE,11.781049294626
CME_MRY1T4,Child mortality rate (1-4),"per 1,000 children aged 1",CME,annual_modeled,TJK,Tajikistan,ECA,LMC,2005,POSITIVE,10.7040163976829
CME_MRY1T4,Child mortality rate (1-4),"per 1,000 children aged 1",CME,annual_modeled,TJK,Tajikistan,ECA,LMC,2006,POSITIVE,9.77063478786511
CME_MRY1T4,Child mortality rate (1-4),"per 1,000 children aged 1",CME,annual_modeled,TJK,Tajikistan,ECA,LMC,2007,POSITIVE,9.01160294501291
CME_MRY1T4,Child mortality rate (1-4),"per 1,000 children aged 1",CME,annual_modeled,TJK,Tajikistan,ECA,LMC,2008,POSITIVE,8.40626354560015
CME_MRY1T4,Child mortality rate (1-4),"per 1,000 children aged 1",CME,annual_modeled,TJK,Tajikistan,ECA,LMC,2009,POSITIVE,7.91550196609764
CME_MRY1T4,Child mortality rate (1-4),"per 1,000 children aged 1",CME,annual_modeled,TJK,Tajikistan,ECA,LMC,2010,POSITIVE,7.49362968282735
CME_MRY1T4,Child mortality rate (1-4),"per 1,000 children aged 1",CME,annual_modeled,TJK,Tajikistan,ECA,LMC,2011,POSITIVE,7.12865166125393
CME_MRY1T4,Child mortality rate (1-4),"per 1,000 children aged 1",CME,annual_modeled,TJK,Tajikistan,ECA,LMC,2012,POSITIVE,6.81131008583691
CME_MRY1T4,Child mortality rate (1-4),"per 1,000 children aged 1",CME,annual_modeled,TJK,Tajikistan,ECA,LMC,2013,POSITIVE,6.52898402860824
CME_MRY1T4,Child mortality rate (1-4),"per 1,000 children aged 1",CME,annual_modeled,TJK,Tajikistan,ECA,LMC,2014,POSITIVE,6.26794757638732
CME_MRY1T4,Child mortality rate (1-4),"per 1,000 children aged 1",CME,annual_modeled,TJK,Tajikistan,ECA,LMC,2015,POSITIVE,6.04425256516822
CME_MRY1T4,Child mortality rate (1-4),"per 1,000 children aged 1",CME,annual_modeled,TJK,Tajikistan,ECA,LMC,2016,POSITIVE,5.85832950864484
CME_MRY1T4,Child mortality rate (1-4),"per 1,000 children aged 1",CME,annual_modeled,TJK,Tajikistan,ECA,LMC,2017,POSITIVE,5.69987737163713
CME_MRY1T4,Child mortality rate (1-4),"per 1,000 children aged 1",CME,annual_modeled,TJK,Tajikistan,ECA,LMC,2018,POSITIVE,5.57289248962123
CME_MRY1T4,Child mortality rate (1-4),"per 1,000 children aged 1",CME,annual_modeled,TJK,Tajikistan,ECA,LMC,2019,POSITIVE,5.46415106357184
CME_MRY1T4,Child mortality rate (1-4),"per 1,000 children aged 1",CME,annual_modeled,TJK,Tajikistan,ECA,LMC,2020,POSITIVE,5.34371630953212
CME_MRY1T4,Child mortality rate (1-4),"per 1,000 children aged 1",CME,annual_modeled,TJK,Tajikistan,ECA,LMC,2021,POSITIVE,5.22402792501248
CME_MRY1T4,Child mortality rate (1-4),"per 1,000 children aged 1",CME,annual_modeled,TJK,Tajikistan,ECA,LMC,2022,POSITIVE,5.0830687114945
CME_MRY1T4,Child mortality rate (1-4),"per 1,000 children aged 1",CME,annual_modeled,TJK,Tajikistan,ECA,LMC,2023,POSITIVE,4.92224468956026
CME_MRY1T4,Child mortality rate (1-4),"per 1,000 children aged 1",CME,annual_modeled,TJK,Tajikistan,ECA,LMC,2024,POSITIVE,4.75967422903756
CME_MRY1T4,Child mortality rate (1-4),"per 1,000 children aged 1",CME,annual_modeled,IRN,Iran,MNA,UMC,2000,POSITIVE,4.77883204682072
CME_MRY1T4,Child mortality rate (1-4),"per 1,000 children aged 1",CME,annual_modeled,IRN,Iran,MNA,UMC,2001,POSITIVE,4.41888532861828
CME_MRY1T4,Child mortality rate (1-4),"per 1,000 children aged 1",CME,annual_modeled,IRN,Iran,MNA,UMC,2002,POSITIVE,4.07204913977821
CME_MRY1T4,Child mortality rate (1-4),"per 1,000 children aged 1",CME,annual_modeled,IRN,Iran,MNA,UMC,2003,POSITIVE,3.7339232721571
CME_MRY1T4,Child mortality rate (1-4),"per 1,000 children aged 1",CME,annual_modeled,IRN,Iran,MNA,UMC,2004,POSITIVE,3.41633211428627
CME_MRY1T4,Child mortality rate (1-4),"per 1,000 children aged 1",CME,annual_modeled,IRN,Iran,MNA,UMC,2005,POSITIVE,3.12354707984402
CME_MRY1T4,Child mortality rate (1-4),"per 1,000 children aged 1",CME,annual_modeled,IRN,Iran,MNA,UMC,2006,POSITIVE,2.8558864577683
CME_MRY1T4,Child mortality rate (1-4),"per 1,000 children aged 1",CME,annual_modeled,IRN,Iran,MNA,UMC,2007,POSITIVE,2.61023356346979
CME_MRY1T4,Child mortality rate (1-4),"per 1,000 children aged 1",CME,annual_modeled,IRN,Iran,MNA,UMC,2008,POSITIVE,2.39556557162868
CME_MRY1T4,Child mortality rate (1-4),"per 1,000 children aged 1",CME,annual_modeled,IRN,Iran,MNA,UMC,2009,POSITIVE,2.20822694877409
CME_MRY1T4,Child mortality rate (1-4),"per 1,000 children aged 1",CME,annual_modeled,IRN,Iran,MNA,UMC,2010,POSITIVE,2.04960433938767
CME_MRY1T4,Child mortality rate (1-4),"per 1,000 children aged 1",CME,annual_modeled,IRN,Iran,MNA,UMC,2011,POSITIVE,1.92300118533634
CME_MRY1T4,Child mortality rate (1-4),"per 1,000 children aged 1",CME,annual_modeled,IRN,Iran,MNA,UMC,2012,POSITIVE,1.81072196354098
CME_MRY1T4,Child mortality rate (1-4),"per 1,000 children aged 1",CME,annual_modeled,IRN,Iran,MNA,UMC,2013,POSITIVE,1.70921547193648
CME_MRY1T4,Child mortality rate (1-4),"per 1,000 children aged 1",CME,annual_modeled,IRN,Iran,MNA,UMC,2014,POSITIVE,1.62073313239675
CME_MRY1T4,Child mortality rate (1-4),"per 1,000 children aged 1",CME,annual_modeled,IRN,Iran,MNA,UMC,2015,POSITIVE,1.53878787561468
CME_MRY1T4,Child mortality rate (1-4),"per 1,000 children aged 1",CME,annual_modeled,IRN,Iran,MNA,UMC,2016,POSITIVE,1.46076882097346
CME_MRY1T4,Child mortality rate (1-4),"per 1,000 children aged 1",CME,annual_modeled,IRN,Iran,MNA,UMC,2017,POSITIVE,1.38947363486464
CME_MRY1T4,Child mortality rate (1-4),"per 1,000 children aged 1",CME,annual_modeled,IRN,Iran,MNA,UMC,2018,POSITIVE,1.32426051068485
CME_MRY1T4,Child mortality rate (1-4),"per 1,000 children aged 1",CME,annual_modeled,IRN,Iran,MNA,UMC,2019,POSITIVE,1.26423088848843
CME_MRY1T4,Child mortality rate (1-4),"per 1,000 children aged 1",CME,annual_modeled,IRN,Iran,MNA,UMC,2020,POSITIVE,1.21158975898672
CME_MRY1T4,Child mortality rate (1-4),"per 1,000 children aged 1",CME,annual_modeled,IRN,Iran,MNA,UMC,2021,POSITIVE,1.16216857617174
CME_MRY1T4,Child mortality rate (1-4),"per 1,000 children aged 1",CME,annual_modeled,IRN,Iran,MNA,UMC,2022,POSITIVE,1.10824124677883
CME_MRY1T4,Child mortality rate (1-4),"per 1,000 children aged 1",CME,annual_modeled,IRN,Iran,MNA,UMC,2023,POSITIVE,1.0606319180213
CME_MRY1T4,Child mortality rate (1-4),"per 1,000 children aged 1",CME,annual_modeled,IRN,Iran,MNA,UMC,2024,POSITIVE,1.01631856367607
CME_MRY1T4,Child mortality rate (1-4),"per 1,000 children aged 1",CME,annual_modeled,AZE,Azerbaijan,ECA,UMC,2000,POSITIVE,14.1134951830271
CME_MRY1T4,Child mortality rate (1-4),"per 1,000 children aged 1",CME,annual_modeled,AZE,Azerbaijan,ECA,UMC,2001,POSITIVE,13.1931133595851
CME_MRY1T4,Child mortality rate (1-4),"per 1,000 children aged 1",CME,annual_modeled,AZE,Azerbaijan,ECA,UMC,2002,POSITIVE,12.3312205408018
CME_MRY1T4,Child mortality rate (1-4),"per 1,000 children aged 1",CME,annual_modeled,AZE,Azerbaijan,ECA,UMC,2003,POSITIVE,11.6092125458246
CME_MRY1T4,Child mortality rate (1-4),"per 1,000 children aged 1",CME,annual_modeled,AZE,Azerbaijan,ECA,UMC,2004,POSITIVE,10.9588034929737
CME_MRY1T4,Child mortality rate (1-4),"per 1,000 children aged 1",CME,annual_modeled,AZE,Azerbaijan,ECA,UMC,2005,POSITIVE,10.3706019426318
CME_MRY1T4,Child mortality rate (1-4),"per 1,000 children aged 1",CME,annual_modeled,AZE,Azerbaijan,ECA,UMC,2006,POSITIVE,9.87082426354652
CME_MRY1T4,Child mortality rate (1-4),"per 1,000 children aged 1",CME,annual_modeled,AZE,Azerbaijan,ECA,UMC,2007,POSITIVE,9.42313068049178
CME_MRY1T4,Child mortality rate (1-4),"per 1,000 children aged 1",CME,annual_modeled,AZE,Azerbaijan,ECA,UMC,2008,POSITIVE,9.03331544273095
CME_MRY1T4,Child mortality rate (1-4),"per 1,000 children aged 1",CME,annual_modeled,AZE,Azerbaijan,ECA,UMC,2009,POSITIVE,8.66667807390165
CME_MRY1T4,Child mortality rate (1-4),"per 1,000 children aged 1",CME,annual_modeled,AZE,Azerbaijan,ECA,UMC,2010,POSITIVE,8.30882067362382
CME_MRY1T4,Child mortality rate (1-4),"per 1,000 children aged 1",CME,annual_modeled,AZE,Azerbaijan,ECA,UMC,2011,POSITIVE,7.99016741358816
CME_MRY1T4,Child mortality rate (1-4),"per 1,000 children aged 1",CME,annual_modeled,AZE,Azerbaijan,ECA,UMC,2012,POSITIVE,7.70901790399453
CME_MRY1T4,Child mortality rate (1-4),"per 1,000 children aged 1",CME,annual_modeled,AZE,Azerbaijan,ECA,UMC,2013,POSITIVE,7.4328819679183
CME_MRY1T4,Child mortality rate (1-4),"per 1,000 children aged 1",CME,annual_modeled,AZE,Azerbaijan,ECA,UMC,2014,POSITIVE,7.19100238571885
CME_MRY1T4,Child mortality rate (1-4),"per 1,000 children aged 1",CME,annual_modeled,AZE,Azerbaijan,ECA,UMC,2015,POSITIVE,6.97357309344449
CME_MRY1T4,Child mortality rate (1-4),"per 1,000 children aged 1",CME,annual_modeled,AZE,Azerbaijan,ECA,UMC,2016,POSITIVE,6.7862892779042
CME_MRY1T4,Child mortality rate (1-4),"per 1,000 children aged 1",CME,annual_modeled,AZE,Azerbaijan,ECA,UMC,2017,POSITIVE,6.61184345363802
CME_MRY1T4,Child mortality rate (1-4),"per 1,000 children aged 1",CME,annual_modeled,AZE,Azerbaijan,ECA,UMC,2018,POSITIVE,6.42374583894761
CME_MRY1T4,Child mortality rate (1-4),"per 1,000 children aged 1",CME,annual_modeled,AZE,Azerbaijan,ECA,UMC,2019,POSITIVE,6.2445672557041
CME_MRY1T4,Child mortality rate (1-4),"per 1,000 children aged 1",CME,annual_modeled,AZE,Azerbaijan,ECA,UMC,2020,POSITIVE,6.075060243243
CME_MRY1T4,Child mortality rate (1-4),"per 1,000 children aged 1",CME,annual_modeled,AZE,Azerbaijan,ECA,UMC,2021,POSITIVE,5.92546416677853
CME_MRY1T4,Child mortality rate (1-4),"per 1,000 children aged 1",CME,annual_modeled,AZE,Azerbaijan,ECA,UMC,2022,POSITIVE,5.77060177116451
CME_MRY1T4,Child mortality rate (1-4),"per 1,000 children aged 1",CME,annual_modeled,AZE,Azerbaijan,ECA,UMC,2023,POSITIVE,5.62990064466773
CME_MRY1T4,Child mortality rate (1-4),"per 1,000 children aged 1",CME,annual_modeled,AZE,Azerbaijan,ECA,UMC,2024,POSITIVE,5.46972502794585
CME_MRY1T4,Child mortality rate (1-4),"per 1,000 children aged 1",CME,annual_modeled,GEO,Georgia,ECA,UMC,2000,POSITIVE,6.78536290965581
CME_MRY1T4,Child mortality rate (1-4),"per 1,000 children aged 1",CME,annual_modeled,GEO,Georgia,ECA,UMC,2001,POSITIVE,6.29834267116353
CME_MRY1T4,Child mortality rate (1-4),"per 1,000 children aged 1",CME,annual_modeled,GEO,Georgia,ECA,UMC,2002,POSITIVE,5.78095035061849
CME_MRY1T4,Child mortality rate (1-4),"per 1,000 children aged 1",CME,annual_modeled,GEO,Georgia,ECA,UMC,2003,POSITIVE,5.26695879922723
CME_MRY1T4,Child mortality rate (1-4),"per 1,000 children aged 1",CME,annual_modeled,GEO,Georgia,ECA,UMC,2004,POSITIVE,4.75157176026703
CME_MRY1T4,Child mortality rate (1-4),"per 1,000 children aged 1",CME,annual_modeled,GEO,Georgia,ECA,UMC,2005,POSITIVE,4.25783016250292
CME_MRY1T4,Child mortality rate (1-4),"per 1,000 children aged 1",CME,annual_modeled,GEO,Georgia,ECA,UMC,2006,POSITIVE,3.80270458769078
CME_MRY1T4,Child mortality rate (1-4),"per 1,000 children aged 1",CME,annual_modeled,GEO,Georgia,ECA,UMC,2007,POSITIVE,3.38813424286954
CME_MRY1T4,Child mortality rate (1-4),"per 1,000 children aged 1",CME,annual_modeled,GEO,Georgia,ECA,UMC,2008,POSITIVE,3.02104180864637
CME_MRY1T4,Child mortality rate (1-4),"per 1,000 children aged 1",CME,annual_modeled,GEO,Georgia,ECA,UMC,2009,POSITIVE,2.70307001996262
CME_MRY1T4,Child mortality rate (1-4),"per 1,000 children aged 1",CME,annual_modeled,GEO,Georgia,ECA,UMC,2010,POSITIVE,2.4324814015923
CME_MRY1T4,Child mortality rate (1-4),"per 1,000 children aged 1",CME,annual_modeled,GEO,Georgia,ECA,UMC,2011,POSITIVE,2.20675755965127
CME_MRY1T4,Child mortality rate (1-4),"per 1,000 children aged 1",CME,annual_modeled,GEO,Georgia,ECA,UMC,2012,POSITIVE,2.02111109156478
CME_MRY1T4,Child mortality rate (1-4),"per 1,000 children aged 1",CME,annual_modeled,GEO,Georgia,ECA,UMC,2013,POSITIVE,1.87240905221814
CME_MRY1T4,Child mortality rate (1-4),"per 1,000 children aged 1",CME,annual_modeled,GEO,Georgia,ECA,UMC,2014,POSITIVE,1.75379096896422
CME_MRY1T4,Child mortality rate (1-4),"per 1,000 children aged 1",CME,annual_modeled,GEO,Georgia,ECA,UMC,2015,POSITIVE,1.66040715291249
CME_MRY1T4,Child mortality rate (1-4),"per 1,000 children aged 1",CME,annual_modeled,GEO,Georgia,ECA,UMC,2016,POSITIVE,1.58272972383339
CME_MRY1T4,Child mortality rate (1-4),"per 1,000 children aged 1",CME,annual_modeled,GEO,Georgia,ECA,UMC,2017,POSITIVE,1.51775719823366
CME_MRY1T4,Child mortality rate (1-4),"per 1,000 children aged 1",CME,annual_modeled,GEO,Georgia,ECA,UMC,2018,POSITIVE,1.45970784638383
CME_MRY1T4,Child mortality rate (1-4),"per 1,000 children aged 1",CME,annual_modeled,GEO,Georgia,ECA,UMC,2019,POSITIVE,1.40258841867757
CME_MRY1T4,Child mortality rate (1-4),"per 1,000 children aged 1",CME,annual_modeled,GEO,Georgia,ECA,UMC,2020,POSITIVE,1.34749782659643
CME_MRY1T4,Child mortality rate (1-4),"per 1,000 children aged 1",CME,annual_modeled,GEO,Georgia,ECA,UMC,2021,POSITIVE,1.29621716670131
CME_MRY1T4,Child mortality rate (1-4),"per 1,000 children aged 1",CME,annual_modeled,GEO,Georgia,ECA,UMC,2022,POSITIVE,1.24505225481975
CME_MRY1T4,Child mortality rate (1-4),"per 1,000 children aged 1",CME,annual_modeled,GEO,Georgia,ECA,UMC,2023,POSITIVE,1.19577198572829
CME_MRY1T4,Child mortality rate (1-4),"per 1,000 children aged 1",CME,annual_modeled,GEO,Georgia,ECA,UMC,2024,POSITIVE,1.14978914745784
CME_MRY1T4,Child mortality rate (1-4),"per 1,000 children aged 1",CME,annual_modeled,ALB,Albania,ECA,UMC,2000,POSITIVE,9.33642491600001
CME_MRY1T4,Child mortality rate (1-4),"per 1,000 children aged 1",CME,annual_modeled,ALB,Albania,ECA,UMC,2001,POSITIVE,8.82242055864923
CME_MRY1T4,Child mortality rate (1-4),"per 1,000 children aged 1",CME,annual_modeled,ALB,Albania,ECA,UMC,2002,POSITIVE,8.29243976837035
CME_MRY1T4,Child mortality rate (1-4),"per 1,000 children aged 1",CME,annual_modeled,ALB,Albania,ECA,UMC,2003,POSITIVE,7.72080079351489
CME_MRY1T4,Child mortality rate (1-4),"per 1,000 children aged 1",CME,annual_modeled,ALB,Albania,ECA,UMC,2004,POSITIVE,7.1274943204172
CME_MRY1T4,Child mortality rate (1-4),"per 1,000 children aged 1",CME,annual_modeled,ALB,Albania,ECA,UMC,2005,POSITIVE,6.52156279222538
CME_MRY1T4,Child mortality rate (1-4),"per 1,000 children aged 1",CME,annual_modeled,ALB,Albania,ECA,UMC,2006,POSITIVE,5.90971371937105
CME_MRY1T4,Child mortality rate (1-4),"per 1,000 children aged 1",CME,annual_modeled,ALB,Albania,ECA,UMC,2007,POSITIVE,5.31034982403306
CME_MRY1T4,Child mortality rate (1-4),"per 1,000 children aged 1",CME,annual_modeled,ALB,Albania,ECA,UMC,2008,POSITIVE,4.73264257440065
CME_MRY1T4,Child mortality rate (1-4),"per 1,000 children aged 1",CME,annual_modeled,ALB,Albania,ECA,UMC,2009,POSITIVE,4.18413503904747
CME_MRY1T4,Child mortality rate (1-4),"per 1,000 children aged 1",CME,annual_modeled,ALB,Albania,ECA,UMC,2010,POSITIVE,3.66931046388647
CME_MRY1T4,Child mortality rate (1-4),"per 1,000 children aged 1",CME,annual_modeled,ALB,Albania,ECA,UMC,2011,POSITIVE,3.19729445061789
CME_MRY1T4,Child mortality rate (1-4),"per 1,000 children aged 1",CME,annual_modeled,ALB,Albania,ECA,UMC,2012,POSITIVE,2.78944584816532
CME_MRY1T4,Child mortality rate (1-4),"per 1,000 children aged 1",CME,annual_modeled,ALB,Albania,ECA,UMC,2013,POSITIVE,2.45101399311776
CME_MRY1T4,Child mortality rate (1-4),"per 1,000 children aged 1",CME,annual_modeled,ALB,Albania,ECA,UMC,2014,POSITIVE,2.17697588223686
CME_MRY1T4,Child mortality rate (1-4),"per 1,000 children aged 1",CME,annual_modeled,ALB,Albania,ECA,UMC,2015,POSITIVE,1.96041399819635
CME_MRY1T4,Child mortality rate (1-4),"per 1,000 children aged 1",CME,annual_modeled,ALB,Albania,ECA,UMC,2016,POSITIVE,1.78824720225268
CME_MRY1T4,Child mortality rate (1-4),"per 1,000 children aged 1",CME,annual_modeled,ALB,Albania,ECA,UMC,2017,POSITIVE,1.64635914213912
CME_MRY1T4,Child mortality rate (1-4),"per 1,000 children aged 1",CME,annual_modeled,ALB,Albania,ECA,UMC,2018,POSITIVE,1.52508562988202
CME_MRY1T4,Child mortality rate (1-4),"per 1,000 children aged 1",CME,annual_modeled,ALB,Albania,ECA,UMC,2019,POSITIVE,1.41456794488315
CME_MRY1T4,Child mortality rate (1-4),"per 1,000 children aged 1",CME,annual_modeled,ALB,Albania,ECA,UMC,2020,POSITIVE,1.31144859672377
CME_MRY1T4,Child mortality rate (1-4),"per 1,000 children aged 1",CME,annual_modeled,ALB,Albania,ECA,UMC,2021,POSITIVE,1.21327890211326
CME_MRY1T4,Child mortality rate (1-4),"per 1,000 children aged 1",CME,annual_modeled,ALB,Albania,ECA,UMC,2022,POSITIVE,1.12534759056704
CME_MRY1T4,Child mortality rate (1-4),"per 1,000 children aged 1",CME,annual_modeled,ALB,Albania,ECA,UMC,2023,POSITIVE,1.04863997075799
CME_MRY1T4,Child mortality rate (1-4),"per 1,000 children aged 1",CME,annual_modeled,ALB,Albania,ECA,UMC,2024,POSITIVE,0.98340862457319
CME_MRY1T4,Child mortality rate (1-4),"per 1,000 children aged 1",CME,annual_modeled,BLR,Belarus,ECA,UMC,2000,POSITIVE,2.85652836101552
CME_MRY1T4,Child mortality rate (1-4),"per 1,000 children aged 1",CME,annual_modeled,BLR,Belarus,ECA,UMC,2001,POSITIVE,2.68408210095256
CME_MRY1T4,Child mortality rate (1-4),"per 1,000 children aged 1",CME,annual_modeled,BLR,Belarus,ECA,UMC,2002,POSITIVE,2.51463097681903
CME_MRY1T4,Child mortality rate (1-4),"per 1,000 children aged 1",CME,annual_modeled,BLR,Belarus,ECA,UMC,2003,POSITIVE,2.35785050120008
CME_MRY1T4,Child mortality rate (1-4),"per 1,000 children aged 1",CME,annual_modeled,BLR,Belarus,ECA,UMC,2004,POSITIVE,2.21356742252604
CME_MRY1T4,Child mortality rate (1-4),"per 1,000 children aged 1",CME,annual_modeled,BLR,Belarus,ECA,UMC,2005,POSITIVE,2.06743359820882
CME_MRY1T4,Child mortality rate (1-4),"per 1,000 children aged 1",CME,annual_modeled,BLR,Belarus,ECA,UMC,2006,POSITIVE,1.90984404461286
CME_MRY1T4,Child mortality rate (1-4),"per 1,000 children aged 1",CME,annual_modeled,BLR,Belarus,ECA,UMC,2007,POSITIVE,1.74748893927978
CME_MRY1T4,Child mortality rate (1-4),"per 1,000 children aged 1",CME,annual_modeled,BLR,Belarus,ECA,UMC,2008,POSITIVE,1.59697026614819
CME_MRY1T4,Child mortality rate (1-4),"per 1,000 children aged 1",CME,annual_modeled,BLR,Belarus,ECA,UMC,2009,POSITIVE,1.4643306631929
CME_MRY1T4,Child mortality rate (1-4),"per 1,000 children aged 1",CME,annual_modeled,BLR,Belarus,ECA,UMC,2010,POSITIVE,1.34983178891024
CME_MRY1T4,Child mortality rate (1-4),"per 1,000 children aged 1",CME,annual_modeled,BLR,Belarus,ECA,UMC,2011,POSITIVE,1.25173724921862
CME_MRY1T4,Child mortality rate (1-4),"per 1,000 children aged 1",CME,annual_modeled,BLR,Belarus,ECA,UMC,2012,POSITIVE,1.16914803002371
CME_MRY1T4,Child mortality rate (1-4),"per 1,000 children aged 1",CME,annual_modeled,BLR,Belarus,ECA,UMC,2013,POSITIVE,1.09708349138193
CME_MRY1T4,Child mortality rate (1-4),"per 1,000 children aged 1",CME,annual_modeled,BLR,Belarus,ECA,UMC,2014,POSITIVE,1.03270158506991
CME_MRY1T4,Child mortality rate (1-4),"per 1,000 children aged 1",CME,annual_modeled,BLR,Belarus,ECA,UMC,2015,POSITIVE,0.971918609608602
CME_MRY1T4,Child mortality rate (1-4),"per 1,000 children aged 1",CME,annual_modeled,BLR,Belarus,ECA,UMC,2016,POSITIVE,0.912467688253205
CME_MRY1T4,Child mortality rate (1-4),"per 1,000 children aged 1",CME,annual_modeled,BLR,Belarus,ECA,UMC,2017,POSITIVE,0.851988183398933
CME_MRY1T4,Child mortality rate (1-4),"per 1,000 children aged 1",CME,annual_modeled,BLR,Belarus,ECA,UMC,2018,POSITIVE,0.791104756158345
CME_MRY1T4,Child mortality rate (1-4),"per 1,000 children aged 1",CME,annual_modeled,BLR,Belarus,ECA,UMC,2019,POSITIVE,0.731542266286689
CME_MRY1T4,Child mortality rate (1-4),"per 1,000 children aged 1",CME,annual_modeled,BLR,Belarus,ECA,UMC,2020,POSITIVE,0.677003899933581
CME_MRY1T4,Child mortality rate (1-4),"per 1,000 children aged 1",CME,annual_modeled,BLR,Belarus,ECA,UMC,2021,POSITIVE,0.631967173490122
CME_MRY1T4,Child mortality rate (1-4),"per 1,000 children aged 1",CME,annual_modeled,BLR,Belarus,ECA,UMC,2022,POSITIVE,0.594098778113838
CME_MRY1T4,Child mortality rate (1-4),"per 1,000 children aged 1",CME,annual_modeled,BLR,Belarus,ECA,UMC,2023,POSITIVE,0.560433698533924
CME_MRY1T4,Child mortality rate (1-4),"per 1,000 children aged 1",CME,annual_modeled,BLR,Belarus,ECA,UMC,2024,POSITIVE,0.530080724379878
CME_MRY1T4,Child mortality rate (1-4),"per 1,000 children aged 1",CME,annual_modeled,KWT,Kuwait,MNA,HIC,2000,POSITIVE,2.12241962647347
CME_MRY1T4,Child mortality rate (1-4),"per 1,000 children aged 1",CME,annual_modeled,KWT,Kuwait,MNA,HIC,2001,POSITIVE,2.07427339433386
CME_MRY1T4,Child mortality rate (1-4),"per 1,000 children aged 1",CME,annual_modeled,KWT,Kuwait,MNA,HIC,2002,POSITIVE,2.03335423983697
CME_MRY1T4,Child mortality rate (1-4),"per 1,000 children aged 1",CME,annual_modeled,KWT,Kuwait,MNA,HIC,2003,POSITIVE,1.98873837884772
CME_MRY1T4,Child mortality rate (1-4),"per 1,000 children aged 1",CME,annual_modeled,KWT,Kuwait,MNA,HIC,2004,POSITIVE,1.93888455016072
CME_MRY1T4,Child mortality rate (1-4),"per 1,000 children aged 1",CME,annual_modeled,KWT,Kuwait,MNA,HIC,2005,POSITIVE,1.88937546918633
CME_MRY1T4,Child mortality rate (1-4),"per 1,000 children aged 1",CME,annual_modeled,KWT,Kuwait,MNA,HIC,2006,POSITIVE,1.84421077442715
CME_MRY1T4,Child mortality rate (1-4),"per 1,000 children aged 1",CME,annual_modeled,KWT,Kuwait,MNA,HIC,2007,POSITIVE,1.80018459313891
CME_MRY1T4,Child mortality rate (1-4),"per 1,000 children aged 1",CME,annual_modeled,KWT,Kuwait,MNA,HIC,2008,POSITIVE,1.7519819721819
CME_MRY1T4,Child mortality rate (1-4),"per 1,000 children aged 1",CME,annual_modeled,KWT,Kuwait,MNA,HIC,2009,POSITIVE,1.69670576295172
CME_MRY1T4,Child mortality rate (1-4),"per 1,000 children aged 1",CME,annual_modeled,KWT,Kuwait,MNA,HIC,2010,POSITIVE,1.63334129707959
CME_MRY1T4,Child mortality rate (1-4),"per 1,000 children aged 1",CME,annual_modeled,KWT,Kuwait,MNA,HIC,2011,POSITIVE,1.56207091661376
CME_MRY1T4,Child mortality rate (1-4),"per 1,000 children aged 1",CME,annual_modeled,KWT,Kuwait,MNA,HIC,2012,POSITIVE,1.48982586399315
CME_MRY1T4,Child mortality rate (1-4),"per 1,000 children aged 1",CME,annual_modeled,KWT,Kuwait,MNA,HIC,2013,POSITIVE,1.42402573676936
CME_MRY1T4,Child mortality rate (1-4),"per 1,000 children aged 1",CME,annual_modeled,KWT,Kuwait,MNA,HIC,2014,POSITIVE,1.37051264049892
CME_MRY1T4,Child mortality rate (1-4),"per 1,000 children aged 1",CME,annual_modeled,KWT,Kuwait,MNA,HIC,2015,POSITIVE,1.32876654960623
CME_MRY1T4,Child mortality rate (1-4),"per 1,000 children aged 1",CME,annual_modeled,KWT,Kuwait,MNA,HIC,2016,POSITIVE,1.2978583149782
CME_MRY1T4,Child mortality rate (1-4),"per 1,000 children aged 1",CME,annual_modeled,KWT,Kuwait,MNA,HIC,2017,POSITIVE,1.27691577636269
CME_MRY1T4,Child mortality rate (1-4),"per 1,000 children aged 1",CME,annual_modeled,KWT,Kuwait,MNA,HIC,2018,POSITIVE,1.25963246716232
CME_MRY1T4,Child mortality rate (1-4),"per 1,000 children aged 1",CME,annual_modeled,KWT,Kuwait,MNA,HIC,2019,POSITIVE,1.2455020868945
CME_MRY1T4,Child mortality rate (1-4),"per 1,000 children aged 1",CME,annual_modeled,KWT,Kuwait,MNA,HIC,2020,POSITIVE,1.22897099954516
CME_MRY1T4,Child mortality rate (1-4),"per 1,000 children aged 1",CME,annual_modeled,KWT,Kuwait,MNA,HIC,2021,POSITIVE,1.20530425385879
CME_MRY1T4,Child mortality rate (1-4),"per 1,000 children aged 1",CME,annual_modeled,KWT,Kuwait,MNA,HIC,2022,POSITIVE,1.17344239793299
CME_MRY1T4,Child mortality rate (1-4),"per 1,000 children aged 1",CME,annual_modeled,KWT,Kuwait,MNA,HIC,2023,POSITIVE,1.1363830467841
CME_MRY1T4,Child mortality rate (1-4),"per 1,000 children aged 1",CME,annual_modeled,KWT,Kuwait,MNA,HIC,2024,POSITIVE,1.09371485487297
CME_MRY1T4,Child mortality rate (1-4),"per 1,000 children aged 1",CME,annual_modeled,BHR,Bahrain,MNA,HIC,2000,POSITIVE,2.010482469189
CME_MRY1T4,Child mortality rate (1-4),"per 1,000 children aged 1",CME,annual_modeled,BHR,Bahrain,MNA,HIC,2001,POSITIVE,1.96217614544664
CME_MRY1T4,Child mortality rate (1-4),"per 1,000 children aged 1",CME,annual_modeled,BHR,Bahrain,MNA,HIC,2002,POSITIVE,1.92876889627946
CME_MRY1T4,Child mortality rate (1-4),"per 1,000 children aged 1",CME,annual_modeled,BHR,Bahrain,MNA,HIC,2003,POSITIVE,1.89990147778679
CME_MRY1T4,Child mortality rate (1-4),"per 1,000 children aged 1",CME,annual_modeled,BHR,Bahrain,MNA,HIC,2004,POSITIVE,1.87144148025081
CME_MRY1T4,Child mortality rate (1-4),"per 1,000 children aged 1",CME,annual_modeled,BHR,Bahrain,MNA,HIC,2005,POSITIVE,1.83369254299875
CME_MRY1T4,Child mortality rate (1-4),"per 1,000 children aged 1",CME,annual_modeled,BHR,Bahrain,MNA,HIC,2006,POSITIVE,1.78621793251271
CME_MRY1T4,Child mortality rate (1-4),"per 1,000 children aged 1",CME,annual_modeled,BHR,Bahrain,MNA,HIC,2007,POSITIVE,1.72784852957336
CME_MRY1T4,Child mortality rate (1-4),"per 1,000 children aged 1",CME,annual_modeled,BHR,Bahrain,MNA,HIC,2008,POSITIVE,1.66146294981745
CME_MRY1T4,Child mortality rate (1-4),"per 1,000 children aged 1",CME,annual_modeled,BHR,Bahrain,MNA,HIC,2009,POSITIVE,1.59263889611411
CME_MRY1T4,Child mortality rate (1-4),"per 1,000 children aged 1",CME,annual_modeled,BHR,Bahrain,MNA,HIC,2010,POSITIVE,1.52931229639253
CME_MRY1T4,Child mortality rate (1-4),"per 1,000 children aged 1",CME,annual_modeled,BHR,Bahrain,MNA,HIC,2011,POSITIVE,1.47754748548262
CME_MRY1T4,Child mortality rate (1-4),"per 1,000 children aged 1",CME,annual_modeled,BHR,Bahrain,MNA,HIC,2012,POSITIVE,1.43371934649211
CME_MRY1T4,Child mortality rate (1-4),"per 1,000 children aged 1",CME,annual_modeled,BHR,Bahrain,MNA,HIC,2013,POSITIVE,1.40097650465271
CME_MRY1T4,Child mortality rate (1-4),"per 1,000 children aged 1",CME,annual_modeled,BHR,Bahrain,MNA,HIC,2014,POSITIVE,1.37559710873481
CME_MRY1T4,Child mortality rate (1-4),"per 1,000 children aged 1",CME,annual_modeled,BHR,Bahrain,MNA,HIC,2015,POSITIVE,1.35499776594145
CME_MRY1T4,Child mortality rate (1-4),"per 1,000 children aged 1",CME,annual_modeled,BHR,Bahrain,MNA,HIC,2016,POSITIVE,1.34289472362376
CME_MRY1T4,Child mortality rate (1-4),"per 1,000 children aged 1",CME,annual_modeled,BHR,Bahrain,MNA,HIC,2017,POSITIVE,1.3385590875451
CME_MRY1T4,Child mortality rate (1-4),"per 1,000 children aged 1",CME,annual_modeled,BHR,Bahrain,MNA,HIC,2018,POSITIVE,1.34322974608864
CME_MRY1T4,Child mortality rate (1-4),"per 1,000 children aged 1",CME,annual_modeled,BHR,Bahrain,MNA,HIC,2019,POSITIVE,1.35505689391041
CME_MRY1T4,Child mortality rate (1-4),"per 1,000 children aged 1",CME,annual_modeled,BHR,Bahrain,MNA,HIC,2020,POSITIVE,1.37184908967947
CME_MRY1T4,Child mortality rate (1-4),"per 1,000 children aged 1",CME,annual_modeled,BHR,Bahrain,MNA,HIC,2021,POSITIVE,1.39614111866138
CME_MRY1T4,Child mortality rate (1-4),"per 1,000 children aged 1",CME,annual_modeled,BHR,Bahrain,MNA,HIC,2022,POSITIVE,1.42229929687815
CME_MRY1T4,Child mortality rate (1-4),"per 1,000 children aged 1",CME,annual_modeled,BHR,Bahrain,MNA,HIC,2023,POSITIVE,1.44667103748503
CME_MRY1T4,Child mortality rate (1-4),"per 1,000 children aged 1",CME,annual_modeled,BHR,Bahrain,MNA,HIC,2024,POSITIVE,1.46334321240493
CME_MRY1T4,Child mortality rate (1-4),"per 1,000 children aged 1",CME,annual_modeled,OMN,Oman,MNA,HIC,2000,POSITIVE,3.17195397118497
CME_MRY1T4,Child mortality rate (1-4),"per 1,000 children aged 1",CME,annual_modeled,OMN,Oman,MNA,HIC,2001,POSITIVE,2.96376924302061
CME_MRY1T4,Child mortality rate (1-4),"per 1,000 children aged 1",CME,annual_modeled,OMN,Oman,MNA,HIC,2002,POSITIVE,2.78778599939572
CME_MRY1T4,Child mortality rate (1-4),"per 1,000 children aged 1",CME,annual_modeled,OMN,Oman,MNA,HIC,2003,POSITIVE,2.64233348415666
CME_MRY1T4,Child mortality rate (1-4),"per 1,000 children aged 1",CME,annual_modeled,OMN,Oman,MNA,HIC,2004,POSITIVE,2.52519421700997
CME_MRY1T4,Child mortality rate (1-4),"per 1,000 children aged 1",CME,annual_modeled,OMN,Oman,MNA,HIC,2005,POSITIVE,2.43421332174248
CME_MRY1T4,Child mortality rate (1-4),"per 1,000 children aged 1",CME,annual_modeled,OMN,Oman,MNA,HIC,2006,POSITIVE,2.36454491070925
CME_MRY1T4,Child mortality rate (1-4),"per 1,000 children aged 1",CME,annual_modeled,OMN,Oman,MNA,HIC,2007,POSITIVE,2.31085118806529
CME_MRY1T4,Child mortality rate (1-4),"per 1,000 children aged 1",CME,annual_modeled,OMN,Oman,MNA,HIC,2008,POSITIVE,2.27094935096944
CME_MRY1T4,Child mortality rate (1-4),"per 1,000 children aged 1",CME,annual_modeled,OMN,Oman,MNA,HIC,2009,POSITIVE,2.23816795254711
CME_MRY1T4,Child mortality rate (1-4),"per 1,000 children aged 1",CME,annual_modeled,OMN,Oman,MNA,HIC,2010,POSITIVE,2.20842103311109
CME_MRY1T4,Child mortality rate (1-4),"per 1,000 children aged 1",CME,annual_modeled,OMN,Oman,MNA,HIC,2011,POSITIVE,2.17885634778126
CME_MRY1T4,Child mortality rate (1-4),"per 1,000 children aged 1",CME,annual_modeled,OMN,Oman,MNA,HIC,2012,POSITIVE,2.14956893473961
CME_MRY1T4,Child mortality rate (1-4),"per 1,000 children aged 1",CME,annual_modeled,OMN,Oman,MNA,HIC,2013,POSITIVE,2.12760290242903
CME_MRY1T4,Child mortality rate (1-4),"per 1,000 children aged 1",CME,annual_modeled,OMN,Oman,MNA,HIC,2014,POSITIVE,2.10874765730368
CME_MRY1T4,Child mortality rate (1-4),"per 1,000 children aged 1",CME,annual_modeled,OMN,Oman,MNA,HIC,2015,POSITIVE,2.0951655540099
CME_MRY1T4,Child mortality rate (1-4),"per 1,000 children aged 1",CME,annual_modeled,OMN,Oman,MNA,HIC,2016,POSITIVE,2.08708782483397
CME_MRY1T4,Child mortality rate (1-4),"per 1,000 children aged 1",CME,annual_modeled,OMN,Oman,MNA,HIC,2017,POSITIVE,2.08119316946753
CME_MRY1T4,Child mortality rate (1-4),"per 1,000 children aged 1",CME,annual_modeled,OMN,Oman,MNA,HIC,2018,POSITIVE,2.07166549470394
CME_MRY1T4,Child mortality rate (1-4),"per 1,000 children aged 1",CME,annual_modeled,OMN,Oman,MNA,HIC,2019,POSITIVE,2.06038412175535
CME_MRY1T4,Child mortality rate (1-4),"per 1,000 children aged 1",CME,annual_modeled,OMN,Oman,MNA,HIC,2020,POSITIVE,2.05010142880868
CME_MRY1T4,Child mortality rate (1-4),"per 1,000 children aged 1",CME,annual_modeled,OMN,Oman,MNA,HIC,2021,POSITIVE,2.03792916710344
CME_MRY1T4,Child mortality rate (1-4),"per 1,000 children aged 1",CME,annual_modeled,OMN,Oman,MNA,HIC,2022,POSITIVE,2.02680448769282
CME_MRY1T4,Child mortality rate (1-4),"per 1,000 children aged 1",CME,annual_modeled,OMN,Oman,MNA,HIC,2023,POSITIVE,2.01634613745427
CME_MRY1T4,Child mortality rate (1-4),"per 1,000 children aged 1",CME,annual_modeled,OMN,Oman,MNA,HIC,2024,POSITIVE,2.00583280821692
CME_MRY1T4,Child mortality rate (1-4),"per 1,000 children aged 1",CME,annual_modeled,CYP,Cyprus,ECA,HIC,2000,POSITIVE,0.860301543885833
CME_MRY1T4,Child mortality rate (1-4),"per 1,000 children aged 1",CME,annual_modeled,CYP,Cyprus,ECA,HIC,2001,POSITIVE,0.821165916496391
CME_MRY1T4,Child mortality rate (1-4),"per 1,000 children aged 1",CME,annual_modeled,CYP,Cyprus,ECA,HIC,2002,POSITIVE,0.783809902737076
CME_MRY1T4,Child mortality rate (1-4),"per 1,000 children aged 1",CME,annual_modeled,CYP,Cyprus,ECA,HIC,2003,POSITIVE,0.74641300511763
CME_MRY1T4,Child mortality rate (1-4),"per 1,000 children aged 1",CME,annual_modeled,CYP,Cyprus,ECA,HIC,2004,POSITIVE,0.707713064016846
CME_MRY1T4,Child mortality rate (1-4),"per 1,000 children aged 1",CME,annual_modeled,CYP,Cyprus,ECA,HIC,2005,POSITIVE,0.668738891056175
CME_MRY1T4,Child mortality rate (1-4),"per 1,000 children aged 1",CME,annual_modeled,CYP,Cyprus,ECA,HIC,2006,POSITIVE,0.62751160144936
CME_MRY1T4,Child mortality rate (1-4),"per 1,000 children aged 1",CME,annual_modeled,CYP,Cyprus,ECA,HIC,2007,POSITIVE,0.58859925354493
CME_MRY1T4,Child mortality rate (1-4),"per 1,000 children aged 1",CME,annual_modeled,CYP,Cyprus,ECA,HIC,2008,POSITIVE,0.552045165922554
CME_MRY1T4,Child mortality rate (1-4),"per 1,000 children aged 1",CME,annual_modeled,CYP,Cyprus,ECA,HIC,2009,POSITIVE,0.517979360405152
CME_MRY1T4,Child mortality rate (1-4),"per 1,000 children aged 1",CME,annual_modeled,CYP,Cyprus,ECA,HIC,2010,POSITIVE,0.487178482345141
CME_MRY1T4,Child mortality rate (1-4),"per 1,000 children aged 1",CME,annual_modeled,CYP,Cyprus,ECA,HIC,2011,POSITIVE,0.460122271931651
CME_MRY1T4,Child mortality rate (1-4),"per 1,000 children aged 1",CME,annual_modeled,CYP,Cyprus,ECA,HIC,2012,POSITIVE,0.436799477644967
CME_MRY1T4,Child mortality rate (1-4),"per 1,000 children aged 1",CME,annual_modeled,CYP,Cyprus,ECA,HIC,2013,POSITIVE,0.418365216782124
CME_MRY1T4,Child mortality rate (1-4),"per 1,000 children aged 1",CME,annual_modeled,CYP,Cyprus,ECA,HIC,2014,POSITIVE,0.406141502440838
CME_MRY1T4,Child mortality rate (1-4),"per 1,000 children aged 1",CME,annual_modeled,CYP,Cyprus,ECA,HIC,2015,POSITIVE,0.401626531014998
CME_MRY1T4,Child mortality rate (1-4),"per 1,000 children aged 1",CME,annual_modeled,CYP,Cyprus,ECA,HIC,2016,POSITIVE,0.407590995208873
CME_MRY1T4,Child mortality rate (1-4),"per 1,000 children aged 1",CME,annual_modeled,CYP,Cyprus,ECA,HIC,2017,POSITIVE,0.427002727249159
CME_MRY1T4,Child mortality rate (1-4),"per 1,000 children aged 1",CME,annual_modeled,CYP,Cyprus,ECA,HIC,2018,POSITIVE,0.457617314492675
CME_MRY1T4,Child mortality rate (1-4),"per 1,000 children aged 1",CME,annual_modeled,CYP,Cyprus,ECA,HIC,2019,POSITIVE,0.501111450457781
CME_MRY1T4,Child mortality rate (1-4),"per 1,000 children aged 1",CME,annual_modeled,CYP,Cyprus,ECA,HIC,2020,POSITIVE,0.558794840968102
CME_MRY1T4,Child mortality rate (1-4),"per 1,000 children aged 1",CME,annual_modeled,CYP,Cyprus,ECA,HIC,2021,POSITIVE,0.630615731084805
CME_MRY1T4,Child mortality rate (1-4),"per 1,000 children aged 1",CME,annual_modeled,CYP,Cyprus,ECA,HIC,2022,POSITIVE,0.711874642988053
CME_MRY1T4,Child mortality rate (1-4),"per 1,000 children aged 1",CME,annual_modeled,CYP,Cyprus,ECA,HIC,2023,POSITIVE,0.800812415948371
CME_MRY1T4,Child mortality rate (1-4),"per 1,000 children aged 1",CME,annual_modeled,CYP,Cyprus,ECA,HIC,2024,POSITIVE,0.877127703423686
CME_MRY1T4,Child mortality rate (1-4),"per 1,000 children aged 1",CME,annual_modeled,MLT,Malta,ECA,HIC,2000,POSITIVE,0.934908790645228
CME_MRY1T4,Child mortality rate (1-4),"per 1,000 children aged 1",CME,annual_modeled,MLT,Malta,ECA,HIC,2001,POSITIVE,0.907324552874178
CME_MRY1T4,Child mortality rate (1-4),"per 1,000 children aged 1",CME,annual_modeled,MLT,Malta,ECA,HIC,2002,POSITIVE,0.884544693748046
CME_MRY1T4,Child mortality rate (1-4),"per 1,000 children aged 1",CME,annual_modeled,MLT,Malta,ECA,HIC,2003,POSITIVE,0.867843720271821
CME_MRY1T4,Child mortality rate (1-4),"per 1,000 children aged 1",CME,annual_modeled,MLT,Malta,ECA,HIC,2004,POSITIVE,0.857413409660002
CME_MRY1T4,Child mortality rate (1-4),"per 1,000 children aged 1",CME,annual_modeled,MLT,Malta,ECA,HIC,2005,POSITIVE,0.850310097380291
CME_MRY1T4,Child mortality rate (1-4),"per 1,000 children aged 1",CME,annual_modeled,MLT,Malta,ECA,HIC,2006,POSITIVE,0.848287919427537
CME_MRY1T4,Child mortality rate (1-4),"per 1,000 children aged 1",CME,annual_modeled,MLT,Malta,ECA,HIC,2007,POSITIVE,0.848141273500691
CME_MRY1T4,Child mortality rate (1-4),"per 1,000 children aged 1",CME,annual_modeled,MLT,Malta,ECA,HIC,2008,POSITIVE,0.8472541510402
CME_MRY1T4,Child mortality rate (1-4),"per 1,000 children aged 1",CME,annual_modeled,MLT,Malta,ECA,HIC,2009,POSITIVE,0.845028498157541
CME_MRY1T4,Child mortality rate (1-4),"per 1,000 children aged 1",CME,annual_modeled,MLT,Malta,ECA,HIC,2010,POSITIVE,0.842903811699158
CME_MRY1T4,Child mortality rate (1-4),"per 1,000 children aged 1",CME,annual_modeled,MLT,Malta,ECA,HIC,2011,POSITIVE,0.83903613525621
CME_MRY1T4,Child mortality rate (1-4),"per 1,000 children aged 1",CME,annual_modeled,MLT,Malta,ECA,HIC,2012,POSITIVE,0.832922625373267
CME_MRY1T4,Child mortality rate (1-4),"per 1,000 children aged 1",CME,annual_modeled,MLT,Malta,ECA,HIC,2013,POSITIVE,0.827265666372312
CME_MRY1T4,Child mortality rate (1-4),"per 1,000 children aged 1",CME,annual_modeled,MLT,Malta,ECA,HIC,2014,POSITIVE,0.815993677309779
CME_MRY1T4,Child mortality rate (1-4),"per 1,000 children aged 1",CME,annual_modeled,MLT,Malta,ECA,HIC,2015,POSITIVE,0.804088636878642
CME_MRY1T4,Child mortality rate (1-4),"per 1,000 children aged 1",CME,annual_modeled,MLT,Malta,ECA,HIC,2016,POSITIVE,0.793159348148331
CME_MRY1T4,Child mortality rate (1-4),"per 1,000 children aged 1",CME,annual_modeled,MLT,Malta,ECA,HIC,2017,POSITIVE,0.777838974348466
CME_MRY1T4,Child mortality rate (1-4),"per 1,000 children aged 1",CME,annual_modeled,MLT,Malta,ECA,HIC,2018,POSITIVE,0.76111241036908
CME_MRY1T4,Child mortality rate (1-4),"per 1,000 children aged 1",CME,annual_modeled,MLT,Malta,ECA,HIC,2019,POSITIVE,0.742993403523295
CME_MRY1T4,Child mortality rate (1-4),"per 1,000 children aged 1",CME,annual_modeled,MLT,Malta,ECA,HIC,2020,POSITIVE,0.723345325919833
CME_MRY1T4,Child mortality rate (1-4),"per 1,000 children aged 1",CME,annual_modeled,MLT,Malta,ECA,HIC,2021,POSITIVE,0.701837407751538
CME_MRY1T4,Child mortality rate (1-4),"per 1,000 children aged 1",CME,annual_modeled,MLT,Malta,ECA,HIC,2022,POSITIVE,0.679864475983283
CME_MRY1T4,Child mortality rate (1-4),"per 1,000 children aged 1",CME,annual_modeled,MLT,Malta,ECA,HIC,2023,POSITIVE,0.657337147265347
CME_MRY1T4,Child mortality rate (1-4),"per 1,000 children aged 1",CME,annual_modeled,MLT,Malta,ECA,HIC,2024,POSITIVE,0.634300936862786
NT_ANT_HAZ_NE2,Stunting prevalence,percentage,NUTRITION,survey_based,YEM,Yemen,MNA,LIC,2000,HALLUCINATION_T1,
NT_ANT_HAZ_NE2,Stunting prevalence,percentage,NUTRITION,survey_based,YEM,Yemen,MNA,LIC,2001,HALLUCINATION_T1,
NT_ANT_HAZ_NE2,Stunting prevalence,percentage,NUTRITION,survey_based,YEM,Yemen,MNA,LIC,2002,HALLUCINATION_T1,
NT_ANT_HAZ_NE2,Stunting prevalence,percentage,NUTRITION,survey_based,YEM,Yemen,MNA,LIC,2003,POSITIVE,57.3195
NT_ANT_HAZ_NE2,Stunting prevalence,percentage,NUTRITION,survey_based,YEM,Yemen,MNA,LIC,2004,HALLUCINATION_T1,
NT_ANT_HAZ_NE2,Stunting prevalence,percentage,NUTRITION,survey_based,YEM,Yemen,MNA,LIC,2005,POSITIVE,57.0109
NT_ANT_HAZ_NE2,Stunting prevalence,percentage,NUTRITION,survey_based,YEM,Yemen,MNA,LIC,2006,HALLUCINATION_T1,
NT_ANT_HAZ_NE2,Stunting prevalence,percentage,NUTRITION,survey_based,YEM,Yemen,MNA,LIC,2007,HALLUCINATION_T1,
NT_ANT_HAZ_NE2,Stunting prevalence,percentage,NUTRITION,survey_based,YEM,Yemen,MNA,LIC,2008,HALLUCINATION_T1,
NT_ANT_HAZ_NE2,Stunting prevalence,percentage,NUTRITION,survey_based,YEM,Yemen,MNA,LIC,2009,HALLUCINATION_T1,
NT_ANT_HAZ_NE2,Stunting prevalence,percentage,NUTRITION,survey_based,YEM,Yemen,MNA,LIC,2010,HALLUCINATION_T1,
NT_ANT_HAZ_NE2,Stunting prevalence,percentage,NUTRITION,survey_based,YEM,Yemen,MNA,LIC,2011,POSITIVE,46.6
NT_ANT_HAZ_NE2,Stunting prevalence,percentage,NUTRITION,survey_based,YEM,Yemen,MNA,LIC,2012,HALLUCINATION_T1,
NT_ANT_HAZ_NE2,Stunting prevalence,percentage,NUTRITION,survey_based,YEM,Yemen,MNA,LIC,2013,POSITIVE,46.4095
NT_ANT_HAZ_NE2,Stunting prevalence,percentage,NUTRITION,survey_based,YEM,Yemen,MNA,LIC,2014,HALLUCINATION_T1,
NT_ANT_HAZ_NE2,Stunting prevalence,percentage,NUTRITION,survey_based,YEM,Yemen,MNA,LIC,2015,HALLUCINATION_T1,
NT_ANT_HAZ_NE2,Stunting prevalence,percentage,NUTRITION,survey_based,YEM,Yemen,MNA,LIC,2016,HALLUCINATION_T1,
NT_ANT_HAZ_NE2,Stunting prevalence,percentage,NUTRITION,survey_based,YEM,Yemen,MNA,LIC,2017,HALLUCINATION_T1,
NT_ANT_HAZ_NE2,Stunting prevalence,percentage,NUTRITION,survey_based,YEM,Yemen,MNA,LIC,2018,HALLUCINATION_T1,
NT_ANT_HAZ_NE2,Stunting prevalence,percentage,NUTRITION,survey_based,YEM,Yemen,MNA,LIC,2019,HALLUCINATION_T1,
NT_ANT_HAZ_NE2,Stunting prevalence,percentage,NUTRITION,survey_based,YEM,Yemen,MNA,LIC,2020,HALLUCINATION_T1,
NT_ANT_HAZ_NE2,Stunting prevalence,percentage,NUTRITION,survey_based,YEM,Yemen,MNA,LIC,2021,POSITIVE,45.1
NT_ANT_HAZ_NE2,Stunting prevalence,percentage,NUTRITION,survey_based,YEM,Yemen,MNA,LIC,2022,POSITIVE,48.5428
NT_ANT_HAZ_NE2,Stunting prevalence,percentage,NUTRITION,survey_based,YEM,Yemen,MNA,LIC,2023,HALLUCINATION_T1,
NT_ANT_HAZ_NE2,Stunting prevalence,percentage,NUTRITION,survey_based,YEM,Yemen,MNA,LIC,2024,HALLUCINATION_T1,
NT_ANT_HAZ_NE2,Stunting prevalence,percentage,NUTRITION,survey_based,CAF,Central African Republic,WCA,LIC,2000,POSITIVE,44.3651
NT_ANT_HAZ_NE2,Stunting prevalence,percentage,NUTRITION,survey_based,CAF,Central African Republic,WCA,LIC,2001,HALLUCINATION_T1,
NT_ANT_HAZ_NE2,Stunting prevalence,percentage,NUTRITION,survey_based,CAF,Central African Republic,WCA,LIC,2002,HALLUCINATION_T1,
NT_ANT_HAZ_NE2,Stunting prevalence,percentage,NUTRITION,survey_based,CAF,Central African Republic,WCA,LIC,2003,HALLUCINATION_T1,
NT_ANT_HAZ_NE2,Stunting prevalence,percentage,NUTRITION,survey_based,CAF,Central African Republic,WCA,LIC,2004,HALLUCINATION_T1,
NT_ANT_HAZ_NE2,Stunting prevalence,percentage,NUTRITION,survey_based,CAF,Central African Republic,WCA,LIC,2005,HALLUCINATION_T1,
NT_ANT_HAZ_NE2,Stunting prevalence,percentage,NUTRITION,survey_based,CAF,Central African Republic,WCA,LIC,2006,POSITIVE,43.6324
NT_ANT_HAZ_NE2,Stunting prevalence,percentage,NUTRITION,survey_based,CAF,Central African Republic,WCA,LIC,2007,HALLUCINATION_T1,
NT_ANT_HAZ_NE2,Stunting prevalence,percentage,NUTRITION,survey_based,CAF,Central African Republic,WCA,LIC,2008,HALLUCINATION_T1,
NT_ANT_HAZ_NE2,Stunting prevalence,percentage,NUTRITION,survey_based,CAF,Central African Republic,WCA,LIC,2009,HALLUCINATION_T1,
NT_ANT_HAZ_NE2,Stunting prevalence,percentage,NUTRITION,survey_based,CAF,Central African Republic,WCA,LIC,2010,POSITIVE,40.7357
NT_ANT_HAZ_NE2,Stunting prevalence,percentage,NUTRITION,survey_based,CAF,Central African Republic,WCA,LIC,2011,HALLUCINATION_T1,
NT_ANT_HAZ_NE2,Stunting prevalence,percentage,NUTRITION,survey_based,CAF,Central African Republic,WCA,LIC,2012,POSITIVE,39.7144
NT_ANT_HAZ_NE2,Stunting prevalence,percentage,NUTRITION,survey_based,CAF,Central African Republic,WCA,LIC,2013,HALLUCINATION_T1,
NT_ANT_HAZ_NE2,Stunting prevalence,percentage,NUTRITION,survey_based,CAF,Central African Republic,WCA,LIC,2014,POSITIVE,37.9691
NT_ANT_HAZ_NE2,Stunting prevalence,percentage,NUTRITION,survey_based,CAF,Central African Republic,WCA,LIC,2015,HALLUCINATION_T1,
NT_ANT_HAZ_NE2,Stunting prevalence,percentage,NUTRITION,survey_based,CAF,Central African Republic,WCA,LIC,2016,HALLUCINATION_T1,
NT_ANT_HAZ_NE2,Stunting prevalence,percentage,NUTRITION,survey_based,CAF,Central African Republic,WCA,LIC,2017,HALLUCINATION_T1,
NT_ANT_HAZ_NE2,Stunting prevalence,percentage,NUTRITION,survey_based,CAF,Central African Republic,WCA,LIC,2018,POSITIVE,37.5308
NT_ANT_HAZ_NE2,Stunting prevalence,percentage,NUTRITION,survey_based,CAF,Central African Republic,WCA,LIC,2019,POSITIVE,39.7522
NT_ANT_HAZ_NE2,Stunting prevalence,percentage,NUTRITION,survey_based,CAF,Central African Republic,WCA,LIC,2020,HALLUCINATION_T1,
NT_ANT_HAZ_NE2,Stunting prevalence,percentage,NUTRITION,survey_based,CAF,Central African Republic,WCA,LIC,2021,HALLUCINATION_T1,
NT_ANT_HAZ_NE2,Stunting prevalence,percentage,NUTRITION,survey_based,CAF,Central African Republic,WCA,LIC,2022,POSITIVE,37.9
NT_ANT_HAZ_NE2,Stunting prevalence,percentage,NUTRITION,survey_based,CAF,Central African Republic,WCA,LIC,2023,HALLUCINATION_T1,
NT_ANT_HAZ_NE2,Stunting prevalence,percentage,NUTRITION,survey_based,CAF,Central African Republic,WCA,LIC,2024,HALLUCINATION_T1,
NT_ANT_HAZ_NE2,Stunting prevalence,percentage,NUTRITION,survey_based,GNB,Guinea-Bissau,WCA,LIC,2000,POSITIVE,33.8181
NT_ANT_HAZ_NE2,Stunting prevalence,percentage,NUTRITION,survey_based,GNB,Guinea-Bissau,WCA,LIC,2001,HALLUCINATION_T1,
NT_ANT_HAZ_NE2,Stunting prevalence,percentage,NUTRITION,survey_based,GNB,Guinea-Bissau,WCA,LIC,2002,HALLUCINATION_T1,
NT_ANT_HAZ_NE2,Stunting prevalence,percentage,NUTRITION,survey_based,GNB,Guinea-Bissau,WCA,LIC,2003,HALLUCINATION_T1,
NT_ANT_HAZ_NE2,Stunting prevalence,percentage,NUTRITION,survey_based,GNB,Guinea-Bissau,WCA,LIC,2004,HALLUCINATION_T1,
NT_ANT_HAZ_NE2,Stunting prevalence,percentage,NUTRITION,survey_based,GNB,Guinea-Bissau,WCA,LIC,2005,HALLUCINATION_T1,
NT_ANT_HAZ_NE2,Stunting prevalence,percentage,NUTRITION,survey_based,GNB,Guinea-Bissau,WCA,LIC,2006,HALLUCINATION_T1,
NT_ANT_HAZ_NE2,Stunting prevalence,percentage,NUTRITION,survey_based,GNB,Guinea-Bissau,WCA,LIC,2007,HALLUCINATION_T1,
NT_ANT_HAZ_NE2,Stunting prevalence,percentage,NUTRITION,survey_based,GNB,Guinea-Bissau,WCA,LIC,2008,POSITIVE,27.6213
NT_ANT_HAZ_NE2,Stunting prevalence,percentage,NUTRITION,survey_based,GNB,Guinea-Bissau,WCA,LIC,2009,HALLUCINATION_T1,
NT_ANT_HAZ_NE2,Stunting prevalence,percentage,NUTRITION,survey_based,GNB,Guinea-Bissau,WCA,LIC,2010,POSITIVE,31.9623
NT_ANT_HAZ_NE2,Stunting prevalence,percentage,NUTRITION,survey_based,GNB,Guinea-Bissau,WCA,LIC,2011,HALLUCINATION_T1,
NT_ANT_HAZ_NE2,Stunting prevalence,percentage,NUTRITION,survey_based,GNB,Guinea-Bissau,WCA,LIC,2012,POSITIVE,26.4434
NT_ANT_HAZ_NE2,Stunting prevalence,percentage,NUTRITION,survey_based,GNB,Guinea-Bissau,WCA,LIC,2013,HALLUCINATION_T1,
NT_ANT_HAZ_NE2,Stunting prevalence,percentage,NUTRITION,survey_based,GNB,Guinea-Bissau,WCA,LIC,2014,POSITIVE,27.6132
NT_ANT_HAZ_NE2,Stunting prevalence,percentage,NUTRITION,survey_based,GNB,Guinea-Bissau,WCA,LIC,2015,HALLUCINATION_T1,
NT_ANT_HAZ_NE2,Stunting prevalence,percentage,NUTRITION,survey_based,GNB,Guinea-Bissau,WCA,LIC,2016,HALLUCINATION_T1,
NT_ANT_HAZ_NE2,Stunting prevalence,percentage,NUTRITION,survey_based,GNB,Guinea-Bissau,WCA,LIC,2017,HALLUCINATION_T1,
NT_ANT_HAZ_NE2,Stunting prevalence,percentage,NUTRITION,survey_based,GNB,Guinea-Bissau,WCA,LIC,2018,HALLUCINATION_T1,
NT_ANT_HAZ_NE2,Stunting prevalence,percentage,NUTRITION,survey_based,GNB,Guinea-Bissau,WCA,LIC,2019,POSITIVE,27.696
NT_ANT_HAZ_NE2,Stunting prevalence,percentage,NUTRITION,survey_based,GNB,Guinea-Bissau,WCA,LIC,2020,HALLUCINATION_T1,
NT_ANT_HAZ_NE2,Stunting prevalence,percentage,NUTRITION,survey_based,GNB,Guinea-Bissau,WCA,LIC,2021,HALLUCINATION_T1,
NT_ANT_HAZ_NE2,Stunting prevalence,percentage,NUTRITION,survey_based,GNB,Guinea-Bissau,WCA,LIC,2022,HALLUCINATION_T1,
NT_ANT_HAZ_NE2,Stunting prevalence,percentage,NUTRITION,survey_based,GNB,Guinea-Bissau,WCA,LIC,2023,HALLUCINATION_T1,
NT_ANT_HAZ_NE2,Stunting prevalence,percentage,NUTRITION,survey_based,GNB,Guinea-Bissau,WCA,LIC,2024,HALLUCINATION_T1,
NT_ANT_HAZ_NE2,Stunting prevalence,percentage,NUTRITION,survey_based,COM,Comoros,ESA,LIC,2000,POSITIVE,46.9366
NT_ANT_HAZ_NE2,Stunting prevalence,percentage,NUTRITION,survey_based,COM,Comoros,ESA,LIC,2001,HALLUCINATION_T1,
NT_ANT_HAZ_NE2,Stunting prevalence,percentage,NUTRITION,survey_based,COM,Comoros,ESA,LIC,2002,HALLUCINATION_T1,
NT_ANT_HAZ_NE2,Stunting prevalence,percentage,NUTRITION,survey_based,COM,Comoros,ESA,LIC,2003,HALLUCINATION_T1,
NT_ANT_HAZ_NE2,Stunting prevalence,percentage,NUTRITION,survey_based,COM,Comoros,ESA,LIC,2004,HALLUCINATION_T1,
NT_ANT_HAZ_NE2,Stunting prevalence,percentage,NUTRITION,survey_based,COM,Comoros,ESA,LIC,2005,HALLUCINATION_T1,
NT_ANT_HAZ_NE2,Stunting prevalence,percentage,NUTRITION,survey_based,COM,Comoros,ESA,LIC,2006,HALLUCINATION_T1,
NT_ANT_HAZ_NE2,Stunting prevalence,percentage,NUTRITION,survey_based,COM,Comoros,ESA,LIC,2007,HALLUCINATION_T1,
NT_ANT_HAZ_NE2,Stunting prevalence,percentage,NUTRITION,survey_based,COM,Comoros,ESA,LIC,2008,HALLUCINATION_T1,
NT_ANT_HAZ_NE2,Stunting prevalence,percentage,NUTRITION,survey_based,COM,Comoros,ESA,LIC,2009,HALLUCINATION_T1,
NT_ANT_HAZ_NE2,Stunting prevalence,percentage,NUTRITION,survey_based,COM,Comoros,ESA,LIC,2010,HALLUCINATION_T1,
NT_ANT_HAZ_NE2,Stunting prevalence,percentage,NUTRITION,survey_based,COM,Comoros,ESA,LIC,2011,HALLUCINATION_T1,
NT_ANT_HAZ_NE2,Stunting prevalence,percentage,NUTRITION,survey_based,COM,Comoros,ESA,LIC,2012,POSITIVE,31.1312
NT_ANT_HAZ_NE2,Stunting prevalence,percentage,NUTRITION,survey_based,COM,Comoros,ESA,LIC,2013,HALLUCINATION_T1,
NT_ANT_HAZ_NE2,Stunting prevalence,percentage,NUTRITION,survey_based,COM,Comoros,ESA,LIC,2014,HALLUCINATION_T1,
NT_ANT_HAZ_NE2,Stunting prevalence,percentage,NUTRITION,survey_based,COM,Comoros,ESA,LIC,2015,HALLUCINATION_T1,
NT_ANT_HAZ_NE2,Stunting prevalence,percentage,NUTRITION,survey_based,COM,Comoros,ESA,LIC,2016,HALLUCINATION_T1,
NT_ANT_HAZ_NE2,Stunting prevalence,percentage,NUTRITION,survey_based,COM,Comoros,ESA,LIC,2017,HALLUCINATION_T1,
NT_ANT_HAZ_NE2,Stunting prevalence,percentage,NUTRITION,survey_based,COM,Comoros,ESA,LIC,2018,HALLUCINATION_T1,
NT_ANT_HAZ_NE2,Stunting prevalence,percentage,NUTRITION,survey_based,COM,Comoros,ESA,LIC,2019,HALLUCINATION_T1,
NT_ANT_HAZ_NE2,Stunting prevalence,percentage,NUTRITION,survey_based,COM,Comoros,ESA,LIC,2020,HALLUCINATION_T1,
NT_ANT_HAZ_NE2,Stunting prevalence,percentage,NUTRITION,survey_based,COM,Comoros,ESA,LIC,2021,HALLUCINATION_T1,
NT_ANT_HAZ_NE2,Stunting prevalence,percentage,NUTRITION,survey_based,COM,Comoros,ESA,LIC,2022,POSITIVE,18.1659
NT_ANT_HAZ_NE2,Stunting prevalence,percentage,NUTRITION,survey_based,COM,Comoros,ESA,LIC,2023,HALLUCINATION_T1,
NT_ANT_HAZ_NE2,Stunting prevalence,percentage,NUTRITION,survey_based,COM,Comoros,ESA,LIC,2024,HALLUCINATION_T1,
NT_ANT_HAZ_NE2,Stunting prevalence,percentage,NUTRITION,survey_based,ZMB,Zambia,ESA,LIC,2000,HALLUCINATION_T1,
NT_ANT_HAZ_NE2,Stunting prevalence,percentage,NUTRITION,survey_based,ZMB,Zambia,ESA,LIC,2001,HALLUCINATION_T1,
NT_ANT_HAZ_NE2,Stunting prevalence,percentage,NUTRITION,survey_based,ZMB,Zambia,ESA,LIC,2002,POSITIVE,52.5222
NT_ANT_HAZ_NE2,Stunting prevalence,percentage,NUTRITION,survey_based,ZMB,Zambia,ESA,LIC,2003,HALLUCINATION_T1,
NT_ANT_HAZ_NE2,Stunting prevalence,percentage,NUTRITION,survey_based,ZMB,Zambia,ESA,LIC,2004,HALLUCINATION_T1,
NT_ANT_HAZ_NE2,Stunting prevalence,percentage,NUTRITION,survey_based,ZMB,Zambia,ESA,LIC,2005,HALLUCINATION_T1,
NT_ANT_HAZ_NE2,Stunting prevalence,percentage,NUTRITION,survey_based,ZMB,Zambia,ESA,LIC,2006,HALLUCINATION_T1,
NT_ANT_HAZ_NE2,Stunting prevalence,percentage,NUTRITION,survey_based,ZMB,Zambia,ESA,LIC,2007,POSITIVE,45.8024
NT_ANT_HAZ_NE2,Stunting prevalence,percentage,NUTRITION,survey_based,ZMB,Zambia,ESA,LIC,2008,HALLUCINATION_T1,
NT_ANT_HAZ_NE2,Stunting prevalence,percentage,NUTRITION,survey_based,ZMB,Zambia,ESA,LIC,2009,HALLUCINATION_T1,
NT_ANT_HAZ_NE2,Stunting prevalence,percentage,NUTRITION,survey_based,ZMB,Zambia,ESA,LIC,2010,HALLUCINATION_T1,
NT_ANT_HAZ_NE2,Stunting prevalence,percentage,NUTRITION,survey_based,ZMB,Zambia,ESA,LIC,2011,HALLUCINATION_T1,
NT_ANT_HAZ_NE2,Stunting prevalence,percentage,NUTRITION,survey_based,ZMB,Zambia,ESA,LIC,2012,HALLUCINATION_T1,
NT_ANT_HAZ_NE2,Stunting prevalence,percentage,NUTRITION,survey_based,ZMB,Zambia,ESA,LIC,2013,POSITIVE,40.0166
NT_ANT_HAZ_NE2,Stunting prevalence,percentage,NUTRITION,survey_based,ZMB,Zambia,ESA,LIC,2014,HALLUCINATION_T1,
NT_ANT_HAZ_NE2,Stunting prevalence,percentage,NUTRITION,survey_based,ZMB,Zambia,ESA,LIC,2015,HALLUCINATION_T1,
NT_ANT_HAZ_NE2,Stunting prevalence,percentage,NUTRITION,survey_based,ZMB,Zambia,ESA,LIC,2016,HALLUCINATION_T1,
NT_ANT_HAZ_NE2,Stunting prevalence,percentage,NUTRITION,survey_based,ZMB,Zambia,ESA,LIC,2017,HALLUCINATION_T1,
NT_ANT_HAZ_NE2,Stunting prevalence,percentage,NUTRITION,survey_based,ZMB,Zambia,ESA,LIC,2018,POSITIVE,34.5873
NT_ANT_HAZ_NE2,Stunting prevalence,percentage,NUTRITION,survey_based,ZMB,Zambia,ESA,LIC,2019,HALLUCINATION_T1,
NT_ANT_HAZ_NE2,Stunting prevalence,percentage,NUTRITION,survey_based,ZMB,Zambia,ESA,LIC,2020,HALLUCINATION_T1,
NT_ANT_HAZ_NE2,Stunting prevalence,percentage,NUTRITION,survey_based,ZMB,Zambia,ESA,LIC,2021,HALLUCINATION_T1,
NT_ANT_HAZ_NE2,Stunting prevalence,percentage,NUTRITION,survey_based,ZMB,Zambia,ESA,LIC,2022,HALLUCINATION_T1,
NT_ANT_HAZ_NE2,Stunting prevalence,percentage,NUTRITION,survey_based,ZMB,Zambia,ESA,LIC,2023,HALLUCINATION_T1,
NT_ANT_HAZ_NE2,Stunting prevalence,percentage,NUTRITION,survey_based,ZMB,Zambia,ESA,LIC,2024,HALLUCINATION_T1,
NT_ANT_HAZ_NE2,Stunting prevalence,percentage,NUTRITION,survey_based,MAR,Morocco,MNA,LMC,2000,HALLUCINATION_T1,
NT_ANT_HAZ_NE2,Stunting prevalence,percentage,NUTRITION,survey_based,MAR,Morocco,MNA,LMC,2001,HALLUCINATION_T1,
NT_ANT_HAZ_NE2,Stunting prevalence,percentage,NUTRITION,survey_based,MAR,Morocco,MNA,LMC,2002,HALLUCINATION_T1,
NT_ANT_HAZ_NE2,Stunting prevalence,percentage,NUTRITION,survey_based,MAR,Morocco,MNA,LMC,2003,POSITIVE,23.0942
NT_ANT_HAZ_NE2,Stunting prevalence,percentage,NUTRITION,survey_based,MAR,Morocco,MNA,LMC,2004,HALLUCINATION_T1,
NT_ANT_HAZ_NE2,Stunting prevalence,percentage,NUTRITION,survey_based,MAR,Morocco,MNA,LMC,2005,HALLUCINATION_T1,
NT_ANT_HAZ_NE2,Stunting prevalence,percentage,NUTRITION,survey_based,MAR,Morocco,MNA,LMC,2006,HALLUCINATION_T1,
NT_ANT_HAZ_NE2,Stunting prevalence,percentage,NUTRITION,survey_based,MAR,Morocco,MNA,LMC,2007,HALLUCINATION_T1,
NT_ANT_HAZ_NE2,Stunting prevalence,percentage,NUTRITION,survey_based,MAR,Morocco,MNA,LMC,2008,HALLUCINATION_T1,
NT_ANT_HAZ_NE2,Stunting prevalence,percentage,NUTRITION,survey_based,MAR,Morocco,MNA,LMC,2009,HALLUCINATION_T1,
NT_ANT_HAZ_NE2,Stunting prevalence,percentage,NUTRITION,survey_based,MAR,Morocco,MNA,LMC,2010,HALLUCINATION_T1,
NT_ANT_HAZ_NE2,Stunting prevalence,percentage,NUTRITION,survey_based,MAR,Morocco,MNA,LMC,2011,POSITIVE,14.882
NT_ANT_HAZ_NE2,Stunting prevalence,percentage,NUTRITION,survey_based,MAR,Morocco,MNA,LMC,2012,HALLUCINATION_T1,
NT_ANT_HAZ_NE2,Stunting prevalence,percentage,NUTRITION,survey_based,MAR,Morocco,MNA,LMC,2013,HALLUCINATION_T1,
NT_ANT_HAZ_NE2,Stunting prevalence,percentage,NUTRITION,survey_based,MAR,Morocco,MNA,LMC,2014,HALLUCINATION_T1,
NT_ANT_HAZ_NE2,Stunting prevalence,percentage,NUTRITION,survey_based,MAR,Morocco,MNA,LMC,2015,HALLUCINATION_T1,
NT_ANT_HAZ_NE2,Stunting prevalence,percentage,NUTRITION,survey_based,MAR,Morocco,MNA,LMC,2016,HALLUCINATION_T1,
NT_ANT_HAZ_NE2,Stunting prevalence,percentage,NUTRITION,survey_based,MAR,Morocco,MNA,LMC,2017,POSITIVE,15.1064
NT_ANT_HAZ_NE2,Stunting prevalence,percentage,NUTRITION,survey_based,MAR,Morocco,MNA,LMC,2018,HALLUCINATION_T1,
NT_ANT_HAZ_NE2,Stunting prevalence,percentage,NUTRITION,survey_based,MAR,Morocco,MNA,LMC,2019,POSITIVE,14.2
NT_ANT_HAZ_NE2,Stunting prevalence,percentage,NUTRITION,survey_based,MAR,Morocco,MNA,LMC,2020,HALLUCINATION_T1,
NT_ANT_HAZ_NE2,Stunting prevalence,percentage,NUTRITION,survey_based,MAR,Morocco,MNA,LMC,2021,HALLUCINATION_T1,
NT_ANT_HAZ_NE2,Stunting prevalence,percentage,NUTRITION,survey_based,MAR,Morocco,MNA,LMC,2022,HALLUCINATION_T1,
NT_ANT_HAZ_NE2,Stunting prevalence,percentage,NUTRITION,survey_based,MAR,Morocco,MNA,LMC,2023,HALLUCINATION_T1,
NT_ANT_HAZ_NE2,Stunting prevalence,percentage,NUTRITION,survey_based,MAR,Morocco,MNA,LMC,2024,HALLUCINATION_T1,
NT_ANT_HAZ_NE2,Stunting prevalence,percentage,NUTRITION,survey_based,DZA,Algeria,MNA,LMC,2000,POSITIVE,23.6013
NT_ANT_HAZ_NE2,Stunting prevalence,percentage,NUTRITION,survey_based,DZA,Algeria,MNA,LMC,2001,HALLUCINATION_T1,
NT_ANT_HAZ_NE2,Stunting prevalence,percentage,NUTRITION,survey_based,DZA,Algeria,MNA,LMC,2002,POSITIVE,24.0393
NT_ANT_HAZ_NE2,Stunting prevalence,percentage,NUTRITION,survey_based,DZA,Algeria,MNA,LMC,2003,HALLUCINATION_T1,
NT_ANT_HAZ_NE2,Stunting prevalence,percentage,NUTRITION,survey_based,DZA,Algeria,MNA,LMC,2004,HALLUCINATION_T1,
NT_ANT_HAZ_NE2,Stunting prevalence,percentage,NUTRITION,survey_based,DZA,Algeria,MNA,LMC,2005,HALLUCINATION_T1,
NT_ANT_HAZ_NE2,Stunting prevalence,percentage,NUTRITION,survey_based,DZA,Algeria,MNA,LMC,2006,POSITIVE,15.4455
NT_ANT_HAZ_NE2,Stunting prevalence,percentage,NUTRITION,survey_based,DZA,Algeria,MNA,LMC,2007,HALLUCINATION_T1,
NT_ANT_HAZ_NE2,Stunting prevalence,percentage,NUTRITION,survey_based,DZA,Algeria,MNA,LMC,2008,HALLUCINATION_T1,
NT_ANT_HAZ_NE2,Stunting prevalence,percentage,NUTRITION,survey_based,DZA,Algeria,MNA,LMC,2009,HALLUCINATION_T1,
NT_ANT_HAZ_NE2,Stunting prevalence,percentage,NUTRITION,survey_based,DZA,Algeria,MNA,LMC,2010,HALLUCINATION_T1,
NT_ANT_HAZ_NE2,Stunting prevalence,percentage,NUTRITION,survey_based,DZA,Algeria,MNA,LMC,2011,HALLUCINATION_T1,
NT_ANT_HAZ_NE2,Stunting prevalence,percentage,NUTRITION,survey_based,DZA,Algeria,MNA,LMC,2012,POSITIVE,11.6896
NT_ANT_HAZ_NE2,Stunting prevalence,percentage,NUTRITION,survey_based,DZA,Algeria,MNA,LMC,2013,HALLUCINATION_T1,
NT_ANT_HAZ_NE2,Stunting prevalence,percentage,NUTRITION,survey_based,DZA,Algeria,MNA,LMC,2014,HALLUCINATION_T1,
NT_ANT_HAZ_NE2,Stunting prevalence,percentage,NUTRITION,survey_based,DZA,Algeria,MNA,LMC,2015,HALLUCINATION_T1,
NT_ANT_HAZ_NE2,Stunting prevalence,percentage,NUTRITION,survey_based,DZA,Algeria,MNA,LMC,2016,HALLUCINATION_T1,
NT_ANT_HAZ_NE2,Stunting prevalence,percentage,NUTRITION,survey_based,DZA,Algeria,MNA,LMC,2017,HALLUCINATION_T1,
NT_ANT_HAZ_NE2,Stunting prevalence,percentage,NUTRITION,survey_based,DZA,Algeria,MNA,LMC,2018,HALLUCINATION_T1,
NT_ANT_HAZ_NE2,Stunting prevalence,percentage,NUTRITION,survey_based,DZA,Algeria,MNA,LMC,2019,POSITIVE,9.8093
NT_ANT_HAZ_NE2,Stunting prevalence,percentage,NUTRITION,survey_based,DZA,Algeria,MNA,LMC,2020,HALLUCINATION_T1,
NT_ANT_HAZ_NE2,Stunting prevalence,percentage,NUTRITION,survey_based,DZA,Algeria,MNA,LMC,2021,HALLUCINATION_T1,
NT_ANT_HAZ_NE2,Stunting prevalence,percentage,NUTRITION,survey_based,DZA,Algeria,MNA,LMC,2022,HALLUCINATION_T1,
NT_ANT_HAZ_NE2,Stunting prevalence,percentage,NUTRITION,survey_based,DZA,Algeria,MNA,LMC,2023,HALLUCINATION_T1,
NT_ANT_HAZ_NE2,Stunting prevalence,percentage,NUTRITION,survey_based,DZA,Algeria,MNA,LMC,2024,HALLUCINATION_T1,
NT_ANT_HAZ_NE2,Stunting prevalence,percentage,NUTRITION,survey_based,LAO,Laos,EAP,LMC,2000,POSITIVE,47.5032
NT_ANT_HAZ_NE2,Stunting prevalence,percentage,NUTRITION,survey_based,LAO,Laos,EAP,LMC,2001,HALLUCINATION_T1,
NT_ANT_HAZ_NE2,Stunting prevalence,percentage,NUTRITION,survey_based,LAO,Laos,EAP,LMC,2002,HALLUCINATION_T1,
NT_ANT_HAZ_NE2,Stunting prevalence,percentage,NUTRITION,survey_based,LAO,Laos,EAP,LMC,2003,HALLUCINATION_T1,
NT_ANT_HAZ_NE2,Stunting prevalence,percentage,NUTRITION,survey_based,LAO,Laos,EAP,LMC,2004,HALLUCINATION_T1,
NT_ANT_HAZ_NE2,Stunting prevalence,percentage,NUTRITION,survey_based,LAO,Laos,EAP,LMC,2005,HALLUCINATION_T1,
NT_ANT_HAZ_NE2,Stunting prevalence,percentage,NUTRITION,survey_based,LAO,Laos,EAP,LMC,2006,POSITIVE,47.6627
NT_ANT_HAZ_NE2,Stunting prevalence,percentage,NUTRITION,survey_based,LAO,Laos,EAP,LMC,2007,HALLUCINATION_T1,
NT_ANT_HAZ_NE2,Stunting prevalence,percentage,NUTRITION,survey_based,LAO,Laos,EAP,LMC,2008,HALLUCINATION_T1,
NT_ANT_HAZ_NE2,Stunting prevalence,percentage,NUTRITION,survey_based,LAO,Laos,EAP,LMC,2009,HALLUCINATION_T1,
NT_ANT_HAZ_NE2,Stunting prevalence,percentage,NUTRITION,survey_based,LAO,Laos,EAP,LMC,2010,HALLUCINATION_T1,
NT_ANT_HAZ_NE2,Stunting prevalence,percentage,NUTRITION,survey_based,LAO,Laos,EAP,LMC,2011,POSITIVE,44.1795
NT_ANT_HAZ_NE2,Stunting prevalence,percentage,NUTRITION,survey_based,LAO,Laos,EAP,LMC,2012,HALLUCINATION_T1,
NT_ANT_HAZ_NE2,Stunting prevalence,percentage,NUTRITION,survey_based,LAO,Laos,EAP,LMC,2013,HALLUCINATION_T1,
NT_ANT_HAZ_NE2,Stunting prevalence,percentage,NUTRITION,survey_based,LAO,Laos,EAP,LMC,2014,HALLUCINATION_T1,
NT_ANT_HAZ_NE2,Stunting prevalence,percentage,NUTRITION,survey_based,LAO,Laos,EAP,LMC,2015,POSITIVE,35.5179
NT_ANT_HAZ_NE2,Stunting prevalence,percentage,NUTRITION,survey_based,LAO,Laos,EAP,LMC,2016,HALLUCINATION_T1,
NT_ANT_HAZ_NE2,Stunting prevalence,percentage,NUTRITION,survey_based,LAO,Laos,EAP,LMC,2017,POSITIVE,33.0632
NT_ANT_HAZ_NE2,Stunting prevalence,percentage,NUTRITION,survey_based,LAO,Laos,EAP,LMC,2018,HALLUCINATION_T1,
NT_ANT_HAZ_NE2,Stunting prevalence,percentage,NUTRITION,survey_based,LAO,Laos,EAP,LMC,2019,HALLUCINATION_T1,
NT_ANT_HAZ_NE2,Stunting prevalence,percentage,NUTRITION,survey_based,LAO,Laos,EAP,LMC,2020,HALLUCINATION_T1,
NT_ANT_HAZ_NE2,Stunting prevalence,percentage,NUTRITION,survey_based,LAO,Laos,EAP,LMC,2021,HALLUCINATION_T1,
NT_ANT_HAZ_NE2,Stunting prevalence,percentage,NUTRITION,survey_based,LAO,Laos,EAP,LMC,2022,HALLUCINATION_T1,
NT_ANT_HAZ_NE2,Stunting prevalence,percentage,NUTRITION,survey_based,LAO,Laos,EAP,LMC,2023,POSITIVE,32.8
NT_ANT_HAZ_NE2,Stunting prevalence,percentage,NUTRITION,survey_based,LAO,Laos,EAP,LMC,2024,HALLUCINATION_T1,
NT_ANT_HAZ_NE2,Stunting prevalence,percentage,NUTRITION,survey_based,KGZ,Kyrgyzstan,ECA,LMC,2000,HALLUCINATION_T1,
NT_ANT_HAZ_NE2,Stunting prevalence,percentage,NUTRITION,survey_based,KGZ,Kyrgyzstan,ECA,LMC,2001,HALLUCINATION_T1,
NT_ANT_HAZ_NE2,Stunting prevalence,percentage,NUTRITION,survey_based,KGZ,Kyrgyzstan,ECA,LMC,2002,HALLUCINATION_T1,
NT_ANT_HAZ_NE2,Stunting prevalence,percentage,NUTRITION,survey_based,KGZ,Kyrgyzstan,ECA,LMC,2003,HALLUCINATION_T1,
NT_ANT_HAZ_NE2,Stunting prevalence,percentage,NUTRITION,survey_based,KGZ,Kyrgyzstan,ECA,LMC,2004,HALLUCINATION_T1,
NT_ANT_HAZ_NE2,Stunting prevalence,percentage,NUTRITION,survey_based,KGZ,Kyrgyzstan,ECA,LMC,2005,HALLUCINATION_T1,
NT_ANT_HAZ_NE2,Stunting prevalence,percentage,NUTRITION,survey_based,KGZ,Kyrgyzstan,ECA,LMC,2006,POSITIVE,18.0974
NT_ANT_HAZ_NE2,Stunting prevalence,percentage,NUTRITION,survey_based,KGZ,Kyrgyzstan,ECA,LMC,2007,HALLUCINATION_T1,
NT_ANT_HAZ_NE2,Stunting prevalence,percentage,NUTRITION,survey_based,KGZ,Kyrgyzstan,ECA,LMC,2008,HALLUCINATION_T1,
NT_ANT_HAZ_NE2,Stunting prevalence,percentage,NUTRITION,survey_based,KGZ,Kyrgyzstan,ECA,LMC,2009,POSITIVE,22.6
NT_ANT_HAZ_NE2,Stunting prevalence,percentage,NUTRITION,survey_based,KGZ,Kyrgyzstan,ECA,LMC,2010,HALLUCINATION_T1,
NT_ANT_HAZ_NE2,Stunting prevalence,percentage,NUTRITION,survey_based,KGZ,Kyrgyzstan,ECA,LMC,2011,HALLUCINATION_T1,
NT_ANT_HAZ_NE2,Stunting prevalence,percentage,NUTRITION,survey_based,KGZ,Kyrgyzstan,ECA,LMC,2012,POSITIVE,17.8898
NT_ANT_HAZ_NE2,Stunting prevalence,percentage,NUTRITION,survey_based,KGZ,Kyrgyzstan,ECA,LMC,2013,HALLUCINATION_T1,
NT_ANT_HAZ_NE2,Stunting prevalence,percentage,NUTRITION,survey_based,KGZ,Kyrgyzstan,ECA,LMC,2014,POSITIVE,12.9191
NT_ANT_HAZ_NE2,Stunting prevalence,percentage,NUTRITION,survey_based,KGZ,Kyrgyzstan,ECA,LMC,2015,HALLUCINATION_T1,
NT_ANT_HAZ_NE2,Stunting prevalence,percentage,NUTRITION,survey_based,KGZ,Kyrgyzstan,ECA,LMC,2016,HALLUCINATION_T1,
NT_ANT_HAZ_NE2,Stunting prevalence,percentage,NUTRITION,survey_based,KGZ,Kyrgyzstan,ECA,LMC,2017,HALLUCINATION_T1,
NT_ANT_HAZ_NE2,Stunting prevalence,percentage,NUTRITION,survey_based,KGZ,Kyrgyzstan,ECA,LMC,2018,POSITIVE,11.7534
NT_ANT_HAZ_NE2,Stunting prevalence,percentage,NUTRITION,survey_based,KGZ,Kyrgyzstan,ECA,LMC,2019,HALLUCINATION_T1,
NT_ANT_HAZ_NE2,Stunting prevalence,percentage,NUTRITION,survey_based,KGZ,Kyrgyzstan,ECA,LMC,2020,HALLUCINATION_T1,
NT_ANT_HAZ_NE2,Stunting prevalence,percentage,NUTRITION,survey_based,KGZ,Kyrgyzstan,ECA,LMC,2021,POSITIVE,8.5713
NT_ANT_HAZ_NE2,Stunting prevalence,percentage,NUTRITION,survey_based,KGZ,Kyrgyzstan,ECA,LMC,2022,HALLUCINATION_T1,
NT_ANT_HAZ_NE2,Stunting prevalence,percentage,NUTRITION,survey_based,KGZ,Kyrgyzstan,ECA,LMC,2023,POSITIVE,14.1487
NT_ANT_HAZ_NE2,Stunting prevalence,percentage,NUTRITION,survey_based,KGZ,Kyrgyzstan,ECA,LMC,2024,HALLUCINATION_T1,
NT_ANT_HAZ_NE2,Stunting prevalence,percentage,NUTRITION,survey_based,TJK,Tajikistan,ECA,LMC,2000,POSITIVE,42.1
NT_ANT_HAZ_NE2,Stunting prevalence,percentage,NUTRITION,survey_based,TJK,Tajikistan,ECA,LMC,2001,POSITIVE,43.2
NT_ANT_HAZ_NE2,Stunting prevalence,percentage,NUTRITION,survey_based,TJK,Tajikistan,ECA,LMC,2002,POSITIVE,37.1
NT_ANT_HAZ_NE2,Stunting prevalence,percentage,NUTRITION,survey_based,TJK,Tajikistan,ECA,LMC,2003,POSITIVE,42.4
NT_ANT_HAZ_NE2,Stunting prevalence,percentage,NUTRITION,survey_based,TJK,Tajikistan,ECA,LMC,2004,HALLUCINATION_T1,
NT_ANT_HAZ_NE2,Stunting prevalence,percentage,NUTRITION,survey_based,TJK,Tajikistan,ECA,LMC,2005,POSITIVE,33.0948
NT_ANT_HAZ_NE2,Stunting prevalence,percentage,NUTRITION,survey_based,TJK,Tajikistan,ECA,LMC,2006,HALLUCINATION_T1,
NT_ANT_HAZ_NE2,Stunting prevalence,percentage,NUTRITION,survey_based,TJK,Tajikistan,ECA,LMC,2007,POSITIVE,39.266
NT_ANT_HAZ_NE2,Stunting prevalence,percentage,NUTRITION,survey_based,TJK,Tajikistan,ECA,LMC,2008,HALLUCINATION_T1,
NT_ANT_HAZ_NE2,Stunting prevalence,percentage,NUTRITION,survey_based,TJK,Tajikistan,ECA,LMC,2009,POSITIVE,28.7811
NT_ANT_HAZ_NE2,Stunting prevalence,percentage,NUTRITION,survey_based,TJK,Tajikistan,ECA,LMC,2010,HALLUCINATION_T1,
NT_ANT_HAZ_NE2,Stunting prevalence,percentage,NUTRITION,survey_based,TJK,Tajikistan,ECA,LMC,2011,HALLUCINATION_T1,
NT_ANT_HAZ_NE2,Stunting prevalence,percentage,NUTRITION,survey_based,TJK,Tajikistan,ECA,LMC,2012,POSITIVE,26.8646
NT_ANT_HAZ_NE2,Stunting prevalence,percentage,NUTRITION,survey_based,TJK,Tajikistan,ECA,LMC,2013,HALLUCINATION_T1,
NT_ANT_HAZ_NE2,Stunting prevalence,percentage,NUTRITION,survey_based,TJK,Tajikistan,ECA,LMC,2014,HALLUCINATION_T1,
NT_ANT_HAZ_NE2,Stunting prevalence,percentage,NUTRITION,survey_based,TJK,Tajikistan,ECA,LMC,2015,HALLUCINATION_T1,
NT_ANT_HAZ_NE2,Stunting prevalence,percentage,NUTRITION,survey_based,TJK,Tajikistan,ECA,LMC,2016,POSITIVE,19.6366
NT_ANT_HAZ_NE2,Stunting prevalence,percentage,NUTRITION,survey_based,TJK,Tajikistan,ECA,LMC,2017,POSITIVE,17.5103
NT_ANT_HAZ_NE2,Stunting prevalence,percentage,NUTRITION,survey_based,TJK,Tajikistan,ECA,LMC,2018,HALLUCINATION_T1,
NT_ANT_HAZ_NE2,Stunting prevalence,percentage,NUTRITION,survey_based,TJK,Tajikistan,ECA,LMC,2019,HALLUCINATION_T1,
NT_ANT_HAZ_NE2,Stunting prevalence,percentage,NUTRITION,survey_based,TJK,Tajikistan,ECA,LMC,2020,HALLUCINATION_T1,
NT_ANT_HAZ_NE2,Stunting prevalence,percentage,NUTRITION,survey_based,TJK,Tajikistan,ECA,LMC,2021,HALLUCINATION_T1,
NT_ANT_HAZ_NE2,Stunting prevalence,percentage,NUTRITION,survey_based,TJK,Tajikistan,ECA,LMC,2022,HALLUCINATION_T1,
NT_ANT_HAZ_NE2,Stunting prevalence,percentage,NUTRITION,survey_based,TJK,Tajikistan,ECA,LMC,2023,POSITIVE,13.7
NT_ANT_HAZ_NE2,Stunting prevalence,percentage,NUTRITION,survey_based,TJK,Tajikistan,ECA,LMC,2024,HALLUCINATION_T1,
NT_ANT_HAZ_NE2,Stunting prevalence,percentage,NUTRITION,survey_based,IRN,Iran,MNA,UMC,2000,HALLUCINATION_T1,
NT_ANT_HAZ_NE2,Stunting prevalence,percentage,NUTRITION,survey_based,IRN,Iran,MNA,UMC,2001,HALLUCINATION_T1,
NT_ANT_HAZ_NE2,Stunting prevalence,percentage,NUTRITION,survey_based,IRN,Iran,MNA,UMC,2002,HALLUCINATION_T1,
NT_ANT_HAZ_NE2,Stunting prevalence,percentage,NUTRITION,survey_based,IRN,Iran,MNA,UMC,2003,HALLUCINATION_T1,
NT_ANT_HAZ_NE2,Stunting prevalence,percentage,NUTRITION,survey_based,IRN,Iran,MNA,UMC,2004,POSITIVE,7.1
NT_ANT_HAZ_NE2,Stunting prevalence,percentage,NUTRITION,survey_based,IRN,Iran,MNA,UMC,2005,HALLUCINATION_T1,
NT_ANT_HAZ_NE2,Stunting prevalence,percentage,NUTRITION,survey_based,IRN,Iran,MNA,UMC,2006,HALLUCINATION_T1,
NT_ANT_HAZ_NE2,Stunting prevalence,percentage,NUTRITION,survey_based,IRN,Iran,MNA,UMC,2007,HALLUCINATION_T1,
NT_ANT_HAZ_NE2,Stunting prevalence,percentage,NUTRITION,survey_based,IRN,Iran,MNA,UMC,2008,HALLUCINATION_T1,
NT_ANT_HAZ_NE2,Stunting prevalence,percentage,NUTRITION,survey_based,IRN,Iran,MNA,UMC,2009,HALLUCINATION_T1,
NT_ANT_HAZ_NE2,Stunting prevalence,percentage,NUTRITION,survey_based,IRN,Iran,MNA,UMC,2010,POSITIVE,6.83
NT_ANT_HAZ_NE2,Stunting prevalence,percentage,NUTRITION,survey_based,IRN,Iran,MNA,UMC,2011,HALLUCINATION_T1,
NT_ANT_HAZ_NE2,Stunting prevalence,percentage,NUTRITION,survey_based,IRN,Iran,MNA,UMC,2012,HALLUCINATION_T1,
NT_ANT_HAZ_NE2,Stunting prevalence,percentage,NUTRITION,survey_based,IRN,Iran,MNA,UMC,2013,HALLUCINATION_T1,
NT_ANT_HAZ_NE2,Stunting prevalence,percentage,NUTRITION,survey_based,IRN,Iran,MNA,UMC,2014,HALLUCINATION_T1,
NT_ANT_HAZ_NE2,Stunting prevalence,percentage,NUTRITION,survey_based,IRN,Iran,MNA,UMC,2015,HALLUCINATION_T1,
NT_ANT_HAZ_NE2,Stunting prevalence,percentage,NUTRITION,survey_based,IRN,Iran,MNA,UMC,2016,HALLUCINATION_T1,
NT_ANT_HAZ_NE2,Stunting prevalence,percentage,NUTRITION,survey_based,IRN,Iran,MNA,UMC,2017,POSITIVE,4.8
NT_ANT_HAZ_NE2,Stunting prevalence,percentage,NUTRITION,survey_based,IRN,Iran,MNA,UMC,2018,HALLUCINATION_T1,
NT_ANT_HAZ_NE2,Stunting prevalence,percentage,NUTRITION,survey_based,IRN,Iran,MNA,UMC,2019,HALLUCINATION_T1,
NT_ANT_HAZ_NE2,Stunting prevalence,percentage,NUTRITION,survey_based,IRN,Iran,MNA,UMC,2020,HALLUCINATION_T1,
NT_ANT_HAZ_NE2,Stunting prevalence,percentage,NUTRITION,survey_based,IRN,Iran,MNA,UMC,2021,HALLUCINATION_T1,
NT_ANT_HAZ_NE2,Stunting prevalence,percentage,NUTRITION,survey_based,IRN,Iran,MNA,UMC,2022,HALLUCINATION_T1,
NT_ANT_HAZ_NE2,Stunting prevalence,percentage,NUTRITION,survey_based,IRN,Iran,MNA,UMC,2023,HALLUCINATION_T1,
NT_ANT_HAZ_NE2,Stunting prevalence,percentage,NUTRITION,survey_based,IRN,Iran,MNA,UMC,2024,HALLUCINATION_T1,
NT_ANT_HAZ_NE2,Stunting prevalence,percentage,NUTRITION,survey_based,AZE,Azerbaijan,ECA,UMC,2000,POSITIVE,24.1576
NT_ANT_HAZ_NE2,Stunting prevalence,percentage,NUTRITION,survey_based,AZE,Azerbaijan,ECA,UMC,2001,POSITIVE,18.0
NT_ANT_HAZ_NE2,Stunting prevalence,percentage,NUTRITION,survey_based,AZE,Azerbaijan,ECA,UMC,2002,HALLUCINATION_T1,
NT_ANT_HAZ_NE2,Stunting prevalence,percentage,NUTRITION,survey_based,AZE,Azerbaijan,ECA,UMC,2003,HALLUCINATION_T1,
NT_ANT_HAZ_NE2,Stunting prevalence,percentage,NUTRITION,survey_based,AZE,Azerbaijan,ECA,UMC,2004,HALLUCINATION_T1,
NT_ANT_HAZ_NE2,Stunting prevalence,percentage,NUTRITION,survey_based,AZE,Azerbaijan,ECA,UMC,2005,HALLUCINATION_T1,
NT_ANT_HAZ_NE2,Stunting prevalence,percentage,NUTRITION,survey_based,AZE,Azerbaijan,ECA,UMC,2006,POSITIVE,26.5475
NT_ANT_HAZ_NE2,Stunting prevalence,percentage,NUTRITION,survey_based,AZE,Azerbaijan,ECA,UMC,2007,HALLUCINATION_T1,
NT_ANT_HAZ_NE2,Stunting prevalence,percentage,NUTRITION,survey_based,AZE,Azerbaijan,ECA,UMC,2008,HALLUCINATION_T1,
NT_ANT_HAZ_NE2,Stunting prevalence,percentage,NUTRITION,survey_based,AZE,Azerbaijan,ECA,UMC,2009,HALLUCINATION_T1,
NT_ANT_HAZ_NE2,Stunting prevalence,percentage,NUTRITION,survey_based,AZE,Azerbaijan,ECA,UMC,2010,HALLUCINATION_T1,
NT_ANT_HAZ_NE2,Stunting prevalence,percentage,NUTRITION,survey_based,AZE,Azerbaijan,ECA,UMC,2011,POSITIVE,16.4
NT_ANT_HAZ_NE2,Stunting prevalence,percentage,NUTRITION,survey_based,AZE,Azerbaijan,ECA,UMC,2012,HALLUCINATION_T1,
NT_ANT_HAZ_NE2,Stunting prevalence,percentage,NUTRITION,survey_based,AZE,Azerbaijan,ECA,UMC,2013,POSITIVE,17.7725
NT_ANT_HAZ_NE2,Stunting prevalence,percentage,NUTRITION,survey_based,AZE,Azerbaijan,ECA,UMC,2014,HALLUCINATION_T1,
NT_ANT_HAZ_NE2,Stunting prevalence,percentage,NUTRITION,survey_based,AZE,Azerbaijan,ECA,UMC,2015,HALLUCINATION_T1,
NT_ANT_HAZ_NE2,Stunting prevalence,percentage,NUTRITION,survey_based,AZE,Azerbaijan,ECA,UMC,2016,HALLUCINATION_T1,
NT_ANT_HAZ_NE2,Stunting prevalence,percentage,NUTRITION,survey_based,AZE,Azerbaijan,ECA,UMC,2017,HALLUCINATION_T1,
NT_ANT_HAZ_NE2,Stunting prevalence,percentage,NUTRITION,survey_based,AZE,Azerbaijan,ECA,UMC,2018,HALLUCINATION_T1,
NT_ANT_HAZ_NE2,Stunting prevalence,percentage,NUTRITION,survey_based,AZE,Azerbaijan,ECA,UMC,2019,HALLUCINATION_T1,
NT_ANT_HAZ_NE2,Stunting prevalence,percentage,NUTRITION,survey_based,AZE,Azerbaijan,ECA,UMC,2020,HALLUCINATION_T1,
NT_ANT_HAZ_NE2,Stunting prevalence,percentage,NUTRITION,survey_based,AZE,Azerbaijan,ECA,UMC,2021,HALLUCINATION_T1,
NT_ANT_HAZ_NE2,Stunting prevalence,percentage,NUTRITION,survey_based,AZE,Azerbaijan,ECA,UMC,2022,HALLUCINATION_T1,
NT_ANT_HAZ_NE2,Stunting prevalence,percentage,NUTRITION,survey_based,AZE,Azerbaijan,ECA,UMC,2023,POSITIVE,6.5536
NT_ANT_HAZ_NE2,Stunting prevalence,percentage,NUTRITION,survey_based,AZE,Azerbaijan,ECA,UMC,2024,HALLUCINATION_T1,
NT_ANT_HAZ_NE2,Stunting prevalence,percentage,NUTRITION,survey_based,GEO,Georgia,ECA,UMC,2000,HALLUCINATION_T1,
NT_ANT_HAZ_NE2,Stunting prevalence,percentage,NUTRITION,survey_based,GEO,Georgia,ECA,UMC,2001,HALLUCINATION_T1,
NT_ANT_HAZ_NE2,Stunting prevalence,percentage,NUTRITION,survey_based,GEO,Georgia,ECA,UMC,2002,HALLUCINATION_T1,
NT_ANT_HAZ_NE2,Stunting prevalence,percentage,NUTRITION,survey_based,GEO,Georgia,ECA,UMC,2003,HALLUCINATION_T1,
NT_ANT_HAZ_NE2,Stunting prevalence,percentage,NUTRITION,survey_based,GEO,Georgia,ECA,UMC,2004,HALLUCINATION_T1,
NT_ANT_HAZ_NE2,Stunting prevalence,percentage,NUTRITION,survey_based,GEO,Georgia,ECA,UMC,2005,POSITIVE,14.5929
NT_ANT_HAZ_NE2,Stunting prevalence,percentage,NUTRITION,survey_based,GEO,Georgia,ECA,UMC,2006,HALLUCINATION_T1,
NT_ANT_HAZ_NE2,Stunting prevalence,percentage,NUTRITION,survey_based,GEO,Georgia,ECA,UMC,2007,HALLUCINATION_T1,
NT_ANT_HAZ_NE2,Stunting prevalence,percentage,NUTRITION,survey_based,GEO,Georgia,ECA,UMC,2008,HALLUCINATION_T1,
NT_ANT_HAZ_NE2,Stunting prevalence,percentage,NUTRITION,survey_based,GEO,Georgia,ECA,UMC,2009,POSITIVE,11.7644
NT_ANT_HAZ_NE2,Stunting prevalence,percentage,NUTRITION,survey_based,GEO,Georgia,ECA,UMC,2010,HALLUCINATION_T1,
NT_ANT_HAZ_NE2,Stunting prevalence,percentage,NUTRITION,survey_based,GEO,Georgia,ECA,UMC,2011,HALLUCINATION_T1,
NT_ANT_HAZ_NE2,Stunting prevalence,percentage,NUTRITION,survey_based,GEO,Georgia,ECA,UMC,2012,HALLUCINATION_T1,
NT_ANT_HAZ_NE2,Stunting prevalence,percentage,NUTRITION,survey_based,GEO,Georgia,ECA,UMC,2013,HALLUCINATION_T1,
NT_ANT_HAZ_NE2,Stunting prevalence,percentage,NUTRITION,survey_based,GEO,Georgia,ECA,UMC,2014,HALLUCINATION_T1,
NT_ANT_HAZ_NE2,Stunting prevalence,percentage,NUTRITION,survey_based,GEO,Georgia,ECA,UMC,2015,HALLUCINATION_T1,
NT_ANT_HAZ_NE2,Stunting prevalence,percentage,NUTRITION,survey_based,GEO,Georgia,ECA,UMC,2016,HALLUCINATION_T1,
NT_ANT_HAZ_NE2,Stunting prevalence,percentage,NUTRITION,survey_based,GEO,Georgia,ECA,UMC,2017,HALLUCINATION_T1,
NT_ANT_HAZ_NE2,Stunting prevalence,percentage,NUTRITION,survey_based,GEO,Georgia,ECA,UMC,2018,POSITIVE,5.763
NT_ANT_HAZ_NE2,Stunting prevalence,percentage,NUTRITION,survey_based,GEO,Georgia,ECA,UMC,2019,HALLUCINATION_T1,
NT_ANT_HAZ_NE2,Stunting prevalence,percentage,NUTRITION,survey_based,GEO,Georgia,ECA,UMC,2020,HALLUCINATION_T1,
NT_ANT_HAZ_NE2,Stunting prevalence,percentage,NUTRITION,survey_based,GEO,Georgia,ECA,UMC,2021,HALLUCINATION_T1,
NT_ANT_HAZ_NE2,Stunting prevalence,percentage,NUTRITION,survey_based,GEO,Georgia,ECA,UMC,2022,HALLUCINATION_T1,
NT_ANT_HAZ_NE2,Stunting prevalence,percentage,NUTRITION,survey_based,GEO,Georgia,ECA,UMC,2023,HALLUCINATION_T1,
NT_ANT_HAZ_NE2,Stunting prevalence,percentage,NUTRITION,survey_based,GEO,Georgia,ECA,UMC,2024,HALLUCINATION_T1,
NT_ANT_HAZ_NE2,Stunting prevalence,percentage,NUTRITION,survey_based,ALB,Albania,ECA,UMC,2000,HALLUCINATION_T1,
NT_ANT_HAZ_NE2,Stunting prevalence,percentage,NUTRITION,survey_based,ALB,Albania,ECA,UMC,2001,HALLUCINATION_T1,
NT_ANT_HAZ_NE2,Stunting prevalence,percentage,NUTRITION,survey_based,ALB,Albania,ECA,UMC,2002,HALLUCINATION_T1,
NT_ANT_HAZ_NE2,Stunting prevalence,percentage,NUTRITION,survey_based,ALB,Albania,ECA,UMC,2003,HALLUCINATION_T1,
NT_ANT_HAZ_NE2,Stunting prevalence,percentage,NUTRITION,survey_based,ALB,Albania,ECA,UMC,2004,HALLUCINATION_T1,
NT_ANT_HAZ_NE2,Stunting prevalence,percentage,NUTRITION,survey_based,ALB,Albania,ECA,UMC,2005,POSITIVE,26.7166
NT_ANT_HAZ_NE2,Stunting prevalence,percentage,NUTRITION,survey_based,ALB,Albania,ECA,UMC,2006,HALLUCINATION_T1,
NT_ANT_HAZ_NE2,Stunting prevalence,percentage,NUTRITION,survey_based,ALB,Albania,ECA,UMC,2007,HALLUCINATION_T1,
NT_ANT_HAZ_NE2,Stunting prevalence,percentage,NUTRITION,survey_based,ALB,Albania,ECA,UMC,2008,HALLUCINATION_T1,
NT_ANT_HAZ_NE2,Stunting prevalence,percentage,NUTRITION,survey_based,ALB,Albania,ECA,UMC,2009,POSITIVE,23.1875
NT_ANT_HAZ_NE2,Stunting prevalence,percentage,NUTRITION,survey_based,ALB,Albania,ECA,UMC,2010,HALLUCINATION_T1,
NT_ANT_HAZ_NE2,Stunting prevalence,percentage,NUTRITION,survey_based,ALB,Albania,ECA,UMC,2011,HALLUCINATION_T1,
NT_ANT_HAZ_NE2,Stunting prevalence,percentage,NUTRITION,survey_based,ALB,Albania,ECA,UMC,2012,HALLUCINATION_T1,
NT_ANT_HAZ_NE2,Stunting prevalence,percentage,NUTRITION,survey_based,ALB,Albania,ECA,UMC,2013,HALLUCINATION_T1,
NT_ANT_HAZ_NE2,Stunting prevalence,percentage,NUTRITION,survey_based,ALB,Albania,ECA,UMC,2014,HALLUCINATION_T1,
NT_ANT_HAZ_NE2,Stunting prevalence,percentage,NUTRITION,survey_based,ALB,Albania,ECA,UMC,2015,HALLUCINATION_T1,
NT_ANT_HAZ_NE2,Stunting prevalence,percentage,NUTRITION,survey_based,ALB,Albania,ECA,UMC,2016,HALLUCINATION_T1,
NT_ANT_HAZ_NE2,Stunting prevalence,percentage,NUTRITION,survey_based,ALB,Albania,ECA,UMC,2017,POSITIVE,11.3233
NT_ANT_HAZ_NE2,Stunting prevalence,percentage,NUTRITION,survey_based,ALB,Albania,ECA,UMC,2018,HALLUCINATION_T1,
NT_ANT_HAZ_NE2,Stunting prevalence,percentage,NUTRITION,survey_based,ALB,Albania,ECA,UMC,2019,HALLUCINATION_T1,
NT_ANT_HAZ_NE2,Stunting prevalence,percentage,NUTRITION,survey_based,ALB,Albania,ECA,UMC,2020,HALLUCINATION_T1,
NT_ANT_HAZ_NE2,Stunting prevalence,percentage,NUTRITION,survey_based,ALB,Albania,ECA,UMC,2021,HALLUCINATION_T1,
NT_ANT_HAZ_NE2,Stunting prevalence,percentage,NUTRITION,survey_based,ALB,Albania,ECA,UMC,2022,HALLUCINATION_T1,
NT_ANT_HAZ_NE2,Stunting prevalence,percentage,NUTRITION,survey_based,ALB,Albania,ECA,UMC,2023,HALLUCINATION_T1,
NT_ANT_HAZ_NE2,Stunting prevalence,percentage,NUTRITION,survey_based,ALB,Albania,ECA,UMC,2024,HALLUCINATION_T1,
NT_ANT_HAZ_NE2,Stunting prevalence,percentage,NUTRITION,survey_based,BLR,Belarus,ECA,UMC,2000,HALLUCINATION_T1,
NT_ANT_HAZ_NE2,Stunting prevalence,percentage,NUTRITION,survey_based,BLR,Belarus,ECA,UMC,2001,HALLUCINATION_T1,
NT_ANT_HAZ_NE2,Stunting prevalence,percentage,NUTRITION,survey_based,BLR,Belarus,ECA,UMC,2002,HALLUCINATION_T1,
NT_ANT_HAZ_NE2,Stunting prevalence,percentage,NUTRITION,survey_based,BLR,Belarus,ECA,UMC,2003,HALLUCINATION_T1,
NT_ANT_HAZ_NE2,Stunting prevalence,percentage,NUTRITION,survey_based,BLR,Belarus,ECA,UMC,2004,HALLUCINATION_T1,
NT_ANT_HAZ_NE2,Stunting prevalence,percentage,NUTRITION,survey_based,BLR,Belarus,ECA,UMC,2005,POSITIVE,4.4575
NT_ANT_HAZ_NE2,Stunting prevalence,percentage,NUTRITION,survey_based,BLR,Belarus,ECA,UMC,2006,HALLUCINATION_T1,
NT_ANT_HAZ_NE2,Stunting prevalence,percentage,NUTRITION,survey_based,BLR,Belarus,ECA,UMC,2007,HALLUCINATION_T1,
NT_ANT_HAZ_NE2,Stunting prevalence,percentage,NUTRITION,survey_based,BLR,Belarus,ECA,UMC,2008,HALLUCINATION_T1,
NT_ANT_HAZ_NE2,Stunting prevalence,percentage,NUTRITION,survey_based,BLR,Belarus,ECA,UMC,2009,HALLUCINATION_T1,
NT_ANT_HAZ_NE2,Stunting prevalence,percentage,NUTRITION,survey_based,BLR,Belarus,ECA,UMC,2010,HALLUCINATION_T1,
NT_ANT_HAZ_NE2,Stunting prevalence,percentage,NUTRITION,survey_based,BLR,Belarus,ECA,UMC,2011,HALLUCINATION_T1,
NT_ANT_HAZ_NE2,Stunting prevalence,percentage,NUTRITION,survey_based,BLR,Belarus,ECA,UMC,2012,HALLUCINATION_T1,
NT_ANT_HAZ_NE2,Stunting prevalence,percentage,NUTRITION,survey_based,BLR,Belarus,ECA,UMC,2013,HALLUCINATION_T1,
NT_ANT_HAZ_NE2,Stunting prevalence,percentage,NUTRITION,survey_based,BLR,Belarus,ECA,UMC,2014,HALLUCINATION_T1,
NT_ANT_HAZ_NE2,Stunting prevalence,percentage,NUTRITION,survey_based,BLR,Belarus,ECA,UMC,2015,HALLUCINATION_T1,
NT_ANT_HAZ_NE2,Stunting prevalence,percentage,NUTRITION,survey_based,BLR,Belarus,ECA,UMC,2016,HALLUCINATION_T1,
NT_ANT_HAZ_NE2,Stunting prevalence,percentage,NUTRITION,survey_based,BLR,Belarus,ECA,UMC,2017,HALLUCINATION_T1,
NT_ANT_HAZ_NE2,Stunting prevalence,percentage,NUTRITION,survey_based,BLR,Belarus,ECA,UMC,2018,HALLUCINATION_T1,
NT_ANT_HAZ_NE2,Stunting prevalence,percentage,NUTRITION,survey_based,BLR,Belarus,ECA,UMC,2019,POSITIVE,1.1
NT_ANT_HAZ_NE2,Stunting prevalence,percentage,NUTRITION,survey_based,BLR,Belarus,ECA,UMC,2020,POSITIVE,1.2
NT_ANT_HAZ_NE2,Stunting prevalence,percentage,NUTRITION,survey_based,BLR,Belarus,ECA,UMC,2021,POSITIVE,1.2
NT_ANT_HAZ_NE2,Stunting prevalence,percentage,NUTRITION,survey_based,BLR,Belarus,ECA,UMC,2022,POSITIVE,1.2
NT_ANT_HAZ_NE2,Stunting prevalence,percentage,NUTRITION,survey_based,BLR,Belarus,ECA,UMC,2023,POSITIVE,1.2
NT_ANT_HAZ_NE2,Stunting prevalence,percentage,NUTRITION,survey_based,BLR,Belarus,ECA,UMC,2024,HALLUCINATION_T1,
NT_ANT_HAZ_NE2,Stunting prevalence,percentage,NUTRITION,survey_based,KWT,Kuwait,MNA,HIC,2000,HALLUCINATION_T1,
NT_ANT_HAZ_NE2,Stunting prevalence,percentage,NUTRITION,survey_based,KWT,Kuwait,MNA,HIC,2001,POSITIVE,3.8594
NT_ANT_HAZ_NE2,Stunting prevalence,percentage,NUTRITION,survey_based,KWT,Kuwait,MNA,HIC,2002,POSITIVE,3.5659
NT_ANT_HAZ_NE2,Stunting prevalence,percentage,NUTRITION,survey_based,KWT,Kuwait,MNA,HIC,2003,POSITIVE,3.9926
NT_ANT_HAZ_NE2,Stunting prevalence,percentage,NUTRITION,survey_based,KWT,Kuwait,MNA,HIC,2004,POSITIVE,4.1087
NT_ANT_HAZ_NE2,Stunting prevalence,percentage,NUTRITION,survey_based,KWT,Kuwait,MNA,HIC,2005,POSITIVE,4.5179
NT_ANT_HAZ_NE2,Stunting prevalence,percentage,NUTRITION,survey_based,KWT,Kuwait,MNA,HIC,2006,POSITIVE,4.8327
NT_ANT_HAZ_NE2,Stunting prevalence,percentage,NUTRITION,survey_based,KWT,Kuwait,MNA,HIC,2007,POSITIVE,5.094
NT_ANT_HAZ_NE2,Stunting prevalence,percentage,NUTRITION,survey_based,KWT,Kuwait,MNA,HIC,2008,POSITIVE,5.0946
NT_ANT_HAZ_NE2,Stunting prevalence,percentage,NUTRITION,survey_based,KWT,Kuwait,MNA,HIC,2009,POSITIVE,3.7727
NT_ANT_HAZ_NE2,Stunting prevalence,percentage,NUTRITION,survey_based,KWT,Kuwait,MNA,HIC,2010,POSITIVE,4.0217
NT_ANT_HAZ_NE2,Stunting prevalence,percentage,NUTRITION,survey_based,KWT,Kuwait,MNA,HIC,2011,POSITIVE,4.0573
NT_ANT_HAZ_NE2,Stunting prevalence,percentage,NUTRITION,survey_based,KWT,Kuwait,MNA,HIC,2012,POSITIVE,4.2702
NT_ANT_HAZ_NE2,Stunting prevalence,percentage,NUTRITION,survey_based,KWT,Kuwait,MNA,HIC,2013,POSITIVE,5.6068
NT_ANT_HAZ_NE2,Stunting prevalence,percentage,NUTRITION,survey_based,KWT,Kuwait,MNA,HIC,2014,POSITIVE,5.8985
NT_ANT_HAZ_NE2,Stunting prevalence,percentage,NUTRITION,survey_based,KWT,Kuwait,MNA,HIC,2015,POSITIVE,5.2103
NT_ANT_HAZ_NE2,Stunting prevalence,percentage,NUTRITION,survey_based,KWT,Kuwait,MNA,HIC,2016,POSITIVE,6.2639
NT_ANT_HAZ_NE2,Stunting prevalence,percentage,NUTRITION,survey_based,KWT,Kuwait,MNA,HIC,2017,POSITIVE,5.7539
NT_ANT_HAZ_NE2,Stunting prevalence,percentage,NUTRITION,survey_based,KWT,Kuwait,MNA,HIC,2018,POSITIVE,7.0069
NT_ANT_HAZ_NE2,Stunting prevalence,percentage,NUTRITION,survey_based,KWT,Kuwait,MNA,HIC,2019,POSITIVE,4.6363
NT_ANT_HAZ_NE2,Stunting prevalence,percentage,NUTRITION,survey_based,KWT,Kuwait,MNA,HIC,2020,POSITIVE,3.8435
NT_ANT_HAZ_NE2,Stunting prevalence,percentage,NUTRITION,survey_based,KWT,Kuwait,MNA,HIC,2021,POSITIVE,4.3241
NT_ANT_HAZ_NE2,Stunting prevalence,percentage,NUTRITION,survey_based,KWT,Kuwait,MNA,HIC,2022,POSITIVE,4.6344
NT_ANT_HAZ_NE2,Stunting prevalence,percentage,NUTRITION,survey_based,KWT,Kuwait,MNA,HIC,2023,POSITIVE,3.2053
NT_ANT_HAZ_NE2,Stunting prevalence,percentage,NUTRITION,survey_based,KWT,Kuwait,MNA,HIC,2024,HALLUCINATION_T1,
NT_ANT_HAZ_NE2,Stunting prevalence,percentage,NUTRITION,survey_based,BHR,Bahrain,MNA,HIC,2000,HALLUCINATION_T2,
NT_ANT_HAZ_NE2,Stunting prevalence,percentage,NUTRITION,survey_based,BHR,Bahrain,MNA,HIC,2001,HALLUCINATION_T2,
NT_ANT_HAZ_NE2,Stunting prevalence,percentage,NUTRITION,survey_based,BHR,Bahrain,MNA,HIC,2002,HALLUCINATION_T2,
NT_ANT_HAZ_NE2,Stunting prevalence,percentage,NUTRITION,survey_based,BHR,Bahrain,MNA,HIC,2003,HALLUCINATION_T2,
NT_ANT_HAZ_NE2,Stunting prevalence,percentage,NUTRITION,survey_based,BHR,Bahrain,MNA,HIC,2004,HALLUCINATION_T2,
NT_ANT_HAZ_NE2,Stunting prevalence,percentage,NUTRITION,survey_based,BHR,Bahrain,MNA,HIC,2005,HALLUCINATION_T2,
NT_ANT_HAZ_NE2,Stunting prevalence,percentage,NUTRITION,survey_based,BHR,Bahrain,MNA,HIC,2006,HALLUCINATION_T2,
NT_ANT_HAZ_NE2,Stunting prevalence,percentage,NUTRITION,survey_based,BHR,Bahrain,MNA,HIC,2007,HALLUCINATION_T2,
NT_ANT_HAZ_NE2,Stunting prevalence,percentage,NUTRITION,survey_based,BHR,Bahrain,MNA,HIC,2008,HALLUCINATION_T2,
NT_ANT_HAZ_NE2,Stunting prevalence,percentage,NUTRITION,survey_based,BHR,Bahrain,MNA,HIC,2009,HALLUCINATION_T2,
NT_ANT_HAZ_NE2,Stunting prevalence,percentage,NUTRITION,survey_based,BHR,Bahrain,MNA,HIC,2010,HALLUCINATION_T2,
NT_ANT_HAZ_NE2,Stunting prevalence,percentage,NUTRITION,survey_based,BHR,Bahrain,MNA,HIC,2011,HALLUCINATION_T2,
NT_ANT_HAZ_NE2,Stunting prevalence,percentage,NUTRITION,survey_based,BHR,Bahrain,MNA,HIC,2012,HALLUCINATION_T2,
NT_ANT_HAZ_NE2,Stunting prevalence,percentage,NUTRITION,survey_based,BHR,Bahrain,MNA,HIC,2013,HALLUCINATION_T2,
NT_ANT_HAZ_NE2,Stunting prevalence,percentage,NUTRITION,survey_based,BHR,Bahrain,MNA,HIC,2014,HALLUCINATION_T2,
NT_ANT_HAZ_NE2,Stunting prevalence,percentage,NUTRITION,survey_based,BHR,Bahrain,MNA,HIC,2015,HALLUCINATION_T2,
NT_ANT_HAZ_NE2,Stunting prevalence,percentage,NUTRITION,survey_based,BHR,Bahrain,MNA,HIC,2016,HALLUCINATION_T2,
NT_ANT_HAZ_NE2,Stunting prevalence,percentage,NUTRITION,survey_based,BHR,Bahrain,MNA,HIC,2017,HALLUCINATION_T2,
NT_ANT_HAZ_NE2,Stunting prevalence,percentage,NUTRITION,survey_based,BHR,Bahrain,MNA,HIC,2018,HALLUCINATION_T2,
NT_ANT_HAZ_NE2,Stunting prevalence,percentage,NUTRITION,survey_based,BHR,Bahrain,MNA,HIC,2019,HALLUCINATION_T2,
NT_ANT_HAZ_NE2,Stunting prevalence,percentage,NUTRITION,survey_based,BHR,Bahrain,MNA,HIC,2020,HALLUCINATION_T2,
NT_ANT_HAZ_NE2,Stunting prevalence,percentage,NUTRITION,survey_based,BHR,Bahrain,MNA,HIC,2021,HALLUCINATION_T2,
NT_ANT_HAZ_NE2,Stunting prevalence,percentage,NUTRITION,survey_based,BHR,Bahrain,MNA,HIC,2022,HALLUCINATION_T2,
NT_ANT_HAZ_NE2,Stunting prevalence,percentage,NUTRITION,survey_based,BHR,Bahrain,MNA,HIC,2023,HALLUCINATION_T2,
NT_ANT_HAZ_NE2,Stunting prevalence,percentage,NUTRITION,survey_based,BHR,Bahrain,MNA,HIC,2024,HALLUCINATION_T2,
NT_ANT_HAZ_NE2,Stunting prevalence,percentage,NUTRITION,survey_based,OMN,Oman,MNA,HIC,2000,HALLUCINATION_T1,
NT_ANT_HAZ_NE2,Stunting prevalence,percentage,NUTRITION,survey_based,OMN,Oman,MNA,HIC,2001,HALLUCINATION_T1,
NT_ANT_HAZ_NE2,Stunting prevalence,percentage,NUTRITION,survey_based,OMN,Oman,MNA,HIC,2002,HALLUCINATION_T1,
NT_ANT_HAZ_NE2,Stunting prevalence,percentage,NUTRITION,survey_based,OMN,Oman,MNA,HIC,2003,HALLUCINATION_T1,
NT_ANT_HAZ_NE2,Stunting prevalence,percentage,NUTRITION,survey_based,OMN,Oman,MNA,HIC,2004,HALLUCINATION_T1,
NT_ANT_HAZ_NE2,Stunting prevalence,percentage,NUTRITION,survey_based,OMN,Oman,MNA,HIC,2005,HALLUCINATION_T1,
NT_ANT_HAZ_NE2,Stunting prevalence,percentage,NUTRITION,survey_based,OMN,Oman,MNA,HIC,2006,HALLUCINATION_T1,
NT_ANT_HAZ_NE2,Stunting prevalence,percentage,NUTRITION,survey_based,OMN,Oman,MNA,HIC,2007,HALLUCINATION_T1,
NT_ANT_HAZ_NE2,Stunting prevalence,percentage,NUTRITION,survey_based,OMN,Oman,MNA,HIC,2008,HALLUCINATION_T1,
NT_ANT_HAZ_NE2,Stunting prevalence,percentage,NUTRITION,survey_based,OMN,Oman,MNA,HIC,2009,POSITIVE,9.8
NT_ANT_HAZ_NE2,Stunting prevalence,percentage,NUTRITION,survey_based,OMN,Oman,MNA,HIC,2010,HALLUCINATION_T1,
NT_ANT_HAZ_NE2,Stunting prevalence,percentage,NUTRITION,survey_based,OMN,Oman,MNA,HIC,2011,HALLUCINATION_T1,
NT_ANT_HAZ_NE2,Stunting prevalence,percentage,NUTRITION,survey_based,OMN,Oman,MNA,HIC,2012,HALLUCINATION_T1,
NT_ANT_HAZ_NE2,Stunting prevalence,percentage,NUTRITION,survey_based,OMN,Oman,MNA,HIC,2013,HALLUCINATION_T1,
NT_ANT_HAZ_NE2,Stunting prevalence,percentage,NUTRITION,survey_based,OMN,Oman,MNA,HIC,2014,POSITIVE,14.1
NT_ANT_HAZ_NE2,Stunting prevalence,percentage,NUTRITION,survey_based,OMN,Oman,MNA,HIC,2015,HALLUCINATION_T1,
NT_ANT_HAZ_NE2,Stunting prevalence,percentage,NUTRITION,survey_based,OMN,Oman,MNA,HIC,2016,HALLUCINATION_T1,
NT_ANT_HAZ_NE2,Stunting prevalence,percentage,NUTRITION,survey_based,OMN,Oman,MNA,HIC,2017,POSITIVE,11.4
NT_ANT_HAZ_NE2,Stunting prevalence,percentage,NUTRITION,survey_based,OMN,Oman,MNA,HIC,2018,HALLUCINATION_T1,
NT_ANT_HAZ_NE2,Stunting prevalence,percentage,NUTRITION,survey_based,OMN,Oman,MNA,HIC,2019,HALLUCINATION_T1,
NT_ANT_HAZ_NE2,Stunting prevalence,percentage,NUTRITION,survey_based,OMN,Oman,MNA,HIC,2020,HALLUCINATION_T1,
NT_ANT_HAZ_NE2,Stunting prevalence,percentage,NUTRITION,survey_based,OMN,Oman,MNA,HIC,2021,HALLUCINATION_T1,
NT_ANT_HAZ_NE2,Stunting prevalence,percentage,NUTRITION,survey_based,OMN,Oman,MNA,HIC,2022,HALLUCINATION_T1,
NT_ANT_HAZ_NE2,Stunting prevalence,percentage,NUTRITION,survey_based,OMN,Oman,MNA,HIC,2023,HALLUCINATION_T1,
NT_ANT_HAZ_NE2,Stunting prevalence,percentage,NUTRITION,survey_based,OMN,Oman,MNA,HIC,2024,HALLUCINATION_T1,
NT_ANT_HAZ_NE2,Stunting prevalence,percentage,NUTRITION,survey_based,CYP,Cyprus,ECA,HIC,2000,HALLUCINATION_T2,
NT_ANT_HAZ_NE2,Stunting prevalence,percentage,NUTRITION,survey_based,CYP,Cyprus,ECA,HIC,2001,HALLUCINATION_T2,
NT_ANT_HAZ_NE2,Stunting prevalence,percentage,NUTRITION,survey_based,CYP,Cyprus,ECA,HIC,2002,HALLUCINATION_T2,
NT_ANT_HAZ_NE2,Stunting prevalence,percentage,NUTRITION,survey_based,CYP,Cyprus,ECA,HIC,2003,HALLUCINATION_T2,
NT_ANT_HAZ_NE2,Stunting prevalence,percentage,NUTRITION,survey_based,CYP,Cyprus,ECA,HIC,2004,HALLUCINATION_T2,
NT_ANT_HAZ_NE2,Stunting prevalence,percentage,NUTRITION,survey_based,CYP,Cyprus,ECA,HIC,2005,HALLUCINATION_T2,
NT_ANT_HAZ_NE2,Stunting prevalence,percentage,NUTRITION,survey_based,CYP,Cyprus,ECA,HIC,2006,HALLUCINATION_T2,
NT_ANT_HAZ_NE2,Stunting prevalence,percentage,NUTRITION,survey_based,CYP,Cyprus,ECA,HIC,2007,HALLUCINATION_T2,
NT_ANT_HAZ_NE2,Stunting prevalence,percentage,NUTRITION,survey_based,CYP,Cyprus,ECA,HIC,2008,HALLUCINATION_T2,
NT_ANT_HAZ_NE2,Stunting prevalence,percentage,NUTRITION,survey_based,CYP,Cyprus,ECA,HIC,2009,HALLUCINATION_T2,
NT_ANT_HAZ_NE2,Stunting prevalence,percentage,NUTRITION,survey_based,CYP,Cyprus,ECA,HIC,2010,HALLUCINATION_T2,
NT_ANT_HAZ_NE2,Stunting prevalence,percentage,NUTRITION,survey_based,CYP,Cyprus,ECA,HIC,2011,HALLUCINATION_T2,
NT_ANT_HAZ_NE2,Stunting prevalence,percentage,NUTRITION,survey_based,CYP,Cyprus,ECA,HIC,2012,HALLUCINATION_T2,
NT_ANT_HAZ_NE2,Stunting prevalence,percentage,NUTRITION,survey_based,CYP,Cyprus,ECA,HIC,2013,HALLUCINATION_T2,
NT_ANT_HAZ_NE2,Stunting prevalence,percentage,NUTRITION,survey_based,CYP,Cyprus,ECA,HIC,2014,HALLUCINATION_T2,
NT_ANT_HAZ_NE2,Stunting prevalence,percentage,NUTRITION,survey_based,CYP,Cyprus,ECA,HIC,2015,HALLUCINATION_T2,
NT_ANT_HAZ_NE2,Stunting prevalence,percentage,NUTRITION,survey_based,CYP,Cyprus,ECA,HIC,2016,HALLUCINATION_T2,
NT_ANT_HAZ_NE2,Stunting prevalence,percentage,NUTRITION,survey_based,CYP,Cyprus,ECA,HIC,2017,HALLUCINATION_T2,
NT_ANT_HAZ_NE2,Stunting prevalence,percentage,NUTRITION,survey_based,CYP,Cyprus,ECA,HIC,2018,HALLUCINATION_T2,
NT_ANT_HAZ_NE2,Stunting prevalence,percentage,NUTRITION,survey_based,CYP,Cyprus,ECA,HIC,2019,HALLUCINATION_T2,
NT_ANT_HAZ_NE2,Stunting prevalence,percentage,NUTRITION,survey_based,CYP,Cyprus,ECA,HIC,2020,HALLUCINATION_T2,
NT_ANT_HAZ_NE2,Stunting prevalence,percentage,NUTRITION,survey_based,CYP,Cyprus,ECA,HIC,2021,HALLUCINATION_T2,
NT_ANT_HAZ_NE2,Stunting prevalence,percentage,NUTRITION,survey_based,CYP,Cyprus,ECA,HIC,2022,HALLUCINATION_T2,
NT_ANT_HAZ_NE2,Stunting prevalence,percentage,NUTRITION,survey_based,CYP,Cyprus,ECA,HIC,2023,HALLUCINATION_T2,
NT_ANT_HAZ_NE2,Stunting prevalence,percentage,NUTRITION,survey_based,CYP,Cyprus,ECA,HIC,2024,HALLUCINATION_T2,
NT_ANT_HAZ_NE2,Stunting prevalence,percentage,NUTRITION,survey_based,MLT,Malta,ECA,HIC,2000,HALLUCINATION_T1,
NT_ANT_HAZ_NE2,Stunting prevalence,percentage,NUTRITION,survey_based,MLT,Malta,ECA,HIC,2001,HALLUCINATION_T1,
NT_ANT_HAZ_NE2,Stunting prevalence,percentage,NUTRITION,survey_based,MLT,Malta,ECA,HIC,2002,HALLUCINATION_T1,
NT_ANT_HAZ_NE2,Stunting prevalence,percentage,NUTRITION,survey_based,MLT,Malta,ECA,HIC,2003,HALLUCINATION_T1,
NT_ANT_HAZ_NE2,Stunting prevalence,percentage,NUTRITION,survey_based,MLT,Malta,ECA,HIC,2004,HALLUCINATION_T1,
NT_ANT_HAZ_NE2,Stunting prevalence,percentage,NUTRITION,survey_based,MLT,Malta,ECA,HIC,2005,HALLUCINATION_T1,
NT_ANT_HAZ_NE2,Stunting prevalence,percentage,NUTRITION,survey_based,MLT,Malta,ECA,HIC,2006,HALLUCINATION_T1,
NT_ANT_HAZ_NE2,Stunting prevalence,percentage,NUTRITION,survey_based,MLT,Malta,ECA,HIC,2007,HALLUCINATION_T1,
NT_ANT_HAZ_NE2,Stunting prevalence,percentage,NUTRITION,survey_based,MLT,Malta,ECA,HIC,2008,HALLUCINATION_T1,
NT_ANT_HAZ_NE2,Stunting prevalence,percentage,NUTRITION,survey_based,MLT,Malta,ECA,HIC,2009,HALLUCINATION_T1,
NT_ANT_HAZ_NE2,Stunting prevalence,percentage,NUTRITION,survey_based,MLT,Malta,ECA,HIC,2010,HALLUCINATION_T1,
NT_ANT_HAZ_NE2,Stunting prevalence,percentage,NUTRITION,survey_based,MLT,Malta,ECA,HIC,2011,HALLUCINATION_T1,
NT_ANT_HAZ_NE2,Stunting prevalence,percentage,NUTRITION,survey_based,MLT,Malta,ECA,HIC,2012,HALLUCINATION_T1,
NT_ANT_HAZ_NE2,Stunting prevalence,percentage,NUTRITION,survey_based,MLT,Malta,ECA,HIC,2013,HALLUCINATION_T1,
NT_ANT_HAZ_NE2,Stunting prevalence,percentage,NUTRITION,survey_based,MLT,Malta,ECA,HIC,2014,HALLUCINATION_T1,
NT_ANT_HAZ_NE2,Stunting prevalence,percentage,NUTRITION,survey_based,MLT,Malta,ECA,HIC,2015,HALLUCINATION_T1,
NT_ANT_HAZ_NE2,Stunting prevalence,percentage,NUTRITION,survey_based,MLT,Malta,ECA,HIC,2016,HALLUCINATION_T1,
NT_ANT_HAZ_NE2,Stunting prevalence,percentage,NUTRITION,survey_based,MLT,Malta,ECA,HIC,2017,HALLUCINATION_T1,
NT_ANT_HAZ_NE2,Stunting prevalence,percentage,NUTRITION,survey_based,MLT,Malta,ECA,HIC,2018,HALLUCINATION_T1,
NT_ANT_HAZ_NE2,Stunting prevalence,percentage,NUTRITION,survey_based,MLT,Malta,ECA,HIC,2019,HALLUCINATION_T1,
NT_ANT_HAZ_NE2,Stunting prevalence,percentage,NUTRITION,survey_based,MLT,Malta,ECA,HIC,2020,HALLUCINATION_T1,
NT_ANT_HAZ_NE2,Stunting prevalence,percentage,NUTRITION,survey_based,MLT,Malta,ECA,HIC,2021,HALLUCINATION_T1,
NT_ANT_HAZ_NE2,Stunting prevalence,percentage,NUTRITION,survey_based,MLT,Malta,ECA,HIC,2022,POSITIVE,3.2809
NT_ANT_HAZ_NE2,Stunting prevalence,percentage,NUTRITION,survey_based,MLT,Malta,ECA,HIC,2023,HALLUCINATION_T1,
NT_ANT_HAZ_NE2,Stunting prevalence,percentage,NUTRITION,survey_based,MLT,Malta,ECA,HIC,2024,HALLUCINATION_T1,
NT_ANT_WAZ_NE2,Underweight prevalence,percentage,NUTRITION,survey_based,YEM,Yemen,MNA,LIC,2000,HALLUCINATION_T1,
NT_ANT_WAZ_NE2,Underweight prevalence,percentage,NUTRITION,survey_based,YEM,Yemen,MNA,LIC,2001,HALLUCINATION_T1,
NT_ANT_WAZ_NE2,Underweight prevalence,percentage,NUTRITION,survey_based,YEM,Yemen,MNA,LIC,2002,HALLUCINATION_T1,
NT_ANT_WAZ_NE2,Underweight prevalence,percentage,NUTRITION,survey_based,YEM,Yemen,MNA,LIC,2003,POSITIVE,45.2517
NT_ANT_WAZ_NE2,Underweight prevalence,percentage,NUTRITION,survey_based,YEM,Yemen,MNA,LIC,2004,HALLUCINATION_T1,
NT_ANT_WAZ_NE2,Underweight prevalence,percentage,NUTRITION,survey_based,YEM,Yemen,MNA,LIC,2005,POSITIVE,36.706
NT_ANT_WAZ_NE2,Underweight prevalence,percentage,NUTRITION,survey_based,YEM,Yemen,MNA,LIC,2006,HALLUCINATION_T1,
NT_ANT_WAZ_NE2,Underweight prevalence,percentage,NUTRITION,survey_based,YEM,Yemen,MNA,LIC,2007,HALLUCINATION_T1,
NT_ANT_WAZ_NE2,Underweight prevalence,percentage,NUTRITION,survey_based,YEM,Yemen,MNA,LIC,2008,HALLUCINATION_T1,
NT_ANT_WAZ_NE2,Underweight prevalence,percentage,NUTRITION,survey_based,YEM,Yemen,MNA,LIC,2009,HALLUCINATION_T1,
NT_ANT_WAZ_NE2,Underweight prevalence,percentage,NUTRITION,survey_based,YEM,Yemen,MNA,LIC,2010,HALLUCINATION_T1,
NT_ANT_WAZ_NE2,Underweight prevalence,percentage,NUTRITION,survey_based,YEM,Yemen,MNA,LIC,2011,POSITIVE,35.5
NT_ANT_WAZ_NE2,Underweight prevalence,percentage,NUTRITION,survey_based,YEM,Yemen,MNA,LIC,2012,HALLUCINATION_T1,
NT_ANT_WAZ_NE2,Underweight prevalence,percentage,NUTRITION,survey_based,YEM,Yemen,MNA,LIC,2013,POSITIVE,39.9391
NT_ANT_WAZ_NE2,Underweight prevalence,percentage,NUTRITION,survey_based,YEM,Yemen,MNA,LIC,2014,HALLUCINATION_T1,
NT_ANT_WAZ_NE2,Underweight prevalence,percentage,NUTRITION,survey_based,YEM,Yemen,MNA,LIC,2015,HALLUCINATION_T1,
NT_ANT_WAZ_NE2,Underweight prevalence,percentage,NUTRITION,survey_based,YEM,Yemen,MNA,LIC,2016,HALLUCINATION_T1,
NT_ANT_WAZ_NE2,Underweight prevalence,percentage,NUTRITION,survey_based,YEM,Yemen,MNA,LIC,2017,HALLUCINATION_T1,
NT_ANT_WAZ_NE2,Underweight prevalence,percentage,NUTRITION,survey_based,YEM,Yemen,MNA,LIC,2018,HALLUCINATION_T1,
NT_ANT_WAZ_NE2,Underweight prevalence,percentage,NUTRITION,survey_based,YEM,Yemen,MNA,LIC,2019,HALLUCINATION_T1,
NT_ANT_WAZ_NE2,Underweight prevalence,percentage,NUTRITION,survey_based,YEM,Yemen,MNA,LIC,2020,HALLUCINATION_T1,
NT_ANT_WAZ_NE2,Underweight prevalence,percentage,NUTRITION,survey_based,YEM,Yemen,MNA,LIC,2021,POSITIVE,31.6
NT_ANT_WAZ_NE2,Underweight prevalence,percentage,NUTRITION,survey_based,YEM,Yemen,MNA,LIC,2022,POSITIVE,40.706
NT_ANT_WAZ_NE2,Underweight prevalence,percentage,NUTRITION,survey_based,YEM,Yemen,MNA,LIC,2023,HALLUCINATION_T1,
NT_ANT_WAZ_NE2,Underweight prevalence,percentage,NUTRITION,survey_based,YEM,Yemen,MNA,LIC,2024,HALLUCINATION_T1,
NT_ANT_WAZ_NE2,Underweight prevalence,percentage,NUTRITION,survey_based,CAF,Central African Republic,WCA,LIC,2000,POSITIVE,21.3286
NT_ANT_WAZ_NE2,Underweight prevalence,percentage,NUTRITION,survey_based,CAF,Central African Republic,WCA,LIC,2001,HALLUCINATION_T1,
NT_ANT_WAZ_NE2,Underweight prevalence,percentage,NUTRITION,survey_based,CAF,Central African Republic,WCA,LIC,2002,HALLUCINATION_T1,
NT_ANT_WAZ_NE2,Underweight prevalence,percentage,NUTRITION,survey_based,CAF,Central African Republic,WCA,LIC,2003,HALLUCINATION_T1,
NT_ANT_WAZ_NE2,Underweight prevalence,percentage,NUTRITION,survey_based,CAF,Central African Republic,WCA,LIC,2004,HALLUCINATION_T1,
NT_ANT_WAZ_NE2,Underweight prevalence,percentage,NUTRITION,survey_based,CAF,Central African Republic,WCA,LIC,2005,HALLUCINATION_T1,
NT_ANT_WAZ_NE2,Underweight prevalence,percentage,NUTRITION,survey_based,CAF,Central African Republic,WCA,LIC,2006,POSITIVE,26.1291
NT_ANT_WAZ_NE2,Underweight prevalence,percentage,NUTRITION,survey_based,CAF,Central African Republic,WCA,LIC,2007,HALLUCINATION_T1,
NT_ANT_WAZ_NE2,Underweight prevalence,percentage,NUTRITION,survey_based,CAF,Central African Republic,WCA,LIC,2008,HALLUCINATION_T1,
NT_ANT_WAZ_NE2,Underweight prevalence,percentage,NUTRITION,survey_based,CAF,Central African Republic,WCA,LIC,2009,HALLUCINATION_T1,
NT_ANT_WAZ_NE2,Underweight prevalence,percentage,NUTRITION,survey_based,CAF,Central African Republic,WCA,LIC,2010,POSITIVE,23.4526
NT_ANT_WAZ_NE2,Underweight prevalence,percentage,NUTRITION,survey_based,CAF,Central African Republic,WCA,LIC,2011,HALLUCINATION_T1,
NT_ANT_WAZ_NE2,Underweight prevalence,percentage,NUTRITION,survey_based,CAF,Central African Republic,WCA,LIC,2012,POSITIVE,24.5154
NT_ANT_WAZ_NE2,Underweight prevalence,percentage,NUTRITION,survey_based,CAF,Central African Republic,WCA,LIC,2013,HALLUCINATION_T1,
NT_ANT_WAZ_NE2,Underweight prevalence,percentage,NUTRITION,survey_based,CAF,Central African Republic,WCA,LIC,2014,POSITIVE,19.9979
NT_ANT_WAZ_NE2,Underweight prevalence,percentage,NUTRITION,survey_based,CAF,Central African Republic,WCA,LIC,2015,HALLUCINATION_T1,
NT_ANT_WAZ_NE2,Underweight prevalence,percentage,NUTRITION,survey_based,CAF,Central African Republic,WCA,LIC,2016,HALLUCINATION_T1,
NT_ANT_WAZ_NE2,Underweight prevalence,percentage,NUTRITION,survey_based,CAF,Central African Republic,WCA,LIC,2017,HALLUCINATION_T1,
NT_ANT_WAZ_NE2,Underweight prevalence,percentage,NUTRITION,survey_based,CAF,Central African Republic,WCA,LIC,2018,POSITIVE,19.7465
NT_ANT_WAZ_NE2,Underweight prevalence,percentage,NUTRITION,survey_based,CAF,Central African Republic,WCA,LIC,2019,POSITIVE,21.4599
NT_ANT_WAZ_NE2,Underweight prevalence,percentage,NUTRITION,survey_based,CAF,Central African Republic,WCA,LIC,2020,HALLUCINATION_T1,
NT_ANT_WAZ_NE2,Underweight prevalence,percentage,NUTRITION,survey_based,CAF,Central African Republic,WCA,LIC,2021,HALLUCINATION_T1,
NT_ANT_WAZ_NE2,Underweight prevalence,percentage,NUTRITION,survey_based,CAF,Central African Republic,WCA,LIC,2022,POSITIVE,18.4
NT_ANT_WAZ_NE2,Underweight prevalence,percentage,NUTRITION,survey_based,CAF,Central African Republic,WCA,LIC,2023,HALLUCINATION_T1,
NT_ANT_WAZ_NE2,Underweight prevalence,percentage,NUTRITION,survey_based,CAF,Central African Republic,WCA,LIC,2024,HALLUCINATION_T1,
NT_ANT_WAZ_NE2,Underweight prevalence,percentage,NUTRITION,survey_based,GNB,Guinea-Bissau,WCA,LIC,2000,POSITIVE,19.7962
NT_ANT_WAZ_NE2,Underweight prevalence,percentage,NUTRITION,survey_based,GNB,Guinea-Bissau,WCA,LIC,2001,HALLUCINATION_T1,
NT_ANT_WAZ_NE2,Underweight prevalence,percentage,NUTRITION,survey_based,GNB,Guinea-Bissau,WCA,LIC,2002,HALLUCINATION_T1,
NT_ANT_WAZ_NE2,Underweight prevalence,percentage,NUTRITION,survey_based,GNB,Guinea-Bissau,WCA,LIC,2003,HALLUCINATION_T1,
NT_ANT_WAZ_NE2,Underweight prevalence,percentage,NUTRITION,survey_based,GNB,Guinea-Bissau,WCA,LIC,2004,HALLUCINATION_T1,
NT_ANT_WAZ_NE2,Underweight prevalence,percentage,NUTRITION,survey_based,GNB,Guinea-Bissau,WCA,LIC,2005,HALLUCINATION_T1,
NT_ANT_WAZ_NE2,Underweight prevalence,percentage,NUTRITION,survey_based,GNB,Guinea-Bissau,WCA,LIC,2006,HALLUCINATION_T1,
NT_ANT_WAZ_NE2,Underweight prevalence,percentage,NUTRITION,survey_based,GNB,Guinea-Bissau,WCA,LIC,2007,HALLUCINATION_T1,
NT_ANT_WAZ_NE2,Underweight prevalence,percentage,NUTRITION,survey_based,GNB,Guinea-Bissau,WCA,LIC,2008,POSITIVE,16.375
NT_ANT_WAZ_NE2,Underweight prevalence,percentage,NUTRITION,survey_based,GNB,Guinea-Bissau,WCA,LIC,2009,HALLUCINATION_T1,
NT_ANT_WAZ_NE2,Underweight prevalence,percentage,NUTRITION,survey_based,GNB,Guinea-Bissau,WCA,LIC,2010,POSITIVE,18.0227
NT_ANT_WAZ_NE2,Underweight prevalence,percentage,NUTRITION,survey_based,GNB,Guinea-Bissau,WCA,LIC,2011,HALLUCINATION_T1,
NT_ANT_WAZ_NE2,Underweight prevalence,percentage,NUTRITION,survey_based,GNB,Guinea-Bissau,WCA,LIC,2012,POSITIVE,16.9791
NT_ANT_WAZ_NE2,Underweight prevalence,percentage,NUTRITION,survey_based,GNB,Guinea-Bissau,WCA,LIC,2013,HALLUCINATION_T1,
NT_ANT_WAZ_NE2,Underweight prevalence,percentage,NUTRITION,survey_based,GNB,Guinea-Bissau,WCA,LIC,2014,POSITIVE,17.0252
NT_ANT_WAZ_NE2,Underweight prevalence,percentage,NUTRITION,survey_based,GNB,Guinea-Bissau,WCA,LIC,2015,HALLUCINATION_T1,
NT_ANT_WAZ_NE2,Underweight prevalence,percentage,NUTRITION,survey_based,GNB,Guinea-Bissau,WCA,LIC,2016,HALLUCINATION_T1,
NT_ANT_WAZ_NE2,Underweight prevalence,percentage,NUTRITION,survey_based,GNB,Guinea-Bissau,WCA,LIC,2017,HALLUCINATION_T1,
NT_ANT_WAZ_NE2,Underweight prevalence,percentage,NUTRITION,survey_based,GNB,Guinea-Bissau,WCA,LIC,2018,HALLUCINATION_T1,
NT_ANT_WAZ_NE2,Underweight prevalence,percentage,NUTRITION,survey_based,GNB,Guinea-Bissau,WCA,LIC,2019,POSITIVE,16.275
NT_ANT_WAZ_NE2,Underweight prevalence,percentage,NUTRITION,survey_based,GNB,Guinea-Bissau,WCA,LIC,2020,HALLUCINATION_T1,
NT_ANT_WAZ_NE2,Underweight prevalence,percentage,NUTRITION,survey_based,GNB,Guinea-Bissau,WCA,LIC,2021,HALLUCINATION_T1,
NT_ANT_WAZ_NE2,Underweight prevalence,percentage,NUTRITION,survey_based,GNB,Guinea-Bissau,WCA,LIC,2022,HALLUCINATION_T1,
NT_ANT_WAZ_NE2,Underweight prevalence,percentage,NUTRITION,survey_based,GNB,Guinea-Bissau,WCA,LIC,2023,HALLUCINATION_T1,
NT_ANT_WAZ_NE2,Underweight prevalence,percentage,NUTRITION,survey_based,GNB,Guinea-Bissau,WCA,LIC,2024,HALLUCINATION_T1,
NT_ANT_WAZ_NE2,Underweight prevalence,percentage,NUTRITION,survey_based,COM,Comoros,ESA,LIC,2000,POSITIVE,25.0705
NT_ANT_WAZ_NE2,Underweight prevalence,percentage,NUTRITION,survey_based,COM,Comoros,ESA,LIC,2001,HALLUCINATION_T1,
NT_ANT_WAZ_NE2,Underweight prevalence,percentage,NUTRITION,survey_based,COM,Comoros,ESA,LIC,2002,HALLUCINATION_T1,
NT_ANT_WAZ_NE2,Underweight prevalence,percentage,NUTRITION,survey_based,COM,Comoros,ESA,LIC,2003,HALLUCINATION_T1,
NT_ANT_WAZ_NE2,Underweight prevalence,percentage,NUTRITION,survey_based,COM,Comoros,ESA,LIC,2004,HALLUCINATION_T1,
NT_ANT_WAZ_NE2,Underweight prevalence,percentage,NUTRITION,survey_based,COM,Comoros,ESA,LIC,2005,HALLUCINATION_T1,
NT_ANT_WAZ_NE2,Underweight prevalence,percentage,NUTRITION,survey_based,COM,Comoros,ESA,LIC,2006,HALLUCINATION_T1,
NT_ANT_WAZ_NE2,Underweight prevalence,percentage,NUTRITION,survey_based,COM,Comoros,ESA,LIC,2007,HALLUCINATION_T1,
NT_ANT_WAZ_NE2,Underweight prevalence,percentage,NUTRITION,survey_based,COM,Comoros,ESA,LIC,2008,HALLUCINATION_T1,
NT_ANT_WAZ_NE2,Underweight prevalence,percentage,NUTRITION,survey_based,COM,Comoros,ESA,LIC,2009,HALLUCINATION_T1,
NT_ANT_WAZ_NE2,Underweight prevalence,percentage,NUTRITION,survey_based,COM,Comoros,ESA,LIC,2010,HALLUCINATION_T1,
NT_ANT_WAZ_NE2,Underweight prevalence,percentage,NUTRITION,survey_based,COM,Comoros,ESA,LIC,2011,HALLUCINATION_T1,
NT_ANT_WAZ_NE2,Underweight prevalence,percentage,NUTRITION,survey_based,COM,Comoros,ESA,LIC,2012,POSITIVE,16.9414
NT_ANT_WAZ_NE2,Underweight prevalence,percentage,NUTRITION,survey_based,COM,Comoros,ESA,LIC,2013,HALLUCINATION_T1,
NT_ANT_WAZ_NE2,Underweight prevalence,percentage,NUTRITION,survey_based,COM,Comoros,ESA,LIC,2014,HALLUCINATION_T1,
NT_ANT_WAZ_NE2,Underweight prevalence,percentage,NUTRITION,survey_based,COM,Comoros,ESA,LIC,2015,HALLUCINATION_T1,
NT_ANT_WAZ_NE2,Underweight prevalence,percentage,NUTRITION,survey_based,COM,Comoros,ESA,LIC,2016,HALLUCINATION_T1,
NT_ANT_WAZ_NE2,Underweight prevalence,percentage,NUTRITION,survey_based,COM,Comoros,ESA,LIC,2017,HALLUCINATION_T1,
NT_ANT_WAZ_NE2,Underweight prevalence,percentage,NUTRITION,survey_based,COM,Comoros,ESA,LIC,2018,HALLUCINATION_T1,
NT_ANT_WAZ_NE2,Underweight prevalence,percentage,NUTRITION,survey_based,COM,Comoros,ESA,LIC,2019,HALLUCINATION_T1,
NT_ANT_WAZ_NE2,Underweight prevalence,percentage,NUTRITION,survey_based,COM,Comoros,ESA,LIC,2020,HALLUCINATION_T1,
NT_ANT_WAZ_NE2,Underweight prevalence,percentage,NUTRITION,survey_based,COM,Comoros,ESA,LIC,2021,HALLUCINATION_T1,
NT_ANT_WAZ_NE2,Underweight prevalence,percentage,NUTRITION,survey_based,COM,Comoros,ESA,LIC,2022,POSITIVE,9.1294
NT_ANT_WAZ_NE2,Underweight prevalence,percentage,NUTRITION,survey_based,COM,Comoros,ESA,LIC,2023,HALLUCINATION_T1,
NT_ANT_WAZ_NE2,Underweight prevalence,percentage,NUTRITION,survey_based,COM,Comoros,ESA,LIC,2024,HALLUCINATION_T1,
NT_ANT_WAZ_NE2,Underweight prevalence,percentage,NUTRITION,survey_based,ZMB,Zambia,ESA,LIC,2000,HALLUCINATION_T1,
NT_ANT_WAZ_NE2,Underweight prevalence,percentage,NUTRITION,survey_based,ZMB,Zambia,ESA,LIC,2001,HALLUCINATION_T1,
NT_ANT_WAZ_NE2,Underweight prevalence,percentage,NUTRITION,survey_based,ZMB,Zambia,ESA,LIC,2002,POSITIVE,23.2169
NT_ANT_WAZ_NE2,Underweight prevalence,percentage,NUTRITION,survey_based,ZMB,Zambia,ESA,LIC,2003,HALLUCINATION_T1,
NT_ANT_WAZ_NE2,Underweight prevalence,percentage,NUTRITION,survey_based,ZMB,Zambia,ESA,LIC,2004,HALLUCINATION_T1,
NT_ANT_WAZ_NE2,Underweight prevalence,percentage,NUTRITION,survey_based,ZMB,Zambia,ESA,LIC,2005,HALLUCINATION_T1,
NT_ANT_WAZ_NE2,Underweight prevalence,percentage,NUTRITION,survey_based,ZMB,Zambia,ESA,LIC,2006,HALLUCINATION_T1,
NT_ANT_WAZ_NE2,Underweight prevalence,percentage,NUTRITION,survey_based,ZMB,Zambia,ESA,LIC,2007,POSITIVE,14.9024
NT_ANT_WAZ_NE2,Underweight prevalence,percentage,NUTRITION,survey_based,ZMB,Zambia,ESA,LIC,2008,HALLUCINATION_T1,
NT_ANT_WAZ_NE2,Underweight prevalence,percentage,NUTRITION,survey_based,ZMB,Zambia,ESA,LIC,2009,HALLUCINATION_T1,
NT_ANT_WAZ_NE2,Underweight prevalence,percentage,NUTRITION,survey_based,ZMB,Zambia,ESA,LIC,2010,HALLUCINATION_T1,
NT_ANT_WAZ_NE2,Underweight prevalence,percentage,NUTRITION,survey_based,ZMB,Zambia,ESA,LIC,2011,HALLUCINATION_T1,
NT_ANT_WAZ_NE2,Underweight prevalence,percentage,NUTRITION,survey_based,ZMB,Zambia,ESA,LIC,2012,HALLUCINATION_T1,
NT_ANT_WAZ_NE2,Underweight prevalence,percentage,NUTRITION,survey_based,ZMB,Zambia,ESA,LIC,2013,POSITIVE,14.8803
NT_ANT_WAZ_NE2,Underweight prevalence,percentage,NUTRITION,survey_based,ZMB,Zambia,ESA,LIC,2014,HALLUCINATION_T1,
NT_ANT_WAZ_NE2,Underweight prevalence,percentage,NUTRITION,survey_based,ZMB,Zambia,ESA,LIC,2015,HALLUCINATION_T1,
NT_ANT_WAZ_NE2,Underweight prevalence,percentage,NUTRITION,survey_based,ZMB,Zambia,ESA,LIC,2016,HALLUCINATION_T1,
NT_ANT_WAZ_NE2,Underweight prevalence,percentage,NUTRITION,survey_based,ZMB,Zambia,ESA,LIC,2017,HALLUCINATION_T1,
NT_ANT_WAZ_NE2,Underweight prevalence,percentage,NUTRITION,survey_based,ZMB,Zambia,ESA,LIC,2018,POSITIVE,11.8172
NT_ANT_WAZ_NE2,Underweight prevalence,percentage,NUTRITION,survey_based,ZMB,Zambia,ESA,LIC,2019,HALLUCINATION_T1,
NT_ANT_WAZ_NE2,Underweight prevalence,percentage,NUTRITION,survey_based,ZMB,Zambia,ESA,LIC,2020,HALLUCINATION_T1,
NT_ANT_WAZ_NE2,Underweight prevalence,percentage,NUTRITION,survey_based,ZMB,Zambia,ESA,LIC,2021,HALLUCINATION_T1,
NT_ANT_WAZ_NE2,Underweight prevalence,percentage,NUTRITION,survey_based,ZMB,Zambia,ESA,LIC,2022,HALLUCINATION_T1,
NT_ANT_WAZ_NE2,Underweight prevalence,percentage,NUTRITION,survey_based,ZMB,Zambia,ESA,LIC,2023,HALLUCINATION_T1,
NT_ANT_WAZ_NE2,Underweight prevalence,percentage,NUTRITION,survey_based,ZMB,Zambia,ESA,LIC,2024,HALLUCINATION_T1,
NT_ANT_WAZ_NE2,Underweight prevalence,percentage,NUTRITION,survey_based,MAR,Morocco,MNA,LMC,2000,HALLUCINATION_T1,
NT_ANT_WAZ_NE2,Underweight prevalence,percentage,NUTRITION,survey_based,MAR,Morocco,MNA,LMC,2001,HALLUCINATION_T1,
NT_ANT_WAZ_NE2,Underweight prevalence,percentage,NUTRITION,survey_based,MAR,Morocco,MNA,LMC,2002,HALLUCINATION_T1,
NT_ANT_WAZ_NE2,Underweight prevalence,percentage,NUTRITION,survey_based,MAR,Morocco,MNA,LMC,2003,POSITIVE,9.8302
NT_ANT_WAZ_NE2,Underweight prevalence,percentage,NUTRITION,survey_based,MAR,Morocco,MNA,LMC,2004,HALLUCINATION_T1,
NT_ANT_WAZ_NE2,Underweight prevalence,percentage,NUTRITION,survey_based,MAR,Morocco,MNA,LMC,2005,HALLUCINATION_T1,
NT_ANT_WAZ_NE2,Underweight prevalence,percentage,NUTRITION,survey_based,MAR,Morocco,MNA,LMC,2006,HALLUCINATION_T1,
NT_ANT_WAZ_NE2,Underweight prevalence,percentage,NUTRITION,survey_based,MAR,Morocco,MNA,LMC,2007,HALLUCINATION_T1,
NT_ANT_WAZ_NE2,Underweight prevalence,percentage,NUTRITION,survey_based,MAR,Morocco,MNA,LMC,2008,HALLUCINATION_T1,
NT_ANT_WAZ_NE2,Underweight prevalence,percentage,NUTRITION,survey_based,MAR,Morocco,MNA,LMC,2009,HALLUCINATION_T1,
NT_ANT_WAZ_NE2,Underweight prevalence,percentage,NUTRITION,survey_based,MAR,Morocco,MNA,LMC,2010,HALLUCINATION_T1,
NT_ANT_WAZ_NE2,Underweight prevalence,percentage,NUTRITION,survey_based,MAR,Morocco,MNA,LMC,2011,POSITIVE,2.9129
NT_ANT_WAZ_NE2,Underweight prevalence,percentage,NUTRITION,survey_based,MAR,Morocco,MNA,LMC,2012,HALLUCINATION_T1,
NT_ANT_WAZ_NE2,Underweight prevalence,percentage,NUTRITION,survey_based,MAR,Morocco,MNA,LMC,2013,HALLUCINATION_T1,
NT_ANT_WAZ_NE2,Underweight prevalence,percentage,NUTRITION,survey_based,MAR,Morocco,MNA,LMC,2014,HALLUCINATION_T1,
NT_ANT_WAZ_NE2,Underweight prevalence,percentage,NUTRITION,survey_based,MAR,Morocco,MNA,LMC,2015,HALLUCINATION_T1,
NT_ANT_WAZ_NE2,Underweight prevalence,percentage,NUTRITION,survey_based,MAR,Morocco,MNA,LMC,2016,HALLUCINATION_T1,
NT_ANT_WAZ_NE2,Underweight prevalence,percentage,NUTRITION,survey_based,MAR,Morocco,MNA,LMC,2017,POSITIVE,2.5764
NT_ANT_WAZ_NE2,Underweight prevalence,percentage,NUTRITION,survey_based,MAR,Morocco,MNA,LMC,2018,HALLUCINATION_T1,
NT_ANT_WAZ_NE2,Underweight prevalence,percentage,NUTRITION,survey_based,MAR,Morocco,MNA,LMC,2019,POSITIVE,3.0
NT_ANT_WAZ_NE2,Underweight prevalence,percentage,NUTRITION,survey_based,MAR,Morocco,MNA,LMC,2020,HALLUCINATION_T1,
NT_ANT_WAZ_NE2,Underweight prevalence,percentage,NUTRITION,survey_based,MAR,Morocco,MNA,LMC,2021,HALLUCINATION_T1,
NT_ANT_WAZ_NE2,Underweight prevalence,percentage,NUTRITION,survey_based,MAR,Morocco,MNA,LMC,2022,HALLUCINATION_T1,
NT_ANT_WAZ_NE2,Underweight prevalence,percentage,NUTRITION,survey_based,MAR,Morocco,MNA,LMC,2023,HALLUCINATION_T1,
NT_ANT_WAZ_NE2,Underweight prevalence,percentage,NUTRITION,survey_based,MAR,Morocco,MNA,LMC,2024,HALLUCINATION_T1,
NT_ANT_WAZ_NE2,Underweight prevalence,percentage,NUTRITION,survey_based,DZA,Algeria,MNA,LMC,2000,POSITIVE,5.4177
NT_ANT_WAZ_NE2,Underweight prevalence,percentage,NUTRITION,survey_based,DZA,Algeria,MNA,LMC,2001,HALLUCINATION_T1,
NT_ANT_WAZ_NE2,Underweight prevalence,percentage,NUTRITION,survey_based,DZA,Algeria,MNA,LMC,2002,POSITIVE,11.0605
NT_ANT_WAZ_NE2,Underweight prevalence,percentage,NUTRITION,survey_based,DZA,Algeria,MNA,LMC,2003,HALLUCINATION_T1,
NT_ANT_WAZ_NE2,Underweight prevalence,percentage,NUTRITION,survey_based,DZA,Algeria,MNA,LMC,2004,HALLUCINATION_T1,
NT_ANT_WAZ_NE2,Underweight prevalence,percentage,NUTRITION,survey_based,DZA,Algeria,MNA,LMC,2005,HALLUCINATION_T1,
NT_ANT_WAZ_NE2,Underweight prevalence,percentage,NUTRITION,survey_based,DZA,Algeria,MNA,LMC,2006,POSITIVE,3.4482
NT_ANT_WAZ_NE2,Underweight prevalence,percentage,NUTRITION,survey_based,DZA,Algeria,MNA,LMC,2007,HALLUCINATION_T1,
NT_ANT_WAZ_NE2,Underweight prevalence,percentage,NUTRITION,survey_based,DZA,Algeria,MNA,LMC,2008,HALLUCINATION_T1,
NT_ANT_WAZ_NE2,Underweight prevalence,percentage,NUTRITION,survey_based,DZA,Algeria,MNA,LMC,2009,HALLUCINATION_T1,
NT_ANT_WAZ_NE2,Underweight prevalence,percentage,NUTRITION,survey_based,DZA,Algeria,MNA,LMC,2010,HALLUCINATION_T1,
NT_ANT_WAZ_NE2,Underweight prevalence,percentage,NUTRITION,survey_based,DZA,Algeria,MNA,LMC,2011,HALLUCINATION_T1,
NT_ANT_WAZ_NE2,Underweight prevalence,percentage,NUTRITION,survey_based,DZA,Algeria,MNA,LMC,2012,POSITIVE,3.0486
NT_ANT_WAZ_NE2,Underweight prevalence,percentage,NUTRITION,survey_based,DZA,Algeria,MNA,LMC,2013,HALLUCINATION_T1,
NT_ANT_WAZ_NE2,Underweight prevalence,percentage,NUTRITION,survey_based,DZA,Algeria,MNA,LMC,2014,HALLUCINATION_T1,
NT_ANT_WAZ_NE2,Underweight prevalence,percentage,NUTRITION,survey_based,DZA,Algeria,MNA,LMC,2015,HALLUCINATION_T1,
NT_ANT_WAZ_NE2,Underweight prevalence,percentage,NUTRITION,survey_based,DZA,Algeria,MNA,LMC,2016,HALLUCINATION_T1,
NT_ANT_WAZ_NE2,Underweight prevalence,percentage,NUTRITION,survey_based,DZA,Algeria,MNA,LMC,2017,HALLUCINATION_T1,
NT_ANT_WAZ_NE2,Underweight prevalence,percentage,NUTRITION,survey_based,DZA,Algeria,MNA,LMC,2018,HALLUCINATION_T1,
NT_ANT_WAZ_NE2,Underweight prevalence,percentage,NUTRITION,survey_based,DZA,Algeria,MNA,LMC,2019,POSITIVE,2.6566
NT_ANT_WAZ_NE2,Underweight prevalence,percentage,NUTRITION,survey_based,DZA,Algeria,MNA,LMC,2020,HALLUCINATION_T1,
NT_ANT_WAZ_NE2,Underweight prevalence,percentage,NUTRITION,survey_based,DZA,Algeria,MNA,LMC,2021,HALLUCINATION_T1,
NT_ANT_WAZ_NE2,Underweight prevalence,percentage,NUTRITION,survey_based,DZA,Algeria,MNA,LMC,2022,HALLUCINATION_T1,
NT_ANT_WAZ_NE2,Underweight prevalence,percentage,NUTRITION,survey_based,DZA,Algeria,MNA,LMC,2023,HALLUCINATION_T1,
NT_ANT_WAZ_NE2,Underweight prevalence,percentage,NUTRITION,survey_based,DZA,Algeria,MNA,LMC,2024,HALLUCINATION_T1,
NT_ANT_WAZ_NE2,Underweight prevalence,percentage,NUTRITION,survey_based,LAO,Laos,EAP,LMC,2000,POSITIVE,35.6333
NT_ANT_WAZ_NE2,Underweight prevalence,percentage,NUTRITION,survey_based,LAO,Laos,EAP,LMC,2001,HALLUCINATION_T1,
NT_ANT_WAZ_NE2,Underweight prevalence,percentage,NUTRITION,survey_based,LAO,Laos,EAP,LMC,2002,HALLUCINATION_T1,
NT_ANT_WAZ_NE2,Underweight prevalence,percentage,NUTRITION,survey_based,LAO,Laos,EAP,LMC,2003,HALLUCINATION_T1,
NT_ANT_WAZ_NE2,Underweight prevalence,percentage,NUTRITION,survey_based,LAO,Laos,EAP,LMC,2004,HALLUCINATION_T1,
NT_ANT_WAZ_NE2,Underweight prevalence,percentage,NUTRITION,survey_based,LAO,Laos,EAP,LMC,2005,HALLUCINATION_T1,
NT_ANT_WAZ_NE2,Underweight prevalence,percentage,NUTRITION,survey_based,LAO,Laos,EAP,LMC,2006,POSITIVE,31.6006
NT_ANT_WAZ_NE2,Underweight prevalence,percentage,NUTRITION,survey_based,LAO,Laos,EAP,LMC,2007,HALLUCINATION_T1,
NT_ANT_WAZ_NE2,Underweight prevalence,percentage,NUTRITION,survey_based,LAO,Laos,EAP,LMC,2008,HALLUCINATION_T1,
NT_ANT_WAZ_NE2,Underweight prevalence,percentage,NUTRITION,survey_based,LAO,Laos,EAP,LMC,2009,HALLUCINATION_T1,
NT_ANT_WAZ_NE2,Underweight prevalence,percentage,NUTRITION,survey_based,LAO,Laos,EAP,LMC,2010,HALLUCINATION_T1,
NT_ANT_WAZ_NE2,Underweight prevalence,percentage,NUTRITION,survey_based,LAO,Laos,EAP,LMC,2011,POSITIVE,26.5831
NT_ANT_WAZ_NE2,Underweight prevalence,percentage,NUTRITION,survey_based,LAO,Laos,EAP,LMC,2012,HALLUCINATION_T1,
NT_ANT_WAZ_NE2,Underweight prevalence,percentage,NUTRITION,survey_based,LAO,Laos,EAP,LMC,2013,HALLUCINATION_T1,
NT_ANT_WAZ_NE2,Underweight prevalence,percentage,NUTRITION,survey_based,LAO,Laos,EAP,LMC,2014,HALLUCINATION_T1,
NT_ANT_WAZ_NE2,Underweight prevalence,percentage,NUTRITION,survey_based,LAO,Laos,EAP,LMC,2015,POSITIVE,25.4781
NT_ANT_WAZ_NE2,Underweight prevalence,percentage,NUTRITION,survey_based,LAO,Laos,EAP,LMC,2016,HALLUCINATION_T1,
NT_ANT_WAZ_NE2,Underweight prevalence,percentage,NUTRITION,survey_based,LAO,Laos,EAP,LMC,2017,POSITIVE,21.1391
NT_ANT_WAZ_NE2,Underweight prevalence,percentage,NUTRITION,survey_based,LAO,Laos,EAP,LMC,2018,HALLUCINATION_T1,
NT_ANT_WAZ_NE2,Underweight prevalence,percentage,NUTRITION,survey_based,LAO,Laos,EAP,LMC,2019,HALLUCINATION_T1,
NT_ANT_WAZ_NE2,Underweight prevalence,percentage,NUTRITION,survey_based,LAO,Laos,EAP,LMC,2020,HALLUCINATION_T1,
NT_ANT_WAZ_NE2,Underweight prevalence,percentage,NUTRITION,survey_based,LAO,Laos,EAP,LMC,2021,HALLUCINATION_T1,
NT_ANT_WAZ_NE2,Underweight prevalence,percentage,NUTRITION,survey_based,LAO,Laos,EAP,LMC,2022,HALLUCINATION_T1,
NT_ANT_WAZ_NE2,Underweight prevalence,percentage,NUTRITION,survey_based,LAO,Laos,EAP,LMC,2023,POSITIVE,24.3
NT_ANT_WAZ_NE2,Underweight prevalence,percentage,NUTRITION,survey_based,LAO,Laos,EAP,LMC,2024,HALLUCINATION_T1,
NT_ANT_WAZ_NE2,Underweight prevalence,percentage,NUTRITION,survey_based,KGZ,Kyrgyzstan,ECA,LMC,2000,HALLUCINATION_T1,
NT_ANT_WAZ_NE2,Underweight prevalence,percentage,NUTRITION,survey_based,KGZ,Kyrgyzstan,ECA,LMC,2001,HALLUCINATION_T1,
NT_ANT_WAZ_NE2,Underweight prevalence,percentage,NUTRITION,survey_based,KGZ,Kyrgyzstan,ECA,LMC,2002,HALLUCINATION_T1,
NT_ANT_WAZ_NE2,Underweight prevalence,percentage,NUTRITION,survey_based,KGZ,Kyrgyzstan,ECA,LMC,2003,HALLUCINATION_T1,
NT_ANT_WAZ_NE2,Underweight prevalence,percentage,NUTRITION,survey_based,KGZ,Kyrgyzstan,ECA,LMC,2004,HALLUCINATION_T1,
NT_ANT_WAZ_NE2,Underweight prevalence,percentage,NUTRITION,survey_based,KGZ,Kyrgyzstan,ECA,LMC,2005,HALLUCINATION_T1,
NT_ANT_WAZ_NE2,Underweight prevalence,percentage,NUTRITION,survey_based,KGZ,Kyrgyzstan,ECA,LMC,2006,POSITIVE,2.6835
NT_ANT_WAZ_NE2,Underweight prevalence,percentage,NUTRITION,survey_based,KGZ,Kyrgyzstan,ECA,LMC,2007,HALLUCINATION_T1,
NT_ANT_WAZ_NE2,Underweight prevalence,percentage,NUTRITION,survey_based,KGZ,Kyrgyzstan,ECA,LMC,2008,HALLUCINATION_T1,
NT_ANT_WAZ_NE2,Underweight prevalence,percentage,NUTRITION,survey_based,KGZ,Kyrgyzstan,ECA,LMC,2009,POSITIVE,4.7
NT_ANT_WAZ_NE2,Underweight prevalence,percentage,NUTRITION,survey_based,KGZ,Kyrgyzstan,ECA,LMC,2010,HALLUCINATION_T1,
NT_ANT_WAZ_NE2,Underweight prevalence,percentage,NUTRITION,survey_based,KGZ,Kyrgyzstan,ECA,LMC,2011,HALLUCINATION_T1,
NT_ANT_WAZ_NE2,Underweight prevalence,percentage,NUTRITION,survey_based,KGZ,Kyrgyzstan,ECA,LMC,2012,POSITIVE,3.7769
NT_ANT_WAZ_NE2,Underweight prevalence,percentage,NUTRITION,survey_based,KGZ,Kyrgyzstan,ECA,LMC,2013,HALLUCINATION_T1,
NT_ANT_WAZ_NE2,Underweight prevalence,percentage,NUTRITION,survey_based,KGZ,Kyrgyzstan,ECA,LMC,2014,POSITIVE,2.7882
NT_ANT_WAZ_NE2,Underweight prevalence,percentage,NUTRITION,survey_based,KGZ,Kyrgyzstan,ECA,LMC,2015,HALLUCINATION_T1,
NT_ANT_WAZ_NE2,Underweight prevalence,percentage,NUTRITION,survey_based,KGZ,Kyrgyzstan,ECA,LMC,2016,HALLUCINATION_T1,
NT_ANT_WAZ_NE2,Underweight prevalence,percentage,NUTRITION,survey_based,KGZ,Kyrgyzstan,ECA,LMC,2017,HALLUCINATION_T1,
NT_ANT_WAZ_NE2,Underweight prevalence,percentage,NUTRITION,survey_based,KGZ,Kyrgyzstan,ECA,LMC,2018,POSITIVE,1.8344
NT_ANT_WAZ_NE2,Underweight prevalence,percentage,NUTRITION,survey_based,KGZ,Kyrgyzstan,ECA,LMC,2019,HALLUCINATION_T1,
NT_ANT_WAZ_NE2,Underweight prevalence,percentage,NUTRITION,survey_based,KGZ,Kyrgyzstan,ECA,LMC,2020,HALLUCINATION_T1,
NT_ANT_WAZ_NE2,Underweight prevalence,percentage,NUTRITION,survey_based,KGZ,Kyrgyzstan,ECA,LMC,2021,POSITIVE,1.0
NT_ANT_WAZ_NE2,Underweight prevalence,percentage,NUTRITION,survey_based,KGZ,Kyrgyzstan,ECA,LMC,2022,HALLUCINATION_T1,
NT_ANT_WAZ_NE2,Underweight prevalence,percentage,NUTRITION,survey_based,KGZ,Kyrgyzstan,ECA,LMC,2023,POSITIVE,2.9078
NT_ANT_WAZ_NE2,Underweight prevalence,percentage,NUTRITION,survey_based,KGZ,Kyrgyzstan,ECA,LMC,2024,HALLUCINATION_T1,
NT_ANT_WAZ_NE2,Underweight prevalence,percentage,NUTRITION,survey_based,TJK,Tajikistan,ECA,LMC,2000,HALLUCINATION_T1,
NT_ANT_WAZ_NE2,Underweight prevalence,percentage,NUTRITION,survey_based,TJK,Tajikistan,ECA,LMC,2001,HALLUCINATION_T1,
NT_ANT_WAZ_NE2,Underweight prevalence,percentage,NUTRITION,survey_based,TJK,Tajikistan,ECA,LMC,2002,HALLUCINATION_T1,
NT_ANT_WAZ_NE2,Underweight prevalence,percentage,NUTRITION,survey_based,TJK,Tajikistan,ECA,LMC,2003,HALLUCINATION_T1,
NT_ANT_WAZ_NE2,Underweight prevalence,percentage,NUTRITION,survey_based,TJK,Tajikistan,ECA,LMC,2004,HALLUCINATION_T1,
NT_ANT_WAZ_NE2,Underweight prevalence,percentage,NUTRITION,survey_based,TJK,Tajikistan,ECA,LMC,2005,POSITIVE,14.8834
NT_ANT_WAZ_NE2,Underweight prevalence,percentage,NUTRITION,survey_based,TJK,Tajikistan,ECA,LMC,2006,HALLUCINATION_T1,
NT_ANT_WAZ_NE2,Underweight prevalence,percentage,NUTRITION,survey_based,TJK,Tajikistan,ECA,LMC,2007,POSITIVE,15.0865
NT_ANT_WAZ_NE2,Underweight prevalence,percentage,NUTRITION,survey_based,TJK,Tajikistan,ECA,LMC,2008,HALLUCINATION_T1,
NT_ANT_WAZ_NE2,Underweight prevalence,percentage,NUTRITION,survey_based,TJK,Tajikistan,ECA,LMC,2009,POSITIVE,8.2
NT_ANT_WAZ_NE2,Underweight prevalence,percentage,NUTRITION,survey_based,TJK,Tajikistan,ECA,LMC,2010,HALLUCINATION_T1,
NT_ANT_WAZ_NE2,Underweight prevalence,percentage,NUTRITION,survey_based,TJK,Tajikistan,ECA,LMC,2011,HALLUCINATION_T1,
NT_ANT_WAZ_NE2,Underweight prevalence,percentage,NUTRITION,survey_based,TJK,Tajikistan,ECA,LMC,2012,POSITIVE,13.2658
NT_ANT_WAZ_NE2,Underweight prevalence,percentage,NUTRITION,survey_based,TJK,Tajikistan,ECA,LMC,2013,HALLUCINATION_T1,
NT_ANT_WAZ_NE2,Underweight prevalence,percentage,NUTRITION,survey_based,TJK,Tajikistan,ECA,LMC,2014,HALLUCINATION_T1,
NT_ANT_WAZ_NE2,Underweight prevalence,percentage,NUTRITION,survey_based,TJK,Tajikistan,ECA,LMC,2015,HALLUCINATION_T1,
NT_ANT_WAZ_NE2,Underweight prevalence,percentage,NUTRITION,survey_based,TJK,Tajikistan,ECA,LMC,2016,POSITIVE,6.4291
NT_ANT_WAZ_NE2,Underweight prevalence,percentage,NUTRITION,survey_based,TJK,Tajikistan,ECA,LMC,2017,POSITIVE,7.5771
NT_ANT_WAZ_NE2,Underweight prevalence,percentage,NUTRITION,survey_based,TJK,Tajikistan,ECA,LMC,2018,HALLUCINATION_T1,
NT_ANT_WAZ_NE2,Underweight prevalence,percentage,NUTRITION,survey_based,TJK,Tajikistan,ECA,LMC,2019,HALLUCINATION_T1,
NT_ANT_WAZ_NE2,Underweight prevalence,percentage,NUTRITION,survey_based,TJK,Tajikistan,ECA,LMC,2020,HALLUCINATION_T1,
NT_ANT_WAZ_NE2,Underweight prevalence,percentage,NUTRITION,survey_based,TJK,Tajikistan,ECA,LMC,2021,HALLUCINATION_T1,
NT_ANT_WAZ_NE2,Underweight prevalence,percentage,NUTRITION,survey_based,TJK,Tajikistan,ECA,LMC,2022,HALLUCINATION_T1,
NT_ANT_WAZ_NE2,Underweight prevalence,percentage,NUTRITION,survey_based,TJK,Tajikistan,ECA,LMC,2023,POSITIVE,5.2
NT_ANT_WAZ_NE2,Underweight prevalence,percentage,NUTRITION,survey_based,TJK,Tajikistan,ECA,LMC,2024,HALLUCINATION_T1,
NT_ANT_WAZ_NE2,Underweight prevalence,percentage,NUTRITION,survey_based,IRN,Iran,MNA,UMC,2000,HALLUCINATION_T1,
NT_ANT_WAZ_NE2,Underweight prevalence,percentage,NUTRITION,survey_based,IRN,Iran,MNA,UMC,2001,HALLUCINATION_T1,
NT_ANT_WAZ_NE2,Underweight prevalence,percentage,NUTRITION,survey_based,IRN,Iran,MNA,UMC,2002,HALLUCINATION_T1,
NT_ANT_WAZ_NE2,Underweight prevalence,percentage,NUTRITION,survey_based,IRN,Iran,MNA,UMC,2003,HALLUCINATION_T1,
NT_ANT_WAZ_NE2,Underweight prevalence,percentage,NUTRITION,survey_based,IRN,Iran,MNA,UMC,2004,POSITIVE,4.6
NT_ANT_WAZ_NE2,Underweight prevalence,percentage,NUTRITION,survey_based,IRN,Iran,MNA,UMC,2005,HALLUCINATION_T1,
NT_ANT_WAZ_NE2,Underweight prevalence,percentage,NUTRITION,survey_based,IRN,Iran,MNA,UMC,2006,HALLUCINATION_T1,
NT_ANT_WAZ_NE2,Underweight prevalence,percentage,NUTRITION,survey_based,IRN,Iran,MNA,UMC,2007,HALLUCINATION_T1,
NT_ANT_WAZ_NE2,Underweight prevalence,percentage,NUTRITION,survey_based,IRN,Iran,MNA,UMC,2008,HALLUCINATION_T1,
NT_ANT_WAZ_NE2,Underweight prevalence,percentage,NUTRITION,survey_based,IRN,Iran,MNA,UMC,2009,HALLUCINATION_T1,
NT_ANT_WAZ_NE2,Underweight prevalence,percentage,NUTRITION,survey_based,IRN,Iran,MNA,UMC,2010,POSITIVE,4.08
NT_ANT_WAZ_NE2,Underweight prevalence,percentage,NUTRITION,survey_based,IRN,Iran,MNA,UMC,2011,HALLUCINATION_T1,
NT_ANT_WAZ_NE2,Underweight prevalence,percentage,NUTRITION,survey_based,IRN,Iran,MNA,UMC,2012,HALLUCINATION_T1,
NT_ANT_WAZ_NE2,Underweight prevalence,percentage,NUTRITION,survey_based,IRN,Iran,MNA,UMC,2013,HALLUCINATION_T1,
NT_ANT_WAZ_NE2,Underweight prevalence,percentage,NUTRITION,survey_based,IRN,Iran,MNA,UMC,2014,HALLUCINATION_T1,
NT_ANT_WAZ_NE2,Underweight prevalence,percentage,NUTRITION,survey_based,IRN,Iran,MNA,UMC,2015,HALLUCINATION_T1,
NT_ANT_WAZ_NE2,Underweight prevalence,percentage,NUTRITION,survey_based,IRN,Iran,MNA,UMC,2016,HALLUCINATION_T1,
NT_ANT_WAZ_NE2,Underweight prevalence,percentage,NUTRITION,survey_based,IRN,Iran,MNA,UMC,2017,POSITIVE,4.3
NT_ANT_WAZ_NE2,Underweight prevalence,percentage,NUTRITION,survey_based,IRN,Iran,MNA,UMC,2018,HALLUCINATION_T1,
NT_ANT_WAZ_NE2,Underweight prevalence,percentage,NUTRITION,survey_based,IRN,Iran,MNA,UMC,2019,HALLUCINATION_T1,
NT_ANT_WAZ_NE2,Underweight prevalence,percentage,NUTRITION,survey_based,IRN,Iran,MNA,UMC,2020,HALLUCINATION_T1,
NT_ANT_WAZ_NE2,Underweight prevalence,percentage,NUTRITION,survey_based,IRN,Iran,MNA,UMC,2021,HALLUCINATION_T1,
NT_ANT_WAZ_NE2,Underweight prevalence,percentage,NUTRITION,survey_based,IRN,Iran,MNA,UMC,2022,HALLUCINATION_T1,
NT_ANT_WAZ_NE2,Underweight prevalence,percentage,NUTRITION,survey_based,IRN,Iran,MNA,UMC,2023,HALLUCINATION_T1,
NT_ANT_WAZ_NE2,Underweight prevalence,percentage,NUTRITION,survey_based,IRN,Iran,MNA,UMC,2024,HALLUCINATION_T1,
NT_ANT_WAZ_NE2,Underweight prevalence,percentage,NUTRITION,survey_based,AZE,Azerbaijan,ECA,UMC,2000,POSITIVE,14.0459
NT_ANT_WAZ_NE2,Underweight prevalence,percentage,NUTRITION,survey_based,AZE,Azerbaijan,ECA,UMC,2001,POSITIVE,5.9
NT_ANT_WAZ_NE2,Underweight prevalence,percentage,NUTRITION,survey_based,AZE,Azerbaijan,ECA,UMC,2002,HALLUCINATION_T1,
NT_ANT_WAZ_NE2,Underweight prevalence,percentage,NUTRITION,survey_based,AZE,Azerbaijan,ECA,UMC,2003,HALLUCINATION_T1,
NT_ANT_WAZ_NE2,Underweight prevalence,percentage,NUTRITION,survey_based,AZE,Azerbaijan,ECA,UMC,2004,HALLUCINATION_T1,
NT_ANT_WAZ_NE2,Underweight prevalence,percentage,NUTRITION,survey_based,AZE,Azerbaijan,ECA,UMC,2005,HALLUCINATION_T1,
NT_ANT_WAZ_NE2,Underweight prevalence,percentage,NUTRITION,survey_based,AZE,Azerbaijan,ECA,UMC,2006,POSITIVE,8.422
NT_ANT_WAZ_NE2,Underweight prevalence,percentage,NUTRITION,survey_based,AZE,Azerbaijan,ECA,UMC,2007,HALLUCINATION_T1,
NT_ANT_WAZ_NE2,Underweight prevalence,percentage,NUTRITION,survey_based,AZE,Azerbaijan,ECA,UMC,2008,HALLUCINATION_T1,
NT_ANT_WAZ_NE2,Underweight prevalence,percentage,NUTRITION,survey_based,AZE,Azerbaijan,ECA,UMC,2009,HALLUCINATION_T1,
NT_ANT_WAZ_NE2,Underweight prevalence,percentage,NUTRITION,survey_based,AZE,Azerbaijan,ECA,UMC,2010,HALLUCINATION_T1,
NT_ANT_WAZ_NE2,Underweight prevalence,percentage,NUTRITION,survey_based,AZE,Azerbaijan,ECA,UMC,2011,POSITIVE,6.5
NT_ANT_WAZ_NE2,Underweight prevalence,percentage,NUTRITION,survey_based,AZE,Azerbaijan,ECA,UMC,2012,HALLUCINATION_T1,
NT_ANT_WAZ_NE2,Underweight prevalence,percentage,NUTRITION,survey_based,AZE,Azerbaijan,ECA,UMC,2013,POSITIVE,4.9226
NT_ANT_WAZ_NE2,Underweight prevalence,percentage,NUTRITION,survey_based,AZE,Azerbaijan,ECA,UMC,2014,HALLUCINATION_T1,
NT_ANT_WAZ_NE2,Underweight prevalence,percentage,NUTRITION,survey_based,AZE,Azerbaijan,ECA,UMC,2015,HALLUCINATION_T1,
NT_ANT_WAZ_NE2,Underweight prevalence,percentage,NUTRITION,survey_based,AZE,Azerbaijan,ECA,UMC,2016,HALLUCINATION_T1,
NT_ANT_WAZ_NE2,Underweight prevalence,percentage,NUTRITION,survey_based,AZE,Azerbaijan,ECA,UMC,2017,HALLUCINATION_T1,
NT_ANT_WAZ_NE2,Underweight prevalence,percentage,NUTRITION,survey_based,AZE,Azerbaijan,ECA,UMC,2018,HALLUCINATION_T1,
NT_ANT_WAZ_NE2,Underweight prevalence,percentage,NUTRITION,survey_based,AZE,Azerbaijan,ECA,UMC,2019,HALLUCINATION_T1,
NT_ANT_WAZ_NE2,Underweight prevalence,percentage,NUTRITION,survey_based,AZE,Azerbaijan,ECA,UMC,2020,HALLUCINATION_T1,
NT_ANT_WAZ_NE2,Underweight prevalence,percentage,NUTRITION,survey_based,AZE,Azerbaijan,ECA,UMC,2021,HALLUCINATION_T1,
NT_ANT_WAZ_NE2,Underweight prevalence,percentage,NUTRITION,survey_based,AZE,Azerbaijan,ECA,UMC,2022,HALLUCINATION_T1,
NT_ANT_WAZ_NE2,Underweight prevalence,percentage,NUTRITION,survey_based,AZE,Azerbaijan,ECA,UMC,2023,POSITIVE,3.0219
NT_ANT_WAZ_NE2,Underweight prevalence,percentage,NUTRITION,survey_based,AZE,Azerbaijan,ECA,UMC,2024,HALLUCINATION_T1,
NT_ANT_WAZ_NE2,Underweight prevalence,percentage,NUTRITION,survey_based,GEO,Georgia,ECA,UMC,2000,HALLUCINATION_T1,
NT_ANT_WAZ_NE2,Underweight prevalence,percentage,NUTRITION,survey_based,GEO,Georgia,ECA,UMC,2001,HALLUCINATION_T1,
NT_ANT_WAZ_NE2,Underweight prevalence,percentage,NUTRITION,survey_based,GEO,Georgia,ECA,UMC,2002,HALLUCINATION_T1,
NT_ANT_WAZ_NE2,Underweight prevalence,percentage,NUTRITION,survey_based,GEO,Georgia,ECA,UMC,2003,HALLUCINATION_T1,
NT_ANT_WAZ_NE2,Underweight prevalence,percentage,NUTRITION,survey_based,GEO,Georgia,ECA,UMC,2004,HALLUCINATION_T1,
NT_ANT_WAZ_NE2,Underweight prevalence,percentage,NUTRITION,survey_based,GEO,Georgia,ECA,UMC,2005,POSITIVE,2.3514
NT_ANT_WAZ_NE2,Underweight prevalence,percentage,NUTRITION,survey_based,GEO,Georgia,ECA,UMC,2006,HALLUCINATION_T1,
NT_ANT_WAZ_NE2,Underweight prevalence,percentage,NUTRITION,survey_based,GEO,Georgia,ECA,UMC,2007,HALLUCINATION_T1,
NT_ANT_WAZ_NE2,Underweight prevalence,percentage,NUTRITION,survey_based,GEO,Georgia,ECA,UMC,2008,HALLUCINATION_T1,
NT_ANT_WAZ_NE2,Underweight prevalence,percentage,NUTRITION,survey_based,GEO,Georgia,ECA,UMC,2009,POSITIVE,1.0891
NT_ANT_WAZ_NE2,Underweight prevalence,percentage,NUTRITION,survey_based,GEO,Georgia,ECA,UMC,2010,HALLUCINATION_T1,
NT_ANT_WAZ_NE2,Underweight prevalence,percentage,NUTRITION,survey_based,GEO,Georgia,ECA,UMC,2011,HALLUCINATION_T1,
NT_ANT_WAZ_NE2,Underweight prevalence,percentage,NUTRITION,survey_based,GEO,Georgia,ECA,UMC,2012,HALLUCINATION_T1,
NT_ANT_WAZ_NE2,Underweight prevalence,percentage,NUTRITION,survey_based,GEO,Georgia,ECA,UMC,2013,HALLUCINATION_T1,
NT_ANT_WAZ_NE2,Underweight prevalence,percentage,NUTRITION,survey_based,GEO,Georgia,ECA,UMC,2014,HALLUCINATION_T1,
NT_ANT_WAZ_NE2,Underweight prevalence,percentage,NUTRITION,survey_based,GEO,Georgia,ECA,UMC,2015,HALLUCINATION_T1,
NT_ANT_WAZ_NE2,Underweight prevalence,percentage,NUTRITION,survey_based,GEO,Georgia,ECA,UMC,2016,HALLUCINATION_T1,
NT_ANT_WAZ_NE2,Underweight prevalence,percentage,NUTRITION,survey_based,GEO,Georgia,ECA,UMC,2017,HALLUCINATION_T1,
NT_ANT_WAZ_NE2,Underweight prevalence,percentage,NUTRITION,survey_based,GEO,Georgia,ECA,UMC,2018,POSITIVE,2.0723
NT_ANT_WAZ_NE2,Underweight prevalence,percentage,NUTRITION,survey_based,GEO,Georgia,ECA,UMC,2019,HALLUCINATION_T1,
NT_ANT_WAZ_NE2,Underweight prevalence,percentage,NUTRITION,survey_based,GEO,Georgia,ECA,UMC,2020,HALLUCINATION_T1,
NT_ANT_WAZ_NE2,Underweight prevalence,percentage,NUTRITION,survey_based,GEO,Georgia,ECA,UMC,2021,HALLUCINATION_T1,
NT_ANT_WAZ_NE2,Underweight prevalence,percentage,NUTRITION,survey_based,GEO,Georgia,ECA,UMC,2022,HALLUCINATION_T1,
NT_ANT_WAZ_NE2,Underweight prevalence,percentage,NUTRITION,survey_based,GEO,Georgia,ECA,UMC,2023,HALLUCINATION_T1,
NT_ANT_WAZ_NE2,Underweight prevalence,percentage,NUTRITION,survey_based,GEO,Georgia,ECA,UMC,2024,HALLUCINATION_T1,
NT_ANT_WAZ_NE2,Underweight prevalence,percentage,NUTRITION,survey_based,ALB,Albania,ECA,UMC,2000,HALLUCINATION_T1,
NT_ANT_WAZ_NE2,Underweight prevalence,percentage,NUTRITION,survey_based,ALB,Albania,ECA,UMC,2001,HALLUCINATION_T1,
NT_ANT_WAZ_NE2,Underweight prevalence,percentage,NUTRITION,survey_based,ALB,Albania,ECA,UMC,2002,HALLUCINATION_T1,
NT_ANT_WAZ_NE2,Underweight prevalence,percentage,NUTRITION,survey_based,ALB,Albania,ECA,UMC,2003,HALLUCINATION_T1,
NT_ANT_WAZ_NE2,Underweight prevalence,percentage,NUTRITION,survey_based,ALB,Albania,ECA,UMC,2004,HALLUCINATION_T1,
NT_ANT_WAZ_NE2,Underweight prevalence,percentage,NUTRITION,survey_based,ALB,Albania,ECA,UMC,2005,POSITIVE,6.6482
NT_ANT_WAZ_NE2,Underweight prevalence,percentage,NUTRITION,survey_based,ALB,Albania,ECA,UMC,2006,HALLUCINATION_T1,
NT_ANT_WAZ_NE2,Underweight prevalence,percentage,NUTRITION,survey_based,ALB,Albania,ECA,UMC,2007,HALLUCINATION_T1,
NT_ANT_WAZ_NE2,Underweight prevalence,percentage,NUTRITION,survey_based,ALB,Albania,ECA,UMC,2008,HALLUCINATION_T1,
NT_ANT_WAZ_NE2,Underweight prevalence,percentage,NUTRITION,survey_based,ALB,Albania,ECA,UMC,2009,POSITIVE,6.2851
NT_ANT_WAZ_NE2,Underweight prevalence,percentage,NUTRITION,survey_based,ALB,Albania,ECA,UMC,2010,HALLUCINATION_T1,
NT_ANT_WAZ_NE2,Underweight prevalence,percentage,NUTRITION,survey_based,ALB,Albania,ECA,UMC,2011,HALLUCINATION_T1,
NT_ANT_WAZ_NE2,Underweight prevalence,percentage,NUTRITION,survey_based,ALB,Albania,ECA,UMC,2012,HALLUCINATION_T1,
NT_ANT_WAZ_NE2,Underweight prevalence,percentage,NUTRITION,survey_based,ALB,Albania,ECA,UMC,2013,HALLUCINATION_T1,
NT_ANT_WAZ_NE2,Underweight prevalence,percentage,NUTRITION,survey_based,ALB,Albania,ECA,UMC,2014,HALLUCINATION_T1,
NT_ANT_WAZ_NE2,Underweight prevalence,percentage,NUTRITION,survey_based,ALB,Albania,ECA,UMC,2015,HALLUCINATION_T1,
NT_ANT_WAZ_NE2,Underweight prevalence,percentage,NUTRITION,survey_based,ALB,Albania,ECA,UMC,2016,HALLUCINATION_T1,
NT_ANT_WAZ_NE2,Underweight prevalence,percentage,NUTRITION,survey_based,ALB,Albania,ECA,UMC,2017,POSITIVE,1.4788
NT_ANT_WAZ_NE2,Underweight prevalence,percentage,NUTRITION,survey_based,ALB,Albania,ECA,UMC,2018,HALLUCINATION_T1,
NT_ANT_WAZ_NE2,Underweight prevalence,percentage,NUTRITION,survey_based,ALB,Albania,ECA,UMC,2019,HALLUCINATION_T1,
NT_ANT_WAZ_NE2,Underweight prevalence,percentage,NUTRITION,survey_based,ALB,Albania,ECA,UMC,2020,HALLUCINATION_T1,
NT_ANT_WAZ_NE2,Underweight prevalence,percentage,NUTRITION,survey_based,ALB,Albania,ECA,UMC,2021,HALLUCINATION_T1,
NT_ANT_WAZ_NE2,Underweight prevalence,percentage,NUTRITION,survey_based,ALB,Albania,ECA,UMC,2022,HALLUCINATION_T1,
NT_ANT_WAZ_NE2,Underweight prevalence,percentage,NUTRITION,survey_based,ALB,Albania,ECA,UMC,2023,HALLUCINATION_T1,
NT_ANT_WAZ_NE2,Underweight prevalence,percentage,NUTRITION,survey_based,ALB,Albania,ECA,UMC,2024,HALLUCINATION_T1,
NT_ANT_WAZ_NE2,Underweight prevalence,percentage,NUTRITION,survey_based,BLR,Belarus,ECA,UMC,2000,HALLUCINATION_T1,
NT_ANT_WAZ_NE2,Underweight prevalence,percentage,NUTRITION,survey_based,BLR,Belarus,ECA,UMC,2001,HALLUCINATION_T1,
NT_ANT_WAZ_NE2,Underweight prevalence,percentage,NUTRITION,survey_based,BLR,Belarus,ECA,UMC,2002,HALLUCINATION_T1,
NT_ANT_WAZ_NE2,Underweight prevalence,percentage,NUTRITION,survey_based,BLR,Belarus,ECA,UMC,2003,HALLUCINATION_T1,
NT_ANT_WAZ_NE2,Underweight prevalence,percentage,NUTRITION,survey_based,BLR,Belarus,ECA,UMC,2004,HALLUCINATION_T1,
NT_ANT_WAZ_NE2,Underweight prevalence,percentage,NUTRITION,survey_based,BLR,Belarus,ECA,UMC,2005,POSITIVE,1.2744
NT_ANT_WAZ_NE2,Underweight prevalence,percentage,NUTRITION,survey_based,BLR,Belarus,ECA,UMC,2006,HALLUCINATION_T1,
NT_ANT_WAZ_NE2,Underweight prevalence,percentage,NUTRITION,survey_based,BLR,Belarus,ECA,UMC,2007,HALLUCINATION_T1,
NT_ANT_WAZ_NE2,Underweight prevalence,percentage,NUTRITION,survey_based,BLR,Belarus,ECA,UMC,2008,HALLUCINATION_T1,
NT_ANT_WAZ_NE2,Underweight prevalence,percentage,NUTRITION,survey_based,BLR,Belarus,ECA,UMC,2009,HALLUCINATION_T1,
NT_ANT_WAZ_NE2,Underweight prevalence,percentage,NUTRITION,survey_based,BLR,Belarus,ECA,UMC,2010,HALLUCINATION_T1,
NT_ANT_WAZ_NE2,Underweight prevalence,percentage,NUTRITION,survey_based,BLR,Belarus,ECA,UMC,2011,HALLUCINATION_T1,
NT_ANT_WAZ_NE2,Underweight prevalence,percentage,NUTRITION,survey_based,BLR,Belarus,ECA,UMC,2012,HALLUCINATION_T1,
NT_ANT_WAZ_NE2,Underweight prevalence,percentage,NUTRITION,survey_based,BLR,Belarus,ECA,UMC,2013,HALLUCINATION_T1,
NT_ANT_WAZ_NE2,Underweight prevalence,percentage,NUTRITION,survey_based,BLR,Belarus,ECA,UMC,2014,HALLUCINATION_T1,
NT_ANT_WAZ_NE2,Underweight prevalence,percentage,NUTRITION,survey_based,BLR,Belarus,ECA,UMC,2015,HALLUCINATION_T1,
NT_ANT_WAZ_NE2,Underweight prevalence,percentage,NUTRITION,survey_based,BLR,Belarus,ECA,UMC,2016,HALLUCINATION_T1,
NT_ANT_WAZ_NE2,Underweight prevalence,percentage,NUTRITION,survey_based,BLR,Belarus,ECA,UMC,2017,HALLUCINATION_T1,
NT_ANT_WAZ_NE2,Underweight prevalence,percentage,NUTRITION,survey_based,BLR,Belarus,ECA,UMC,2018,HALLUCINATION_T1,
NT_ANT_WAZ_NE2,Underweight prevalence,percentage,NUTRITION,survey_based,BLR,Belarus,ECA,UMC,2019,HALLUCINATION_T1,
NT_ANT_WAZ_NE2,Underweight prevalence,percentage,NUTRITION,survey_based,BLR,Belarus,ECA,UMC,2020,HALLUCINATION_T1,
NT_ANT_WAZ_NE2,Underweight prevalence,percentage,NUTRITION,survey_based,BLR,Belarus,ECA,UMC,2021,HALLUCINATION_T1,
NT_ANT_WAZ_NE2,Underweight prevalence,percentage,NUTRITION,survey_based,BLR,Belarus,ECA,UMC,2022,HALLUCINATION_T1,
NT_ANT_WAZ_NE2,Underweight prevalence,percentage,NUTRITION,survey_based,BLR,Belarus,ECA,UMC,2023,HALLUCINATION_T1,
NT_ANT_WAZ_NE2,Underweight prevalence,percentage,NUTRITION,survey_based,BLR,Belarus,ECA,UMC,2024,HALLUCINATION_T1,
NT_ANT_WAZ_NE2,Underweight prevalence,percentage,NUTRITION,survey_based,KWT,Kuwait,MNA,HIC,2000,HALLUCINATION_T1,
NT_ANT_WAZ_NE2,Underweight prevalence,percentage,NUTRITION,survey_based,KWT,Kuwait,MNA,HIC,2001,POSITIVE,2.184
NT_ANT_WAZ_NE2,Underweight prevalence,percentage,NUTRITION,survey_based,KWT,Kuwait,MNA,HIC,2002,POSITIVE,2.0562
NT_ANT_WAZ_NE2,Underweight prevalence,percentage,NUTRITION,survey_based,KWT,Kuwait,MNA,HIC,2003,POSITIVE,2.3445
NT_ANT_WAZ_NE2,Underweight prevalence,percentage,NUTRITION,survey_based,KWT,Kuwait,MNA,HIC,2004,POSITIVE,2.7619
NT_ANT_WAZ_NE2,Underweight prevalence,percentage,NUTRITION,survey_based,KWT,Kuwait,MNA,HIC,2005,POSITIVE,2.6424
NT_ANT_WAZ_NE2,Underweight prevalence,percentage,NUTRITION,survey_based,KWT,Kuwait,MNA,HIC,2006,POSITIVE,2.8555
NT_ANT_WAZ_NE2,Underweight prevalence,percentage,NUTRITION,survey_based,KWT,Kuwait,MNA,HIC,2007,POSITIVE,2.8653
NT_ANT_WAZ_NE2,Underweight prevalence,percentage,NUTRITION,survey_based,KWT,Kuwait,MNA,HIC,2008,POSITIVE,2.3543
NT_ANT_WAZ_NE2,Underweight prevalence,percentage,NUTRITION,survey_based,KWT,Kuwait,MNA,HIC,2009,POSITIVE,1.6899
NT_ANT_WAZ_NE2,Underweight prevalence,percentage,NUTRITION,survey_based,KWT,Kuwait,MNA,HIC,2010,POSITIVE,1.6507
NT_ANT_WAZ_NE2,Underweight prevalence,percentage,NUTRITION,survey_based,KWT,Kuwait,MNA,HIC,2011,POSITIVE,2.0957
NT_ANT_WAZ_NE2,Underweight prevalence,percentage,NUTRITION,survey_based,KWT,Kuwait,MNA,HIC,2012,POSITIVE,2.1244
NT_ANT_WAZ_NE2,Underweight prevalence,percentage,NUTRITION,survey_based,KWT,Kuwait,MNA,HIC,2013,POSITIVE,3.5666
NT_ANT_WAZ_NE2,Underweight prevalence,percentage,NUTRITION,survey_based,KWT,Kuwait,MNA,HIC,2014,POSITIVE,3.0312
NT_ANT_WAZ_NE2,Underweight prevalence,percentage,NUTRITION,survey_based,KWT,Kuwait,MNA,HIC,2015,POSITIVE,3.2159
NT_ANT_WAZ_NE2,Underweight prevalence,percentage,NUTRITION,survey_based,KWT,Kuwait,MNA,HIC,2016,POSITIVE,3.2612
NT_ANT_WAZ_NE2,Underweight prevalence,percentage,NUTRITION,survey_based,KWT,Kuwait,MNA,HIC,2017,POSITIVE,3.5923
NT_ANT_WAZ_NE2,Underweight prevalence,percentage,NUTRITION,survey_based,KWT,Kuwait,MNA,HIC,2018,POSITIVE,3.2509
NT_ANT_WAZ_NE2,Underweight prevalence,percentage,NUTRITION,survey_based,KWT,Kuwait,MNA,HIC,2019,POSITIVE,2.0398
NT_ANT_WAZ_NE2,Underweight prevalence,percentage,NUTRITION,survey_based,KWT,Kuwait,MNA,HIC,2020,POSITIVE,1.7575
NT_ANT_WAZ_NE2,Underweight prevalence,percentage,NUTRITION,survey_based,KWT,Kuwait,MNA,HIC,2021,POSITIVE,2.3906
NT_ANT_WAZ_NE2,Underweight prevalence,percentage,NUTRITION,survey_based,KWT,Kuwait,MNA,HIC,2022,POSITIVE,2.877
NT_ANT_WAZ_NE2,Underweight prevalence,percentage,NUTRITION,survey_based,KWT,Kuwait,MNA,HIC,2023,POSITIVE,2.7861
NT_ANT_WAZ_NE2,Underweight prevalence,percentage,NUTRITION,survey_based,KWT,Kuwait,MNA,HIC,2024,HALLUCINATION_T1,
NT_ANT_WAZ_NE2,Underweight prevalence,percentage,NUTRITION,survey_based,BHR,Bahrain,MNA,HIC,2000,HALLUCINATION_T2,
NT_ANT_WAZ_NE2,Underweight prevalence,percentage,NUTRITION,survey_based,BHR,Bahrain,MNA,HIC,2001,HALLUCINATION_T2,
NT_ANT_WAZ_NE2,Underweight prevalence,percentage,NUTRITION,survey_based,BHR,Bahrain,MNA,HIC,2002,HALLUCINATION_T2,
NT_ANT_WAZ_NE2,Underweight prevalence,percentage,NUTRITION,survey_based,BHR,Bahrain,MNA,HIC,2003,HALLUCINATION_T2,
NT_ANT_WAZ_NE2,Underweight prevalence,percentage,NUTRITION,survey_based,BHR,Bahrain,MNA,HIC,2004,HALLUCINATION_T2,
NT_ANT_WAZ_NE2,Underweight prevalence,percentage,NUTRITION,survey_based,BHR,Bahrain,MNA,HIC,2005,HALLUCINATION_T2,
NT_ANT_WAZ_NE2,Underweight prevalence,percentage,NUTRITION,survey_based,BHR,Bahrain,MNA,HIC,2006,HALLUCINATION_T2,
NT_ANT_WAZ_NE2,Underweight prevalence,percentage,NUTRITION,survey_based,BHR,Bahrain,MNA,HIC,2007,HALLUCINATION_T2,
NT_ANT_WAZ_NE2,Underweight prevalence,percentage,NUTRITION,survey_based,BHR,Bahrain,MNA,HIC,2008,HALLUCINATION_T2,
NT_ANT_WAZ_NE2,Underweight prevalence,percentage,NUTRITION,survey_based,BHR,Bahrain,MNA,HIC,2009,HALLUCINATION_T2,
NT_ANT_WAZ_NE2,Underweight prevalence,percentage,NUTRITION,survey_based,BHR,Bahrain,MNA,HIC,2010,HALLUCINATION_T2,
NT_ANT_WAZ_NE2,Underweight prevalence,percentage,NUTRITION,survey_based,BHR,Bahrain,MNA,HIC,2011,HALLUCINATION_T2,
NT_ANT_WAZ_NE2,Underweight prevalence,percentage,NUTRITION,survey_based,BHR,Bahrain,MNA,HIC,2012,HALLUCINATION_T2,
NT_ANT_WAZ_NE2,Underweight prevalence,percentage,NUTRITION,survey_based,BHR,Bahrain,MNA,HIC,2013,HALLUCINATION_T2,
NT_ANT_WAZ_NE2,Underweight prevalence,percentage,NUTRITION,survey_based,BHR,Bahrain,MNA,HIC,2014,HALLUCINATION_T2,
NT_ANT_WAZ_NE2,Underweight prevalence,percentage,NUTRITION,survey_based,BHR,Bahrain,MNA,HIC,2015,HALLUCINATION_T2,
NT_ANT_WAZ_NE2,Underweight prevalence,percentage,NUTRITION,survey_based,BHR,Bahrain,MNA,HIC,2016,HALLUCINATION_T2,
NT_ANT_WAZ_NE2,Underweight prevalence,percentage,NUTRITION,survey_based,BHR,Bahrain,MNA,HIC,2017,HALLUCINATION_T2,
NT_ANT_WAZ_NE2,Underweight prevalence,percentage,NUTRITION,survey_based,BHR,Bahrain,MNA,HIC,2018,HALLUCINATION_T2,
NT_ANT_WAZ_NE2,Underweight prevalence,percentage,NUTRITION,survey_based,BHR,Bahrain,MNA,HIC,2019,HALLUCINATION_T2,
NT_ANT_WAZ_NE2,Underweight prevalence,percentage,NUTRITION,survey_based,BHR,Bahrain,MNA,HIC,2020,HALLUCINATION_T2,
NT_ANT_WAZ_NE2,Underweight prevalence,percentage,NUTRITION,survey_based,BHR,Bahrain,MNA,HIC,2021,HALLUCINATION_T2,
NT_ANT_WAZ_NE2,Underweight prevalence,percentage,NUTRITION,survey_based,BHR,Bahrain,MNA,HIC,2022,HALLUCINATION_T2,
NT_ANT_WAZ_NE2,Underweight prevalence,percentage,NUTRITION,survey_based,BHR,Bahrain,MNA,HIC,2023,HALLUCINATION_T2,
NT_ANT_WAZ_NE2,Underweight prevalence,percentage,NUTRITION,survey_based,BHR,Bahrain,MNA,HIC,2024,HALLUCINATION_T2,
NT_ANT_WAZ_NE2,Underweight prevalence,percentage,NUTRITION,survey_based,OMN,Oman,MNA,HIC,2000,HALLUCINATION_T1,
NT_ANT_WAZ_NE2,Underweight prevalence,percentage,NUTRITION,survey_based,OMN,Oman,MNA,HIC,2001,HALLUCINATION_T1,
NT_ANT_WAZ_NE2,Underweight prevalence,percentage,NUTRITION,survey_based,OMN,Oman,MNA,HIC,2002,HALLUCINATION_T1,
NT_ANT_WAZ_NE2,Underweight prevalence,percentage,NUTRITION,survey_based,OMN,Oman,MNA,HIC,2003,HALLUCINATION_T1,
NT_ANT_WAZ_NE2,Underweight prevalence,percentage,NUTRITION,survey_based,OMN,Oman,MNA,HIC,2004,HALLUCINATION_T1,
NT_ANT_WAZ_NE2,Underweight prevalence,percentage,NUTRITION,survey_based,OMN,Oman,MNA,HIC,2005,HALLUCINATION_T1,
NT_ANT_WAZ_NE2,Underweight prevalence,percentage,NUTRITION,survey_based,OMN,Oman,MNA,HIC,2006,HALLUCINATION_T1,
NT_ANT_WAZ_NE2,Underweight prevalence,percentage,NUTRITION,survey_based,OMN,Oman,MNA,HIC,2007,HALLUCINATION_T1,
NT_ANT_WAZ_NE2,Underweight prevalence,percentage,NUTRITION,survey_based,OMN,Oman,MNA,HIC,2008,HALLUCINATION_T1,
NT_ANT_WAZ_NE2,Underweight prevalence,percentage,NUTRITION,survey_based,OMN,Oman,MNA,HIC,2009,POSITIVE,8.6
NT_ANT_WAZ_NE2,Underweight prevalence,percentage,NUTRITION,survey_based,OMN,Oman,MNA,HIC,2010,HALLUCINATION_T1,
NT_ANT_WAZ_NE2,Underweight prevalence,percentage,NUTRITION,survey_based,OMN,Oman,MNA,HIC,2011,HALLUCINATION_T1,
NT_ANT_WAZ_NE2,Underweight prevalence,percentage,NUTRITION,survey_based,OMN,Oman,MNA,HIC,2012,HALLUCINATION_T1,
NT_ANT_WAZ_NE2,Underweight prevalence,percentage,NUTRITION,survey_based,OMN,Oman,MNA,HIC,2013,HALLUCINATION_T1,
NT_ANT_WAZ_NE2,Underweight prevalence,percentage,NUTRITION,survey_based,OMN,Oman,MNA,HIC,2014,POSITIVE,9.7
NT_ANT_WAZ_NE2,Underweight prevalence,percentage,NUTRITION,survey_based,OMN,Oman,MNA,HIC,2015,HALLUCINATION_T1,
NT_ANT_WAZ_NE2,Underweight prevalence,percentage,NUTRITION,survey_based,OMN,Oman,MNA,HIC,2016,HALLUCINATION_T1,
NT_ANT_WAZ_NE2,Underweight prevalence,percentage,NUTRITION,survey_based,OMN,Oman,MNA,HIC,2017,POSITIVE,11.2
NT_ANT_WAZ_NE2,Underweight prevalence,percentage,NUTRITION,survey_based,OMN,Oman,MNA,HIC,2018,HALLUCINATION_T1,
NT_ANT_WAZ_NE2,Underweight prevalence,percentage,NUTRITION,survey_based,OMN,Oman,MNA,HIC,2019,HALLUCINATION_T1,
NT_ANT_WAZ_NE2,Underweight prevalence,percentage,NUTRITION,survey_based,OMN,Oman,MNA,HIC,2020,HALLUCINATION_T1,
NT_ANT_WAZ_NE2,Underweight prevalence,percentage,NUTRITION,survey_based,OMN,Oman,MNA,HIC,2021,HALLUCINATION_T1,
NT_ANT_WAZ_NE2,Underweight prevalence,percentage,NUTRITION,survey_based,OMN,Oman,MNA,HIC,2022,HALLUCINATION_T1,
NT_ANT_WAZ_NE2,Underweight prevalence,percentage,NUTRITION,survey_based,OMN,Oman,MNA,HIC,2023,HALLUCINATION_T1,
NT_ANT_WAZ_NE2,Underweight prevalence,percentage,NUTRITION,survey_based,OMN,Oman,MNA,HIC,2024,HALLUCINATION_T1,
NT_ANT_WAZ_NE2,Underweight prevalence,percentage,NUTRITION,survey_based,CYP,Cyprus,ECA,HIC,2000,HALLUCINATION_T2,
NT_ANT_WAZ_NE2,Underweight prevalence,percentage,NUTRITION,survey_based,CYP,Cyprus,ECA,HIC,2001,HALLUCINATION_T2,
NT_ANT_WAZ_NE2,Underweight prevalence,percentage,NUTRITION,survey_based,CYP,Cyprus,ECA,HIC,2002,HALLUCINATION_T2,
NT_ANT_WAZ_NE2,Underweight prevalence,percentage,NUTRITION,survey_based,CYP,Cyprus,ECA,HIC,2003,HALLUCINATION_T2,
NT_ANT_WAZ_NE2,Underweight prevalence,percentage,NUTRITION,survey_based,CYP,Cyprus,ECA,HIC,2004,HALLUCINATION_T2,
NT_ANT_WAZ_NE2,Underweight prevalence,percentage,NUTRITION,survey_based,CYP,Cyprus,ECA,HIC,2005,HALLUCINATION_T2,
NT_ANT_WAZ_NE2,Underweight prevalence,percentage,NUTRITION,survey_based,CYP,Cyprus,ECA,HIC,2006,HALLUCINATION_T2,
NT_ANT_WAZ_NE2,Underweight prevalence,percentage,NUTRITION,survey_based,CYP,Cyprus,ECA,HIC,2007,HALLUCINATION_T2,
NT_ANT_WAZ_NE2,Underweight prevalence,percentage,NUTRITION,survey_based,CYP,Cyprus,ECA,HIC,2008,HALLUCINATION_T2,
NT_ANT_WAZ_NE2,Underweight prevalence,percentage,NUTRITION,survey_based,CYP,Cyprus,ECA,HIC,2009,HALLUCINATION_T2,
NT_ANT_WAZ_NE2,Underweight prevalence,percentage,NUTRITION,survey_based,CYP,Cyprus,ECA,HIC,2010,HALLUCINATION_T2,
NT_ANT_WAZ_NE2,Underweight prevalence,percentage,NUTRITION,survey_based,CYP,Cyprus,ECA,HIC,2011,HALLUCINATION_T2,
NT_ANT_WAZ_NE2,Underweight prevalence,percentage,NUTRITION,survey_based,CYP,Cyprus,ECA,HIC,2012,HALLUCINATION_T2,
NT_ANT_WAZ_NE2,Underweight prevalence,percentage,NUTRITION,survey_based,CYP,Cyprus,ECA,HIC,2013,HALLUCINATION_T2,
NT_ANT_WAZ_NE2,Underweight prevalence,percentage,NUTRITION,survey_based,CYP,Cyprus,ECA,HIC,2014,HALLUCINATION_T2,
NT_ANT_WAZ_NE2,Underweight prevalence,percentage,NUTRITION,survey_based,CYP,Cyprus,ECA,HIC,2015,HALLUCINATION_T2,
NT_ANT_WAZ_NE2,Underweight prevalence,percentage,NUTRITION,survey_based,CYP,Cyprus,ECA,HIC,2016,HALLUCINATION_T2,
NT_ANT_WAZ_NE2,Underweight prevalence,percentage,NUTRITION,survey_based,CYP,Cyprus,ECA,HIC,2017,HALLUCINATION_T2,
NT_ANT_WAZ_NE2,Underweight prevalence,percentage,NUTRITION,survey_based,CYP,Cyprus,ECA,HIC,2018,HALLUCINATION_T2,
NT_ANT_WAZ_NE2,Underweight prevalence,percentage,NUTRITION,survey_based,CYP,Cyprus,ECA,HIC,2019,HALLUCINATION_T2,
NT_ANT_WAZ_NE2,Underweight prevalence,percentage,NUTRITION,survey_based,CYP,Cyprus,ECA,HIC,2020,HALLUCINATION_T2,
NT_ANT_WAZ_NE2,Underweight prevalence,percentage,NUTRITION,survey_based,CYP,Cyprus,ECA,HIC,2021,HALLUCINATION_T2,
NT_ANT_WAZ_NE2,Underweight prevalence,percentage,NUTRITION,survey_based,CYP,Cyprus,ECA,HIC,2022,HALLUCINATION_T2,
NT_ANT_WAZ_NE2,Underweight prevalence,percentage,NUTRITION,survey_based,CYP,Cyprus,ECA,HIC,2023,HALLUCINATION_T2,
NT_ANT_WAZ_NE2,Underweight prevalence,percentage,NUTRITION,survey_based,CYP,Cyprus,ECA,HIC,2024,HALLUCINATION_T2,
NT_ANT_WAZ_NE2,Underweight prevalence,percentage,NUTRITION,survey_based,MLT,Malta,ECA,HIC,2000,HALLUCINATION_T1,
NT_ANT_WAZ_NE2,Underweight prevalence,percentage,NUTRITION,survey_based,MLT,Malta,ECA,HIC,2001,HALLUCINATION_T1,
NT_ANT_WAZ_NE2,Underweight prevalence,percentage,NUTRITION,survey_based,MLT,Malta,ECA,HIC,2002,HALLUCINATION_T1,
NT_ANT_WAZ_NE2,Underweight prevalence,percentage,NUTRITION,survey_based,MLT,Malta,ECA,HIC,2003,HALLUCINATION_T1,
NT_ANT_WAZ_NE2,Underweight prevalence,percentage,NUTRITION,survey_based,MLT,Malta,ECA,HIC,2004,HALLUCINATION_T1,
NT_ANT_WAZ_NE2,Underweight prevalence,percentage,NUTRITION,survey_based,MLT,Malta,ECA,HIC,2005,HALLUCINATION_T1,
NT_ANT_WAZ_NE2,Underweight prevalence,percentage,NUTRITION,survey_based,MLT,Malta,ECA,HIC,2006,HALLUCINATION_T1,
NT_ANT_WAZ_NE2,Underweight prevalence,percentage,NUTRITION,survey_based,MLT,Malta,ECA,HIC,2007,HALLUCINATION_T1,
NT_ANT_WAZ_NE2,Underweight prevalence,percentage,NUTRITION,survey_based,MLT,Malta,ECA,HIC,2008,HALLUCINATION_T1,
NT_ANT_WAZ_NE2,Underweight prevalence,percentage,NUTRITION,survey_based,MLT,Malta,ECA,HIC,2009,HALLUCINATION_T1,
NT_ANT_WAZ_NE2,Underweight prevalence,percentage,NUTRITION,survey_based,MLT,Malta,ECA,HIC,2010,HALLUCINATION_T1,
NT_ANT_WAZ_NE2,Underweight prevalence,percentage,NUTRITION,survey_based,MLT,Malta,ECA,HIC,2011,HALLUCINATION_T1,
NT_ANT_WAZ_NE2,Underweight prevalence,percentage,NUTRITION,survey_based,MLT,Malta,ECA,HIC,2012,HALLUCINATION_T1,
NT_ANT_WAZ_NE2,Underweight prevalence,percentage,NUTRITION,survey_based,MLT,Malta,ECA,HIC,2013,HALLUCINATION_T1,
NT_ANT_WAZ_NE2,Underweight prevalence,percentage,NUTRITION,survey_based,MLT,Malta,ECA,HIC,2014,HALLUCINATION_T1,
NT_ANT_WAZ_NE2,Underweight prevalence,percentage,NUTRITION,survey_based,MLT,Malta,ECA,HIC,2015,HALLUCINATION_T1,
NT_ANT_WAZ_NE2,Underweight prevalence,percentage,NUTRITION,survey_based,MLT,Malta,ECA,HIC,2016,HALLUCINATION_T1,
NT_ANT_WAZ_NE2,Underweight prevalence,percentage,NUTRITION,survey_based,MLT,Malta,ECA,HIC,2017,HALLUCINATION_T1,
NT_ANT_WAZ_NE2,Underweight prevalence,percentage,NUTRITION,survey_based,MLT,Malta,ECA,HIC,2018,HALLUCINATION_T1,
NT_ANT_WAZ_NE2,Underweight prevalence,percentage,NUTRITION,survey_based,MLT,Malta,ECA,HIC,2019,HALLUCINATION_T1,
NT_ANT_WAZ_NE2,Underweight prevalence,percentage,NUTRITION,survey_based,MLT,Malta,ECA,HIC,2020,HALLUCINATION_T1,
NT_ANT_WAZ_NE2,Underweight prevalence,percentage,NUTRITION,survey_based,MLT,Malta,ECA,HIC,2021,HALLUCINATION_T1,
NT_ANT_WAZ_NE2,Underweight prevalence,percentage,NUTRITION,survey_based,MLT,Malta,ECA,HIC,2022,POSITIVE,0.7
NT_ANT_WAZ_NE2,Underweight prevalence,percentage,NUTRITION,survey_based,MLT,Malta,ECA,HIC,2023,HALLUCINATION_T1,
NT_ANT_WAZ_NE2,Underweight prevalence,percentage,NUTRITION,survey_based,MLT,Malta,ECA,HIC,2024,HALLUCINATION_T1,
NT_ANT_WHZ_NE2,Wasting prevalence,percentage,NUTRITION,survey_based,YEM,Yemen,MNA,LIC,2000,HALLUCINATION_T1,
NT_ANT_WHZ_NE2,Wasting prevalence,percentage,NUTRITION,survey_based,YEM,Yemen,MNA,LIC,2001,HALLUCINATION_T1,
NT_ANT_WHZ_NE2,Wasting prevalence,percentage,NUTRITION,survey_based,YEM,Yemen,MNA,LIC,2002,HALLUCINATION_T1,
NT_ANT_WHZ_NE2,Wasting prevalence,percentage,NUTRITION,survey_based,YEM,Yemen,MNA,LIC,2003,POSITIVE,15.3277
NT_ANT_WHZ_NE2,Wasting prevalence,percentage,NUTRITION,survey_based,YEM,Yemen,MNA,LIC,2004,HALLUCINATION_T1,
NT_ANT_WHZ_NE2,Wasting prevalence,percentage,NUTRITION,survey_based,YEM,Yemen,MNA,LIC,2005,POSITIVE,13.7866
NT_ANT_WHZ_NE2,Wasting prevalence,percentage,NUTRITION,survey_based,YEM,Yemen,MNA,LIC,2006,HALLUCINATION_T1,
NT_ANT_WHZ_NE2,Wasting prevalence,percentage,NUTRITION,survey_based,YEM,Yemen,MNA,LIC,2007,HALLUCINATION_T1,
NT_ANT_WHZ_NE2,Wasting prevalence,percentage,NUTRITION,survey_based,YEM,Yemen,MNA,LIC,2008,HALLUCINATION_T1,
NT_ANT_WHZ_NE2,Wasting prevalence,percentage,NUTRITION,survey_based,YEM,Yemen,MNA,LIC,2009,HALLUCINATION_T1,
NT_ANT_WHZ_NE2,Wasting prevalence,percentage,NUTRITION,survey_based,YEM,Yemen,MNA,LIC,2010,HALLUCINATION_T1,
NT_ANT_WHZ_NE2,Wasting prevalence,percentage,NUTRITION,survey_based,YEM,Yemen,MNA,LIC,2011,POSITIVE,13.3
NT_ANT_WHZ_NE2,Wasting prevalence,percentage,NUTRITION,survey_based,YEM,Yemen,MNA,LIC,2012,HALLUCINATION_T1,
NT_ANT_WHZ_NE2,Wasting prevalence,percentage,NUTRITION,survey_based,YEM,Yemen,MNA,LIC,2013,POSITIVE,16.3986
NT_ANT_WHZ_NE2,Wasting prevalence,percentage,NUTRITION,survey_based,YEM,Yemen,MNA,LIC,2014,HALLUCINATION_T1,
NT_ANT_WHZ_NE2,Wasting prevalence,percentage,NUTRITION,survey_based,YEM,Yemen,MNA,LIC,2015,HALLUCINATION_T1,
NT_ANT_WHZ_NE2,Wasting prevalence,percentage,NUTRITION,survey_based,YEM,Yemen,MNA,LIC,2016,HALLUCINATION_T1,
NT_ANT_WHZ_NE2,Wasting prevalence,percentage,NUTRITION,survey_based,YEM,Yemen,MNA,LIC,2017,HALLUCINATION_T1,
NT_ANT_WHZ_NE2,Wasting prevalence,percentage,NUTRITION,survey_based,YEM,Yemen,MNA,LIC,2018,HALLUCINATION_T1,
NT_ANT_WHZ_NE2,Wasting prevalence,percentage,NUTRITION,survey_based,YEM,Yemen,MNA,LIC,2019,HALLUCINATION_T1,
NT_ANT_WHZ_NE2,Wasting prevalence,percentage,NUTRITION,survey_based,YEM,Yemen,MNA,LIC,2020,HALLUCINATION_T1,
NT_ANT_WHZ_NE2,Wasting prevalence,percentage,NUTRITION,survey_based,YEM,Yemen,MNA,LIC,2021,POSITIVE,10.0
NT_ANT_WHZ_NE2,Wasting prevalence,percentage,NUTRITION,survey_based,YEM,Yemen,MNA,LIC,2022,POSITIVE,16.8473
NT_ANT_WHZ_NE2,Wasting prevalence,percentage,NUTRITION,survey_based,YEM,Yemen,MNA,LIC,2023,HALLUCINATION_T1,
NT_ANT_WHZ_NE2,Wasting prevalence,percentage,NUTRITION,survey_based,YEM,Yemen,MNA,LIC,2024,HALLUCINATION_T1,
NT_ANT_WHZ_NE2,Wasting prevalence,percentage,NUTRITION,survey_based,CAF,Central African Republic,WCA,LIC,2000,POSITIVE,10.4113
NT_ANT_WHZ_NE2,Wasting prevalence,percentage,NUTRITION,survey_based,CAF,Central African Republic,WCA,LIC,2001,HALLUCINATION_T1,
NT_ANT_WHZ_NE2,Wasting prevalence,percentage,NUTRITION,survey_based,CAF,Central African Republic,WCA,LIC,2002,HALLUCINATION_T1,
NT_ANT_WHZ_NE2,Wasting prevalence,percentage,NUTRITION,survey_based,CAF,Central African Republic,WCA,LIC,2003,HALLUCINATION_T1,
NT_ANT_WHZ_NE2,Wasting prevalence,percentage,NUTRITION,survey_based,CAF,Central African Republic,WCA,LIC,2004,HALLUCINATION_T1,
NT_ANT_WHZ_NE2,Wasting prevalence,percentage,NUTRITION,survey_based,CAF,Central African Republic,WCA,LIC,2005,HALLUCINATION_T1,
NT_ANT_WHZ_NE2,Wasting prevalence,percentage,NUTRITION,survey_based,CAF,Central African Republic,WCA,LIC,2006,POSITIVE,12.1076
NT_ANT_WHZ_NE2,Wasting prevalence,percentage,NUTRITION,survey_based,CAF,Central African Republic,WCA,LIC,2007,HALLUCINATION_T1,
NT_ANT_WHZ_NE2,Wasting prevalence,percentage,NUTRITION,survey_based,CAF,Central African Republic,WCA,LIC,2008,HALLUCINATION_T1,
NT_ANT_WHZ_NE2,Wasting prevalence,percentage,NUTRITION,survey_based,CAF,Central African Republic,WCA,LIC,2009,HALLUCINATION_T1,
NT_ANT_WHZ_NE2,Wasting prevalence,percentage,NUTRITION,survey_based,CAF,Central African Republic,WCA,LIC,2010,POSITIVE,7.3739
NT_ANT_WHZ_NE2,Wasting prevalence,percentage,NUTRITION,survey_based,CAF,Central African Republic,WCA,LIC,2011,HALLUCINATION_T1,
NT_ANT_WHZ_NE2,Wasting prevalence,percentage,NUTRITION,survey_based,CAF,Central African Republic,WCA,LIC,2012,POSITIVE,7.4142
NT_ANT_WHZ_NE2,Wasting prevalence,percentage,NUTRITION,survey_based,CAF,Central African Republic,WCA,LIC,2013,HALLUCINATION_T1,
NT_ANT_WHZ_NE2,Wasting prevalence,percentage,NUTRITION,survey_based,CAF,Central African Republic,WCA,LIC,2014,POSITIVE,6.16
NT_ANT_WHZ_NE2,Wasting prevalence,percentage,NUTRITION,survey_based,CAF,Central African Republic,WCA,LIC,2015,HALLUCINATION_T1,
NT_ANT_WHZ_NE2,Wasting prevalence,percentage,NUTRITION,survey_based,CAF,Central African Republic,WCA,LIC,2016,HALLUCINATION_T1,
NT_ANT_WHZ_NE2,Wasting prevalence,percentage,NUTRITION,survey_based,CAF,Central African Republic,WCA,LIC,2017,HALLUCINATION_T1,
NT_ANT_WHZ_NE2,Wasting prevalence,percentage,NUTRITION,survey_based,CAF,Central African Republic,WCA,LIC,2018,POSITIVE,6.5337
NT_ANT_WHZ_NE2,Wasting prevalence,percentage,NUTRITION,survey_based,CAF,Central African Republic,WCA,LIC,2019,POSITIVE,5.3802
NT_ANT_WHZ_NE2,Wasting prevalence,percentage,NUTRITION,survey_based,CAF,Central African Republic,WCA,LIC,2020,HALLUCINATION_T1,
NT_ANT_WHZ_NE2,Wasting prevalence,percentage,NUTRITION,survey_based,CAF,Central African Republic,WCA,LIC,2021,HALLUCINATION_T1,
NT_ANT_WHZ_NE2,Wasting prevalence,percentage,NUTRITION,survey_based,CAF,Central African Republic,WCA,LIC,2022,POSITIVE,5.2
NT_ANT_WHZ_NE2,Wasting prevalence,percentage,NUTRITION,survey_based,CAF,Central African Republic,WCA,LIC,2023,HALLUCINATION_T1,
NT_ANT_WHZ_NE2,Wasting prevalence,percentage,NUTRITION,survey_based,CAF,Central African Republic,WCA,LIC,2024,HALLUCINATION_T1,
NT_ANT_WHZ_NE2,Wasting prevalence,percentage,NUTRITION,survey_based,GNB,Guinea-Bissau,WCA,LIC,2000,POSITIVE,11.781
NT_ANT_WHZ_NE2,Wasting prevalence,percentage,NUTRITION,survey_based,GNB,Guinea-Bissau,WCA,LIC,2001,HALLUCINATION_T1,
NT_ANT_WHZ_NE2,Wasting prevalence,percentage,NUTRITION,survey_based,GNB,Guinea-Bissau,WCA,LIC,2002,HALLUCINATION_T1,
NT_ANT_WHZ_NE2,Wasting prevalence,percentage,NUTRITION,survey_based,GNB,Guinea-Bissau,WCA,LIC,2003,HALLUCINATION_T1,
NT_ANT_WHZ_NE2,Wasting prevalence,percentage,NUTRITION,survey_based,GNB,Guinea-Bissau,WCA,LIC,2004,HALLUCINATION_T1,
NT_ANT_WHZ_NE2,Wasting prevalence,percentage,NUTRITION,survey_based,GNB,Guinea-Bissau,WCA,LIC,2005,HALLUCINATION_T1,
NT_ANT_WHZ_NE2,Wasting prevalence,percentage,NUTRITION,survey_based,GNB,Guinea-Bissau,WCA,LIC,2006,HALLUCINATION_T1,
NT_ANT_WHZ_NE2,Wasting prevalence,percentage,NUTRITION,survey_based,GNB,Guinea-Bissau,WCA,LIC,2007,HALLUCINATION_T1,
NT_ANT_WHZ_NE2,Wasting prevalence,percentage,NUTRITION,survey_based,GNB,Guinea-Bissau,WCA,LIC,2008,POSITIVE,4.7708
NT_ANT_WHZ_NE2,Wasting prevalence,percentage,NUTRITION,survey_based,GNB,Guinea-Bissau,WCA,LIC,2009,HALLUCINATION_T1,
NT_ANT_WHZ_NE2,Wasting prevalence,percentage,NUTRITION,survey_based,GNB,Guinea-Bissau,WCA,LIC,2010,POSITIVE,5.9081
NT_ANT_WHZ_NE2,Wasting prevalence,percentage,NUTRITION,survey_based,GNB,Guinea-Bissau,WCA,LIC,2011,HALLUCINATION_T1,
NT_ANT_WHZ_NE2,Wasting prevalence,percentage,NUTRITION,survey_based,GNB,Guinea-Bissau,WCA,LIC,2012,POSITIVE,6.1834
NT_ANT_WHZ_NE2,Wasting prevalence,percentage,NUTRITION,survey_based,GNB,Guinea-Bissau,WCA,LIC,2013,HALLUCINATION_T1,
NT_ANT_WHZ_NE2,Wasting prevalence,percentage,NUTRITION,survey_based,GNB,Guinea-Bissau,WCA,LIC,2014,POSITIVE,5.9629
NT_ANT_WHZ_NE2,Wasting prevalence,percentage,NUTRITION,survey_based,GNB,Guinea-Bissau,WCA,LIC,2015,HALLUCINATION_T1,
NT_ANT_WHZ_NE2,Wasting prevalence,percentage,NUTRITION,survey_based,GNB,Guinea-Bissau,WCA,LIC,2016,HALLUCINATION_T1,
NT_ANT_WHZ_NE2,Wasting prevalence,percentage,NUTRITION,survey_based,GNB,Guinea-Bissau,WCA,LIC,2017,HALLUCINATION_T1,
NT_ANT_WHZ_NE2,Wasting prevalence,percentage,NUTRITION,survey_based,GNB,Guinea-Bissau,WCA,LIC,2018,HALLUCINATION_T1,
NT_ANT_WHZ_NE2,Wasting prevalence,percentage,NUTRITION,survey_based,GNB,Guinea-Bissau,WCA,LIC,2019,POSITIVE,5.1055
NT_ANT_WHZ_NE2,Wasting prevalence,percentage,NUTRITION,survey_based,GNB,Guinea-Bissau,WCA,LIC,2020,HALLUCINATION_T1,
NT_ANT_WHZ_NE2,Wasting prevalence,percentage,NUTRITION,survey_based,GNB,Guinea-Bissau,WCA,LIC,2021,HALLUCINATION_T1,
NT_ANT_WHZ_NE2,Wasting prevalence,percentage,NUTRITION,survey_based,GNB,Guinea-Bissau,WCA,LIC,2022,HALLUCINATION_T1,
NT_ANT_WHZ_NE2,Wasting prevalence,percentage,NUTRITION,survey_based,GNB,Guinea-Bissau,WCA,LIC,2023,HALLUCINATION_T1,
NT_ANT_WHZ_NE2,Wasting prevalence,percentage,NUTRITION,survey_based,GNB,Guinea-Bissau,WCA,LIC,2024,HALLUCINATION_T1,
NT_ANT_WHZ_NE2,Wasting prevalence,percentage,NUTRITION,survey_based,COM,Comoros,ESA,LIC,2000,POSITIVE,13.2846
NT_ANT_WHZ_NE2,Wasting prevalence,percentage,NUTRITION,survey_based,COM,Comoros,ESA,LIC,2001,HALLUCINATION_T1,
NT_ANT_WHZ_NE2,Wasting prevalence,percentage,NUTRITION,survey_based,COM,Comoros,ESA,LIC,2002,HALLUCINATION_T1,
NT_ANT_WHZ_NE2,Wasting prevalence,percentage,NUTRITION,survey_based,COM,Comoros,ESA,LIC,2003,HALLUCINATION_T1,
NT_ANT_WHZ_NE2,Wasting prevalence,percentage,NUTRITION,survey_based,COM,Comoros,ESA,LIC,2004,HALLUCINATION_T1,
NT_ANT_WHZ_NE2,Wasting prevalence,percentage,NUTRITION,survey_based,COM,Comoros,ESA,LIC,2005,HALLUCINATION_T1,
NT_ANT_WHZ_NE2,Wasting prevalence,percentage,NUTRITION,survey_based,COM,Comoros,ESA,LIC,2006,HALLUCINATION_T1,
NT_ANT_WHZ_NE2,Wasting prevalence,percentage,NUTRITION,survey_based,COM,Comoros,ESA,LIC,2007,HALLUCINATION_T1,
NT_ANT_WHZ_NE2,Wasting prevalence,percentage,NUTRITION,survey_based,COM,Comoros,ESA,LIC,2008,HALLUCINATION_T1,
NT_ANT_WHZ_NE2,Wasting prevalence,percentage,NUTRITION,survey_based,COM,Comoros,ESA,LIC,2009,HALLUCINATION_T1,
NT_ANT_WHZ_NE2,Wasting prevalence,percentage,NUTRITION,survey_based,COM,Comoros,ESA,LIC,2010,HALLUCINATION_T1,
NT_ANT_WHZ_NE2,Wasting prevalence,percentage,NUTRITION,survey_based,COM,Comoros,ESA,LIC,2011,HALLUCINATION_T1,
NT_ANT_WHZ_NE2,Wasting prevalence,percentage,NUTRITION,survey_based,COM,Comoros,ESA,LIC,2012,POSITIVE,11.2112
NT_ANT_WHZ_NE2,Wasting prevalence,percentage,NUTRITION,survey_based,COM,Comoros,ESA,LIC,2013,HALLUCINATION_T1,
NT_ANT_WHZ_NE2,Wasting prevalence,percentage,NUTRITION,survey_based,COM,Comoros,ESA,LIC,2014,HALLUCINATION_T1,
NT_ANT_WHZ_NE2,Wasting prevalence,percentage,NUTRITION,survey_based,COM,Comoros,ESA,LIC,2015,HALLUCINATION_T1,
NT_ANT_WHZ_NE2,Wasting prevalence,percentage,NUTRITION,survey_based,COM,Comoros,ESA,LIC,2016,HALLUCINATION_T1,
NT_ANT_WHZ_NE2,Wasting prevalence,percentage,NUTRITION,survey_based,COM,Comoros,ESA,LIC,2017,HALLUCINATION_T1,
NT_ANT_WHZ_NE2,Wasting prevalence,percentage,NUTRITION,survey_based,COM,Comoros,ESA,LIC,2018,HALLUCINATION_T1,
NT_ANT_WHZ_NE2,Wasting prevalence,percentage,NUTRITION,survey_based,COM,Comoros,ESA,LIC,2019,HALLUCINATION_T1,
NT_ANT_WHZ_NE2,Wasting prevalence,percentage,NUTRITION,survey_based,COM,Comoros,ESA,LIC,2020,HALLUCINATION_T1,
NT_ANT_WHZ_NE2,Wasting prevalence,percentage,NUTRITION,survey_based,COM,Comoros,ESA,LIC,2021,HALLUCINATION_T1,
NT_ANT_WHZ_NE2,Wasting prevalence,percentage,NUTRITION,survey_based,COM,Comoros,ESA,LIC,2022,POSITIVE,5.0614
NT_ANT_WHZ_NE2,Wasting prevalence,percentage,NUTRITION,survey_based,COM,Comoros,ESA,LIC,2023,HALLUCINATION_T1,
NT_ANT_WHZ_NE2,Wasting prevalence,percentage,NUTRITION,survey_based,COM,Comoros,ESA,LIC,2024,HALLUCINATION_T1,
NT_ANT_WHZ_NE2,Wasting prevalence,percentage,NUTRITION,survey_based,ZMB,Zambia,ESA,LIC,2000,HALLUCINATION_T1,
NT_ANT_WHZ_NE2,Wasting prevalence,percentage,NUTRITION,survey_based,ZMB,Zambia,ESA,LIC,2001,HALLUCINATION_T1,
NT_ANT_WHZ_NE2,Wasting prevalence,percentage,NUTRITION,survey_based,ZMB,Zambia,ESA,LIC,2002,POSITIVE,6.2126
NT_ANT_WHZ_NE2,Wasting prevalence,percentage,NUTRITION,survey_based,ZMB,Zambia,ESA,LIC,2003,HALLUCINATION_T1,
NT_ANT_WHZ_NE2,Wasting prevalence,percentage,NUTRITION,survey_based,ZMB,Zambia,ESA,LIC,2004,HALLUCINATION_T1,
NT_ANT_WHZ_NE2,Wasting prevalence,percentage,NUTRITION,survey_based,ZMB,Zambia,ESA,LIC,2005,HALLUCINATION_T1,
NT_ANT_WHZ_NE2,Wasting prevalence,percentage,NUTRITION,survey_based,ZMB,Zambia,ESA,LIC,2006,HALLUCINATION_T1,
NT_ANT_WHZ_NE2,Wasting prevalence,percentage,NUTRITION,survey_based,ZMB,Zambia,ESA,LIC,2007,POSITIVE,5.5621
NT_ANT_WHZ_NE2,Wasting prevalence,percentage,NUTRITION,survey_based,ZMB,Zambia,ESA,LIC,2008,HALLUCINATION_T1,
NT_ANT_WHZ_NE2,Wasting prevalence,percentage,NUTRITION,survey_based,ZMB,Zambia,ESA,LIC,2009,HALLUCINATION_T1,
NT_ANT_WHZ_NE2,Wasting prevalence,percentage,NUTRITION,survey_based,ZMB,Zambia,ESA,LIC,2010,HALLUCINATION_T1,
NT_ANT_WHZ_NE2,Wasting prevalence,percentage,NUTRITION,survey_based,ZMB,Zambia,ESA,LIC,2011,HALLUCINATION_T1,
NT_ANT_WHZ_NE2,Wasting prevalence,percentage,NUTRITION,survey_based,ZMB,Zambia,ESA,LIC,2012,HALLUCINATION_T1,
NT_ANT_WHZ_NE2,Wasting prevalence,percentage,NUTRITION,survey_based,ZMB,Zambia,ESA,LIC,2013,POSITIVE,6.2448
NT_ANT_WHZ_NE2,Wasting prevalence,percentage,NUTRITION,survey_based,ZMB,Zambia,ESA,LIC,2014,HALLUCINATION_T1,
NT_ANT_WHZ_NE2,Wasting prevalence,percentage,NUTRITION,survey_based,ZMB,Zambia,ESA,LIC,2015,HALLUCINATION_T1,
NT_ANT_WHZ_NE2,Wasting prevalence,percentage,NUTRITION,survey_based,ZMB,Zambia,ESA,LIC,2016,HALLUCINATION_T1,
NT_ANT_WHZ_NE2,Wasting prevalence,percentage,NUTRITION,survey_based,ZMB,Zambia,ESA,LIC,2017,HALLUCINATION_T1,
NT_ANT_WHZ_NE2,Wasting prevalence,percentage,NUTRITION,survey_based,ZMB,Zambia,ESA,LIC,2018,POSITIVE,4.2284
NT_ANT_WHZ_NE2,Wasting prevalence,percentage,NUTRITION,survey_based,ZMB,Zambia,ESA,LIC,2019,HALLUCINATION_T1,
NT_ANT_WHZ_NE2,Wasting prevalence,percentage,NUTRITION,survey_based,ZMB,Zambia,ESA,LIC,2020,HALLUCINATION_T1,
NT_ANT_WHZ_NE2,Wasting prevalence,percentage,NUTRITION,survey_based,ZMB,Zambia,ESA,LIC,2021,HALLUCINATION_T1,
NT_ANT_WHZ_NE2,Wasting prevalence,percentage,NUTRITION,survey_based,ZMB,Zambia,ESA,LIC,2022,HALLUCINATION_T1,
NT_ANT_WHZ_NE2,Wasting prevalence,percentage,NUTRITION,survey_based,ZMB,Zambia,ESA,LIC,2023,HALLUCINATION_T1,
NT_ANT_WHZ_NE2,Wasting prevalence,percentage,NUTRITION,survey_based,ZMB,Zambia,ESA,LIC,2024,HALLUCINATION_T1,
NT_ANT_WHZ_NE2,Wasting prevalence,percentage,NUTRITION,survey_based,MAR,Morocco,MNA,LMC,2000,HALLUCINATION_T1,
NT_ANT_WHZ_NE2,Wasting prevalence,percentage,NUTRITION,survey_based,MAR,Morocco,MNA,LMC,2001,HALLUCINATION_T1,
NT_ANT_WHZ_NE2,Wasting prevalence,percentage,NUTRITION,survey_based,MAR,Morocco,MNA,LMC,2002,HALLUCINATION_T1,
NT_ANT_WHZ_NE2,Wasting prevalence,percentage,NUTRITION,survey_based,MAR,Morocco,MNA,LMC,2003,POSITIVE,10.7831
NT_ANT_WHZ_NE2,Wasting prevalence,percentage,NUTRITION,survey_based,MAR,Morocco,MNA,LMC,2004,HALLUCINATION_T1,
NT_ANT_WHZ_NE2,Wasting prevalence,percentage,NUTRITION,survey_based,MAR,Morocco,MNA,LMC,2005,HALLUCINATION_T1,
NT_ANT_WHZ_NE2,Wasting prevalence,percentage,NUTRITION,survey_based,MAR,Morocco,MNA,LMC,2006,HALLUCINATION_T1,
NT_ANT_WHZ_NE2,Wasting prevalence,percentage,NUTRITION,survey_based,MAR,Morocco,MNA,LMC,2007,HALLUCINATION_T1,
NT_ANT_WHZ_NE2,Wasting prevalence,percentage,NUTRITION,survey_based,MAR,Morocco,MNA,LMC,2008,HALLUCINATION_T1,
NT_ANT_WHZ_NE2,Wasting prevalence,percentage,NUTRITION,survey_based,MAR,Morocco,MNA,LMC,2009,HALLUCINATION_T1,
NT_ANT_WHZ_NE2,Wasting prevalence,percentage,NUTRITION,survey_based,MAR,Morocco,MNA,LMC,2010,HALLUCINATION_T1,
NT_ANT_WHZ_NE2,Wasting prevalence,percentage,NUTRITION,survey_based,MAR,Morocco,MNA,LMC,2011,POSITIVE,2.3
NT_ANT_WHZ_NE2,Wasting prevalence,percentage,NUTRITION,survey_based,MAR,Morocco,MNA,LMC,2012,HALLUCINATION_T1,
NT_ANT_WHZ_NE2,Wasting prevalence,percentage,NUTRITION,survey_based,MAR,Morocco,MNA,LMC,2013,HALLUCINATION_T1,
NT_ANT_WHZ_NE2,Wasting prevalence,percentage,NUTRITION,survey_based,MAR,Morocco,MNA,LMC,2014,HALLUCINATION_T1,
NT_ANT_WHZ_NE2,Wasting prevalence,percentage,NUTRITION,survey_based,MAR,Morocco,MNA,LMC,2015,HALLUCINATION_T1,
NT_ANT_WHZ_NE2,Wasting prevalence,percentage,NUTRITION,survey_based,MAR,Morocco,MNA,LMC,2016,HALLUCINATION_T1,
NT_ANT_WHZ_NE2,Wasting prevalence,percentage,NUTRITION,survey_based,MAR,Morocco,MNA,LMC,2017,POSITIVE,2.5887
NT_ANT_WHZ_NE2,Wasting prevalence,percentage,NUTRITION,survey_based,MAR,Morocco,MNA,LMC,2018,HALLUCINATION_T1,
NT_ANT_WHZ_NE2,Wasting prevalence,percentage,NUTRITION,survey_based,MAR,Morocco,MNA,LMC,2019,POSITIVE,2.4
NT_ANT_WHZ_NE2,Wasting prevalence,percentage,NUTRITION,survey_based,MAR,Morocco,MNA,LMC,2020,HALLUCINATION_T1,
NT_ANT_WHZ_NE2,Wasting prevalence,percentage,NUTRITION,survey_based,MAR,Morocco,MNA,LMC,2021,HALLUCINATION_T1,
NT_ANT_WHZ_NE2,Wasting prevalence,percentage,NUTRITION,survey_based,MAR,Morocco,MNA,LMC,2022,HALLUCINATION_T1,
NT_ANT_WHZ_NE2,Wasting prevalence,percentage,NUTRITION,survey_based,MAR,Morocco,MNA,LMC,2023,HALLUCINATION_T1,
NT_ANT_WHZ_NE2,Wasting prevalence,percentage,NUTRITION,survey_based,MAR,Morocco,MNA,LMC,2024,HALLUCINATION_T1,
NT_ANT_WHZ_NE2,Wasting prevalence,percentage,NUTRITION,survey_based,DZA,Algeria,MNA,LMC,2000,POSITIVE,3.0981
NT_ANT_WHZ_NE2,Wasting prevalence,percentage,NUTRITION,survey_based,DZA,Algeria,MNA,LMC,2001,HALLUCINATION_T1,
NT_ANT_WHZ_NE2,Wasting prevalence,percentage,NUTRITION,survey_based,DZA,Algeria,MNA,LMC,2002,POSITIVE,9.618
NT_ANT_WHZ_NE2,Wasting prevalence,percentage,NUTRITION,survey_based,DZA,Algeria,MNA,LMC,2003,HALLUCINATION_T1,
NT_ANT_WHZ_NE2,Wasting prevalence,percentage,NUTRITION,survey_based,DZA,Algeria,MNA,LMC,2004,HALLUCINATION_T1,
NT_ANT_WHZ_NE2,Wasting prevalence,percentage,NUTRITION,survey_based,DZA,Algeria,MNA,LMC,2005,HALLUCINATION_T1,
NT_ANT_WHZ_NE2,Wasting prevalence,percentage,NUTRITION,survey_based,DZA,Algeria,MNA,LMC,2006,POSITIVE,4.131
NT_ANT_WHZ_NE2,Wasting prevalence,percentage,NUTRITION,survey_based,DZA,Algeria,MNA,LMC,2007,HALLUCINATION_T1,
NT_ANT_WHZ_NE2,Wasting prevalence,percentage,NUTRITION,survey_based,DZA,Algeria,MNA,LMC,2008,HALLUCINATION_T1,
NT_ANT_WHZ_NE2,Wasting prevalence,percentage,NUTRITION,survey_based,DZA,Algeria,MNA,LMC,2009,HALLUCINATION_T1,
NT_ANT_WHZ_NE2,Wasting prevalence,percentage,NUTRITION,survey_based,DZA,Algeria,MNA,LMC,2010,HALLUCINATION_T1,
NT_ANT_WHZ_NE2,Wasting prevalence,percentage,NUTRITION,survey_based,DZA,Algeria,MNA,LMC,2011,HALLUCINATION_T1,
NT_ANT_WHZ_NE2,Wasting prevalence,percentage,NUTRITION,survey_based,DZA,Algeria,MNA,LMC,2012,POSITIVE,4.1068
NT_ANT_WHZ_NE2,Wasting prevalence,percentage,NUTRITION,survey_based,DZA,Algeria,MNA,LMC,2013,HALLUCINATION_T1,
NT_ANT_WHZ_NE2,Wasting prevalence,percentage,NUTRITION,survey_based,DZA,Algeria,MNA,LMC,2014,HALLUCINATION_T1,
NT_ANT_WHZ_NE2,Wasting prevalence,percentage,NUTRITION,survey_based,DZA,Algeria,MNA,LMC,2015,HALLUCINATION_T1,
NT_ANT_WHZ_NE2,Wasting prevalence,percentage,NUTRITION,survey_based,DZA,Algeria,MNA,LMC,2016,HALLUCINATION_T1,
NT_ANT_WHZ_NE2,Wasting prevalence,percentage,NUTRITION,survey_based,DZA,Algeria,MNA,LMC,2017,HALLUCINATION_T1,
NT_ANT_WHZ_NE2,Wasting prevalence,percentage,NUTRITION,survey_based,DZA,Algeria,MNA,LMC,2018,HALLUCINATION_T1,
NT_ANT_WHZ_NE2,Wasting prevalence,percentage,NUTRITION,survey_based,DZA,Algeria,MNA,LMC,2019,POSITIVE,2.7028
NT_ANT_WHZ_NE2,Wasting prevalence,percentage,NUTRITION,survey_based,DZA,Algeria,MNA,LMC,2020,HALLUCINATION_T1,
NT_ANT_WHZ_NE2,Wasting prevalence,percentage,NUTRITION,survey_based,DZA,Algeria,MNA,LMC,2021,HALLUCINATION_T1,
NT_ANT_WHZ_NE2,Wasting prevalence,percentage,NUTRITION,survey_based,DZA,Algeria,MNA,LMC,2022,HALLUCINATION_T1,
NT_ANT_WHZ_NE2,Wasting prevalence,percentage,NUTRITION,survey_based,DZA,Algeria,MNA,LMC,2023,HALLUCINATION_T1,
NT_ANT_WHZ_NE2,Wasting prevalence,percentage,NUTRITION,survey_based,DZA,Algeria,MNA,LMC,2024,HALLUCINATION_T1,
NT_ANT_WHZ_NE2,Wasting prevalence,percentage,NUTRITION,survey_based,LAO,Laos,EAP,LMC,2000,POSITIVE,17.4778
NT_ANT_WHZ_NE2,Wasting prevalence,percentage,NUTRITION,survey_based,LAO,Laos,EAP,LMC,2001,HALLUCINATION_T1,
NT_ANT_WHZ_NE2,Wasting prevalence,percentage,NUTRITION,survey_based,LAO,Laos,EAP,LMC,2002,HALLUCINATION_T1,
NT_ANT_WHZ_NE2,Wasting prevalence,percentage,NUTRITION,survey_based,LAO,Laos,EAP,LMC,2003,HALLUCINATION_T1,
NT_ANT_WHZ_NE2,Wasting prevalence,percentage,NUTRITION,survey_based,LAO,Laos,EAP,LMC,2004,HALLUCINATION_T1,
NT_ANT_WHZ_NE2,Wasting prevalence,percentage,NUTRITION,survey_based,LAO,Laos,EAP,LMC,2005,HALLUCINATION_T1,
NT_ANT_WHZ_NE2,Wasting prevalence,percentage,NUTRITION,survey_based,LAO,Laos,EAP,LMC,2006,POSITIVE,7.3867
NT_ANT_WHZ_NE2,Wasting prevalence,percentage,NUTRITION,survey_based,LAO,Laos,EAP,LMC,2007,HALLUCINATION_T1,
NT_ANT_WHZ_NE2,Wasting prevalence,percentage,NUTRITION,survey_based,LAO,Laos,EAP,LMC,2008,HALLUCINATION_T1,
NT_ANT_WHZ_NE2,Wasting prevalence,percentage,NUTRITION,survey_based,LAO,Laos,EAP,LMC,2009,HALLUCINATION_T1,
NT_ANT_WHZ_NE2,Wasting prevalence,percentage,NUTRITION,survey_based,LAO,Laos,EAP,LMC,2010,HALLUCINATION_T1,
NT_ANT_WHZ_NE2,Wasting prevalence,percentage,NUTRITION,survey_based,LAO,Laos,EAP,LMC,2011,POSITIVE,5.9289
NT_ANT_WHZ_NE2,Wasting prevalence,percentage,NUTRITION,survey_based,LAO,Laos,EAP,LMC,2012,HALLUCINATION_T1,
NT_ANT_WHZ_NE2,Wasting prevalence,percentage,NUTRITION,survey_based,LAO,Laos,EAP,LMC,2013,HALLUCINATION_T1,
NT_ANT_WHZ_NE2,Wasting prevalence,percentage,NUTRITION,survey_based,LAO,Laos,EAP,LMC,2014,HALLUCINATION_T1,
NT_ANT_WHZ_NE2,Wasting prevalence,percentage,NUTRITION,survey_based,LAO,Laos,EAP,LMC,2015,POSITIVE,9.6644
NT_ANT_WHZ_NE2,Wasting prevalence,percentage,NUTRITION,survey_based,LAO,Laos,EAP,LMC,2016,HALLUCINATION_T1,
NT_ANT_WHZ_NE2,Wasting prevalence,percentage,NUTRITION,survey_based,LAO,Laos,EAP,LMC,2017,POSITIVE,9.0203
NT_ANT_WHZ_NE2,Wasting prevalence,percentage,NUTRITION,survey_based,LAO,Laos,EAP,LMC,2018,HALLUCINATION_T1,
NT_ANT_WHZ_NE2,Wasting prevalence,percentage,NUTRITION,survey_based,LAO,Laos,EAP,LMC,2019,HALLUCINATION_T1,
NT_ANT_WHZ_NE2,Wasting prevalence,percentage,NUTRITION,survey_based,LAO,Laos,EAP,LMC,2020,HALLUCINATION_T1,
NT_ANT_WHZ_NE2,Wasting prevalence,percentage,NUTRITION,survey_based,LAO,Laos,EAP,LMC,2021,HALLUCINATION_T1,
NT_ANT_WHZ_NE2,Wasting prevalence,percentage,NUTRITION,survey_based,LAO,Laos,EAP,LMC,2022,HALLUCINATION_T1,
NT_ANT_WHZ_NE2,Wasting prevalence,percentage,NUTRITION,survey_based,LAO,Laos,EAP,LMC,2023,POSITIVE,10.7
NT_ANT_WHZ_NE2,Wasting prevalence,percentage,NUTRITION,survey_based,LAO,Laos,EAP,LMC,2024,HALLUCINATION_T1,
NT_ANT_WHZ_NE2,Wasting prevalence,percentage,NUTRITION,survey_based,KGZ,Kyrgyzstan,ECA,LMC,2000,HALLUCINATION_T1,
NT_ANT_WHZ_NE2,Wasting prevalence,percentage,NUTRITION,survey_based,KGZ,Kyrgyzstan,ECA,LMC,2001,HALLUCINATION_T1,
NT_ANT_WHZ_NE2,Wasting prevalence,percentage,NUTRITION,survey_based,KGZ,Kyrgyzstan,ECA,LMC,2002,HALLUCINATION_T1,
NT_ANT_WHZ_NE2,Wasting prevalence,percentage,NUTRITION,survey_based,KGZ,Kyrgyzstan,ECA,LMC,2003,HALLUCINATION_T1,
NT_ANT_WHZ_NE2,Wasting prevalence,percentage,NUTRITION,survey_based,KGZ,Kyrgyzstan,ECA,LMC,2004,HALLUCINATION_T1,
NT_ANT_WHZ_NE2,Wasting prevalence,percentage,NUTRITION,survey_based,KGZ,Kyrgyzstan,ECA,LMC,2005,HALLUCINATION_T1,
NT_ANT_WHZ_NE2,Wasting prevalence,percentage,NUTRITION,survey_based,KGZ,Kyrgyzstan,ECA,LMC,2006,POSITIVE,3.3594
NT_ANT_WHZ_NE2,Wasting prevalence,percentage,NUTRITION,survey_based,KGZ,Kyrgyzstan,ECA,LMC,2007,HALLUCINATION_T1,
NT_ANT_WHZ_NE2,Wasting prevalence,percentage,NUTRITION,survey_based,KGZ,Kyrgyzstan,ECA,LMC,2008,HALLUCINATION_T1,
NT_ANT_WHZ_NE2,Wasting prevalence,percentage,NUTRITION,survey_based,KGZ,Kyrgyzstan,ECA,LMC,2009,POSITIVE,1.4
NT_ANT_WHZ_NE2,Wasting prevalence,percentage,NUTRITION,survey_based,KGZ,Kyrgyzstan,ECA,LMC,2010,HALLUCINATION_T1,
NT_ANT_WHZ_NE2,Wasting prevalence,percentage,NUTRITION,survey_based,KGZ,Kyrgyzstan,ECA,LMC,2011,HALLUCINATION_T1,
NT_ANT_WHZ_NE2,Wasting prevalence,percentage,NUTRITION,survey_based,KGZ,Kyrgyzstan,ECA,LMC,2012,POSITIVE,2.8473
NT_ANT_WHZ_NE2,Wasting prevalence,percentage,NUTRITION,survey_based,KGZ,Kyrgyzstan,ECA,LMC,2013,HALLUCINATION_T1,
NT_ANT_WHZ_NE2,Wasting prevalence,percentage,NUTRITION,survey_based,KGZ,Kyrgyzstan,ECA,LMC,2014,POSITIVE,2.844
NT_ANT_WHZ_NE2,Wasting prevalence,percentage,NUTRITION,survey_based,KGZ,Kyrgyzstan,ECA,LMC,2015,HALLUCINATION_T1,
NT_ANT_WHZ_NE2,Wasting prevalence,percentage,NUTRITION,survey_based,KGZ,Kyrgyzstan,ECA,LMC,2016,HALLUCINATION_T1,
NT_ANT_WHZ_NE2,Wasting prevalence,percentage,NUTRITION,survey_based,KGZ,Kyrgyzstan,ECA,LMC,2017,HALLUCINATION_T1,
NT_ANT_WHZ_NE2,Wasting prevalence,percentage,NUTRITION,survey_based,KGZ,Kyrgyzstan,ECA,LMC,2018,POSITIVE,2.0323
NT_ANT_WHZ_NE2,Wasting prevalence,percentage,NUTRITION,survey_based,KGZ,Kyrgyzstan,ECA,LMC,2019,HALLUCINATION_T1,
NT_ANT_WHZ_NE2,Wasting prevalence,percentage,NUTRITION,survey_based,KGZ,Kyrgyzstan,ECA,LMC,2020,HALLUCINATION_T1,
NT_ANT_WHZ_NE2,Wasting prevalence,percentage,NUTRITION,survey_based,KGZ,Kyrgyzstan,ECA,LMC,2021,POSITIVE,0.9
NT_ANT_WHZ_NE2,Wasting prevalence,percentage,NUTRITION,survey_based,KGZ,Kyrgyzstan,ECA,LMC,2022,HALLUCINATION_T1,
NT_ANT_WHZ_NE2,Wasting prevalence,percentage,NUTRITION,survey_based,KGZ,Kyrgyzstan,ECA,LMC,2023,POSITIVE,2.9831
NT_ANT_WHZ_NE2,Wasting prevalence,percentage,NUTRITION,survey_based,KGZ,Kyrgyzstan,ECA,LMC,2024,HALLUCINATION_T1,
NT_ANT_WHZ_NE2,Wasting prevalence,percentage,NUTRITION,survey_based,TJK,Tajikistan,ECA,LMC,2000,POSITIVE,9.4
NT_ANT_WHZ_NE2,Wasting prevalence,percentage,NUTRITION,survey_based,TJK,Tajikistan,ECA,LMC,2001,POSITIVE,19.4
NT_ANT_WHZ_NE2,Wasting prevalence,percentage,NUTRITION,survey_based,TJK,Tajikistan,ECA,LMC,2002,POSITIVE,6.1
NT_ANT_WHZ_NE2,Wasting prevalence,percentage,NUTRITION,survey_based,TJK,Tajikistan,ECA,LMC,2003,POSITIVE,5.9
NT_ANT_WHZ_NE2,Wasting prevalence,percentage,NUTRITION,survey_based,TJK,Tajikistan,ECA,LMC,2004,HALLUCINATION_T1,
NT_ANT_WHZ_NE2,Wasting prevalence,percentage,NUTRITION,survey_based,TJK,Tajikistan,ECA,LMC,2005,POSITIVE,8.6911
NT_ANT_WHZ_NE2,Wasting prevalence,percentage,NUTRITION,survey_based,TJK,Tajikistan,ECA,LMC,2006,HALLUCINATION_T1,
NT_ANT_WHZ_NE2,Wasting prevalence,percentage,NUTRITION,survey_based,TJK,Tajikistan,ECA,LMC,2007,POSITIVE,6.8542
NT_ANT_WHZ_NE2,Wasting prevalence,percentage,NUTRITION,survey_based,TJK,Tajikistan,ECA,LMC,2008,HALLUCINATION_T1,
NT_ANT_WHZ_NE2,Wasting prevalence,percentage,NUTRITION,survey_based,TJK,Tajikistan,ECA,LMC,2009,POSITIVE,4.2
NT_ANT_WHZ_NE2,Wasting prevalence,percentage,NUTRITION,survey_based,TJK,Tajikistan,ECA,LMC,2010,HALLUCINATION_T1,
NT_ANT_WHZ_NE2,Wasting prevalence,percentage,NUTRITION,survey_based,TJK,Tajikistan,ECA,LMC,2011,HALLUCINATION_T1,
NT_ANT_WHZ_NE2,Wasting prevalence,percentage,NUTRITION,survey_based,TJK,Tajikistan,ECA,LMC,2012,POSITIVE,9.8999
NT_ANT_WHZ_NE2,Wasting prevalence,percentage,NUTRITION,survey_based,TJK,Tajikistan,ECA,LMC,2013,HALLUCINATION_T1,
NT_ANT_WHZ_NE2,Wasting prevalence,percentage,NUTRITION,survey_based,TJK,Tajikistan,ECA,LMC,2014,HALLUCINATION_T1,
NT_ANT_WHZ_NE2,Wasting prevalence,percentage,NUTRITION,survey_based,TJK,Tajikistan,ECA,LMC,2015,HALLUCINATION_T1,
NT_ANT_WHZ_NE2,Wasting prevalence,percentage,NUTRITION,survey_based,TJK,Tajikistan,ECA,LMC,2016,POSITIVE,3.5188
NT_ANT_WHZ_NE2,Wasting prevalence,percentage,NUTRITION,survey_based,TJK,Tajikistan,ECA,LMC,2017,POSITIVE,5.563
NT_ANT_WHZ_NE2,Wasting prevalence,percentage,NUTRITION,survey_based,TJK,Tajikistan,ECA,LMC,2018,HALLUCINATION_T1,
NT_ANT_WHZ_NE2,Wasting prevalence,percentage,NUTRITION,survey_based,TJK,Tajikistan,ECA,LMC,2019,HALLUCINATION_T1,
NT_ANT_WHZ_NE2,Wasting prevalence,percentage,NUTRITION,survey_based,TJK,Tajikistan,ECA,LMC,2020,HALLUCINATION_T1,
NT_ANT_WHZ_NE2,Wasting prevalence,percentage,NUTRITION,survey_based,TJK,Tajikistan,ECA,LMC,2021,HALLUCINATION_T1,
NT_ANT_WHZ_NE2,Wasting prevalence,percentage,NUTRITION,survey_based,TJK,Tajikistan,ECA,LMC,2022,HALLUCINATION_T1,
NT_ANT_WHZ_NE2,Wasting prevalence,percentage,NUTRITION,survey_based,TJK,Tajikistan,ECA,LMC,2023,POSITIVE,6.4
NT_ANT_WHZ_NE2,Wasting prevalence,percentage,NUTRITION,survey_based,TJK,Tajikistan,ECA,LMC,2024,HALLUCINATION_T1,
NT_ANT_WHZ_NE2,Wasting prevalence,percentage,NUTRITION,survey_based,IRN,Iran,MNA,UMC,2000,HALLUCINATION_T1,
NT_ANT_WHZ_NE2,Wasting prevalence,percentage,NUTRITION,survey_based,IRN,Iran,MNA,UMC,2001,HALLUCINATION_T1,
NT_ANT_WHZ_NE2,Wasting prevalence,percentage,NUTRITION,survey_based,IRN,Iran,MNA,UMC,2002,HALLUCINATION_T1,
NT_ANT_WHZ_NE2,Wasting prevalence,percentage,NUTRITION,survey_based,IRN,Iran,MNA,UMC,2003,HALLUCINATION_T1,
NT_ANT_WHZ_NE2,Wasting prevalence,percentage,NUTRITION,survey_based,IRN,Iran,MNA,UMC,2004,POSITIVE,4.8
NT_ANT_WHZ_NE2,Wasting prevalence,percentage,NUTRITION,survey_based,IRN,Iran,MNA,UMC,2005,HALLUCINATION_T1,
NT_ANT_WHZ_NE2,Wasting prevalence,percentage,NUTRITION,survey_based,IRN,Iran,MNA,UMC,2006,HALLUCINATION_T1,
NT_ANT_WHZ_NE2,Wasting prevalence,percentage,NUTRITION,survey_based,IRN,Iran,MNA,UMC,2007,HALLUCINATION_T1,
NT_ANT_WHZ_NE2,Wasting prevalence,percentage,NUTRITION,survey_based,IRN,Iran,MNA,UMC,2008,HALLUCINATION_T1,
NT_ANT_WHZ_NE2,Wasting prevalence,percentage,NUTRITION,survey_based,IRN,Iran,MNA,UMC,2009,HALLUCINATION_T1,
NT_ANT_WHZ_NE2,Wasting prevalence,percentage,NUTRITION,survey_based,IRN,Iran,MNA,UMC,2010,POSITIVE,4.0
NT_ANT_WHZ_NE2,Wasting prevalence,percentage,NUTRITION,survey_based,IRN,Iran,MNA,UMC,2011,HALLUCINATION_T1,
NT_ANT_WHZ_NE2,Wasting prevalence,percentage,NUTRITION,survey_based,IRN,Iran,MNA,UMC,2012,HALLUCINATION_T1,
NT_ANT_WHZ_NE2,Wasting prevalence,percentage,NUTRITION,survey_based,IRN,Iran,MNA,UMC,2013,HALLUCINATION_T1,
NT_ANT_WHZ_NE2,Wasting prevalence,percentage,NUTRITION,survey_based,IRN,Iran,MNA,UMC,2014,HALLUCINATION_T1,
NT_ANT_WHZ_NE2,Wasting prevalence,percentage,NUTRITION,survey_based,IRN,Iran,MNA,UMC,2015,HALLUCINATION_T1,
NT_ANT_WHZ_NE2,Wasting prevalence,percentage,NUTRITION,survey_based,IRN,Iran,MNA,UMC,2016,HALLUCINATION_T1,
NT_ANT_WHZ_NE2,Wasting prevalence,percentage,NUTRITION,survey_based,IRN,Iran,MNA,UMC,2017,POSITIVE,4.3
NT_ANT_WHZ_NE2,Wasting prevalence,percentage,NUTRITION,survey_based,IRN,Iran,MNA,UMC,2018,HALLUCINATION_T1,
NT_ANT_WHZ_NE2,Wasting prevalence,percentage,NUTRITION,survey_based,IRN,Iran,MNA,UMC,2019,HALLUCINATION_T1,
NT_ANT_WHZ_NE2,Wasting prevalence,percentage,NUTRITION,survey_based,IRN,Iran,MNA,UMC,2020,HALLUCINATION_T1,
NT_ANT_WHZ_NE2,Wasting prevalence,percentage,NUTRITION,survey_based,IRN,Iran,MNA,UMC,2021,HALLUCINATION_T1,
NT_ANT_WHZ_NE2,Wasting prevalence,percentage,NUTRITION,survey_based,IRN,Iran,MNA,UMC,2022,HALLUCINATION_T1,
NT_ANT_WHZ_NE2,Wasting prevalence,percentage,NUTRITION,survey_based,IRN,Iran,MNA,UMC,2023,HALLUCINATION_T1,
NT_ANT_WHZ_NE2,Wasting prevalence,percentage,NUTRITION,survey_based,IRN,Iran,MNA,UMC,2024,HALLUCINATION_T1,
NT_ANT_WHZ_NE2,Wasting prevalence,percentage,NUTRITION,survey_based,AZE,Azerbaijan,ECA,UMC,2000,POSITIVE,8.981
NT_ANT_WHZ_NE2,Wasting prevalence,percentage,NUTRITION,survey_based,AZE,Azerbaijan,ECA,UMC,2001,POSITIVE,3.2
NT_ANT_WHZ_NE2,Wasting prevalence,percentage,NUTRITION,survey_based,AZE,Azerbaijan,ECA,UMC,2002,HALLUCINATION_T1,
NT_ANT_WHZ_NE2,Wasting prevalence,percentage,NUTRITION,survey_based,AZE,Azerbaijan,ECA,UMC,2003,HALLUCINATION_T1,
NT_ANT_WHZ_NE2,Wasting prevalence,percentage,NUTRITION,survey_based,AZE,Azerbaijan,ECA,UMC,2004,HALLUCINATION_T1,
NT_ANT_WHZ_NE2,Wasting prevalence,percentage,NUTRITION,survey_based,AZE,Azerbaijan,ECA,UMC,2005,HALLUCINATION_T1,
NT_ANT_WHZ_NE2,Wasting prevalence,percentage,NUTRITION,survey_based,AZE,Azerbaijan,ECA,UMC,2006,POSITIVE,6.7976
NT_ANT_WHZ_NE2,Wasting prevalence,percentage,NUTRITION,survey_based,AZE,Azerbaijan,ECA,UMC,2007,HALLUCINATION_T1,
NT_ANT_WHZ_NE2,Wasting prevalence,percentage,NUTRITION,survey_based,AZE,Azerbaijan,ECA,UMC,2008,HALLUCINATION_T1,
NT_ANT_WHZ_NE2,Wasting prevalence,percentage,NUTRITION,survey_based,AZE,Azerbaijan,ECA,UMC,2009,HALLUCINATION_T1,
NT_ANT_WHZ_NE2,Wasting prevalence,percentage,NUTRITION,survey_based,AZE,Azerbaijan,ECA,UMC,2010,HALLUCINATION_T1,
NT_ANT_WHZ_NE2,Wasting prevalence,percentage,NUTRITION,survey_based,AZE,Azerbaijan,ECA,UMC,2011,POSITIVE,6.6
NT_ANT_WHZ_NE2,Wasting prevalence,percentage,NUTRITION,survey_based,AZE,Azerbaijan,ECA,UMC,2012,HALLUCINATION_T1,
NT_ANT_WHZ_NE2,Wasting prevalence,percentage,NUTRITION,survey_based,AZE,Azerbaijan,ECA,UMC,2013,POSITIVE,3.1592
NT_ANT_WHZ_NE2,Wasting prevalence,percentage,NUTRITION,survey_based,AZE,Azerbaijan,ECA,UMC,2014,HALLUCINATION_T1,
NT_ANT_WHZ_NE2,Wasting prevalence,percentage,NUTRITION,survey_based,AZE,Azerbaijan,ECA,UMC,2015,HALLUCINATION_T1,
NT_ANT_WHZ_NE2,Wasting prevalence,percentage,NUTRITION,survey_based,AZE,Azerbaijan,ECA,UMC,2016,HALLUCINATION_T1,
NT_ANT_WHZ_NE2,Wasting prevalence,percentage,NUTRITION,survey_based,AZE,Azerbaijan,ECA,UMC,2017,HALLUCINATION_T1,
NT_ANT_WHZ_NE2,Wasting prevalence,percentage,NUTRITION,survey_based,AZE,Azerbaijan,ECA,UMC,2018,HALLUCINATION_T1,
NT_ANT_WHZ_NE2,Wasting prevalence,percentage,NUTRITION,survey_based,AZE,Azerbaijan,ECA,UMC,2019,HALLUCINATION_T1,
NT_ANT_WHZ_NE2,Wasting prevalence,percentage,NUTRITION,survey_based,AZE,Azerbaijan,ECA,UMC,2020,HALLUCINATION_T1,
NT_ANT_WHZ_NE2,Wasting prevalence,percentage,NUTRITION,survey_based,AZE,Azerbaijan,ECA,UMC,2021,HALLUCINATION_T1,
NT_ANT_WHZ_NE2,Wasting prevalence,percentage,NUTRITION,survey_based,AZE,Azerbaijan,ECA,UMC,2022,HALLUCINATION_T1,
NT_ANT_WHZ_NE2,Wasting prevalence,percentage,NUTRITION,survey_based,AZE,Azerbaijan,ECA,UMC,2023,POSITIVE,3.5201
NT_ANT_WHZ_NE2,Wasting prevalence,percentage,NUTRITION,survey_based,AZE,Azerbaijan,ECA,UMC,2024,HALLUCINATION_T1,
NT_ANT_WHZ_NE2,Wasting prevalence,percentage,NUTRITION,survey_based,GEO,Georgia,ECA,UMC,2000,HALLUCINATION_T1,
NT_ANT_WHZ_NE2,Wasting prevalence,percentage,NUTRITION,survey_based,GEO,Georgia,ECA,UMC,2001,HALLUCINATION_T1,
NT_ANT_WHZ_NE2,Wasting prevalence,percentage,NUTRITION,survey_based,GEO,Georgia,ECA,UMC,2002,HALLUCINATION_T1,
NT_ANT_WHZ_NE2,Wasting prevalence,percentage,NUTRITION,survey_based,GEO,Georgia,ECA,UMC,2003,HALLUCINATION_T1,
NT_ANT_WHZ_NE2,Wasting prevalence,percentage,NUTRITION,survey_based,GEO,Georgia,ECA,UMC,2004,HALLUCINATION_T1,
NT_ANT_WHZ_NE2,Wasting prevalence,percentage,NUTRITION,survey_based,GEO,Georgia,ECA,UMC,2005,POSITIVE,2.9905
NT_ANT_WHZ_NE2,Wasting prevalence,percentage,NUTRITION,survey_based,GEO,Georgia,ECA,UMC,2006,HALLUCINATION_T1,
NT_ANT_WHZ_NE2,Wasting prevalence,percentage,NUTRITION,survey_based,GEO,Georgia,ECA,UMC,2007,HALLUCINATION_T1,
NT_ANT_WHZ_NE2,Wasting prevalence,percentage,NUTRITION,survey_based,GEO,Georgia,ECA,UMC,2008,HALLUCINATION_T1,
NT_ANT_WHZ_NE2,Wasting prevalence,percentage,NUTRITION,survey_based,GEO,Georgia,ECA,UMC,2009,POSITIVE,1.2856
NT_ANT_WHZ_NE2,Wasting prevalence,percentage,NUTRITION,survey_based,GEO,Georgia,ECA,UMC,2010,HALLUCINATION_T1,
NT_ANT_WHZ_NE2,Wasting prevalence,percentage,NUTRITION,survey_based,GEO,Georgia,ECA,UMC,2011,HALLUCINATION_T1,
NT_ANT_WHZ_NE2,Wasting prevalence,percentage,NUTRITION,survey_based,GEO,Georgia,ECA,UMC,2012,HALLUCINATION_T1,
NT_ANT_WHZ_NE2,Wasting prevalence,percentage,NUTRITION,survey_based,GEO,Georgia,ECA,UMC,2013,HALLUCINATION_T1,
NT_ANT_WHZ_NE2,Wasting prevalence,percentage,NUTRITION,survey_based,GEO,Georgia,ECA,UMC,2014,HALLUCINATION_T1,
NT_ANT_WHZ_NE2,Wasting prevalence,percentage,NUTRITION,survey_based,GEO,Georgia,ECA,UMC,2015,HALLUCINATION_T1,
NT_ANT_WHZ_NE2,Wasting prevalence,percentage,NUTRITION,survey_based,GEO,Georgia,ECA,UMC,2016,HALLUCINATION_T1,
NT_ANT_WHZ_NE2,Wasting prevalence,percentage,NUTRITION,survey_based,GEO,Georgia,ECA,UMC,2017,HALLUCINATION_T1,
NT_ANT_WHZ_NE2,Wasting prevalence,percentage,NUTRITION,survey_based,GEO,Georgia,ECA,UMC,2018,POSITIVE,0.6301
NT_ANT_WHZ_NE2,Wasting prevalence,percentage,NUTRITION,survey_based,GEO,Georgia,ECA,UMC,2019,HALLUCINATION_T1,
NT_ANT_WHZ_NE2,Wasting prevalence,percentage,NUTRITION,survey_based,GEO,Georgia,ECA,UMC,2020,HALLUCINATION_T1,
NT_ANT_WHZ_NE2,Wasting prevalence,percentage,NUTRITION,survey_based,GEO,Georgia,ECA,UMC,2021,HALLUCINATION_T1,
NT_ANT_WHZ_NE2,Wasting prevalence,percentage,NUTRITION,survey_based,GEO,Georgia,ECA,UMC,2022,HALLUCINATION_T1,
NT_ANT_WHZ_NE2,Wasting prevalence,percentage,NUTRITION,survey_based,GEO,Georgia,ECA,UMC,2023,HALLUCINATION_T1,
NT_ANT_WHZ_NE2,Wasting prevalence,percentage,NUTRITION,survey_based,GEO,Georgia,ECA,UMC,2024,HALLUCINATION_T1,
NT_ANT_WHZ_NE2,Wasting prevalence,percentage,NUTRITION,survey_based,ALB,Albania,ECA,UMC,2000,HALLUCINATION_T1,
NT_ANT_WHZ_NE2,Wasting prevalence,percentage,NUTRITION,survey_based,ALB,Albania,ECA,UMC,2001,HALLUCINATION_T1,
NT_ANT_WHZ_NE2,Wasting prevalence,percentage,NUTRITION,survey_based,ALB,Albania,ECA,UMC,2002,HALLUCINATION_T1,
NT_ANT_WHZ_NE2,Wasting prevalence,percentage,NUTRITION,survey_based,ALB,Albania,ECA,UMC,2003,HALLUCINATION_T1,
NT_ANT_WHZ_NE2,Wasting prevalence,percentage,NUTRITION,survey_based,ALB,Albania,ECA,UMC,2004,HALLUCINATION_T1,
NT_ANT_WHZ_NE2,Wasting prevalence,percentage,NUTRITION,survey_based,ALB,Albania,ECA,UMC,2005,POSITIVE,7.3247
NT_ANT_WHZ_NE2,Wasting prevalence,percentage,NUTRITION,survey_based,ALB,Albania,ECA,UMC,2006,HALLUCINATION_T1,
NT_ANT_WHZ_NE2,Wasting prevalence,percentage,NUTRITION,survey_based,ALB,Albania,ECA,UMC,2007,HALLUCINATION_T1,
NT_ANT_WHZ_NE2,Wasting prevalence,percentage,NUTRITION,survey_based,ALB,Albania,ECA,UMC,2008,HALLUCINATION_T1,
NT_ANT_WHZ_NE2,Wasting prevalence,percentage,NUTRITION,survey_based,ALB,Albania,ECA,UMC,2009,POSITIVE,9.5795
NT_ANT_WHZ_NE2,Wasting prevalence,percentage,NUTRITION,survey_based,ALB,Albania,ECA,UMC,2010,HALLUCINATION_T1,
NT_ANT_WHZ_NE2,Wasting prevalence,percentage,NUTRITION,survey_based,ALB,Albania,ECA,UMC,2011,HALLUCINATION_T1,
NT_ANT_WHZ_NE2,Wasting prevalence,percentage,NUTRITION,survey_based,ALB,Albania,ECA,UMC,2012,HALLUCINATION_T1,
NT_ANT_WHZ_NE2,Wasting prevalence,percentage,NUTRITION,survey_based,ALB,Albania,ECA,UMC,2013,HALLUCINATION_T1,
NT_ANT_WHZ_NE2,Wasting prevalence,percentage,NUTRITION,survey_based,ALB,Albania,ECA,UMC,2014,HALLUCINATION_T1,
NT_ANT_WHZ_NE2,Wasting prevalence,percentage,NUTRITION,survey_based,ALB,Albania,ECA,UMC,2015,HALLUCINATION_T1,
NT_ANT_WHZ_NE2,Wasting prevalence,percentage,NUTRITION,survey_based,ALB,Albania,ECA,UMC,2016,HALLUCINATION_T1,
NT_ANT_WHZ_NE2,Wasting prevalence,percentage,NUTRITION,survey_based,ALB,Albania,ECA,UMC,2017,POSITIVE,1.5842
NT_ANT_WHZ_NE2,Wasting prevalence,percentage,NUTRITION,survey_based,ALB,Albania,ECA,UMC,2018,HALLUCINATION_T1,
NT_ANT_WHZ_NE2,Wasting prevalence,percentage,NUTRITION,survey_based,ALB,Albania,ECA,UMC,2019,HALLUCINATION_T1,
NT_ANT_WHZ_NE2,Wasting prevalence,percentage,NUTRITION,survey_based,ALB,Albania,ECA,UMC,2020,HALLUCINATION_T1,
NT_ANT_WHZ_NE2,Wasting prevalence,percentage,NUTRITION,survey_based,ALB,Albania,ECA,UMC,2021,HALLUCINATION_T1,
NT_ANT_WHZ_NE2,Wasting prevalence,percentage,NUTRITION,survey_based,ALB,Albania,ECA,UMC,2022,HALLUCINATION_T1,
NT_ANT_WHZ_NE2,Wasting prevalence,percentage,NUTRITION,survey_based,ALB,Albania,ECA,UMC,2023,HALLUCINATION_T1,
NT_ANT_WHZ_NE2,Wasting prevalence,percentage,NUTRITION,survey_based,ALB,Albania,ECA,UMC,2024,HALLUCINATION_T1,
NT_ANT_WHZ_NE2,Wasting prevalence,percentage,NUTRITION,survey_based,BLR,Belarus,ECA,UMC,2000,HALLUCINATION_T1,
NT_ANT_WHZ_NE2,Wasting prevalence,percentage,NUTRITION,survey_based,BLR,Belarus,ECA,UMC,2001,HALLUCINATION_T1,
NT_ANT_WHZ_NE2,Wasting prevalence,percentage,NUTRITION,survey_based,BLR,Belarus,ECA,UMC,2002,HALLUCINATION_T1,
NT_ANT_WHZ_NE2,Wasting prevalence,percentage,NUTRITION,survey_based,BLR,Belarus,ECA,UMC,2003,HALLUCINATION_T1,
NT_ANT_WHZ_NE2,Wasting prevalence,percentage,NUTRITION,survey_based,BLR,Belarus,ECA,UMC,2004,HALLUCINATION_T1,
NT_ANT_WHZ_NE2,Wasting prevalence,percentage,NUTRITION,survey_based,BLR,Belarus,ECA,UMC,2005,POSITIVE,2.2066
NT_ANT_WHZ_NE2,Wasting prevalence,percentage,NUTRITION,survey_based,BLR,Belarus,ECA,UMC,2006,HALLUCINATION_T1,
NT_ANT_WHZ_NE2,Wasting prevalence,percentage,NUTRITION,survey_based,BLR,Belarus,ECA,UMC,2007,HALLUCINATION_T1,
NT_ANT_WHZ_NE2,Wasting prevalence,percentage,NUTRITION,survey_based,BLR,Belarus,ECA,UMC,2008,HALLUCINATION_T1,
NT_ANT_WHZ_NE2,Wasting prevalence,percentage,NUTRITION,survey_based,BLR,Belarus,ECA,UMC,2009,HALLUCINATION_T1,
NT_ANT_WHZ_NE2,Wasting prevalence,percentage,NUTRITION,survey_based,BLR,Belarus,ECA,UMC,2010,HALLUCINATION_T1,
NT_ANT_WHZ_NE2,Wasting prevalence,percentage,NUTRITION,survey_based,BLR,Belarus,ECA,UMC,2011,HALLUCINATION_T1,
NT_ANT_WHZ_NE2,Wasting prevalence,percentage,NUTRITION,survey_based,BLR,Belarus,ECA,UMC,2012,HALLUCINATION_T1,
NT_ANT_WHZ_NE2,Wasting prevalence,percentage,NUTRITION,survey_based,BLR,Belarus,ECA,UMC,2013,HALLUCINATION_T1,
NT_ANT_WHZ_NE2,Wasting prevalence,percentage,NUTRITION,survey_based,BLR,Belarus,ECA,UMC,2014,HALLUCINATION_T1,
NT_ANT_WHZ_NE2,Wasting prevalence,percentage,NUTRITION,survey_based,BLR,Belarus,ECA,UMC,2015,HALLUCINATION_T1,
NT_ANT_WHZ_NE2,Wasting prevalence,percentage,NUTRITION,survey_based,BLR,Belarus,ECA,UMC,2016,HALLUCINATION_T1,
NT_ANT_WHZ_NE2,Wasting prevalence,percentage,NUTRITION,survey_based,BLR,Belarus,ECA,UMC,2017,HALLUCINATION_T1,
NT_ANT_WHZ_NE2,Wasting prevalence,percentage,NUTRITION,survey_based,BLR,Belarus,ECA,UMC,2018,HALLUCINATION_T1,
NT_ANT_WHZ_NE2,Wasting prevalence,percentage,NUTRITION,survey_based,BLR,Belarus,ECA,UMC,2019,POSITIVE,1.3
NT_ANT_WHZ_NE2,Wasting prevalence,percentage,NUTRITION,survey_based,BLR,Belarus,ECA,UMC,2020,POSITIVE,1.3
NT_ANT_WHZ_NE2,Wasting prevalence,percentage,NUTRITION,survey_based,BLR,Belarus,ECA,UMC,2021,POSITIVE,1.2
NT_ANT_WHZ_NE2,Wasting prevalence,percentage,NUTRITION,survey_based,BLR,Belarus,ECA,UMC,2022,POSITIVE,1.3
NT_ANT_WHZ_NE2,Wasting prevalence,percentage,NUTRITION,survey_based,BLR,Belarus,ECA,UMC,2023,POSITIVE,1.3
NT_ANT_WHZ_NE2,Wasting prevalence,percentage,NUTRITION,survey_based,BLR,Belarus,ECA,UMC,2024,HALLUCINATION_T1,
NT_ANT_WHZ_NE2,Wasting prevalence,percentage,NUTRITION,survey_based,KWT,Kuwait,MNA,HIC,2000,HALLUCINATION_T1,
NT_ANT_WHZ_NE2,Wasting prevalence,percentage,NUTRITION,survey_based,KWT,Kuwait,MNA,HIC,2001,POSITIVE,2.1307
NT_ANT_WHZ_NE2,Wasting prevalence,percentage,NUTRITION,survey_based,KWT,Kuwait,MNA,HIC,2002,POSITIVE,2.1637
NT_ANT_WHZ_NE2,Wasting prevalence,percentage,NUTRITION,survey_based,KWT,Kuwait,MNA,HIC,2003,POSITIVE,2.5546
NT_ANT_WHZ_NE2,Wasting prevalence,percentage,NUTRITION,survey_based,KWT,Kuwait,MNA,HIC,2004,POSITIVE,3.4042
NT_ANT_WHZ_NE2,Wasting prevalence,percentage,NUTRITION,survey_based,KWT,Kuwait,MNA,HIC,2005,POSITIVE,3.3256
NT_ANT_WHZ_NE2,Wasting prevalence,percentage,NUTRITION,survey_based,KWT,Kuwait,MNA,HIC,2006,POSITIVE,2.9589
NT_ANT_WHZ_NE2,Wasting prevalence,percentage,NUTRITION,survey_based,KWT,Kuwait,MNA,HIC,2007,POSITIVE,3.535
NT_ANT_WHZ_NE2,Wasting prevalence,percentage,NUTRITION,survey_based,KWT,Kuwait,MNA,HIC,2008,POSITIVE,2.2989
NT_ANT_WHZ_NE2,Wasting prevalence,percentage,NUTRITION,survey_based,KWT,Kuwait,MNA,HIC,2009,POSITIVE,1.7787
NT_ANT_WHZ_NE2,Wasting prevalence,percentage,NUTRITION,survey_based,KWT,Kuwait,MNA,HIC,2010,POSITIVE,2.3721
NT_ANT_WHZ_NE2,Wasting prevalence,percentage,NUTRITION,survey_based,KWT,Kuwait,MNA,HIC,2011,POSITIVE,1.6795
NT_ANT_WHZ_NE2,Wasting prevalence,percentage,NUTRITION,survey_based,KWT,Kuwait,MNA,HIC,2012,POSITIVE,2.4181
NT_ANT_WHZ_NE2,Wasting prevalence,percentage,NUTRITION,survey_based,KWT,Kuwait,MNA,HIC,2013,POSITIVE,2.8318
NT_ANT_WHZ_NE2,Wasting prevalence,percentage,NUTRITION,survey_based,KWT,Kuwait,MNA,HIC,2014,POSITIVE,2.5197
NT_ANT_WHZ_NE2,Wasting prevalence,percentage,NUTRITION,survey_based,KWT,Kuwait,MNA,HIC,2015,POSITIVE,2.9828
NT_ANT_WHZ_NE2,Wasting prevalence,percentage,NUTRITION,survey_based,KWT,Kuwait,MNA,HIC,2016,POSITIVE,2.3233
NT_ANT_WHZ_NE2,Wasting prevalence,percentage,NUTRITION,survey_based,KWT,Kuwait,MNA,HIC,2017,POSITIVE,2.3782
NT_ANT_WHZ_NE2,Wasting prevalence,percentage,NUTRITION,survey_based,KWT,Kuwait,MNA,HIC,2018,POSITIVE,2.2338
NT_ANT_WHZ_NE2,Wasting prevalence,percentage,NUTRITION,survey_based,KWT,Kuwait,MNA,HIC,2019,POSITIVE,1.7357
NT_ANT_WHZ_NE2,Wasting prevalence,percentage,NUTRITION,survey_based,KWT,Kuwait,MNA,HIC,2020,POSITIVE,1.9052
NT_ANT_WHZ_NE2,Wasting prevalence,percentage,NUTRITION,survey_based,KWT,Kuwait,MNA,HIC,2021,POSITIVE,3.1882
NT_ANT_WHZ_NE2,Wasting prevalence,percentage,NUTRITION,survey_based,KWT,Kuwait,MNA,HIC,2022,POSITIVE,3.3683
NT_ANT_WHZ_NE2,Wasting prevalence,percentage,NUTRITION,survey_based,KWT,Kuwait,MNA,HIC,2023,POSITIVE,3.5177
NT_ANT_WHZ_NE2,Wasting prevalence,percentage,NUTRITION,survey_based,KWT,Kuwait,MNA,HIC,2024,HALLUCINATION_T1,
NT_ANT_WHZ_NE2,Wasting prevalence,percentage,NUTRITION,survey_based,BHR,Bahrain,MNA,HIC,2000,HALLUCINATION_T2,
NT_ANT_WHZ_NE2,Wasting prevalence,percentage,NUTRITION,survey_based,BHR,Bahrain,MNA,HIC,2001,HALLUCINATION_T2,
NT_ANT_WHZ_NE2,Wasting prevalence,percentage,NUTRITION,survey_based,BHR,Bahrain,MNA,HIC,2002,HALLUCINATION_T2,
NT_ANT_WHZ_NE2,Wasting prevalence,percentage,NUTRITION,survey_based,BHR,Bahrain,MNA,HIC,2003,HALLUCINATION_T2,
NT_ANT_WHZ_NE2,Wasting prevalence,percentage,NUTRITION,survey_based,BHR,Bahrain,MNA,HIC,2004,HALLUCINATION_T2,
NT_ANT_WHZ_NE2,Wasting prevalence,percentage,NUTRITION,survey_based,BHR,Bahrain,MNA,HIC,2005,HALLUCINATION_T2,
NT_ANT_WHZ_NE2,Wasting prevalence,percentage,NUTRITION,survey_based,BHR,Bahrain,MNA,HIC,2006,HALLUCINATION_T2,
NT_ANT_WHZ_NE2,Wasting prevalence,percentage,NUTRITION,survey_based,BHR,Bahrain,MNA,HIC,2007,HALLUCINATION_T2,
NT_ANT_WHZ_NE2,Wasting prevalence,percentage,NUTRITION,survey_based,BHR,Bahrain,MNA,HIC,2008,HALLUCINATION_T2,
NT_ANT_WHZ_NE2,Wasting prevalence,percentage,NUTRITION,survey_based,BHR,Bahrain,MNA,HIC,2009,HALLUCINATION_T2,
NT_ANT_WHZ_NE2,Wasting prevalence,percentage,NUTRITION,survey_based,BHR,Bahrain,MNA,HIC,2010,HALLUCINATION_T2,
NT_ANT_WHZ_NE2,Wasting prevalence,percentage,NUTRITION,survey_based,BHR,Bahrain,MNA,HIC,2011,HALLUCINATION_T2,
NT_ANT_WHZ_NE2,Wasting prevalence,percentage,NUTRITION,survey_based,BHR,Bahrain,MNA,HIC,2012,HALLUCINATION_T2,
NT_ANT_WHZ_NE2,Wasting prevalence,percentage,NUTRITION,survey_based,BHR,Bahrain,MNA,HIC,2013,HALLUCINATION_T2,
NT_ANT_WHZ_NE2,Wasting prevalence,percentage,NUTRITION,survey_based,BHR,Bahrain,MNA,HIC,2014,HALLUCINATION_T2,
NT_ANT_WHZ_NE2,Wasting prevalence,percentage,NUTRITION,survey_based,BHR,Bahrain,MNA,HIC,2015,HALLUCINATION_T2,
NT_ANT_WHZ_NE2,Wasting prevalence,percentage,NUTRITION,survey_based,BHR,Bahrain,MNA,HIC,2016,HALLUCINATION_T2,
NT_ANT_WHZ_NE2,Wasting prevalence,percentage,NUTRITION,survey_based,BHR,Bahrain,MNA,HIC,2017,HALLUCINATION_T2,
NT_ANT_WHZ_NE2,Wasting prevalence,percentage,NUTRITION,survey_based,BHR,Bahrain,MNA,HIC,2018,HALLUCINATION_T2,
NT_ANT_WHZ_NE2,Wasting prevalence,percentage,NUTRITION,survey_based,BHR,Bahrain,MNA,HIC,2019,HALLUCINATION_T2,
NT_ANT_WHZ_NE2,Wasting prevalence,percentage,NUTRITION,survey_based,BHR,Bahrain,MNA,HIC,2020,HALLUCINATION_T2,
NT_ANT_WHZ_NE2,Wasting prevalence,percentage,NUTRITION,survey_based,BHR,Bahrain,MNA,HIC,2021,HALLUCINATION_T2,
NT_ANT_WHZ_NE2,Wasting prevalence,percentage,NUTRITION,survey_based,BHR,Bahrain,MNA,HIC,2022,HALLUCINATION_T2,
NT_ANT_WHZ_NE2,Wasting prevalence,percentage,NUTRITION,survey_based,BHR,Bahrain,MNA,HIC,2023,HALLUCINATION_T2,
NT_ANT_WHZ_NE2,Wasting prevalence,percentage,NUTRITION,survey_based,BHR,Bahrain,MNA,HIC,2024,HALLUCINATION_T2,
NT_ANT_WHZ_NE2,Wasting prevalence,percentage,NUTRITION,survey_based,OMN,Oman,MNA,HIC,2000,HALLUCINATION_T1,
NT_ANT_WHZ_NE2,Wasting prevalence,percentage,NUTRITION,survey_based,OMN,Oman,MNA,HIC,2001,HALLUCINATION_T1,
NT_ANT_WHZ_NE2,Wasting prevalence,percentage,NUTRITION,survey_based,OMN,Oman,MNA,HIC,2002,HALLUCINATION_T1,
NT_ANT_WHZ_NE2,Wasting prevalence,percentage,NUTRITION,survey_based,OMN,Oman,MNA,HIC,2003,HALLUCINATION_T1,
NT_ANT_WHZ_NE2,Wasting prevalence,percentage,NUTRITION,survey_based,OMN,Oman,MNA,HIC,2004,HALLUCINATION_T1,
NT_ANT_WHZ_NE2,Wasting prevalence,percentage,NUTRITION,survey_based,OMN,Oman,MNA,HIC,2005,HALLUCINATION_T1,
NT_ANT_WHZ_NE2,Wasting prevalence,percentage,NUTRITION,survey_based,OMN,Oman,MNA,HIC,2006,HALLUCINATION_T1,
NT_ANT_WHZ_NE2,Wasting prevalence,percentage,NUTRITION,survey_based,OMN,Oman,MNA,HIC,2007,HALLUCINATION_T1,
NT_ANT_WHZ_NE2,Wasting prevalence,percentage,NUTRITION,survey_based,OMN,Oman,MNA,HIC,2008,HALLUCINATION_T1,
NT_ANT_WHZ_NE2,Wasting prevalence,percentage,NUTRITION,survey_based,OMN,Oman,MNA,HIC,2009,POSITIVE,7.1
NT_ANT_WHZ_NE2,Wasting prevalence,percentage,NUTRITION,survey_based,OMN,Oman,MNA,HIC,2010,HALLUCINATION_T1,
NT_ANT_WHZ_NE2,Wasting prevalence,percentage,NUTRITION,survey_based,OMN,Oman,MNA,HIC,2011,HALLUCINATION_T1,
NT_ANT_WHZ_NE2,Wasting prevalence,percentage,NUTRITION,survey_based,OMN,Oman,MNA,HIC,2012,HALLUCINATION_T1,
NT_ANT_WHZ_NE2,Wasting prevalence,percentage,NUTRITION,survey_based,OMN,Oman,MNA,HIC,2013,HALLUCINATION_T1,
NT_ANT_WHZ_NE2,Wasting prevalence,percentage,NUTRITION,survey_based,OMN,Oman,MNA,HIC,2014,POSITIVE,7.5
NT_ANT_WHZ_NE2,Wasting prevalence,percentage,NUTRITION,survey_based,OMN,Oman,MNA,HIC,2015,HALLUCINATION_T1,
NT_ANT_WHZ_NE2,Wasting prevalence,percentage,NUTRITION,survey_based,OMN,Oman,MNA,HIC,2016,HALLUCINATION_T1,
NT_ANT_WHZ_NE2,Wasting prevalence,percentage,NUTRITION,survey_based,OMN,Oman,MNA,HIC,2017,POSITIVE,9.3
NT_ANT_WHZ_NE2,Wasting prevalence,percentage,NUTRITION,survey_based,OMN,Oman,MNA,HIC,2018,HALLUCINATION_T1,
NT_ANT_WHZ_NE2,Wasting prevalence,percentage,NUTRITION,survey_based,OMN,Oman,MNA,HIC,2019,HALLUCINATION_T1,
NT_ANT_WHZ_NE2,Wasting prevalence,percentage,NUTRITION,survey_based,OMN,Oman,MNA,HIC,2020,HALLUCINATION_T1,
NT_ANT_WHZ_NE2,Wasting prevalence,percentage,NUTRITION,survey_based,OMN,Oman,MNA,HIC,2021,HALLUCINATION_T1,
NT_ANT_WHZ_NE2,Wasting prevalence,percentage,NUTRITION,survey_based,OMN,Oman,MNA,HIC,2022,HALLUCINATION_T1,
NT_ANT_WHZ_NE2,Wasting prevalence,percentage,NUTRITION,survey_based,OMN,Oman,MNA,HIC,2023,HALLUCINATION_T1,
NT_ANT_WHZ_NE2,Wasting prevalence,percentage,NUTRITION,survey_based,OMN,Oman,MNA,HIC,2024,HALLUCINATION_T1,
NT_ANT_WHZ_NE2,Wasting prevalence,percentage,NUTRITION,survey_based,CYP,Cyprus,ECA,HIC,2000,HALLUCINATION_T2,
NT_ANT_WHZ_NE2,Wasting prevalence,percentage,NUTRITION,survey_based,CYP,Cyprus,ECA,HIC,2001,HALLUCINATION_T2,
NT_ANT_WHZ_NE2,Wasting prevalence,percentage,NUTRITION,survey_based,CYP,Cyprus,ECA,HIC,2002,HALLUCINATION_T2,
NT_ANT_WHZ_NE2,Wasting prevalence,percentage,NUTRITION,survey_based,CYP,Cyprus,ECA,HIC,2003,HALLUCINATION_T2,
NT_ANT_WHZ_NE2,Wasting prevalence,percentage,NUTRITION,survey_based,CYP,Cyprus,ECA,HIC,2004,HALLUCINATION_T2,
NT_ANT_WHZ_NE2,Wasting prevalence,percentage,NUTRITION,survey_based,CYP,Cyprus,ECA,HIC,2005,HALLUCINATION_T2,
NT_ANT_WHZ_NE2,Wasting prevalence,percentage,NUTRITION,survey_based,CYP,Cyprus,ECA,HIC,2006,HALLUCINATION_T2,
NT_ANT_WHZ_NE2,Wasting prevalence,percentage,NUTRITION,survey_based,CYP,Cyprus,ECA,HIC,2007,HALLUCINATION_T2,
NT_ANT_WHZ_NE2,Wasting prevalence,percentage,NUTRITION,survey_based,CYP,Cyprus,ECA,HIC,2008,HALLUCINATION_T2,
NT_ANT_WHZ_NE2,Wasting prevalence,percentage,NUTRITION,survey_based,CYP,Cyprus,ECA,HIC,2009,HALLUCINATION_T2,
NT_ANT_WHZ_NE2,Wasting prevalence,percentage,NUTRITION,survey_based,CYP,Cyprus,ECA,HIC,2010,HALLUCINATION_T2,
NT_ANT_WHZ_NE2,Wasting prevalence,percentage,NUTRITION,survey_based,CYP,Cyprus,ECA,HIC,2011,HALLUCINATION_T2,
NT_ANT_WHZ_NE2,Wasting prevalence,percentage,NUTRITION,survey_based,CYP,Cyprus,ECA,HIC,2012,HALLUCINATION_T2,
NT_ANT_WHZ_NE2,Wasting prevalence,percentage,NUTRITION,survey_based,CYP,Cyprus,ECA,HIC,2013,HALLUCINATION_T2,
NT_ANT_WHZ_NE2,Wasting prevalence,percentage,NUTRITION,survey_based,CYP,Cyprus,ECA,HIC,2014,HALLUCINATION_T2,
NT_ANT_WHZ_NE2,Wasting prevalence,percentage,NUTRITION,survey_based,CYP,Cyprus,ECA,HIC,2015,HALLUCINATION_T2,
NT_ANT_WHZ_NE2,Wasting prevalence,percentage,NUTRITION,survey_based,CYP,Cyprus,ECA,HIC,2016,HALLUCINATION_T2,
NT_ANT_WHZ_NE2,Wasting prevalence,percentage,NUTRITION,survey_based,CYP,Cyprus,ECA,HIC,2017,HALLUCINATION_T2,
NT_ANT_WHZ_NE2,Wasting prevalence,percentage,NUTRITION,survey_based,CYP,Cyprus,ECA,HIC,2018,HALLUCINATION_T2,
NT_ANT_WHZ_NE2,Wasting prevalence,percentage,NUTRITION,survey_based,CYP,Cyprus,ECA,HIC,2019,HALLUCINATION_T2,
NT_ANT_WHZ_NE2,Wasting prevalence,percentage,NUTRITION,survey_based,CYP,Cyprus,ECA,HIC,2020,HALLUCINATION_T2,
NT_ANT_WHZ_NE2,Wasting prevalence,percentage,NUTRITION,survey_based,CYP,Cyprus,ECA,HIC,2021,HALLUCINATION_T2,
NT_ANT_WHZ_NE2,Wasting prevalence,percentage,NUTRITION,survey_based,CYP,Cyprus,ECA,HIC,2022,HALLUCINATION_T2,
NT_ANT_WHZ_NE2,Wasting prevalence,percentage,NUTRITION,survey_based,CYP,Cyprus,ECA,HIC,2023,HALLUCINATION_T2,
NT_ANT_WHZ_NE2,Wasting prevalence,percentage,NUTRITION,survey_based,CYP,Cyprus,ECA,HIC,2024,HALLUCINATION_T2,
NT_ANT_WHZ_NE2,Wasting prevalence,percentage,NUTRITION,survey_based,MLT,Malta,ECA,HIC,2000,HALLUCINATION_T1,
NT_ANT_WHZ_NE2,Wasting prevalence,percentage,NUTRITION,survey_based,MLT,Malta,ECA,HIC,2001,HALLUCINATION_T1,
NT_ANT_WHZ_NE2,Wasting prevalence,percentage,NUTRITION,survey_based,MLT,Malta,ECA,HIC,2002,HALLUCINATION_T1,
NT_ANT_WHZ_NE2,Wasting prevalence,percentage,NUTRITION,survey_based,MLT,Malta,ECA,HIC,2003,HALLUCINATION_T1,
NT_ANT_WHZ_NE2,Wasting prevalence,percentage,NUTRITION,survey_based,MLT,Malta,ECA,HIC,2004,HALLUCINATION_T1,
NT_ANT_WHZ_NE2,Wasting prevalence,percentage,NUTRITION,survey_based,MLT,Malta,ECA,HIC,2005,HALLUCINATION_T1,
NT_ANT_WHZ_NE2,Wasting prevalence,percentage,NUTRITION,survey_based,MLT,Malta,ECA,HIC,2006,HALLUCINATION_T1,
NT_ANT_WHZ_NE2,Wasting prevalence,percentage,NUTRITION,survey_based,MLT,Malta,ECA,HIC,2007,HALLUCINATION_T1,
NT_ANT_WHZ_NE2,Wasting prevalence,percentage,NUTRITION,survey_based,MLT,Malta,ECA,HIC,2008,HALLUCINATION_T1,
NT_ANT_WHZ_NE2,Wasting prevalence,percentage,NUTRITION,survey_based,MLT,Malta,ECA,HIC,2009,HALLUCINATION_T1,
NT_ANT_WHZ_NE2,Wasting prevalence,percentage,NUTRITION,survey_based,MLT,Malta,ECA,HIC,2010,HALLUCINATION_T1,
NT_ANT_WHZ_NE2,Wasting prevalence,percentage,NUTRITION,survey_based,MLT,Malta,ECA,HIC,2011,HALLUCINATION_T1,
NT_ANT_WHZ_NE2,Wasting prevalence,percentage,NUTRITION,survey_based,MLT,Malta,ECA,HIC,2012,HALLUCINATION_T1,
NT_ANT_WHZ_NE2,Wasting prevalence,percentage,NUTRITION,survey_based,MLT,Malta,ECA,HIC,2013,HALLUCINATION_T1,
NT_ANT_WHZ_NE2,Wasting prevalence,percentage,NUTRITION,survey_based,MLT,Malta,ECA,HIC,2014,HALLUCINATION_T1,
NT_ANT_WHZ_NE2,Wasting prevalence,percentage,NUTRITION,survey_based,MLT,Malta,ECA,HIC,2015,HALLUCINATION_T1,
NT_ANT_WHZ_NE2,Wasting prevalence,percentage,NUTRITION,survey_based,MLT,Malta,ECA,HIC,2016,HALLUCINATION_T1,
NT_ANT_WHZ_NE2,Wasting prevalence,percentage,NUTRITION,survey_based,MLT,Malta,ECA,HIC,2017,HALLUCINATION_T1,
NT_ANT_WHZ_NE2,Wasting prevalence,percentage,NUTRITION,survey_based,MLT,Malta,ECA,HIC,2018,HALLUCINATION_T1,
NT_ANT_WHZ_NE2,Wasting prevalence,percentage,NUTRITION,survey_based,MLT,Malta,ECA,HIC,2019,HALLUCINATION_T1,
NT_ANT_WHZ_NE2,Wasting prevalence,percentage,NUTRITION,survey_based,MLT,Malta,ECA,HIC,2020,HALLUCINATION_T1,
NT_ANT_WHZ_NE2,Wasting prevalence,percentage,NUTRITION,survey_based,MLT,Malta,ECA,HIC,2021,HALLUCINATION_T1,
NT_ANT_WHZ_NE2,Wasting prevalence,percentage,NUTRITION,survey_based,MLT,Malta,ECA,HIC,2022,POSITIVE,0.4
NT_ANT_WHZ_NE2,Wasting prevalence,percentage,NUTRITION,survey_based,MLT,Malta,ECA,HIC,2023,HALLUCINATION_T1,
NT_ANT_WHZ_NE2,Wasting prevalence,percentage,NUTRITION,survey_based,MLT,Malta,ECA,HIC,2024,HALLUCINATION_T1,
MNCH_CSEC,C-section delivery rate,percentage,MNCH,survey_based,YEM,Yemen,MNA,LIC,2000,HALLUCINATION_T1,
MNCH_CSEC,C-section delivery rate,percentage,MNCH,survey_based,YEM,Yemen,MNA,LIC,2001,HALLUCINATION_T1,
MNCH_CSEC,C-section delivery rate,percentage,MNCH,survey_based,YEM,Yemen,MNA,LIC,2002,HALLUCINATION_T1,
MNCH_CSEC,C-section delivery rate,percentage,MNCH,survey_based,YEM,Yemen,MNA,LIC,2003,POSITIVE,8.6
MNCH_CSEC,C-section delivery rate,percentage,MNCH,survey_based,YEM,Yemen,MNA,LIC,2004,HALLUCINATION_T1,
MNCH_CSEC,C-section delivery rate,percentage,MNCH,survey_based,YEM,Yemen,MNA,LIC,2005,HALLUCINATION_T1,
MNCH_CSEC,C-section delivery rate,percentage,MNCH,survey_based,YEM,Yemen,MNA,LIC,2006,HALLUCINATION_T1,
MNCH_CSEC,C-section delivery rate,percentage,MNCH,survey_based,YEM,Yemen,MNA,LIC,2007,HALLUCINATION_T1,
MNCH_CSEC,C-section delivery rate,percentage,MNCH,survey_based,YEM,Yemen,MNA,LIC,2008,HALLUCINATION_T1,
MNCH_CSEC,C-section delivery rate,percentage,MNCH,survey_based,YEM,Yemen,MNA,LIC,2009,HALLUCINATION_T1,
MNCH_CSEC,C-section delivery rate,percentage,MNCH,survey_based,YEM,Yemen,MNA,LIC,2010,HALLUCINATION_T1,
MNCH_CSEC,C-section delivery rate,percentage,MNCH,survey_based,YEM,Yemen,MNA,LIC,2011,HALLUCINATION_T1,
MNCH_CSEC,C-section delivery rate,percentage,MNCH,survey_based,YEM,Yemen,MNA,LIC,2012,HALLUCINATION_T1,
MNCH_CSEC,C-section delivery rate,percentage,MNCH,survey_based,YEM,Yemen,MNA,LIC,2013,POSITIVE,4.8
MNCH_CSEC,C-section delivery rate,percentage,MNCH,survey_based,YEM,Yemen,MNA,LIC,2014,HALLUCINATION_T1,
MNCH_CSEC,C-section delivery rate,percentage,MNCH,survey_based,YEM,Yemen,MNA,LIC,2015,HALLUCINATION_T1,
MNCH_CSEC,C-section delivery rate,percentage,MNCH,survey_based,YEM,Yemen,MNA,LIC,2016,HALLUCINATION_T1,
MNCH_CSEC,C-section delivery rate,percentage,MNCH,survey_based,YEM,Yemen,MNA,LIC,2017,HALLUCINATION_T1,
MNCH_CSEC,C-section delivery rate,percentage,MNCH,survey_based,YEM,Yemen,MNA,LIC,2018,HALLUCINATION_T1,
MNCH_CSEC,C-section delivery rate,percentage,MNCH,survey_based,YEM,Yemen,MNA,LIC,2019,HALLUCINATION_T1,
MNCH_CSEC,C-section delivery rate,percentage,MNCH,survey_based,YEM,Yemen,MNA,LIC,2020,HALLUCINATION_T1,
MNCH_CSEC,C-section delivery rate,percentage,MNCH,survey_based,YEM,Yemen,MNA,LIC,2021,HALLUCINATION_T1,
MNCH_CSEC,C-section delivery rate,percentage,MNCH,survey_based,YEM,Yemen,MNA,LIC,2022,HALLUCINATION_T1,
MNCH_CSEC,C-section delivery rate,percentage,MNCH,survey_based,YEM,Yemen,MNA,LIC,2023,POSITIVE,10.8
MNCH_CSEC,C-section delivery rate,percentage,MNCH,survey_based,YEM,Yemen,MNA,LIC,2024,HALLUCINATION_T1,
MNCH_CSEC,C-section delivery rate,percentage,MNCH,survey_based,CAF,Central African Republic,WCA,LIC,2000,HALLUCINATION_T1,
MNCH_CSEC,C-section delivery rate,percentage,MNCH,survey_based,CAF,Central African Republic,WCA,LIC,2001,HALLUCINATION_T1,
MNCH_CSEC,C-section delivery rate,percentage,MNCH,survey_based,CAF,Central African Republic,WCA,LIC,2002,HALLUCINATION_T1,
MNCH_CSEC,C-section delivery rate,percentage,MNCH,survey_based,CAF,Central African Republic,WCA,LIC,2003,HALLUCINATION_T1,
MNCH_CSEC,C-section delivery rate,percentage,MNCH,survey_based,CAF,Central African Republic,WCA,LIC,2004,HALLUCINATION_T1,
MNCH_CSEC,C-section delivery rate,percentage,MNCH,survey_based,CAF,Central African Republic,WCA,LIC,2005,HALLUCINATION_T1,
MNCH_CSEC,C-section delivery rate,percentage,MNCH,survey_based,CAF,Central African Republic,WCA,LIC,2006,HALLUCINATION_T1,
MNCH_CSEC,C-section delivery rate,percentage,MNCH,survey_based,CAF,Central African Republic,WCA,LIC,2007,HALLUCINATION_T1,
MNCH_CSEC,C-section delivery rate,percentage,MNCH,survey_based,CAF,Central African Republic,WCA,LIC,2008,HALLUCINATION_T1,
MNCH_CSEC,C-section delivery rate,percentage,MNCH,survey_based,CAF,Central African Republic,WCA,LIC,2009,HALLUCINATION_T1,
MNCH_CSEC,C-section delivery rate,percentage,MNCH,survey_based,CAF,Central African Republic,WCA,LIC,2010,POSITIVE,4.5
MNCH_CSEC,C-section delivery rate,percentage,MNCH,survey_based,CAF,Central African Republic,WCA,LIC,2011,HALLUCINATION_T1,
MNCH_CSEC,C-section delivery rate,percentage,MNCH,survey_based,CAF,Central African Republic,WCA,LIC,2012,HALLUCINATION_T1,
MNCH_CSEC,C-section delivery rate,percentage,MNCH,survey_based,CAF,Central African Republic,WCA,LIC,2013,HALLUCINATION_T1,
MNCH_CSEC,C-section delivery rate,percentage,MNCH,survey_based,CAF,Central African Republic,WCA,LIC,2014,HALLUCINATION_T1,
MNCH_CSEC,C-section delivery rate,percentage,MNCH,survey_based,CAF,Central African Republic,WCA,LIC,2015,HALLUCINATION_T1,
MNCH_CSEC,C-section delivery rate,percentage,MNCH,survey_based,CAF,Central African Republic,WCA,LIC,2016,HALLUCINATION_T1,
MNCH_CSEC,C-section delivery rate,percentage,MNCH,survey_based,CAF,Central African Republic,WCA,LIC,2017,HALLUCINATION_T1,
MNCH_CSEC,C-section delivery rate,percentage,MNCH,survey_based,CAF,Central African Republic,WCA,LIC,2018,HALLUCINATION_T1,
MNCH_CSEC,C-section delivery rate,percentage,MNCH,survey_based,CAF,Central African Republic,WCA,LIC,2019,POSITIVE,2.2
MNCH_CSEC,C-section delivery rate,percentage,MNCH,survey_based,CAF,Central African Republic,WCA,LIC,2020,HALLUCINATION_T1,
MNCH_CSEC,C-section delivery rate,percentage,MNCH,survey_based,CAF,Central African Republic,WCA,LIC,2021,HALLUCINATION_T1,
MNCH_CSEC,C-section delivery rate,percentage,MNCH,survey_based,CAF,Central African Republic,WCA,LIC,2022,HALLUCINATION_T1,
MNCH_CSEC,C-section delivery rate,percentage,MNCH,survey_based,CAF,Central African Republic,WCA,LIC,2023,HALLUCINATION_T1,
MNCH_CSEC,C-section delivery rate,percentage,MNCH,survey_based,CAF,Central African Republic,WCA,LIC,2024,HALLUCINATION_T1,
MNCH_CSEC,C-section delivery rate,percentage,MNCH,survey_based,GNB,Guinea-Bissau,WCA,LIC,2000,HALLUCINATION_T1,
MNCH_CSEC,C-section delivery rate,percentage,MNCH,survey_based,GNB,Guinea-Bissau,WCA,LIC,2001,HALLUCINATION_T1,
MNCH_CSEC,C-section delivery rate,percentage,MNCH,survey_based,GNB,Guinea-Bissau,WCA,LIC,2002,HALLUCINATION_T1,
MNCH_CSEC,C-section delivery rate,percentage,MNCH,survey_based,GNB,Guinea-Bissau,WCA,LIC,2003,HALLUCINATION_T1,
MNCH_CSEC,C-section delivery rate,percentage,MNCH,survey_based,GNB,Guinea-Bissau,WCA,LIC,2004,HALLUCINATION_T1,
MNCH_CSEC,C-section delivery rate,percentage,MNCH,survey_based,GNB,Guinea-Bissau,WCA,LIC,2005,HALLUCINATION_T1,
MNCH_CSEC,C-section delivery rate,percentage,MNCH,survey_based,GNB,Guinea-Bissau,WCA,LIC,2006,HALLUCINATION_T1,
MNCH_CSEC,C-section delivery rate,percentage,MNCH,survey_based,GNB,Guinea-Bissau,WCA,LIC,2007,HALLUCINATION_T1,
MNCH_CSEC,C-section delivery rate,percentage,MNCH,survey_based,GNB,Guinea-Bissau,WCA,LIC,2008,HALLUCINATION_T1,
MNCH_CSEC,C-section delivery rate,percentage,MNCH,survey_based,GNB,Guinea-Bissau,WCA,LIC,2009,HALLUCINATION_T1,
MNCH_CSEC,C-section delivery rate,percentage,MNCH,survey_based,GNB,Guinea-Bissau,WCA,LIC,2010,POSITIVE,2.3
MNCH_CSEC,C-section delivery rate,percentage,MNCH,survey_based,GNB,Guinea-Bissau,WCA,LIC,2011,HALLUCINATION_T1,
MNCH_CSEC,C-section delivery rate,percentage,MNCH,survey_based,GNB,Guinea-Bissau,WCA,LIC,2012,HALLUCINATION_T1,
MNCH_CSEC,C-section delivery rate,percentage,MNCH,survey_based,GNB,Guinea-Bissau,WCA,LIC,2013,HALLUCINATION_T1,
MNCH_CSEC,C-section delivery rate,percentage,MNCH,survey_based,GNB,Guinea-Bissau,WCA,LIC,2014,POSITIVE,3.9
MNCH_CSEC,C-section delivery rate,percentage,MNCH,survey_based,GNB,Guinea-Bissau,WCA,LIC,2015,HALLUCINATION_T1,
MNCH_CSEC,C-section delivery rate,percentage,MNCH,survey_based,GNB,Guinea-Bissau,WCA,LIC,2016,HALLUCINATION_T1,
MNCH_CSEC,C-section delivery rate,percentage,MNCH,survey_based,GNB,Guinea-Bissau,WCA,LIC,2017,HALLUCINATION_T1,
MNCH_CSEC,C-section delivery rate,percentage,MNCH,survey_based,GNB,Guinea-Bissau,WCA,LIC,2018,HALLUCINATION_T1,
MNCH_CSEC,C-section delivery rate,percentage,MNCH,survey_based,GNB,Guinea-Bissau,WCA,LIC,2019,POSITIVE,3.0
MNCH_CSEC,C-section delivery rate,percentage,MNCH,survey_based,GNB,Guinea-Bissau,WCA,LIC,2020,HALLUCINATION_T1,
MNCH_CSEC,C-section delivery rate,percentage,MNCH,survey_based,GNB,Guinea-Bissau,WCA,LIC,2021,HALLUCINATION_T1,
MNCH_CSEC,C-section delivery rate,percentage,MNCH,survey_based,GNB,Guinea-Bissau,WCA,LIC,2022,HALLUCINATION_T1,
MNCH_CSEC,C-section delivery rate,percentage,MNCH,survey_based,GNB,Guinea-Bissau,WCA,LIC,2023,HALLUCINATION_T1,
MNCH_CSEC,C-section delivery rate,percentage,MNCH,survey_based,GNB,Guinea-Bissau,WCA,LIC,2024,HALLUCINATION_T1,
MNCH_CSEC,C-section delivery rate,percentage,MNCH,survey_based,COM,Comoros,ESA,LIC,2000,HALLUCINATION_T1,
MNCH_CSEC,C-section delivery rate,percentage,MNCH,survey_based,COM,Comoros,ESA,LIC,2001,HALLUCINATION_T1,
MNCH_CSEC,C-section delivery rate,percentage,MNCH,survey_based,COM,Comoros,ESA,LIC,2002,HALLUCINATION_T1,
MNCH_CSEC,C-section delivery rate,percentage,MNCH,survey_based,COM,Comoros,ESA,LIC,2003,HALLUCINATION_T1,
MNCH_CSEC,C-section delivery rate,percentage,MNCH,survey_based,COM,Comoros,ESA,LIC,2004,HALLUCINATION_T1,
MNCH_CSEC,C-section delivery rate,percentage,MNCH,survey_based,COM,Comoros,ESA,LIC,2005,HALLUCINATION_T1,
MNCH_CSEC,C-section delivery rate,percentage,MNCH,survey_based,COM,Comoros,ESA,LIC,2006,HALLUCINATION_T1,
MNCH_CSEC,C-section delivery rate,percentage,MNCH,survey_based,COM,Comoros,ESA,LIC,2007,HALLUCINATION_T1,
MNCH_CSEC,C-section delivery rate,percentage,MNCH,survey_based,COM,Comoros,ESA,LIC,2008,HALLUCINATION_T1,
MNCH_CSEC,C-section delivery rate,percentage,MNCH,survey_based,COM,Comoros,ESA,LIC,2009,HALLUCINATION_T1,
MNCH_CSEC,C-section delivery rate,percentage,MNCH,survey_based,COM,Comoros,ESA,LIC,2010,HALLUCINATION_T1,
MNCH_CSEC,C-section delivery rate,percentage,MNCH,survey_based,COM,Comoros,ESA,LIC,2011,HALLUCINATION_T1,
MNCH_CSEC,C-section delivery rate,percentage,MNCH,survey_based,COM,Comoros,ESA,LIC,2012,POSITIVE,9.6
MNCH_CSEC,C-section delivery rate,percentage,MNCH,survey_based,COM,Comoros,ESA,LIC,2013,HALLUCINATION_T1,
MNCH_CSEC,C-section delivery rate,percentage,MNCH,survey_based,COM,Comoros,ESA,LIC,2014,HALLUCINATION_T1,
MNCH_CSEC,C-section delivery rate,percentage,MNCH,survey_based,COM,Comoros,ESA,LIC,2015,HALLUCINATION_T1,
MNCH_CSEC,C-section delivery rate,percentage,MNCH,survey_based,COM,Comoros,ESA,LIC,2016,HALLUCINATION_T1,
MNCH_CSEC,C-section delivery rate,percentage,MNCH,survey_based,COM,Comoros,ESA,LIC,2017,HALLUCINATION_T1,
MNCH_CSEC,C-section delivery rate,percentage,MNCH,survey_based,COM,Comoros,ESA,LIC,2018,HALLUCINATION_T1,
MNCH_CSEC,C-section delivery rate,percentage,MNCH,survey_based,COM,Comoros,ESA,LIC,2019,HALLUCINATION_T1,
MNCH_CSEC,C-section delivery rate,percentage,MNCH,survey_based,COM,Comoros,ESA,LIC,2020,HALLUCINATION_T1,
MNCH_CSEC,C-section delivery rate,percentage,MNCH,survey_based,COM,Comoros,ESA,LIC,2021,HALLUCINATION_T1,
MNCH_CSEC,C-section delivery rate,percentage,MNCH,survey_based,COM,Comoros,ESA,LIC,2022,POSITIVE,18.1
MNCH_CSEC,C-section delivery rate,percentage,MNCH,survey_based,COM,Comoros,ESA,LIC,2023,HALLUCINATION_T1,
MNCH_CSEC,C-section delivery rate,percentage,MNCH,survey_based,COM,Comoros,ESA,LIC,2024,HALLUCINATION_T1,
MNCH_CSEC,C-section delivery rate,percentage,MNCH,survey_based,ZMB,Zambia,ESA,LIC,2000,HALLUCINATION_T1,
MNCH_CSEC,C-section delivery rate,percentage,MNCH,survey_based,ZMB,Zambia,ESA,LIC,2001,HALLUCINATION_T1,
MNCH_CSEC,C-section delivery rate,percentage,MNCH,survey_based,ZMB,Zambia,ESA,LIC,2002,POSITIVE,2.1
MNCH_CSEC,C-section delivery rate,percentage,MNCH,survey_based,ZMB,Zambia,ESA,LIC,2003,HALLUCINATION_T1,
MNCH_CSEC,C-section delivery rate,percentage,MNCH,survey_based,ZMB,Zambia,ESA,LIC,2004,HALLUCINATION_T1,
MNCH_CSEC,C-section delivery rate,percentage,MNCH,survey_based,ZMB,Zambia,ESA,LIC,2005,HALLUCINATION_T1,
MNCH_CSEC,C-section delivery rate,percentage,MNCH,survey_based,ZMB,Zambia,ESA,LIC,2006,HALLUCINATION_T1,
MNCH_CSEC,C-section delivery rate,percentage,MNCH,survey_based,ZMB,Zambia,ESA,LIC,2007,POSITIVE,3.0
MNCH_CSEC,C-section delivery rate,percentage,MNCH,survey_based,ZMB,Zambia,ESA,LIC,2008,HALLUCINATION_T1,
MNCH_CSEC,C-section delivery rate,percentage,MNCH,survey_based,ZMB,Zambia,ESA,LIC,2009,HALLUCINATION_T1,
MNCH_CSEC,C-section delivery rate,percentage,MNCH,survey_based,ZMB,Zambia,ESA,LIC,2010,HALLUCINATION_T1,
MNCH_CSEC,C-section delivery rate,percentage,MNCH,survey_based,ZMB,Zambia,ESA,LIC,2011,HALLUCINATION_T1,
MNCH_CSEC,C-section delivery rate,percentage,MNCH,survey_based,ZMB,Zambia,ESA,LIC,2012,HALLUCINATION_T1,
MNCH_CSEC,C-section delivery rate,percentage,MNCH,survey_based,ZMB,Zambia,ESA,LIC,2013,HALLUCINATION_T1,
MNCH_CSEC,C-section delivery rate,percentage,MNCH,survey_based,ZMB,Zambia,ESA,LIC,2014,POSITIVE,4.4
MNCH_CSEC,C-section delivery rate,percentage,MNCH,survey_based,ZMB,Zambia,ESA,LIC,2015,HALLUCINATION_T1,
MNCH_CSEC,C-section delivery rate,percentage,MNCH,survey_based,ZMB,Zambia,ESA,LIC,2016,HALLUCINATION_T1,
MNCH_CSEC,C-section delivery rate,percentage,MNCH,survey_based,ZMB,Zambia,ESA,LIC,2017,HALLUCINATION_T1,
MNCH_CSEC,C-section delivery rate,percentage,MNCH,survey_based,ZMB,Zambia,ESA,LIC,2018,POSITIVE,6.2
MNCH_CSEC,C-section delivery rate,percentage,MNCH,survey_based,ZMB,Zambia,ESA,LIC,2019,POSITIVE,5.0
MNCH_CSEC,C-section delivery rate,percentage,MNCH,survey_based,ZMB,Zambia,ESA,LIC,2020,HALLUCINATION_T1,
MNCH_CSEC,C-section delivery rate,percentage,MNCH,survey_based,ZMB,Zambia,ESA,LIC,2021,HALLUCINATION_T1,
MNCH_CSEC,C-section delivery rate,percentage,MNCH,survey_based,ZMB,Zambia,ESA,LIC,2022,HALLUCINATION_T1,
MNCH_CSEC,C-section delivery rate,percentage,MNCH,survey_based,ZMB,Zambia,ESA,LIC,2023,HALLUCINATION_T1,
MNCH_CSEC,C-section delivery rate,percentage,MNCH,survey_based,ZMB,Zambia,ESA,LIC,2024,HALLUCINATION_T1,
MNCH_CSEC,C-section delivery rate,percentage,MNCH,survey_based,MAR,Morocco,MNA,LMC,2000,HALLUCINATION_T1,
MNCH_CSEC,C-section delivery rate,percentage,MNCH,survey_based,MAR,Morocco,MNA,LMC,2001,HALLUCINATION_T1,
MNCH_CSEC,C-section delivery rate,percentage,MNCH,survey_based,MAR,Morocco,MNA,LMC,2002,HALLUCINATION_T1,
MNCH_CSEC,C-section delivery rate,percentage,MNCH,survey_based,MAR,Morocco,MNA,LMC,2003,HALLUCINATION_T1,
MNCH_CSEC,C-section delivery rate,percentage,MNCH,survey_based,MAR,Morocco,MNA,LMC,2004,POSITIVE,5.4
MNCH_CSEC,C-section delivery rate,percentage,MNCH,survey_based,MAR,Morocco,MNA,LMC,2005,HALLUCINATION_T1,
MNCH_CSEC,C-section delivery rate,percentage,MNCH,survey_based,MAR,Morocco,MNA,LMC,2006,HALLUCINATION_T1,
MNCH_CSEC,C-section delivery rate,percentage,MNCH,survey_based,MAR,Morocco,MNA,LMC,2007,HALLUCINATION_T1,
MNCH_CSEC,C-section delivery rate,percentage,MNCH,survey_based,MAR,Morocco,MNA,LMC,2008,HALLUCINATION_T1,
MNCH_CSEC,C-section delivery rate,percentage,MNCH,survey_based,MAR,Morocco,MNA,LMC,2009,HALLUCINATION_T1,
MNCH_CSEC,C-section delivery rate,percentage,MNCH,survey_based,MAR,Morocco,MNA,LMC,2010,HALLUCINATION_T1,
MNCH_CSEC,C-section delivery rate,percentage,MNCH,survey_based,MAR,Morocco,MNA,LMC,2011,POSITIVE,16.0
MNCH_CSEC,C-section delivery rate,percentage,MNCH,survey_based,MAR,Morocco,MNA,LMC,2012,HALLUCINATION_T1,
MNCH_CSEC,C-section delivery rate,percentage,MNCH,survey_based,MAR,Morocco,MNA,LMC,2013,HALLUCINATION_T1,
MNCH_CSEC,C-section delivery rate,percentage,MNCH,survey_based,MAR,Morocco,MNA,LMC,2014,HALLUCINATION_T1,
MNCH_CSEC,C-section delivery rate,percentage,MNCH,survey_based,MAR,Morocco,MNA,LMC,2015,HALLUCINATION_T1,
MNCH_CSEC,C-section delivery rate,percentage,MNCH,survey_based,MAR,Morocco,MNA,LMC,2016,HALLUCINATION_T1,
MNCH_CSEC,C-section delivery rate,percentage,MNCH,survey_based,MAR,Morocco,MNA,LMC,2017,HALLUCINATION_T1,
MNCH_CSEC,C-section delivery rate,percentage,MNCH,survey_based,MAR,Morocco,MNA,LMC,2018,POSITIVE,21.2
MNCH_CSEC,C-section delivery rate,percentage,MNCH,survey_based,MAR,Morocco,MNA,LMC,2019,HALLUCINATION_T1,
MNCH_CSEC,C-section delivery rate,percentage,MNCH,survey_based,MAR,Morocco,MNA,LMC,2020,HALLUCINATION_T1,
MNCH_CSEC,C-section delivery rate,percentage,MNCH,survey_based,MAR,Morocco,MNA,LMC,2021,HALLUCINATION_T1,
MNCH_CSEC,C-section delivery rate,percentage,MNCH,survey_based,MAR,Morocco,MNA,LMC,2022,HALLUCINATION_T1,
MNCH_CSEC,C-section delivery rate,percentage,MNCH,survey_based,MAR,Morocco,MNA,LMC,2023,HALLUCINATION_T1,
MNCH_CSEC,C-section delivery rate,percentage,MNCH,survey_based,MAR,Morocco,MNA,LMC,2024,HALLUCINATION_T1,
MNCH_CSEC,C-section delivery rate,percentage,MNCH,survey_based,DZA,Algeria,MNA,LMC,2000,HALLUCINATION_T1,
MNCH_CSEC,C-section delivery rate,percentage,MNCH,survey_based,DZA,Algeria,MNA,LMC,2001,HALLUCINATION_T1,
MNCH_CSEC,C-section delivery rate,percentage,MNCH,survey_based,DZA,Algeria,MNA,LMC,2002,HALLUCINATION_T1,
MNCH_CSEC,C-section delivery rate,percentage,MNCH,survey_based,DZA,Algeria,MNA,LMC,2003,HALLUCINATION_T1,
MNCH_CSEC,C-section delivery rate,percentage,MNCH,survey_based,DZA,Algeria,MNA,LMC,2004,HALLUCINATION_T1,
MNCH_CSEC,C-section delivery rate,percentage,MNCH,survey_based,DZA,Algeria,MNA,LMC,2005,HALLUCINATION_T1,
MNCH_CSEC,C-section delivery rate,percentage,MNCH,survey_based,DZA,Algeria,MNA,LMC,2006,HALLUCINATION_T1,
MNCH_CSEC,C-section delivery rate,percentage,MNCH,survey_based,DZA,Algeria,MNA,LMC,2007,HALLUCINATION_T1,
MNCH_CSEC,C-section delivery rate,percentage,MNCH,survey_based,DZA,Algeria,MNA,LMC,2008,HALLUCINATION_T1,
MNCH_CSEC,C-section delivery rate,percentage,MNCH,survey_based,DZA,Algeria,MNA,LMC,2009,HALLUCINATION_T1,
MNCH_CSEC,C-section delivery rate,percentage,MNCH,survey_based,DZA,Algeria,MNA,LMC,2010,HALLUCINATION_T1,
MNCH_CSEC,C-section delivery rate,percentage,MNCH,survey_based,DZA,Algeria,MNA,LMC,2011,HALLUCINATION_T1,
MNCH_CSEC,C-section delivery rate,percentage,MNCH,survey_based,DZA,Algeria,MNA,LMC,2012,HALLUCINATION_T1,
MNCH_CSEC,C-section delivery rate,percentage,MNCH,survey_based,DZA,Algeria,MNA,LMC,2013,POSITIVE,16.0
MNCH_CSEC,C-section delivery rate,percentage,MNCH,survey_based,DZA,Algeria,MNA,LMC,2014,HALLUCINATION_T1,
MNCH_CSEC,C-section delivery rate,percentage,MNCH,survey_based,DZA,Algeria,MNA,LMC,2015,HALLUCINATION_T1,
MNCH_CSEC,C-section delivery rate,percentage,MNCH,survey_based,DZA,Algeria,MNA,LMC,2016,HALLUCINATION_T1,
MNCH_CSEC,C-section delivery rate,percentage,MNCH,survey_based,DZA,Algeria,MNA,LMC,2017,HALLUCINATION_T1,
MNCH_CSEC,C-section delivery rate,percentage,MNCH,survey_based,DZA,Algeria,MNA,LMC,2018,HALLUCINATION_T1,
MNCH_CSEC,C-section delivery rate,percentage,MNCH,survey_based,DZA,Algeria,MNA,LMC,2019,POSITIVE,24.8
MNCH_CSEC,C-section delivery rate,percentage,MNCH,survey_based,DZA,Algeria,MNA,LMC,2020,HALLUCINATION_T1,
MNCH_CSEC,C-section delivery rate,percentage,MNCH,survey_based,DZA,Algeria,MNA,LMC,2021,HALLUCINATION_T1,
MNCH_CSEC,C-section delivery rate,percentage,MNCH,survey_based,DZA,Algeria,MNA,LMC,2022,HALLUCINATION_T1,
MNCH_CSEC,C-section delivery rate,percentage,MNCH,survey_based,DZA,Algeria,MNA,LMC,2023,HALLUCINATION_T1,
MNCH_CSEC,C-section delivery rate,percentage,MNCH,survey_based,DZA,Algeria,MNA,LMC,2024,HALLUCINATION_T1,
MNCH_CSEC,C-section delivery rate,percentage,MNCH,survey_based,LAO,Laos,EAP,LMC,2000,HALLUCINATION_T1,
MNCH_CSEC,C-section delivery rate,percentage,MNCH,survey_based,LAO,Laos,EAP,LMC,2001,HALLUCINATION_T1,
MNCH_CSEC,C-section delivery rate,percentage,MNCH,survey_based,LAO,Laos,EAP,LMC,2002,HALLUCINATION_T1,
MNCH_CSEC,C-section delivery rate,percentage,MNCH,survey_based,LAO,Laos,EAP,LMC,2003,HALLUCINATION_T1,
MNCH_CSEC,C-section delivery rate,percentage,MNCH,survey_based,LAO,Laos,EAP,LMC,2004,HALLUCINATION_T1,
MNCH_CSEC,C-section delivery rate,percentage,MNCH,survey_based,LAO,Laos,EAP,LMC,2005,HALLUCINATION_T1,
MNCH_CSEC,C-section delivery rate,percentage,MNCH,survey_based,LAO,Laos,EAP,LMC,2006,HALLUCINATION_T1,
MNCH_CSEC,C-section delivery rate,percentage,MNCH,survey_based,LAO,Laos,EAP,LMC,2007,HALLUCINATION_T1,
MNCH_CSEC,C-section delivery rate,percentage,MNCH,survey_based,LAO,Laos,EAP,LMC,2008,HALLUCINATION_T1,
MNCH_CSEC,C-section delivery rate,percentage,MNCH,survey_based,LAO,Laos,EAP,LMC,2009,HALLUCINATION_T1,
MNCH_CSEC,C-section delivery rate,percentage,MNCH,survey_based,LAO,Laos,EAP,LMC,2010,POSITIVE,2.0
MNCH_CSEC,C-section delivery rate,percentage,MNCH,survey_based,LAO,Laos,EAP,LMC,2011,HALLUCINATION_T1,
MNCH_CSEC,C-section delivery rate,percentage,MNCH,survey_based,LAO,Laos,EAP,LMC,2012,POSITIVE,3.7
MNCH_CSEC,C-section delivery rate,percentage,MNCH,survey_based,LAO,Laos,EAP,LMC,2013,HALLUCINATION_T1,
MNCH_CSEC,C-section delivery rate,percentage,MNCH,survey_based,LAO,Laos,EAP,LMC,2014,HALLUCINATION_T1,
MNCH_CSEC,C-section delivery rate,percentage,MNCH,survey_based,LAO,Laos,EAP,LMC,2015,HALLUCINATION_T1,
MNCH_CSEC,C-section delivery rate,percentage,MNCH,survey_based,LAO,Laos,EAP,LMC,2016,HALLUCINATION_T1,
MNCH_CSEC,C-section delivery rate,percentage,MNCH,survey_based,LAO,Laos,EAP,LMC,2017,POSITIVE,5.8
MNCH_CSEC,C-section delivery rate,percentage,MNCH,survey_based,LAO,Laos,EAP,LMC,2018,HALLUCINATION_T1,
MNCH_CSEC,C-section delivery rate,percentage,MNCH,survey_based,LAO,Laos,EAP,LMC,2019,HALLUCINATION_T1,
MNCH_CSEC,C-section delivery rate,percentage,MNCH,survey_based,LAO,Laos,EAP,LMC,2020,HALLUCINATION_T1,
MNCH_CSEC,C-section delivery rate,percentage,MNCH,survey_based,LAO,Laos,EAP,LMC,2021,HALLUCINATION_T1,
MNCH_CSEC,C-section delivery rate,percentage,MNCH,survey_based,LAO,Laos,EAP,LMC,2022,HALLUCINATION_T1,
MNCH_CSEC,C-section delivery rate,percentage,MNCH,survey_based,LAO,Laos,EAP,LMC,2023,POSITIVE,7.4
MNCH_CSEC,C-section delivery rate,percentage,MNCH,survey_based,LAO,Laos,EAP,LMC,2024,HALLUCINATION_T1,
MNCH_CSEC,C-section delivery rate,percentage,MNCH,survey_based,KGZ,Kyrgyzstan,ECA,LMC,2000,HALLUCINATION_T1,
MNCH_CSEC,C-section delivery rate,percentage,MNCH,survey_based,KGZ,Kyrgyzstan,ECA,LMC,2001,HALLUCINATION_T1,
MNCH_CSEC,C-section delivery rate,percentage,MNCH,survey_based,KGZ,Kyrgyzstan,ECA,LMC,2002,HALLUCINATION_T1,
MNCH_CSEC,C-section delivery rate,percentage,MNCH,survey_based,KGZ,Kyrgyzstan,ECA,LMC,2003,HALLUCINATION_T1,
MNCH_CSEC,C-section delivery rate,percentage,MNCH,survey_based,KGZ,Kyrgyzstan,ECA,LMC,2004,HALLUCINATION_T1,
MNCH_CSEC,C-section delivery rate,percentage,MNCH,survey_based,KGZ,Kyrgyzstan,ECA,LMC,2005,HALLUCINATION_T1,
MNCH_CSEC,C-section delivery rate,percentage,MNCH,survey_based,KGZ,Kyrgyzstan,ECA,LMC,2006,HALLUCINATION_T1,
MNCH_CSEC,C-section delivery rate,percentage,MNCH,survey_based,KGZ,Kyrgyzstan,ECA,LMC,2007,HALLUCINATION_T1,
MNCH_CSEC,C-section delivery rate,percentage,MNCH,survey_based,KGZ,Kyrgyzstan,ECA,LMC,2008,HALLUCINATION_T1,
MNCH_CSEC,C-section delivery rate,percentage,MNCH,survey_based,KGZ,Kyrgyzstan,ECA,LMC,2009,HALLUCINATION_T1,
MNCH_CSEC,C-section delivery rate,percentage,MNCH,survey_based,KGZ,Kyrgyzstan,ECA,LMC,2010,HALLUCINATION_T1,
MNCH_CSEC,C-section delivery rate,percentage,MNCH,survey_based,KGZ,Kyrgyzstan,ECA,LMC,2011,HALLUCINATION_T1,
MNCH_CSEC,C-section delivery rate,percentage,MNCH,survey_based,KGZ,Kyrgyzstan,ECA,LMC,2012,POSITIVE,5.8
MNCH_CSEC,C-section delivery rate,percentage,MNCH,survey_based,KGZ,Kyrgyzstan,ECA,LMC,2013,HALLUCINATION_T1,
MNCH_CSEC,C-section delivery rate,percentage,MNCH,survey_based,KGZ,Kyrgyzstan,ECA,LMC,2014,POSITIVE,7.4
MNCH_CSEC,C-section delivery rate,percentage,MNCH,survey_based,KGZ,Kyrgyzstan,ECA,LMC,2015,HALLUCINATION_T1,
MNCH_CSEC,C-section delivery rate,percentage,MNCH,survey_based,KGZ,Kyrgyzstan,ECA,LMC,2016,HALLUCINATION_T1,
MNCH_CSEC,C-section delivery rate,percentage,MNCH,survey_based,KGZ,Kyrgyzstan,ECA,LMC,2017,HALLUCINATION_T1,
MNCH_CSEC,C-section delivery rate,percentage,MNCH,survey_based,KGZ,Kyrgyzstan,ECA,LMC,2018,POSITIVE,8.3
MNCH_CSEC,C-section delivery rate,percentage,MNCH,survey_based,KGZ,Kyrgyzstan,ECA,LMC,2019,HALLUCINATION_T1,
MNCH_CSEC,C-section delivery rate,percentage,MNCH,survey_based,KGZ,Kyrgyzstan,ECA,LMC,2020,HALLUCINATION_T1,
MNCH_CSEC,C-section delivery rate,percentage,MNCH,survey_based,KGZ,Kyrgyzstan,ECA,LMC,2021,HALLUCINATION_T1,
MNCH_CSEC,C-section delivery rate,percentage,MNCH,survey_based,KGZ,Kyrgyzstan,ECA,LMC,2022,HALLUCINATION_T1,
MNCH_CSEC,C-section delivery rate,percentage,MNCH,survey_based,KGZ,Kyrgyzstan,ECA,LMC,2023,POSITIVE,11.3
MNCH_CSEC,C-section delivery rate,percentage,MNCH,survey_based,KGZ,Kyrgyzstan,ECA,LMC,2024,HALLUCINATION_T1,
MNCH_CSEC,C-section delivery rate,percentage,MNCH,survey_based,TJK,Tajikistan,ECA,LMC,2000,HALLUCINATION_T1,
MNCH_CSEC,C-section delivery rate,percentage,MNCH,survey_based,TJK,Tajikistan,ECA,LMC,2001,HALLUCINATION_T1,
MNCH_CSEC,C-section delivery rate,percentage,MNCH,survey_based,TJK,Tajikistan,ECA,LMC,2002,HALLUCINATION_T1,
MNCH_CSEC,C-section delivery rate,percentage,MNCH,survey_based,TJK,Tajikistan,ECA,LMC,2003,HALLUCINATION_T1,
MNCH_CSEC,C-section delivery rate,percentage,MNCH,survey_based,TJK,Tajikistan,ECA,LMC,2004,HALLUCINATION_T1,
MNCH_CSEC,C-section delivery rate,percentage,MNCH,survey_based,TJK,Tajikistan,ECA,LMC,2005,HALLUCINATION_T1,
MNCH_CSEC,C-section delivery rate,percentage,MNCH,survey_based,TJK,Tajikistan,ECA,LMC,2006,HALLUCINATION_T1,
MNCH_CSEC,C-section delivery rate,percentage,MNCH,survey_based,TJK,Tajikistan,ECA,LMC,2007,HALLUCINATION_T1,
MNCH_CSEC,C-section delivery rate,percentage,MNCH,survey_based,TJK,Tajikistan,ECA,LMC,2008,HALLUCINATION_T1,
MNCH_CSEC,C-section delivery rate,percentage,MNCH,survey_based,TJK,Tajikistan,ECA,LMC,2009,HALLUCINATION_T1,
MNCH_CSEC,C-section delivery rate,percentage,MNCH,survey_based,TJK,Tajikistan,ECA,LMC,2010,HALLUCINATION_T1,
MNCH_CSEC,C-section delivery rate,percentage,MNCH,survey_based,TJK,Tajikistan,ECA,LMC,2011,HALLUCINATION_T1,
MNCH_CSEC,C-section delivery rate,percentage,MNCH,survey_based,TJK,Tajikistan,ECA,LMC,2012,POSITIVE,4.0
MNCH_CSEC,C-section delivery rate,percentage,MNCH,survey_based,TJK,Tajikistan,ECA,LMC,2013,HALLUCINATION_T1,
MNCH_CSEC,C-section delivery rate,percentage,MNCH,survey_based,TJK,Tajikistan,ECA,LMC,2014,HALLUCINATION_T1,
MNCH_CSEC,C-section delivery rate,percentage,MNCH,survey_based,TJK,Tajikistan,ECA,LMC,2015,HALLUCINATION_T1,
MNCH_CSEC,C-section delivery rate,percentage,MNCH,survey_based,TJK,Tajikistan,ECA,LMC,2016,HALLUCINATION_T1,
MNCH_CSEC,C-section delivery rate,percentage,MNCH,survey_based,TJK,Tajikistan,ECA,LMC,2017,POSITIVE,5.3
MNCH_CSEC,C-section delivery rate,percentage,MNCH,survey_based,TJK,Tajikistan,ECA,LMC,2018,HALLUCINATION_T1,
MNCH_CSEC,C-section delivery rate,percentage,MNCH,survey_based,TJK,Tajikistan,ECA,LMC,2019,HALLUCINATION_T1,
MNCH_CSEC,C-section delivery rate,percentage,MNCH,survey_based,TJK,Tajikistan,ECA,LMC,2020,HALLUCINATION_T1,
MNCH_CSEC,C-section delivery rate,percentage,MNCH,survey_based,TJK,Tajikistan,ECA,LMC,2021,HALLUCINATION_T1,
MNCH_CSEC,C-section delivery rate,percentage,MNCH,survey_based,TJK,Tajikistan,ECA,LMC,2022,HALLUCINATION_T1,
MNCH_CSEC,C-section delivery rate,percentage,MNCH,survey_based,TJK,Tajikistan,ECA,LMC,2023,POSITIVE,10.4
MNCH_CSEC,C-section delivery rate,percentage,MNCH,survey_based,TJK,Tajikistan,ECA,LMC,2024,HALLUCINATION_T1,
MNCH_CSEC,C-section delivery rate,percentage,MNCH,survey_based,IRN,Iran,MNA,UMC,2000,HALLUCINATION_T1,
MNCH_CSEC,C-section delivery rate,percentage,MNCH,survey_based,IRN,Iran,MNA,UMC,2001,HALLUCINATION_T1,
MNCH_CSEC,C-section delivery rate,percentage,MNCH,survey_based,IRN,Iran,MNA,UMC,2002,HALLUCINATION_T1,
MNCH_CSEC,C-section delivery rate,percentage,MNCH,survey_based,IRN,Iran,MNA,UMC,2003,HALLUCINATION_T1,
MNCH_CSEC,C-section delivery rate,percentage,MNCH,survey_based,IRN,Iran,MNA,UMC,2004,HALLUCINATION_T1,
MNCH_CSEC,C-section delivery rate,percentage,MNCH,survey_based,IRN,Iran,MNA,UMC,2005,POSITIVE,40.4
MNCH_CSEC,C-section delivery rate,percentage,MNCH,survey_based,IRN,Iran,MNA,UMC,2006,HALLUCINATION_T1,
MNCH_CSEC,C-section delivery rate,percentage,MNCH,survey_based,IRN,Iran,MNA,UMC,2007,HALLUCINATION_T1,
MNCH_CSEC,C-section delivery rate,percentage,MNCH,survey_based,IRN,Iran,MNA,UMC,2008,HALLUCINATION_T1,
MNCH_CSEC,C-section delivery rate,percentage,MNCH,survey_based,IRN,Iran,MNA,UMC,2009,HALLUCINATION_T1,
MNCH_CSEC,C-section delivery rate,percentage,MNCH,survey_based,IRN,Iran,MNA,UMC,2010,POSITIVE,54.5
MNCH_CSEC,C-section delivery rate,percentage,MNCH,survey_based,IRN,Iran,MNA,UMC,2011,HALLUCINATION_T1,
MNCH_CSEC,C-section delivery rate,percentage,MNCH,survey_based,IRN,Iran,MNA,UMC,2012,HALLUCINATION_T1,
MNCH_CSEC,C-section delivery rate,percentage,MNCH,survey_based,IRN,Iran,MNA,UMC,2013,HALLUCINATION_T1,
MNCH_CSEC,C-section delivery rate,percentage,MNCH,survey_based,IRN,Iran,MNA,UMC,2014,HALLUCINATION_T1,
MNCH_CSEC,C-section delivery rate,percentage,MNCH,survey_based,IRN,Iran,MNA,UMC,2015,HALLUCINATION_T1,
MNCH_CSEC,C-section delivery rate,percentage,MNCH,survey_based,IRN,Iran,MNA,UMC,2016,POSITIVE,50.1
MNCH_CSEC,C-section delivery rate,percentage,MNCH,survey_based,IRN,Iran,MNA,UMC,2017,HALLUCINATION_T1,
MNCH_CSEC,C-section delivery rate,percentage,MNCH,survey_based,IRN,Iran,MNA,UMC,2018,HALLUCINATION_T1,
MNCH_CSEC,C-section delivery rate,percentage,MNCH,survey_based,IRN,Iran,MNA,UMC,2019,HALLUCINATION_T1,
MNCH_CSEC,C-section delivery rate,percentage,MNCH,survey_based,IRN,Iran,MNA,UMC,2020,HALLUCINATION_T1,
MNCH_CSEC,C-section delivery rate,percentage,MNCH,survey_based,IRN,Iran,MNA,UMC,2021,HALLUCINATION_T1,
MNCH_CSEC,C-section delivery rate,percentage,MNCH,survey_based,IRN,Iran,MNA,UMC,2022,HALLUCINATION_T1,
MNCH_CSEC,C-section delivery rate,percentage,MNCH,survey_based,IRN,Iran,MNA,UMC,2023,HALLUCINATION_T1,
MNCH_CSEC,C-section delivery rate,percentage,MNCH,survey_based,IRN,Iran,MNA,UMC,2024,HALLUCINATION_T1,
MNCH_CSEC,C-section delivery rate,percentage,MNCH,survey_based,AZE,Azerbaijan,ECA,UMC,2000,HALLUCINATION_T1,
MNCH_CSEC,C-section delivery rate,percentage,MNCH,survey_based,AZE,Azerbaijan,ECA,UMC,2001,POSITIVE,2.6
MNCH_CSEC,C-section delivery rate,percentage,MNCH,survey_based,AZE,Azerbaijan,ECA,UMC,2002,HALLUCINATION_T1,
MNCH_CSEC,C-section delivery rate,percentage,MNCH,survey_based,AZE,Azerbaijan,ECA,UMC,2003,HALLUCINATION_T1,
MNCH_CSEC,C-section delivery rate,percentage,MNCH,survey_based,AZE,Azerbaijan,ECA,UMC,2004,HALLUCINATION_T1,
MNCH_CSEC,C-section delivery rate,percentage,MNCH,survey_based,AZE,Azerbaijan,ECA,UMC,2005,HALLUCINATION_T1,
MNCH_CSEC,C-section delivery rate,percentage,MNCH,survey_based,AZE,Azerbaijan,ECA,UMC,2006,POSITIVE,4.7
MNCH_CSEC,C-section delivery rate,percentage,MNCH,survey_based,AZE,Azerbaijan,ECA,UMC,2007,HALLUCINATION_T1,
MNCH_CSEC,C-section delivery rate,percentage,MNCH,survey_based,AZE,Azerbaijan,ECA,UMC,2008,HALLUCINATION_T1,
MNCH_CSEC,C-section delivery rate,percentage,MNCH,survey_based,AZE,Azerbaijan,ECA,UMC,2009,HALLUCINATION_T1,
MNCH_CSEC,C-section delivery rate,percentage,MNCH,survey_based,AZE,Azerbaijan,ECA,UMC,2010,HALLUCINATION_T1,
MNCH_CSEC,C-section delivery rate,percentage,MNCH,survey_based,AZE,Azerbaijan,ECA,UMC,2011,POSITIVE,20.0
MNCH_CSEC,C-section delivery rate,percentage,MNCH,survey_based,AZE,Azerbaijan,ECA,UMC,2012,HALLUCINATION_T1,
MNCH_CSEC,C-section delivery rate,percentage,MNCH,survey_based,AZE,Azerbaijan,ECA,UMC,2013,POSITIVE,26.0
MNCH_CSEC,C-section delivery rate,percentage,MNCH,survey_based,AZE,Azerbaijan,ECA,UMC,2014,HALLUCINATION_T1,
MNCH_CSEC,C-section delivery rate,percentage,MNCH,survey_based,AZE,Azerbaijan,ECA,UMC,2015,HALLUCINATION_T1,
MNCH_CSEC,C-section delivery rate,percentage,MNCH,survey_based,AZE,Azerbaijan,ECA,UMC,2016,HALLUCINATION_T1,
MNCH_CSEC,C-section delivery rate,percentage,MNCH,survey_based,AZE,Azerbaijan,ECA,UMC,2017,HALLUCINATION_T1,
MNCH_CSEC,C-section delivery rate,percentage,MNCH,survey_based,AZE,Azerbaijan,ECA,UMC,2018,HALLUCINATION_T1,
MNCH_CSEC,C-section delivery rate,percentage,MNCH,survey_based,AZE,Azerbaijan,ECA,UMC,2019,HALLUCINATION_T1,
MNCH_CSEC,C-section delivery rate,percentage,MNCH,survey_based,AZE,Azerbaijan,ECA,UMC,2020,HALLUCINATION_T1,
MNCH_CSEC,C-section delivery rate,percentage,MNCH,survey_based,AZE,Azerbaijan,ECA,UMC,2021,HALLUCINATION_T1,
MNCH_CSEC,C-section delivery rate,percentage,MNCH,survey_based,AZE,Azerbaijan,ECA,UMC,2022,HALLUCINATION_T1,
MNCH_CSEC,C-section delivery rate,percentage,MNCH,survey_based,AZE,Azerbaijan,ECA,UMC,2023,POSITIVE,47.1
MNCH_CSEC,C-section delivery rate,percentage,MNCH,survey_based,AZE,Azerbaijan,ECA,UMC,2024,HALLUCINATION_T1,
MNCH_CSEC,C-section delivery rate,percentage,MNCH,survey_based,GEO,Georgia,ECA,UMC,2000,POSITIVE,6.4
MNCH_CSEC,C-section delivery rate,percentage,MNCH,survey_based,GEO,Georgia,ECA,UMC,2001,HALLUCINATION_T1,
MNCH_CSEC,C-section delivery rate,percentage,MNCH,survey_based,GEO,Georgia,ECA,UMC,2002,HALLUCINATION_T1,
MNCH_CSEC,C-section delivery rate,percentage,MNCH,survey_based,GEO,Georgia,ECA,UMC,2003,HALLUCINATION_T1,
MNCH_CSEC,C-section delivery rate,percentage,MNCH,survey_based,GEO,Georgia,ECA,UMC,2004,HALLUCINATION_T1,
MNCH_CSEC,C-section delivery rate,percentage,MNCH,survey_based,GEO,Georgia,ECA,UMC,2005,POSITIVE,13.0
MNCH_CSEC,C-section delivery rate,percentage,MNCH,survey_based,GEO,Georgia,ECA,UMC,2006,HALLUCINATION_T1,
MNCH_CSEC,C-section delivery rate,percentage,MNCH,survey_based,GEO,Georgia,ECA,UMC,2007,HALLUCINATION_T1,
MNCH_CSEC,C-section delivery rate,percentage,MNCH,survey_based,GEO,Georgia,ECA,UMC,2008,HALLUCINATION_T1,
MNCH_CSEC,C-section delivery rate,percentage,MNCH,survey_based,GEO,Georgia,ECA,UMC,2009,POSITIVE,28.7
MNCH_CSEC,C-section delivery rate,percentage,MNCH,survey_based,GEO,Georgia,ECA,UMC,2010,POSITIVE,23.9
MNCH_CSEC,C-section delivery rate,percentage,MNCH,survey_based,GEO,Georgia,ECA,UMC,2011,POSITIVE,35.1
MNCH_CSEC,C-section delivery rate,percentage,MNCH,survey_based,GEO,Georgia,ECA,UMC,2012,HALLUCINATION_T1,
MNCH_CSEC,C-section delivery rate,percentage,MNCH,survey_based,GEO,Georgia,ECA,UMC,2013,POSITIVE,37.3
MNCH_CSEC,C-section delivery rate,percentage,MNCH,survey_based,GEO,Georgia,ECA,UMC,2014,POSITIVE,39.0
MNCH_CSEC,C-section delivery rate,percentage,MNCH,survey_based,GEO,Georgia,ECA,UMC,2015,POSITIVE,41.4
MNCH_CSEC,C-section delivery rate,percentage,MNCH,survey_based,GEO,Georgia,ECA,UMC,2016,HALLUCINATION_T1,
MNCH_CSEC,C-section delivery rate,percentage,MNCH,survey_based,GEO,Georgia,ECA,UMC,2017,POSITIVE,44.7
MNCH_CSEC,C-section delivery rate,percentage,MNCH,survey_based,GEO,Georgia,ECA,UMC,2018,POSITIVE,46.6
MNCH_CSEC,C-section delivery rate,percentage,MNCH,survey_based,GEO,Georgia,ECA,UMC,2019,POSITIVE,39.9
MNCH_CSEC,C-section delivery rate,percentage,MNCH,survey_based,GEO,Georgia,ECA,UMC,2020,POSITIVE,40.6
MNCH_CSEC,C-section delivery rate,percentage,MNCH,survey_based,GEO,Georgia,ECA,UMC,2021,HALLUCINATION_T1,
MNCH_CSEC,C-section delivery rate,percentage,MNCH,survey_based,GEO,Georgia,ECA,UMC,2022,HALLUCINATION_T1,
MNCH_CSEC,C-section delivery rate,percentage,MNCH,survey_based,GEO,Georgia,ECA,UMC,2023,HALLUCINATION_T1,
MNCH_CSEC,C-section delivery rate,percentage,MNCH,survey_based,GEO,Georgia,ECA,UMC,2024,HALLUCINATION_T1,
MNCH_CSEC,C-section delivery rate,percentage,MNCH,survey_based,ALB,Albania,ECA,UMC,2000,HALLUCINATION_T1,
MNCH_CSEC,C-section delivery rate,percentage,MNCH,survey_based,ALB,Albania,ECA,UMC,2001,HALLUCINATION_T1,
MNCH_CSEC,C-section delivery rate,percentage,MNCH,survey_based,ALB,Albania,ECA,UMC,2002,POSITIVE,13.4
MNCH_CSEC,C-section delivery rate,percentage,MNCH,survey_based,ALB,Albania,ECA,UMC,2003,HALLUCINATION_T1,
MNCH_CSEC,C-section delivery rate,percentage,MNCH,survey_based,ALB,Albania,ECA,UMC,2004,HALLUCINATION_T1,
MNCH_CSEC,C-section delivery rate,percentage,MNCH,survey_based,ALB,Albania,ECA,UMC,2005,HALLUCINATION_T1,
MNCH_CSEC,C-section delivery rate,percentage,MNCH,survey_based,ALB,Albania,ECA,UMC,2006,HALLUCINATION_T1,
MNCH_CSEC,C-section delivery rate,percentage,MNCH,survey_based,ALB,Albania,ECA,UMC,2007,HALLUCINATION_T1,
MNCH_CSEC,C-section delivery rate,percentage,MNCH,survey_based,ALB,Albania,ECA,UMC,2008,HALLUCINATION_T1,
MNCH_CSEC,C-section delivery rate,percentage,MNCH,survey_based,ALB,Albania,ECA,UMC,2009,POSITIVE,18.7
MNCH_CSEC,C-section delivery rate,percentage,MNCH,survey_based,ALB,Albania,ECA,UMC,2010,HALLUCINATION_T1,
MNCH_CSEC,C-section delivery rate,percentage,MNCH,survey_based,ALB,Albania,ECA,UMC,2011,HALLUCINATION_T1,
MNCH_CSEC,C-section delivery rate,percentage,MNCH,survey_based,ALB,Albania,ECA,UMC,2012,HALLUCINATION_T1,
MNCH_CSEC,C-section delivery rate,percentage,MNCH,survey_based,ALB,Albania,ECA,UMC,2013,HALLUCINATION_T1,
MNCH_CSEC,C-section delivery rate,percentage,MNCH,survey_based,ALB,Albania,ECA,UMC,2014,HALLUCINATION_T1,
MNCH_CSEC,C-section delivery rate,percentage,MNCH,survey_based,ALB,Albania,ECA,UMC,2015,HALLUCINATION_T1,
MNCH_CSEC,C-section delivery rate,percentage,MNCH,survey_based,ALB,Albania,ECA,UMC,2016,HALLUCINATION_T1,
MNCH_CSEC,C-section delivery rate,percentage,MNCH,survey_based,ALB,Albania,ECA,UMC,2017,HALLUCINATION_T1,
MNCH_CSEC,C-section delivery rate,percentage,MNCH,survey_based,ALB,Albania,ECA,UMC,2018,POSITIVE,31.0
MNCH_CSEC,C-section delivery rate,percentage,MNCH,survey_based,ALB,Albania,ECA,UMC,2019,HALLUCINATION_T1,
MNCH_CSEC,C-section delivery rate,percentage,MNCH,survey_based,ALB,Albania,ECA,UMC,2020,HALLUCINATION_T1,
MNCH_CSEC,C-section delivery rate,percentage,MNCH,survey_based,ALB,Albania,ECA,UMC,2021,HALLUCINATION_T1,
MNCH_CSEC,C-section delivery rate,percentage,MNCH,survey_based,ALB,Albania,ECA,UMC,2022,HALLUCINATION_T1,
MNCH_CSEC,C-section delivery rate,percentage,MNCH,survey_based,ALB,Albania,ECA,UMC,2023,HALLUCINATION_T1,
MNCH_CSEC,C-section delivery rate,percentage,MNCH,survey_based,ALB,Albania,ECA,UMC,2024,HALLUCINATION_T1,
MNCH_CSEC,C-section delivery rate,percentage,MNCH,survey_based,BLR,Belarus,ECA,UMC,2000,HALLUCINATION_T1,
MNCH_CSEC,C-section delivery rate,percentage,MNCH,survey_based,BLR,Belarus,ECA,UMC,2001,POSITIVE,16.3
MNCH_CSEC,C-section delivery rate,percentage,MNCH,survey_based,BLR,Belarus,ECA,UMC,2002,HALLUCINATION_T1,
MNCH_CSEC,C-section delivery rate,percentage,MNCH,survey_based,BLR,Belarus,ECA,UMC,2003,HALLUCINATION_T1,
MNCH_CSEC,C-section delivery rate,percentage,MNCH,survey_based,BLR,Belarus,ECA,UMC,2004,HALLUCINATION_T1,
MNCH_CSEC,C-section delivery rate,percentage,MNCH,survey_based,BLR,Belarus,ECA,UMC,2005,HALLUCINATION_T1,
MNCH_CSEC,C-section delivery rate,percentage,MNCH,survey_based,BLR,Belarus,ECA,UMC,2006,HALLUCINATION_T1,
MNCH_CSEC,C-section delivery rate,percentage,MNCH,survey_based,BLR,Belarus,ECA,UMC,2007,HALLUCINATION_T1,
MNCH_CSEC,C-section delivery rate,percentage,MNCH,survey_based,BLR,Belarus,ECA,UMC,2008,HALLUCINATION_T1,
MNCH_CSEC,C-section delivery rate,percentage,MNCH,survey_based,BLR,Belarus,ECA,UMC,2009,POSITIVE,22.3
MNCH_CSEC,C-section delivery rate,percentage,MNCH,survey_based,BLR,Belarus,ECA,UMC,2010,HALLUCINATION_T1,
MNCH_CSEC,C-section delivery rate,percentage,MNCH,survey_based,BLR,Belarus,ECA,UMC,2011,HALLUCINATION_T1,
MNCH_CSEC,C-section delivery rate,percentage,MNCH,survey_based,BLR,Belarus,ECA,UMC,2012,POSITIVE,25.3
MNCH_CSEC,C-section delivery rate,percentage,MNCH,survey_based,BLR,Belarus,ECA,UMC,2013,HALLUCINATION_T1,
MNCH_CSEC,C-section delivery rate,percentage,MNCH,survey_based,BLR,Belarus,ECA,UMC,2014,HALLUCINATION_T1,
MNCH_CSEC,C-section delivery rate,percentage,MNCH,survey_based,BLR,Belarus,ECA,UMC,2015,HALLUCINATION_T1,
MNCH_CSEC,C-section delivery rate,percentage,MNCH,survey_based,BLR,Belarus,ECA,UMC,2016,HALLUCINATION_T1,
MNCH_CSEC,C-section delivery rate,percentage,MNCH,survey_based,BLR,Belarus,ECA,UMC,2017,HALLUCINATION_T1,
MNCH_CSEC,C-section delivery rate,percentage,MNCH,survey_based,BLR,Belarus,ECA,UMC,2018,HALLUCINATION_T1,
MNCH_CSEC,C-section delivery rate,percentage,MNCH,survey_based,BLR,Belarus,ECA,UMC,2019,POSITIVE,31.2
MNCH_CSEC,C-section delivery rate,percentage,MNCH,survey_based,BLR,Belarus,ECA,UMC,2020,HALLUCINATION_T1,
MNCH_CSEC,C-section delivery rate,percentage,MNCH,survey_based,BLR,Belarus,ECA,UMC,2021,HALLUCINATION_T1,
MNCH_CSEC,C-section delivery rate,percentage,MNCH,survey_based,BLR,Belarus,ECA,UMC,2022,HALLUCINATION_T1,
MNCH_CSEC,C-section delivery rate,percentage,MNCH,survey_based,BLR,Belarus,ECA,UMC,2023,HALLUCINATION_T1,
MNCH_CSEC,C-section delivery rate,percentage,MNCH,survey_based,BLR,Belarus,ECA,UMC,2024,HALLUCINATION_T1,
MNCH_CSEC,C-section delivery rate,percentage,MNCH,survey_based,KWT,Kuwait,MNA,HIC,2000,HALLUCINATION_T2,
MNCH_CSEC,C-section delivery rate,percentage,MNCH,survey_based,KWT,Kuwait,MNA,HIC,2001,HALLUCINATION_T2,
MNCH_CSEC,C-section delivery rate,percentage,MNCH,survey_based,KWT,Kuwait,MNA,HIC,2002,HALLUCINATION_T2,
MNCH_CSEC,C-section delivery rate,percentage,MNCH,survey_based,KWT,Kuwait,MNA,HIC,2003,HALLUCINATION_T2,
MNCH_CSEC,C-section delivery rate,percentage,MNCH,survey_based,KWT,Kuwait,MNA,HIC,2004,HALLUCINATION_T2,
MNCH_CSEC,C-section delivery rate,percentage,MNCH,survey_based,KWT,Kuwait,MNA,HIC,2005,HALLUCINATION_T2,
MNCH_CSEC,C-section delivery rate,percentage,MNCH,survey_based,KWT,Kuwait,MNA,HIC,2006,HALLUCINATION_T2,
MNCH_CSEC,C-section delivery rate,percentage,MNCH,survey_based,KWT,Kuwait,MNA,HIC,2007,HALLUCINATION_T2,
MNCH_CSEC,C-section delivery rate,percentage,MNCH,survey_based,KWT,Kuwait,MNA,HIC,2008,HALLUCINATION_T2,
MNCH_CSEC,C-section delivery rate,percentage,MNCH,survey_based,KWT,Kuwait,MNA,HIC,2009,HALLUCINATION_T2,
MNCH_CSEC,C-section delivery rate,percentage,MNCH,survey_based,KWT,Kuwait,MNA,HIC,2010,HALLUCINATION_T2,
MNCH_CSEC,C-section delivery rate,percentage,MNCH,survey_based,KWT,Kuwait,MNA,HIC,2011,HALLUCINATION_T2,
MNCH_CSEC,C-section delivery rate,percentage,MNCH,survey_based,KWT,Kuwait,MNA,HIC,2012,HALLUCINATION_T2,
MNCH_CSEC,C-section delivery rate,percentage,MNCH,survey_based,KWT,Kuwait,MNA,HIC,2013,HALLUCINATION_T2,
MNCH_CSEC,C-section delivery rate,percentage,MNCH,survey_based,KWT,Kuwait,MNA,HIC,2014,HALLUCINATION_T2,
MNCH_CSEC,C-section delivery rate,percentage,MNCH,survey_based,KWT,Kuwait,MNA,HIC,2015,HALLUCINATION_T2,
MNCH_CSEC,C-section delivery rate,percentage,MNCH,survey_based,KWT,Kuwait,MNA,HIC,2016,HALLUCINATION_T2,
MNCH_CSEC,C-section delivery rate,percentage,MNCH,survey_based,KWT,Kuwait,MNA,HIC,2017,HALLUCINATION_T2,
MNCH_CSEC,C-section delivery rate,percentage,MNCH,survey_based,KWT,Kuwait,MNA,HIC,2018,HALLUCINATION_T2,
MNCH_CSEC,C-section delivery rate,percentage,MNCH,survey_based,KWT,Kuwait,MNA,HIC,2019,HALLUCINATION_T2,
MNCH_CSEC,C-section delivery rate,percentage,MNCH,survey_based,KWT,Kuwait,MNA,HIC,2020,HALLUCINATION_T2,
MNCH_CSEC,C-section delivery rate,percentage,MNCH,survey_based,KWT,Kuwait,MNA,HIC,2021,HALLUCINATION_T2,
MNCH_CSEC,C-section delivery rate,percentage,MNCH,survey_based,KWT,Kuwait,MNA,HIC,2022,HALLUCINATION_T2,
MNCH_CSEC,C-section delivery rate,percentage,MNCH,survey_based,KWT,Kuwait,MNA,HIC,2023,HALLUCINATION_T2,
MNCH_CSEC,C-section delivery rate,percentage,MNCH,survey_based,KWT,Kuwait,MNA,HIC,2024,HALLUCINATION_T2,
MNCH_CSEC,C-section delivery rate,percentage,MNCH,survey_based,BHR,Bahrain,MNA,HIC,2000,HALLUCINATION_T2,
MNCH_CSEC,C-section delivery rate,percentage,MNCH,survey_based,BHR,Bahrain,MNA,HIC,2001,HALLUCINATION_T2,
MNCH_CSEC,C-section delivery rate,percentage,MNCH,survey_based,BHR,Bahrain,MNA,HIC,2002,HALLUCINATION_T2,
MNCH_CSEC,C-section delivery rate,percentage,MNCH,survey_based,BHR,Bahrain,MNA,HIC,2003,HALLUCINATION_T2,
MNCH_CSEC,C-section delivery rate,percentage,MNCH,survey_based,BHR,Bahrain,MNA,HIC,2004,HALLUCINATION_T2,
MNCH_CSEC,C-section delivery rate,percentage,MNCH,survey_based,BHR,Bahrain,MNA,HIC,2005,HALLUCINATION_T2,
MNCH_CSEC,C-section delivery rate,percentage,MNCH,survey_based,BHR,Bahrain,MNA,HIC,2006,HALLUCINATION_T2,
MNCH_CSEC,C-section delivery rate,percentage,MNCH,survey_based,BHR,Bahrain,MNA,HIC,2007,HALLUCINATION_T2,
MNCH_CSEC,C-section delivery rate,percentage,MNCH,survey_based,BHR,Bahrain,MNA,HIC,2008,HALLUCINATION_T2,
MNCH_CSEC,C-section delivery rate,percentage,MNCH,survey_based,BHR,Bahrain,MNA,HIC,2009,HALLUCINATION_T2,
MNCH_CSEC,C-section delivery rate,percentage,MNCH,survey_based,BHR,Bahrain,MNA,HIC,2010,HALLUCINATION_T2,
MNCH_CSEC,C-section delivery rate,percentage,MNCH,survey_based,BHR,Bahrain,MNA,HIC,2011,HALLUCINATION_T2,
MNCH_CSEC,C-section delivery rate,percentage,MNCH,survey_based,BHR,Bahrain,MNA,HIC,2012,HALLUCINATION_T2,
MNCH_CSEC,C-section delivery rate,percentage,MNCH,survey_based,BHR,Bahrain,MNA,HIC,2013,HALLUCINATION_T2,
MNCH_CSEC,C-section delivery rate,percentage,MNCH,survey_based,BHR,Bahrain,MNA,HIC,2014,HALLUCINATION_T2,
MNCH_CSEC,C-section delivery rate,percentage,MNCH,survey_based,BHR,Bahrain,MNA,HIC,2015,HALLUCINATION_T2,
MNCH_CSEC,C-section delivery rate,percentage,MNCH,survey_based,BHR,Bahrain,MNA,HIC,2016,HALLUCINATION_T2,
MNCH_CSEC,C-section delivery rate,percentage,MNCH,survey_based,BHR,Bahrain,MNA,HIC,2017,HALLUCINATION_T2,
MNCH_CSEC,C-section delivery rate,percentage,MNCH,survey_based,BHR,Bahrain,MNA,HIC,2018,HALLUCINATION_T2,
MNCH_CSEC,C-section delivery rate,percentage,MNCH,survey_based,BHR,Bahrain,MNA,HIC,2019,HALLUCINATION_T2,
MNCH_CSEC,C-section delivery rate,percentage,MNCH,survey_based,BHR,Bahrain,MNA,HIC,2020,HALLUCINATION_T2,
MNCH_CSEC,C-section delivery rate,percentage,MNCH,survey_based,BHR,Bahrain,MNA,HIC,2021,HALLUCINATION_T2,
MNCH_CSEC,C-section delivery rate,percentage,MNCH,survey_based,BHR,Bahrain,MNA,HIC,2022,HALLUCINATION_T2,
MNCH_CSEC,C-section delivery rate,percentage,MNCH,survey_based,BHR,Bahrain,MNA,HIC,2023,HALLUCINATION_T2,
MNCH_CSEC,C-section delivery rate,percentage,MNCH,survey_based,BHR,Bahrain,MNA,HIC,2024,HALLUCINATION_T2,
MNCH_CSEC,C-section delivery rate,percentage,MNCH,survey_based,OMN,Oman,MNA,HIC,2000,HALLUCINATION_T1,
MNCH_CSEC,C-section delivery rate,percentage,MNCH,survey_based,OMN,Oman,MNA,HIC,2001,HALLUCINATION_T1,
MNCH_CSEC,C-section delivery rate,percentage,MNCH,survey_based,OMN,Oman,MNA,HIC,2002,HALLUCINATION_T1,
MNCH_CSEC,C-section delivery rate,percentage,MNCH,survey_based,OMN,Oman,MNA,HIC,2003,HALLUCINATION_T1,
MNCH_CSEC,C-section delivery rate,percentage,MNCH,survey_based,OMN,Oman,MNA,HIC,2004,HALLUCINATION_T1,
MNCH_CSEC,C-section delivery rate,percentage,MNCH,survey_based,OMN,Oman,MNA,HIC,2005,HALLUCINATION_T1,
MNCH_CSEC,C-section delivery rate,percentage,MNCH,survey_based,OMN,Oman,MNA,HIC,2006,HALLUCINATION_T1,
MNCH_CSEC,C-section delivery rate,percentage,MNCH,survey_based,OMN,Oman,MNA,HIC,2007,POSITIVE,14.1
MNCH_CSEC,C-section delivery rate,percentage,MNCH,survey_based,OMN,Oman,MNA,HIC,2008,HALLUCINATION_T1,
MNCH_CSEC,C-section delivery rate,percentage,MNCH,survey_based,OMN,Oman,MNA,HIC,2009,HALLUCINATION_T1,
MNCH_CSEC,C-section delivery rate,percentage,MNCH,survey_based,OMN,Oman,MNA,HIC,2010,HALLUCINATION_T1,
MNCH_CSEC,C-section delivery rate,percentage,MNCH,survey_based,OMN,Oman,MNA,HIC,2011,HALLUCINATION_T1,
MNCH_CSEC,C-section delivery rate,percentage,MNCH,survey_based,OMN,Oman,MNA,HIC,2012,HALLUCINATION_T1,
MNCH_CSEC,C-section delivery rate,percentage,MNCH,survey_based,OMN,Oman,MNA,HIC,2013,HALLUCINATION_T1,
MNCH_CSEC,C-section delivery rate,percentage,MNCH,survey_based,OMN,Oman,MNA,HIC,2014,POSITIVE,19.4
MNCH_CSEC,C-section delivery rate,percentage,MNCH,survey_based,OMN,Oman,MNA,HIC,2015,HALLUCINATION_T1,
MNCH_CSEC,C-section delivery rate,percentage,MNCH,survey_based,OMN,Oman,MNA,HIC,2016,HALLUCINATION_T1,
MNCH_CSEC,C-section delivery rate,percentage,MNCH,survey_based,OMN,Oman,MNA,HIC,2017,HALLUCINATION_T1,
MNCH_CSEC,C-section delivery rate,percentage,MNCH,survey_based,OMN,Oman,MNA,HIC,2018,HALLUCINATION_T1,
MNCH_CSEC,C-section delivery rate,percentage,MNCH,survey_based,OMN,Oman,MNA,HIC,2019,HALLUCINATION_T1,
MNCH_CSEC,C-section delivery rate,percentage,MNCH,survey_based,OMN,Oman,MNA,HIC,2020,HALLUCINATION_T1,
MNCH_CSEC,C-section delivery rate,percentage,MNCH,survey_based,OMN,Oman,MNA,HIC,2021,HALLUCINATION_T1,
MNCH_CSEC,C-section delivery rate,percentage,MNCH,survey_based,OMN,Oman,MNA,HIC,2022,HALLUCINATION_T1,
MNCH_CSEC,C-section delivery rate,percentage,MNCH,survey_based,OMN,Oman,MNA,HIC,2023,HALLUCINATION_T1,
MNCH_CSEC,C-section delivery rate,percentage,MNCH,survey_based,OMN,Oman,MNA,HIC,2024,HALLUCINATION_T1,
MNCH_CSEC,C-section delivery rate,percentage,MNCH,survey_based,CYP,Cyprus,ECA,HIC,2000,HALLUCINATION_T2,
MNCH_CSEC,C-section delivery rate,percentage,MNCH,survey_based,CYP,Cyprus,ECA,HIC,2001,HALLUCINATION_T2,
MNCH_CSEC,C-section delivery rate,percentage,MNCH,survey_based,CYP,Cyprus,ECA,HIC,2002,HALLUCINATION_T2,
MNCH_CSEC,C-section delivery rate,percentage,MNCH,survey_based,CYP,Cyprus,ECA,HIC,2003,HALLUCINATION_T2,
MNCH_CSEC,C-section delivery rate,percentage,MNCH,survey_based,CYP,Cyprus,ECA,HIC,2004,HALLUCINATION_T2,
MNCH_CSEC,C-section delivery rate,percentage,MNCH,survey_based,CYP,Cyprus,ECA,HIC,2005,HALLUCINATION_T2,
MNCH_CSEC,C-section delivery rate,percentage,MNCH,survey_based,CYP,Cyprus,ECA,HIC,2006,HALLUCINATION_T2,
MNCH_CSEC,C-section delivery rate,percentage,MNCH,survey_based,CYP,Cyprus,ECA,HIC,2007,HALLUCINATION_T2,
MNCH_CSEC,C-section delivery rate,percentage,MNCH,survey_based,CYP,Cyprus,ECA,HIC,2008,HALLUCINATION_T2,
MNCH_CSEC,C-section delivery rate,percentage,MNCH,survey_based,CYP,Cyprus,ECA,HIC,2009,HALLUCINATION_T2,
MNCH_CSEC,C-section delivery rate,percentage,MNCH,survey_based,CYP,Cyprus,ECA,HIC,2010,HALLUCINATION_T2,
MNCH_CSEC,C-section delivery rate,percentage,MNCH,survey_based,CYP,Cyprus,ECA,HIC,2011,HALLUCINATION_T2,
MNCH_CSEC,C-section delivery rate,percentage,MNCH,survey_based,CYP,Cyprus,ECA,HIC,2012,HALLUCINATION_T2,
MNCH_CSEC,C-section delivery rate,percentage,MNCH,survey_based,CYP,Cyprus,ECA,HIC,2013,HALLUCINATION_T2,
MNCH_CSEC,C-section delivery rate,percentage,MNCH,survey_based,CYP,Cyprus,ECA,HIC,2014,HALLUCINATION_T2,
MNCH_CSEC,C-section delivery rate,percentage,MNCH,survey_based,CYP,Cyprus,ECA,HIC,2015,HALLUCINATION_T2,
MNCH_CSEC,C-section delivery rate,percentage,MNCH,survey_based,CYP,Cyprus,ECA,HIC,2016,HALLUCINATION_T2,
MNCH_CSEC,C-section delivery rate,percentage,MNCH,survey_based,CYP,Cyprus,ECA,HIC,2017,HALLUCINATION_T2,
MNCH_CSEC,C-section delivery rate,percentage,MNCH,survey_based,CYP,Cyprus,ECA,HIC,2018,HALLUCINATION_T2,
MNCH_CSEC,C-section delivery rate,percentage,MNCH,survey_based,CYP,Cyprus,ECA,HIC,2019,HALLUCINATION_T2,
MNCH_CSEC,C-section delivery rate,percentage,MNCH,survey_based,CYP,Cyprus,ECA,HIC,2020,HALLUCINATION_T2,
MNCH_CSEC,C-section delivery rate,percentage,MNCH,survey_based,CYP,Cyprus,ECA,HIC,2021,HALLUCINATION_T2,
MNCH_CSEC,C-section delivery rate,percentage,MNCH,survey_based,CYP,Cyprus,ECA,HIC,2022,HALLUCINATION_T2,
MNCH_CSEC,C-section delivery rate,percentage,MNCH,survey_based,CYP,Cyprus,ECA,HIC,2023,HALLUCINATION_T2,
MNCH_CSEC,C-section delivery rate,percentage,MNCH,survey_based,CYP,Cyprus,ECA,HIC,2024,HALLUCINATION_T2,
MNCH_CSEC,C-section delivery rate,percentage,MNCH,survey_based,MLT,Malta,ECA,HIC,2000,POSITIVE,23.1
MNCH_CSEC,C-section delivery rate,percentage,MNCH,survey_based,MLT,Malta,ECA,HIC,2001,POSITIVE,23.6
MNCH_CSEC,C-section delivery rate,percentage,MNCH,survey_based,MLT,Malta,ECA,HIC,2002,POSITIVE,23.6
MNCH_CSEC,C-section delivery rate,percentage,MNCH,survey_based,MLT,Malta,ECA,HIC,2003,POSITIVE,26.0
MNCH_CSEC,C-section delivery rate,percentage,MNCH,survey_based,MLT,Malta,ECA,HIC,2004,POSITIVE,27.3
MNCH_CSEC,C-section delivery rate,percentage,MNCH,survey_based,MLT,Malta,ECA,HIC,2005,POSITIVE,30.6
MNCH_CSEC,C-section delivery rate,percentage,MNCH,survey_based,MLT,Malta,ECA,HIC,2006,POSITIVE,34.8
MNCH_CSEC,C-section delivery rate,percentage,MNCH,survey_based,MLT,Malta,ECA,HIC,2007,POSITIVE,32.3
MNCH_CSEC,C-section delivery rate,percentage,MNCH,survey_based,MLT,Malta,ECA,HIC,2008,POSITIVE,30.4
MNCH_CSEC,C-section delivery rate,percentage,MNCH,survey_based,MLT,Malta,ECA,HIC,2009,POSITIVE,29.0
MNCH_CSEC,C-section delivery rate,percentage,MNCH,survey_based,MLT,Malta,ECA,HIC,2010,POSITIVE,31.7
MNCH_CSEC,C-section delivery rate,percentage,MNCH,survey_based,MLT,Malta,ECA,HIC,2011,POSITIVE,34.0
MNCH_CSEC,C-section delivery rate,percentage,MNCH,survey_based,MLT,Malta,ECA,HIC,2012,POSITIVE,33.7
MNCH_CSEC,C-section delivery rate,percentage,MNCH,survey_based,MLT,Malta,ECA,HIC,2013,POSITIVE,31.2
MNCH_CSEC,C-section delivery rate,percentage,MNCH,survey_based,MLT,Malta,ECA,HIC,2014,POSITIVE,32.0
MNCH_CSEC,C-section delivery rate,percentage,MNCH,survey_based,MLT,Malta,ECA,HIC,2015,POSITIVE,31.0
MNCH_CSEC,C-section delivery rate,percentage,MNCH,survey_based,MLT,Malta,ECA,HIC,2016,POSITIVE,30.7
MNCH_CSEC,C-section delivery rate,percentage,MNCH,survey_based,MLT,Malta,ECA,HIC,2017,POSITIVE,30.9
MNCH_CSEC,C-section delivery rate,percentage,MNCH,survey_based,MLT,Malta,ECA,HIC,2018,POSITIVE,31.6
MNCH_CSEC,C-section delivery rate,percentage,MNCH,survey_based,MLT,Malta,ECA,HIC,2019,POSITIVE,30.9
MNCH_CSEC,C-section delivery rate,percentage,MNCH,survey_based,MLT,Malta,ECA,HIC,2020,POSITIVE,31.2
MNCH_CSEC,C-section delivery rate,percentage,MNCH,survey_based,MLT,Malta,ECA,HIC,2021,HALLUCINATION_T1,
MNCH_CSEC,C-section delivery rate,percentage,MNCH,survey_based,MLT,Malta,ECA,HIC,2022,HALLUCINATION_T1,
MNCH_CSEC,C-section delivery rate,percentage,MNCH,survey_based,MLT,Malta,ECA,HIC,2023,HALLUCINATION_T1,
MNCH_CSEC,C-section delivery rate,percentage,MNCH,survey_based,MLT,Malta,ECA,HIC,2024,HALLUCINATION_T1,
MNCH_BIRTH18,Births to women under 18,percentage,MNCH,survey_based,YEM,Yemen,MNA,LIC,2000,HALLUCINATION_T1,
MNCH_BIRTH18,Births to women under 18,percentage,MNCH,survey_based,YEM,Yemen,MNA,LIC,2001,HALLUCINATION_T1,
MNCH_BIRTH18,Births to women under 18,percentage,MNCH,survey_based,YEM,Yemen,MNA,LIC,2002,HALLUCINATION_T1,
MNCH_BIRTH18,Births to women under 18,percentage,MNCH,survey_based,YEM,Yemen,MNA,LIC,2003,HALLUCINATION_T1,
MNCH_BIRTH18,Births to women under 18,percentage,MNCH,survey_based,YEM,Yemen,MNA,LIC,2004,HALLUCINATION_T1,
MNCH_BIRTH18,Births to women under 18,percentage,MNCH,survey_based,YEM,Yemen,MNA,LIC,2005,HALLUCINATION_T1,
MNCH_BIRTH18,Births to women under 18,percentage,MNCH,survey_based,YEM,Yemen,MNA,LIC,2006,HALLUCINATION_T1,
MNCH_BIRTH18,Births to women under 18,percentage,MNCH,survey_based,YEM,Yemen,MNA,LIC,2007,HALLUCINATION_T1,
MNCH_BIRTH18,Births to women under 18,percentage,MNCH,survey_based,YEM,Yemen,MNA,LIC,2008,HALLUCINATION_T1,
MNCH_BIRTH18,Births to women under 18,percentage,MNCH,survey_based,YEM,Yemen,MNA,LIC,2009,HALLUCINATION_T1,
MNCH_BIRTH18,Births to women under 18,percentage,MNCH,survey_based,YEM,Yemen,MNA,LIC,2010,HALLUCINATION_T1,
MNCH_BIRTH18,Births to women under 18,percentage,MNCH,survey_based,YEM,Yemen,MNA,LIC,2011,HALLUCINATION_T1,
MNCH_BIRTH18,Births to women under 18,percentage,MNCH,survey_based,YEM,Yemen,MNA,LIC,2012,HALLUCINATION_T1,
MNCH_BIRTH18,Births to women under 18,percentage,MNCH,survey_based,YEM,Yemen,MNA,LIC,2013,POSITIVE,16.9
MNCH_BIRTH18,Births to women under 18,percentage,MNCH,survey_based,YEM,Yemen,MNA,LIC,2014,HALLUCINATION_T1,
MNCH_BIRTH18,Births to women under 18,percentage,MNCH,survey_based,YEM,Yemen,MNA,LIC,2015,HALLUCINATION_T1,
MNCH_BIRTH18,Births to women under 18,percentage,MNCH,survey_based,YEM,Yemen,MNA,LIC,2016,HALLUCINATION_T1,
MNCH_BIRTH18,Births to women under 18,percentage,MNCH,survey_based,YEM,Yemen,MNA,LIC,2017,HALLUCINATION_T1,
MNCH_BIRTH18,Births to women under 18,percentage,MNCH,survey_based,YEM,Yemen,MNA,LIC,2018,HALLUCINATION_T1,
MNCH_BIRTH18,Births to women under 18,percentage,MNCH,survey_based,YEM,Yemen,MNA,LIC,2019,HALLUCINATION_T1,
MNCH_BIRTH18,Births to women under 18,percentage,MNCH,survey_based,YEM,Yemen,MNA,LIC,2020,HALLUCINATION_T1,
MNCH_BIRTH18,Births to women under 18,percentage,MNCH,survey_based,YEM,Yemen,MNA,LIC,2021,HALLUCINATION_T1,
MNCH_BIRTH18,Births to women under 18,percentage,MNCH,survey_based,YEM,Yemen,MNA,LIC,2022,HALLUCINATION_T1,
MNCH_BIRTH18,Births to women under 18,percentage,MNCH,survey_based,YEM,Yemen,MNA,LIC,2023,POSITIVE,14.5
MNCH_BIRTH18,Births to women under 18,percentage,MNCH,survey_based,YEM,Yemen,MNA,LIC,2024,HALLUCINATION_T1,
MNCH_BIRTH18,Births to women under 18,percentage,MNCH,survey_based,CAF,Central African Republic,WCA,LIC,2000,HALLUCINATION_T1,
MNCH_BIRTH18,Births to women under 18,percentage,MNCH,survey_based,CAF,Central African Republic,WCA,LIC,2001,HALLUCINATION_T1,
MNCH_BIRTH18,Births to women under 18,percentage,MNCH,survey_based,CAF,Central African Republic,WCA,LIC,2002,HALLUCINATION_T1,
MNCH_BIRTH18,Births to women under 18,percentage,MNCH,survey_based,CAF,Central African Republic,WCA,LIC,2003,HALLUCINATION_T1,
MNCH_BIRTH18,Births to women under 18,percentage,MNCH,survey_based,CAF,Central African Republic,WCA,LIC,2004,HALLUCINATION_T1,
MNCH_BIRTH18,Births to women under 18,percentage,MNCH,survey_based,CAF,Central African Republic,WCA,LIC,2005,HALLUCINATION_T1,
MNCH_BIRTH18,Births to women under 18,percentage,MNCH,survey_based,CAF,Central African Republic,WCA,LIC,2006,POSITIVE,33.5
MNCH_BIRTH18,Births to women under 18,percentage,MNCH,survey_based,CAF,Central African Republic,WCA,LIC,2007,HALLUCINATION_T1,
MNCH_BIRTH18,Births to women under 18,percentage,MNCH,survey_based,CAF,Central African Republic,WCA,LIC,2008,HALLUCINATION_T1,
MNCH_BIRTH18,Births to women under 18,percentage,MNCH,survey_based,CAF,Central African Republic,WCA,LIC,2009,HALLUCINATION_T1,
MNCH_BIRTH18,Births to women under 18,percentage,MNCH,survey_based,CAF,Central African Republic,WCA,LIC,2010,POSITIVE,45.3
MNCH_BIRTH18,Births to women under 18,percentage,MNCH,survey_based,CAF,Central African Republic,WCA,LIC,2011,HALLUCINATION_T1,
MNCH_BIRTH18,Births to women under 18,percentage,MNCH,survey_based,CAF,Central African Republic,WCA,LIC,2012,HALLUCINATION_T1,
MNCH_BIRTH18,Births to women under 18,percentage,MNCH,survey_based,CAF,Central African Republic,WCA,LIC,2013,HALLUCINATION_T1,
MNCH_BIRTH18,Births to women under 18,percentage,MNCH,survey_based,CAF,Central African Republic,WCA,LIC,2014,HALLUCINATION_T1,
MNCH_BIRTH18,Births to women under 18,percentage,MNCH,survey_based,CAF,Central African Republic,WCA,LIC,2015,HALLUCINATION_T1,
MNCH_BIRTH18,Births to women under 18,percentage,MNCH,survey_based,CAF,Central African Republic,WCA,LIC,2016,HALLUCINATION_T1,
MNCH_BIRTH18,Births to women under 18,percentage,MNCH,survey_based,CAF,Central African Republic,WCA,LIC,2017,HALLUCINATION_T1,
MNCH_BIRTH18,Births to women under 18,percentage,MNCH,survey_based,CAF,Central African Republic,WCA,LIC,2018,HALLUCINATION_T1,
MNCH_BIRTH18,Births to women under 18,percentage,MNCH,survey_based,CAF,Central African Republic,WCA,LIC,2019,POSITIVE,42.8
MNCH_BIRTH18,Births to women under 18,percentage,MNCH,survey_based,CAF,Central African Republic,WCA,LIC,2020,HALLUCINATION_T1,
MNCH_BIRTH18,Births to women under 18,percentage,MNCH,survey_based,CAF,Central African Republic,WCA,LIC,2021,HALLUCINATION_T1,
MNCH_BIRTH18,Births to women under 18,percentage,MNCH,survey_based,CAF,Central African Republic,WCA,LIC,2022,HALLUCINATION_T1,
MNCH_BIRTH18,Births to women under 18,percentage,MNCH,survey_based,CAF,Central African Republic,WCA,LIC,2023,HALLUCINATION_T1,
MNCH_BIRTH18,Births to women under 18,percentage,MNCH,survey_based,CAF,Central African Republic,WCA,LIC,2024,HALLUCINATION_T1,
MNCH_BIRTH18,Births to women under 18,percentage,MNCH,survey_based,GNB,Guinea-Bissau,WCA,LIC,2000,HALLUCINATION_T1,
MNCH_BIRTH18,Births to women under 18,percentage,MNCH,survey_based,GNB,Guinea-Bissau,WCA,LIC,2001,HALLUCINATION_T1,
MNCH_BIRTH18,Births to women under 18,percentage,MNCH,survey_based,GNB,Guinea-Bissau,WCA,LIC,2002,HALLUCINATION_T1,
MNCH_BIRTH18,Births to women under 18,percentage,MNCH,survey_based,GNB,Guinea-Bissau,WCA,LIC,2003,HALLUCINATION_T1,
MNCH_BIRTH18,Births to women under 18,percentage,MNCH,survey_based,GNB,Guinea-Bissau,WCA,LIC,2004,HALLUCINATION_T1,
MNCH_BIRTH18,Births to women under 18,percentage,MNCH,survey_based,GNB,Guinea-Bissau,WCA,LIC,2005,HALLUCINATION_T1,
MNCH_BIRTH18,Births to women under 18,percentage,MNCH,survey_based,GNB,Guinea-Bissau,WCA,LIC,2006,POSITIVE,30.9
MNCH_BIRTH18,Births to women under 18,percentage,MNCH,survey_based,GNB,Guinea-Bissau,WCA,LIC,2007,HALLUCINATION_T1,
MNCH_BIRTH18,Births to women under 18,percentage,MNCH,survey_based,GNB,Guinea-Bissau,WCA,LIC,2008,HALLUCINATION_T1,
MNCH_BIRTH18,Births to women under 18,percentage,MNCH,survey_based,GNB,Guinea-Bissau,WCA,LIC,2009,HALLUCINATION_T1,
MNCH_BIRTH18,Births to women under 18,percentage,MNCH,survey_based,GNB,Guinea-Bissau,WCA,LIC,2010,POSITIVE,33.0
MNCH_BIRTH18,Births to women under 18,percentage,MNCH,survey_based,GNB,Guinea-Bissau,WCA,LIC,2011,HALLUCINATION_T1,
MNCH_BIRTH18,Births to women under 18,percentage,MNCH,survey_based,GNB,Guinea-Bissau,WCA,LIC,2012,HALLUCINATION_T1,
MNCH_BIRTH18,Births to women under 18,percentage,MNCH,survey_based,GNB,Guinea-Bissau,WCA,LIC,2013,HALLUCINATION_T1,
MNCH_BIRTH18,Births to women under 18,percentage,MNCH,survey_based,GNB,Guinea-Bissau,WCA,LIC,2014,POSITIVE,28.3
MNCH_BIRTH18,Births to women under 18,percentage,MNCH,survey_based,GNB,Guinea-Bissau,WCA,LIC,2015,HALLUCINATION_T1,
MNCH_BIRTH18,Births to women under 18,percentage,MNCH,survey_based,GNB,Guinea-Bissau,WCA,LIC,2016,HALLUCINATION_T1,
MNCH_BIRTH18,Births to women under 18,percentage,MNCH,survey_based,GNB,Guinea-Bissau,WCA,LIC,2017,HALLUCINATION_T1,
MNCH_BIRTH18,Births to women under 18,percentage,MNCH,survey_based,GNB,Guinea-Bissau,WCA,LIC,2018,HALLUCINATION_T1,
MNCH_BIRTH18,Births to women under 18,percentage,MNCH,survey_based,GNB,Guinea-Bissau,WCA,LIC,2019,POSITIVE,27.0
MNCH_BIRTH18,Births to women under 18,percentage,MNCH,survey_based,GNB,Guinea-Bissau,WCA,LIC,2020,HALLUCINATION_T1,
MNCH_BIRTH18,Births to women under 18,percentage,MNCH,survey_based,GNB,Guinea-Bissau,WCA,LIC,2021,HALLUCINATION_T1,
MNCH_BIRTH18,Births to women under 18,percentage,MNCH,survey_based,GNB,Guinea-Bissau,WCA,LIC,2022,HALLUCINATION_T1,
MNCH_BIRTH18,Births to women under 18,percentage,MNCH,survey_based,GNB,Guinea-Bissau,WCA,LIC,2023,HALLUCINATION_T1,
MNCH_BIRTH18,Births to women under 18,percentage,MNCH,survey_based,GNB,Guinea-Bissau,WCA,LIC,2024,HALLUCINATION_T1,
MNCH_BIRTH18,Births to women under 18,percentage,MNCH,survey_based,COM,Comoros,ESA,LIC,2000,HALLUCINATION_T1,
MNCH_BIRTH18,Births to women under 18,percentage,MNCH,survey_based,COM,Comoros,ESA,LIC,2001,HALLUCINATION_T1,
MNCH_BIRTH18,Births to women under 18,percentage,MNCH,survey_based,COM,Comoros,ESA,LIC,2002,HALLUCINATION_T1,
MNCH_BIRTH18,Births to women under 18,percentage,MNCH,survey_based,COM,Comoros,ESA,LIC,2003,HALLUCINATION_T1,
MNCH_BIRTH18,Births to women under 18,percentage,MNCH,survey_based,COM,Comoros,ESA,LIC,2004,HALLUCINATION_T1,
MNCH_BIRTH18,Births to women under 18,percentage,MNCH,survey_based,COM,Comoros,ESA,LIC,2005,HALLUCINATION_T1,
MNCH_BIRTH18,Births to women under 18,percentage,MNCH,survey_based,COM,Comoros,ESA,LIC,2006,HALLUCINATION_T1,
MNCH_BIRTH18,Births to women under 18,percentage,MNCH,survey_based,COM,Comoros,ESA,LIC,2007,HALLUCINATION_T1,
MNCH_BIRTH18,Births to women under 18,percentage,MNCH,survey_based,COM,Comoros,ESA,LIC,2008,HALLUCINATION_T1,
MNCH_BIRTH18,Births to women under 18,percentage,MNCH,survey_based,COM,Comoros,ESA,LIC,2009,HALLUCINATION_T1,
MNCH_BIRTH18,Births to women under 18,percentage,MNCH,survey_based,COM,Comoros,ESA,LIC,2010,HALLUCINATION_T1,
MNCH_BIRTH18,Births to women under 18,percentage,MNCH,survey_based,COM,Comoros,ESA,LIC,2011,HALLUCINATION_T1,
MNCH_BIRTH18,Births to women under 18,percentage,MNCH,survey_based,COM,Comoros,ESA,LIC,2012,POSITIVE,17.1
MNCH_BIRTH18,Births to women under 18,percentage,MNCH,survey_based,COM,Comoros,ESA,LIC,2013,HALLUCINATION_T1,
MNCH_BIRTH18,Births to women under 18,percentage,MNCH,survey_based,COM,Comoros,ESA,LIC,2014,HALLUCINATION_T1,
MNCH_BIRTH18,Births to women under 18,percentage,MNCH,survey_based,COM,Comoros,ESA,LIC,2015,HALLUCINATION_T1,
MNCH_BIRTH18,Births to women under 18,percentage,MNCH,survey_based,COM,Comoros,ESA,LIC,2016,HALLUCINATION_T1,
MNCH_BIRTH18,Births to women under 18,percentage,MNCH,survey_based,COM,Comoros,ESA,LIC,2017,HALLUCINATION_T1,
MNCH_BIRTH18,Births to women under 18,percentage,MNCH,survey_based,COM,Comoros,ESA,LIC,2018,HALLUCINATION_T1,
MNCH_BIRTH18,Births to women under 18,percentage,MNCH,survey_based,COM,Comoros,ESA,LIC,2019,HALLUCINATION_T1,
MNCH_BIRTH18,Births to women under 18,percentage,MNCH,survey_based,COM,Comoros,ESA,LIC,2020,HALLUCINATION_T1,
MNCH_BIRTH18,Births to women under 18,percentage,MNCH,survey_based,COM,Comoros,ESA,LIC,2021,HALLUCINATION_T1,
MNCH_BIRTH18,Births to women under 18,percentage,MNCH,survey_based,COM,Comoros,ESA,LIC,2022,POSITIVE,13.4
MNCH_BIRTH18,Births to women under 18,percentage,MNCH,survey_based,COM,Comoros,ESA,LIC,2023,HALLUCINATION_T1,
MNCH_BIRTH18,Births to women under 18,percentage,MNCH,survey_based,COM,Comoros,ESA,LIC,2024,HALLUCINATION_T1,
MNCH_BIRTH18,Births to women under 18,percentage,MNCH,survey_based,ZMB,Zambia,ESA,LIC,2000,HALLUCINATION_T1,
MNCH_BIRTH18,Births to women under 18,percentage,MNCH,survey_based,ZMB,Zambia,ESA,LIC,2001,HALLUCINATION_T1,
MNCH_BIRTH18,Births to women under 18,percentage,MNCH,survey_based,ZMB,Zambia,ESA,LIC,2002,POSITIVE,34.6
MNCH_BIRTH18,Births to women under 18,percentage,MNCH,survey_based,ZMB,Zambia,ESA,LIC,2003,HALLUCINATION_T1,
MNCH_BIRTH18,Births to women under 18,percentage,MNCH,survey_based,ZMB,Zambia,ESA,LIC,2004,HALLUCINATION_T1,
MNCH_BIRTH18,Births to women under 18,percentage,MNCH,survey_based,ZMB,Zambia,ESA,LIC,2005,HALLUCINATION_T1,
MNCH_BIRTH18,Births to women under 18,percentage,MNCH,survey_based,ZMB,Zambia,ESA,LIC,2006,HALLUCINATION_T1,
MNCH_BIRTH18,Births to women under 18,percentage,MNCH,survey_based,ZMB,Zambia,ESA,LIC,2007,POSITIVE,33.6
MNCH_BIRTH18,Births to women under 18,percentage,MNCH,survey_based,ZMB,Zambia,ESA,LIC,2008,HALLUCINATION_T1,
MNCH_BIRTH18,Births to women under 18,percentage,MNCH,survey_based,ZMB,Zambia,ESA,LIC,2009,HALLUCINATION_T1,
MNCH_BIRTH18,Births to women under 18,percentage,MNCH,survey_based,ZMB,Zambia,ESA,LIC,2010,HALLUCINATION_T1,
MNCH_BIRTH18,Births to women under 18,percentage,MNCH,survey_based,ZMB,Zambia,ESA,LIC,2011,HALLUCINATION_T1,
MNCH_BIRTH18,Births to women under 18,percentage,MNCH,survey_based,ZMB,Zambia,ESA,LIC,2012,HALLUCINATION_T1,
MNCH_BIRTH18,Births to women under 18,percentage,MNCH,survey_based,ZMB,Zambia,ESA,LIC,2013,HALLUCINATION_T1,
MNCH_BIRTH18,Births to women under 18,percentage,MNCH,survey_based,ZMB,Zambia,ESA,LIC,2014,POSITIVE,30.7
MNCH_BIRTH18,Births to women under 18,percentage,MNCH,survey_based,ZMB,Zambia,ESA,LIC,2015,HALLUCINATION_T1,
MNCH_BIRTH18,Births to women under 18,percentage,MNCH,survey_based,ZMB,Zambia,ESA,LIC,2016,HALLUCINATION_T1,
MNCH_BIRTH18,Births to women under 18,percentage,MNCH,survey_based,ZMB,Zambia,ESA,LIC,2017,HALLUCINATION_T1,
MNCH_BIRTH18,Births to women under 18,percentage,MNCH,survey_based,ZMB,Zambia,ESA,LIC,2018,POSITIVE,30.9
MNCH_BIRTH18,Births to women under 18,percentage,MNCH,survey_based,ZMB,Zambia,ESA,LIC,2019,POSITIVE,30.9
MNCH_BIRTH18,Births to women under 18,percentage,MNCH,survey_based,ZMB,Zambia,ESA,LIC,2020,HALLUCINATION_T1,
MNCH_BIRTH18,Births to women under 18,percentage,MNCH,survey_based,ZMB,Zambia,ESA,LIC,2021,HALLUCINATION_T1,
MNCH_BIRTH18,Births to women under 18,percentage,MNCH,survey_based,ZMB,Zambia,ESA,LIC,2022,HALLUCINATION_T1,
MNCH_BIRTH18,Births to women under 18,percentage,MNCH,survey_based,ZMB,Zambia,ESA,LIC,2023,HALLUCINATION_T1,
MNCH_BIRTH18,Births to women under 18,percentage,MNCH,survey_based,ZMB,Zambia,ESA,LIC,2024,HALLUCINATION_T1,
MNCH_BIRTH18,Births to women under 18,percentage,MNCH,survey_based,MAR,Morocco,MNA,LMC,2000,HALLUCINATION_T1,
MNCH_BIRTH18,Births to women under 18,percentage,MNCH,survey_based,MAR,Morocco,MNA,LMC,2001,HALLUCINATION_T1,
MNCH_BIRTH18,Births to women under 18,percentage,MNCH,survey_based,MAR,Morocco,MNA,LMC,2002,HALLUCINATION_T1,
MNCH_BIRTH18,Births to women under 18,percentage,MNCH,survey_based,MAR,Morocco,MNA,LMC,2003,HALLUCINATION_T1,
MNCH_BIRTH18,Births to women under 18,percentage,MNCH,survey_based,MAR,Morocco,MNA,LMC,2004,POSITIVE,7.5
MNCH_BIRTH18,Births to women under 18,percentage,MNCH,survey_based,MAR,Morocco,MNA,LMC,2005,HALLUCINATION_T1,
MNCH_BIRTH18,Births to women under 18,percentage,MNCH,survey_based,MAR,Morocco,MNA,LMC,2006,HALLUCINATION_T1,
MNCH_BIRTH18,Births to women under 18,percentage,MNCH,survey_based,MAR,Morocco,MNA,LMC,2007,HALLUCINATION_T1,
MNCH_BIRTH18,Births to women under 18,percentage,MNCH,survey_based,MAR,Morocco,MNA,LMC,2008,HALLUCINATION_T1,
MNCH_BIRTH18,Births to women under 18,percentage,MNCH,survey_based,MAR,Morocco,MNA,LMC,2009,HALLUCINATION_T1,
MNCH_BIRTH18,Births to women under 18,percentage,MNCH,survey_based,MAR,Morocco,MNA,LMC,2010,HALLUCINATION_T1,
MNCH_BIRTH18,Births to women under 18,percentage,MNCH,survey_based,MAR,Morocco,MNA,LMC,2011,HALLUCINATION_T1,
MNCH_BIRTH18,Births to women under 18,percentage,MNCH,survey_based,MAR,Morocco,MNA,LMC,2012,HALLUCINATION_T1,
MNCH_BIRTH18,Births to women under 18,percentage,MNCH,survey_based,MAR,Morocco,MNA,LMC,2013,HALLUCINATION_T1,
MNCH_BIRTH18,Births to women under 18,percentage,MNCH,survey_based,MAR,Morocco,MNA,LMC,2014,HALLUCINATION_T1,
MNCH_BIRTH18,Births to women under 18,percentage,MNCH,survey_based,MAR,Morocco,MNA,LMC,2015,HALLUCINATION_T1,
MNCH_BIRTH18,Births to women under 18,percentage,MNCH,survey_based,MAR,Morocco,MNA,LMC,2016,HALLUCINATION_T1,
MNCH_BIRTH18,Births to women under 18,percentage,MNCH,survey_based,MAR,Morocco,MNA,LMC,2017,HALLUCINATION_T1,
MNCH_BIRTH18,Births to women under 18,percentage,MNCH,survey_based,MAR,Morocco,MNA,LMC,2018,HALLUCINATION_T1,
MNCH_BIRTH18,Births to women under 18,percentage,MNCH,survey_based,MAR,Morocco,MNA,LMC,2019,HALLUCINATION_T1,
MNCH_BIRTH18,Births to women under 18,percentage,MNCH,survey_based,MAR,Morocco,MNA,LMC,2020,HALLUCINATION_T1,
MNCH_BIRTH18,Births to women under 18,percentage,MNCH,survey_based,MAR,Morocco,MNA,LMC,2021,HALLUCINATION_T1,
MNCH_BIRTH18,Births to women under 18,percentage,MNCH,survey_based,MAR,Morocco,MNA,LMC,2022,HALLUCINATION_T1,
MNCH_BIRTH18,Births to women under 18,percentage,MNCH,survey_based,MAR,Morocco,MNA,LMC,2023,HALLUCINATION_T1,
MNCH_BIRTH18,Births to women under 18,percentage,MNCH,survey_based,MAR,Morocco,MNA,LMC,2024,HALLUCINATION_T1,
MNCH_BIRTH18,Births to women under 18,percentage,MNCH,survey_based,DZA,Algeria,MNA,LMC,2000,HALLUCINATION_T1,
MNCH_BIRTH18,Births to women under 18,percentage,MNCH,survey_based,DZA,Algeria,MNA,LMC,2001,HALLUCINATION_T1,
MNCH_BIRTH18,Births to women under 18,percentage,MNCH,survey_based,DZA,Algeria,MNA,LMC,2002,HALLUCINATION_T1,
MNCH_BIRTH18,Births to women under 18,percentage,MNCH,survey_based,DZA,Algeria,MNA,LMC,2003,HALLUCINATION_T1,
MNCH_BIRTH18,Births to women under 18,percentage,MNCH,survey_based,DZA,Algeria,MNA,LMC,2004,HALLUCINATION_T1,
MNCH_BIRTH18,Births to women under 18,percentage,MNCH,survey_based,DZA,Algeria,MNA,LMC,2005,HALLUCINATION_T1,
MNCH_BIRTH18,Births to women under 18,percentage,MNCH,survey_based,DZA,Algeria,MNA,LMC,2006,HALLUCINATION_T1,
MNCH_BIRTH18,Births to women under 18,percentage,MNCH,survey_based,DZA,Algeria,MNA,LMC,2007,HALLUCINATION_T1,
MNCH_BIRTH18,Births to women under 18,percentage,MNCH,survey_based,DZA,Algeria,MNA,LMC,2008,HALLUCINATION_T1,
MNCH_BIRTH18,Births to women under 18,percentage,MNCH,survey_based,DZA,Algeria,MNA,LMC,2009,HALLUCINATION_T1,
MNCH_BIRTH18,Births to women under 18,percentage,MNCH,survey_based,DZA,Algeria,MNA,LMC,2010,HALLUCINATION_T1,
MNCH_BIRTH18,Births to women under 18,percentage,MNCH,survey_based,DZA,Algeria,MNA,LMC,2011,HALLUCINATION_T1,
MNCH_BIRTH18,Births to women under 18,percentage,MNCH,survey_based,DZA,Algeria,MNA,LMC,2012,HALLUCINATION_T1,
MNCH_BIRTH18,Births to women under 18,percentage,MNCH,survey_based,DZA,Algeria,MNA,LMC,2013,POSITIVE,0.8
MNCH_BIRTH18,Births to women under 18,percentage,MNCH,survey_based,DZA,Algeria,MNA,LMC,2014,HALLUCINATION_T1,
MNCH_BIRTH18,Births to women under 18,percentage,MNCH,survey_based,DZA,Algeria,MNA,LMC,2015,HALLUCINATION_T1,
MNCH_BIRTH18,Births to women under 18,percentage,MNCH,survey_based,DZA,Algeria,MNA,LMC,2016,HALLUCINATION_T1,
MNCH_BIRTH18,Births to women under 18,percentage,MNCH,survey_based,DZA,Algeria,MNA,LMC,2017,HALLUCINATION_T1,
MNCH_BIRTH18,Births to women under 18,percentage,MNCH,survey_based,DZA,Algeria,MNA,LMC,2018,HALLUCINATION_T1,
MNCH_BIRTH18,Births to women under 18,percentage,MNCH,survey_based,DZA,Algeria,MNA,LMC,2019,POSITIVE,1.1
MNCH_BIRTH18,Births to women under 18,percentage,MNCH,survey_based,DZA,Algeria,MNA,LMC,2020,HALLUCINATION_T1,
MNCH_BIRTH18,Births to women under 18,percentage,MNCH,survey_based,DZA,Algeria,MNA,LMC,2021,HALLUCINATION_T1,
MNCH_BIRTH18,Births to women under 18,percentage,MNCH,survey_based,DZA,Algeria,MNA,LMC,2022,HALLUCINATION_T1,
MNCH_BIRTH18,Births to women under 18,percentage,MNCH,survey_based,DZA,Algeria,MNA,LMC,2023,HALLUCINATION_T1,
MNCH_BIRTH18,Births to women under 18,percentage,MNCH,survey_based,DZA,Algeria,MNA,LMC,2024,HALLUCINATION_T1,
MNCH_BIRTH18,Births to women under 18,percentage,MNCH,survey_based,LAO,Laos,EAP,LMC,2000,HALLUCINATION_T1,
MNCH_BIRTH18,Births to women under 18,percentage,MNCH,survey_based,LAO,Laos,EAP,LMC,2001,HALLUCINATION_T1,
MNCH_BIRTH18,Births to women under 18,percentage,MNCH,survey_based,LAO,Laos,EAP,LMC,2002,HALLUCINATION_T1,
MNCH_BIRTH18,Births to women under 18,percentage,MNCH,survey_based,LAO,Laos,EAP,LMC,2003,HALLUCINATION_T1,
MNCH_BIRTH18,Births to women under 18,percentage,MNCH,survey_based,LAO,Laos,EAP,LMC,2004,HALLUCINATION_T1,
MNCH_BIRTH18,Births to women under 18,percentage,MNCH,survey_based,LAO,Laos,EAP,LMC,2005,POSITIVE,54.7
MNCH_BIRTH18,Births to women under 18,percentage,MNCH,survey_based,LAO,Laos,EAP,LMC,2006,HALLUCINATION_T1,
MNCH_BIRTH18,Births to women under 18,percentage,MNCH,survey_based,LAO,Laos,EAP,LMC,2007,HALLUCINATION_T1,
MNCH_BIRTH18,Births to women under 18,percentage,MNCH,survey_based,LAO,Laos,EAP,LMC,2008,HALLUCINATION_T1,
MNCH_BIRTH18,Births to women under 18,percentage,MNCH,survey_based,LAO,Laos,EAP,LMC,2009,HALLUCINATION_T1,
MNCH_BIRTH18,Births to women under 18,percentage,MNCH,survey_based,LAO,Laos,EAP,LMC,2010,HALLUCINATION_T1,
MNCH_BIRTH18,Births to women under 18,percentage,MNCH,survey_based,LAO,Laos,EAP,LMC,2011,HALLUCINATION_T1,
MNCH_BIRTH18,Births to women under 18,percentage,MNCH,survey_based,LAO,Laos,EAP,LMC,2012,POSITIVE,18.2
MNCH_BIRTH18,Births to women under 18,percentage,MNCH,survey_based,LAO,Laos,EAP,LMC,2013,HALLUCINATION_T1,
MNCH_BIRTH18,Births to women under 18,percentage,MNCH,survey_based,LAO,Laos,EAP,LMC,2014,HALLUCINATION_T1,
MNCH_BIRTH18,Births to women under 18,percentage,MNCH,survey_based,LAO,Laos,EAP,LMC,2015,HALLUCINATION_T1,
MNCH_BIRTH18,Births to women under 18,percentage,MNCH,survey_based,LAO,Laos,EAP,LMC,2016,HALLUCINATION_T1,
MNCH_BIRTH18,Births to women under 18,percentage,MNCH,survey_based,LAO,Laos,EAP,LMC,2017,POSITIVE,18.4
MNCH_BIRTH18,Births to women under 18,percentage,MNCH,survey_based,LAO,Laos,EAP,LMC,2018,HALLUCINATION_T1,
MNCH_BIRTH18,Births to women under 18,percentage,MNCH,survey_based,LAO,Laos,EAP,LMC,2019,HALLUCINATION_T1,
MNCH_BIRTH18,Births to women under 18,percentage,MNCH,survey_based,LAO,Laos,EAP,LMC,2020,HALLUCINATION_T1,
MNCH_BIRTH18,Births to women under 18,percentage,MNCH,survey_based,LAO,Laos,EAP,LMC,2021,HALLUCINATION_T1,
MNCH_BIRTH18,Births to women under 18,percentage,MNCH,survey_based,LAO,Laos,EAP,LMC,2022,HALLUCINATION_T1,
MNCH_BIRTH18,Births to women under 18,percentage,MNCH,survey_based,LAO,Laos,EAP,LMC,2023,POSITIVE,17.4
MNCH_BIRTH18,Births to women under 18,percentage,MNCH,survey_based,LAO,Laos,EAP,LMC,2024,HALLUCINATION_T1,
MNCH_BIRTH18,Births to women under 18,percentage,MNCH,survey_based,KGZ,Kyrgyzstan,ECA,LMC,2000,HALLUCINATION_T1,
MNCH_BIRTH18,Births to women under 18,percentage,MNCH,survey_based,KGZ,Kyrgyzstan,ECA,LMC,2001,HALLUCINATION_T1,
MNCH_BIRTH18,Births to women under 18,percentage,MNCH,survey_based,KGZ,Kyrgyzstan,ECA,LMC,2002,HALLUCINATION_T1,
MNCH_BIRTH18,Births to women under 18,percentage,MNCH,survey_based,KGZ,Kyrgyzstan,ECA,LMC,2003,HALLUCINATION_T1,
MNCH_BIRTH18,Births to women under 18,percentage,MNCH,survey_based,KGZ,Kyrgyzstan,ECA,LMC,2004,HALLUCINATION_T1,
MNCH_BIRTH18,Births to women under 18,percentage,MNCH,survey_based,KGZ,Kyrgyzstan,ECA,LMC,2005,HALLUCINATION_T1,
MNCH_BIRTH18,Births to women under 18,percentage,MNCH,survey_based,KGZ,Kyrgyzstan,ECA,LMC,2006,POSITIVE,2.3
MNCH_BIRTH18,Births to women under 18,percentage,MNCH,survey_based,KGZ,Kyrgyzstan,ECA,LMC,2007,HALLUCINATION_T1,
MNCH_BIRTH18,Births to women under 18,percentage,MNCH,survey_based,KGZ,Kyrgyzstan,ECA,LMC,2008,HALLUCINATION_T1,
MNCH_BIRTH18,Births to women under 18,percentage,MNCH,survey_based,KGZ,Kyrgyzstan,ECA,LMC,2009,HALLUCINATION_T1,
MNCH_BIRTH18,Births to women under 18,percentage,MNCH,survey_based,KGZ,Kyrgyzstan,ECA,LMC,2010,HALLUCINATION_T1,
MNCH_BIRTH18,Births to women under 18,percentage,MNCH,survey_based,KGZ,Kyrgyzstan,ECA,LMC,2011,HALLUCINATION_T1,
MNCH_BIRTH18,Births to women under 18,percentage,MNCH,survey_based,KGZ,Kyrgyzstan,ECA,LMC,2012,POSITIVE,1.8
MNCH_BIRTH18,Births to women under 18,percentage,MNCH,survey_based,KGZ,Kyrgyzstan,ECA,LMC,2013,HALLUCINATION_T1,
MNCH_BIRTH18,Births to women under 18,percentage,MNCH,survey_based,KGZ,Kyrgyzstan,ECA,LMC,2014,POSITIVE,3.5
MNCH_BIRTH18,Births to women under 18,percentage,MNCH,survey_based,KGZ,Kyrgyzstan,ECA,LMC,2015,HALLUCINATION_T1,
MNCH_BIRTH18,Births to women under 18,percentage,MNCH,survey_based,KGZ,Kyrgyzstan,ECA,LMC,2016,HALLUCINATION_T1,
MNCH_BIRTH18,Births to women under 18,percentage,MNCH,survey_based,KGZ,Kyrgyzstan,ECA,LMC,2017,HALLUCINATION_T1,
MNCH_BIRTH18,Births to women under 18,percentage,MNCH,survey_based,KGZ,Kyrgyzstan,ECA,LMC,2018,POSITIVE,2.8
MNCH_BIRTH18,Births to women under 18,percentage,MNCH,survey_based,KGZ,Kyrgyzstan,ECA,LMC,2019,HALLUCINATION_T1,
MNCH_BIRTH18,Births to women under 18,percentage,MNCH,survey_based,KGZ,Kyrgyzstan,ECA,LMC,2020,HALLUCINATION_T1,
MNCH_BIRTH18,Births to women under 18,percentage,MNCH,survey_based,KGZ,Kyrgyzstan,ECA,LMC,2021,HALLUCINATION_T1,
MNCH_BIRTH18,Births to women under 18,percentage,MNCH,survey_based,KGZ,Kyrgyzstan,ECA,LMC,2022,HALLUCINATION_T1,
MNCH_BIRTH18,Births to women under 18,percentage,MNCH,survey_based,KGZ,Kyrgyzstan,ECA,LMC,2023,POSITIVE,1.8
MNCH_BIRTH18,Births to women under 18,percentage,MNCH,survey_based,KGZ,Kyrgyzstan,ECA,LMC,2024,HALLUCINATION_T1,
MNCH_BIRTH18,Births to women under 18,percentage,MNCH,survey_based,TJK,Tajikistan,ECA,LMC,2000,HALLUCINATION_T1,
MNCH_BIRTH18,Births to women under 18,percentage,MNCH,survey_based,TJK,Tajikistan,ECA,LMC,2001,HALLUCINATION_T1,
MNCH_BIRTH18,Births to women under 18,percentage,MNCH,survey_based,TJK,Tajikistan,ECA,LMC,2002,HALLUCINATION_T1,
MNCH_BIRTH18,Births to women under 18,percentage,MNCH,survey_based,TJK,Tajikistan,ECA,LMC,2003,HALLUCINATION_T1,
MNCH_BIRTH18,Births to women under 18,percentage,MNCH,survey_based,TJK,Tajikistan,ECA,LMC,2004,HALLUCINATION_T1,
MNCH_BIRTH18,Births to women under 18,percentage,MNCH,survey_based,TJK,Tajikistan,ECA,LMC,2005,POSITIVE,3.5
MNCH_BIRTH18,Births to women under 18,percentage,MNCH,survey_based,TJK,Tajikistan,ECA,LMC,2006,HALLUCINATION_T1,
MNCH_BIRTH18,Births to women under 18,percentage,MNCH,survey_based,TJK,Tajikistan,ECA,LMC,2007,HALLUCINATION_T1,
MNCH_BIRTH18,Births to women under 18,percentage,MNCH,survey_based,TJK,Tajikistan,ECA,LMC,2008,HALLUCINATION_T1,
MNCH_BIRTH18,Births to women under 18,percentage,MNCH,survey_based,TJK,Tajikistan,ECA,LMC,2009,HALLUCINATION_T1,
MNCH_BIRTH18,Births to women under 18,percentage,MNCH,survey_based,TJK,Tajikistan,ECA,LMC,2010,HALLUCINATION_T1,
MNCH_BIRTH18,Births to women under 18,percentage,MNCH,survey_based,TJK,Tajikistan,ECA,LMC,2011,HALLUCINATION_T1,
MNCH_BIRTH18,Births to women under 18,percentage,MNCH,survey_based,TJK,Tajikistan,ECA,LMC,2012,POSITIVE,2.2
MNCH_BIRTH18,Births to women under 18,percentage,MNCH,survey_based,TJK,Tajikistan,ECA,LMC,2013,HALLUCINATION_T1,
MNCH_BIRTH18,Births to women under 18,percentage,MNCH,survey_based,TJK,Tajikistan,ECA,LMC,2014,HALLUCINATION_T1,
MNCH_BIRTH18,Births to women under 18,percentage,MNCH,survey_based,TJK,Tajikistan,ECA,LMC,2015,HALLUCINATION_T1,
MNCH_BIRTH18,Births to women under 18,percentage,MNCH,survey_based,TJK,Tajikistan,ECA,LMC,2016,HALLUCINATION_T1,
MNCH_BIRTH18,Births to women under 18,percentage,MNCH,survey_based,TJK,Tajikistan,ECA,LMC,2017,POSITIVE,1.1
MNCH_BIRTH18,Births to women under 18,percentage,MNCH,survey_based,TJK,Tajikistan,ECA,LMC,2018,HALLUCINATION_T1,
MNCH_BIRTH18,Births to women under 18,percentage,MNCH,survey_based,TJK,Tajikistan,ECA,LMC,2019,HALLUCINATION_T1,
MNCH_BIRTH18,Births to women under 18,percentage,MNCH,survey_based,TJK,Tajikistan,ECA,LMC,2020,HALLUCINATION_T1,
MNCH_BIRTH18,Births to women under 18,percentage,MNCH,survey_based,TJK,Tajikistan,ECA,LMC,2021,HALLUCINATION_T1,
MNCH_BIRTH18,Births to women under 18,percentage,MNCH,survey_based,TJK,Tajikistan,ECA,LMC,2022,HALLUCINATION_T1,
MNCH_BIRTH18,Births to women under 18,percentage,MNCH,survey_based,TJK,Tajikistan,ECA,LMC,2023,POSITIVE,1.2
MNCH_BIRTH18,Births to women under 18,percentage,MNCH,survey_based,TJK,Tajikistan,ECA,LMC,2024,HALLUCINATION_T1,
MNCH_BIRTH18,Births to women under 18,percentage,MNCH,survey_based,IRN,Iran,MNA,UMC,2000,HALLUCINATION_T1,
MNCH_BIRTH18,Births to women under 18,percentage,MNCH,survey_based,IRN,Iran,MNA,UMC,2001,HALLUCINATION_T1,
MNCH_BIRTH18,Births to women under 18,percentage,MNCH,survey_based,IRN,Iran,MNA,UMC,2002,HALLUCINATION_T1,
MNCH_BIRTH18,Births to women under 18,percentage,MNCH,survey_based,IRN,Iran,MNA,UMC,2003,HALLUCINATION_T1,
MNCH_BIRTH18,Births to women under 18,percentage,MNCH,survey_based,IRN,Iran,MNA,UMC,2004,HALLUCINATION_T1,
MNCH_BIRTH18,Births to women under 18,percentage,MNCH,survey_based,IRN,Iran,MNA,UMC,2005,HALLUCINATION_T1,
MNCH_BIRTH18,Births to women under 18,percentage,MNCH,survey_based,IRN,Iran,MNA,UMC,2006,HALLUCINATION_T1,
MNCH_BIRTH18,Births to women under 18,percentage,MNCH,survey_based,IRN,Iran,MNA,UMC,2007,HALLUCINATION_T1,
MNCH_BIRTH18,Births to women under 18,percentage,MNCH,survey_based,IRN,Iran,MNA,UMC,2008,HALLUCINATION_T1,
MNCH_BIRTH18,Births to women under 18,percentage,MNCH,survey_based,IRN,Iran,MNA,UMC,2009,HALLUCINATION_T1,
MNCH_BIRTH18,Births to women under 18,percentage,MNCH,survey_based,IRN,Iran,MNA,UMC,2010,POSITIVE,5.2
MNCH_BIRTH18,Births to women under 18,percentage,MNCH,survey_based,IRN,Iran,MNA,UMC,2011,HALLUCINATION_T1,
MNCH_BIRTH18,Births to women under 18,percentage,MNCH,survey_based,IRN,Iran,MNA,UMC,2012,HALLUCINATION_T1,
MNCH_BIRTH18,Births to women under 18,percentage,MNCH,survey_based,IRN,Iran,MNA,UMC,2013,HALLUCINATION_T1,
MNCH_BIRTH18,Births to women under 18,percentage,MNCH,survey_based,IRN,Iran,MNA,UMC,2014,HALLUCINATION_T1,
MNCH_BIRTH18,Births to women under 18,percentage,MNCH,survey_based,IRN,Iran,MNA,UMC,2015,HALLUCINATION_T1,
MNCH_BIRTH18,Births to women under 18,percentage,MNCH,survey_based,IRN,Iran,MNA,UMC,2016,HALLUCINATION_T1,
MNCH_BIRTH18,Births to women under 18,percentage,MNCH,survey_based,IRN,Iran,MNA,UMC,2017,HALLUCINATION_T1,
MNCH_BIRTH18,Births to women under 18,percentage,MNCH,survey_based,IRN,Iran,MNA,UMC,2018,HALLUCINATION_T1,
MNCH_BIRTH18,Births to women under 18,percentage,MNCH,survey_based,IRN,Iran,MNA,UMC,2019,HALLUCINATION_T1,
MNCH_BIRTH18,Births to women under 18,percentage,MNCH,survey_based,IRN,Iran,MNA,UMC,2020,HALLUCINATION_T1,
MNCH_BIRTH18,Births to women under 18,percentage,MNCH,survey_based,IRN,Iran,MNA,UMC,2021,HALLUCINATION_T1,
MNCH_BIRTH18,Births to women under 18,percentage,MNCH,survey_based,IRN,Iran,MNA,UMC,2022,HALLUCINATION_T1,
MNCH_BIRTH18,Births to women under 18,percentage,MNCH,survey_based,IRN,Iran,MNA,UMC,2023,HALLUCINATION_T1,
MNCH_BIRTH18,Births to women under 18,percentage,MNCH,survey_based,IRN,Iran,MNA,UMC,2024,HALLUCINATION_T1,
MNCH_BIRTH18,Births to women under 18,percentage,MNCH,survey_based,AZE,Azerbaijan,ECA,UMC,2000,HALLUCINATION_T1,
MNCH_BIRTH18,Births to women under 18,percentage,MNCH,survey_based,AZE,Azerbaijan,ECA,UMC,2001,HALLUCINATION_T1,
MNCH_BIRTH18,Births to women under 18,percentage,MNCH,survey_based,AZE,Azerbaijan,ECA,UMC,2002,HALLUCINATION_T1,
MNCH_BIRTH18,Births to women under 18,percentage,MNCH,survey_based,AZE,Azerbaijan,ECA,UMC,2003,HALLUCINATION_T1,
MNCH_BIRTH18,Births to women under 18,percentage,MNCH,survey_based,AZE,Azerbaijan,ECA,UMC,2004,HALLUCINATION_T1,
MNCH_BIRTH18,Births to women under 18,percentage,MNCH,survey_based,AZE,Azerbaijan,ECA,UMC,2005,HALLUCINATION_T1,
MNCH_BIRTH18,Births to women under 18,percentage,MNCH,survey_based,AZE,Azerbaijan,ECA,UMC,2006,POSITIVE,4.3
MNCH_BIRTH18,Births to women under 18,percentage,MNCH,survey_based,AZE,Azerbaijan,ECA,UMC,2007,HALLUCINATION_T1,
MNCH_BIRTH18,Births to women under 18,percentage,MNCH,survey_based,AZE,Azerbaijan,ECA,UMC,2008,HALLUCINATION_T1,
MNCH_BIRTH18,Births to women under 18,percentage,MNCH,survey_based,AZE,Azerbaijan,ECA,UMC,2009,HALLUCINATION_T1,
MNCH_BIRTH18,Births to women under 18,percentage,MNCH,survey_based,AZE,Azerbaijan,ECA,UMC,2010,HALLUCINATION_T1,
MNCH_BIRTH18,Births to women under 18,percentage,MNCH,survey_based,AZE,Azerbaijan,ECA,UMC,2011,POSITIVE,4.0
MNCH_BIRTH18,Births to women under 18,percentage,MNCH,survey_based,AZE,Azerbaijan,ECA,UMC,2012,HALLUCINATION_T1,
MNCH_BIRTH18,Births to women under 18,percentage,MNCH,survey_based,AZE,Azerbaijan,ECA,UMC,2013,HALLUCINATION_T1,
MNCH_BIRTH18,Births to women under 18,percentage,MNCH,survey_based,AZE,Azerbaijan,ECA,UMC,2014,HALLUCINATION_T1,
MNCH_BIRTH18,Births to women under 18,percentage,MNCH,survey_based,AZE,Azerbaijan,ECA,UMC,2015,HALLUCINATION_T1,
MNCH_BIRTH18,Births to women under 18,percentage,MNCH,survey_based,AZE,Azerbaijan,ECA,UMC,2016,HALLUCINATION_T1,
MNCH_BIRTH18,Births to women under 18,percentage,MNCH,survey_based,AZE,Azerbaijan,ECA,UMC,2017,HALLUCINATION_T1,
MNCH_BIRTH18,Births to women under 18,percentage,MNCH,survey_based,AZE,Azerbaijan,ECA,UMC,2018,HALLUCINATION_T1,
MNCH_BIRTH18,Births to women under 18,percentage,MNCH,survey_based,AZE,Azerbaijan,ECA,UMC,2019,HALLUCINATION_T1,
MNCH_BIRTH18,Births to women under 18,percentage,MNCH,survey_based,AZE,Azerbaijan,ECA,UMC,2020,HALLUCINATION_T1,
MNCH_BIRTH18,Births to women under 18,percentage,MNCH,survey_based,AZE,Azerbaijan,ECA,UMC,2021,HALLUCINATION_T1,
MNCH_BIRTH18,Births to women under 18,percentage,MNCH,survey_based,AZE,Azerbaijan,ECA,UMC,2022,HALLUCINATION_T1,
MNCH_BIRTH18,Births to women under 18,percentage,MNCH,survey_based,AZE,Azerbaijan,ECA,UMC,2023,POSITIVE,4.2
MNCH_BIRTH18,Births to women under 18,percentage,MNCH,survey_based,AZE,Azerbaijan,ECA,UMC,2024,HALLUCINATION_T1,
MNCH_BIRTH18,Births to women under 18,percentage,MNCH,survey_based,GEO,Georgia,ECA,UMC,2000,HALLUCINATION_T1,
MNCH_BIRTH18,Births to women under 18,percentage,MNCH,survey_based,GEO,Georgia,ECA,UMC,2001,HALLUCINATION_T1,
MNCH_BIRTH18,Births to women under 18,percentage,MNCH,survey_based,GEO,Georgia,ECA,UMC,2002,HALLUCINATION_T1,
MNCH_BIRTH18,Births to women under 18,percentage,MNCH,survey_based,GEO,Georgia,ECA,UMC,2003,HALLUCINATION_T1,
MNCH_BIRTH18,Births to women under 18,percentage,MNCH,survey_based,GEO,Georgia,ECA,UMC,2004,HALLUCINATION_T1,
MNCH_BIRTH18,Births to women under 18,percentage,MNCH,survey_based,GEO,Georgia,ECA,UMC,2005,POSITIVE,7.8
MNCH_BIRTH18,Births to women under 18,percentage,MNCH,survey_based,GEO,Georgia,ECA,UMC,2006,HALLUCINATION_T1,
MNCH_BIRTH18,Births to women under 18,percentage,MNCH,survey_based,GEO,Georgia,ECA,UMC,2007,HALLUCINATION_T1,
MNCH_BIRTH18,Births to women under 18,percentage,MNCH,survey_based,GEO,Georgia,ECA,UMC,2008,HALLUCINATION_T1,
MNCH_BIRTH18,Births to women under 18,percentage,MNCH,survey_based,GEO,Georgia,ECA,UMC,2009,HALLUCINATION_T1,
MNCH_BIRTH18,Births to women under 18,percentage,MNCH,survey_based,GEO,Georgia,ECA,UMC,2010,POSITIVE,6.1
MNCH_BIRTH18,Births to women under 18,percentage,MNCH,survey_based,GEO,Georgia,ECA,UMC,2011,HALLUCINATION_T1,
MNCH_BIRTH18,Births to women under 18,percentage,MNCH,survey_based,GEO,Georgia,ECA,UMC,2012,HALLUCINATION_T1,
MNCH_BIRTH18,Births to women under 18,percentage,MNCH,survey_based,GEO,Georgia,ECA,UMC,2013,HALLUCINATION_T1,
MNCH_BIRTH18,Births to women under 18,percentage,MNCH,survey_based,GEO,Georgia,ECA,UMC,2014,HALLUCINATION_T1,
MNCH_BIRTH18,Births to women under 18,percentage,MNCH,survey_based,GEO,Georgia,ECA,UMC,2015,HALLUCINATION_T1,
MNCH_BIRTH18,Births to women under 18,percentage,MNCH,survey_based,GEO,Georgia,ECA,UMC,2016,HALLUCINATION_T1,
MNCH_BIRTH18,Births to women under 18,percentage,MNCH,survey_based,GEO,Georgia,ECA,UMC,2017,HALLUCINATION_T1,
MNCH_BIRTH18,Births to women under 18,percentage,MNCH,survey_based,GEO,Georgia,ECA,UMC,2018,POSITIVE,6.1
MNCH_BIRTH18,Births to women under 18,percentage,MNCH,survey_based,GEO,Georgia,ECA,UMC,2019,HALLUCINATION_T1,
MNCH_BIRTH18,Births to women under 18,percentage,MNCH,survey_based,GEO,Georgia,ECA,UMC,2020,HALLUCINATION_T1,
MNCH_BIRTH18,Births to women under 18,percentage,MNCH,survey_based,GEO,Georgia,ECA,UMC,2021,HALLUCINATION_T1,
MNCH_BIRTH18,Births to women under 18,percentage,MNCH,survey_based,GEO,Georgia,ECA,UMC,2022,HALLUCINATION_T1,
MNCH_BIRTH18,Births to women under 18,percentage,MNCH,survey_based,GEO,Georgia,ECA,UMC,2023,HALLUCINATION_T1,
MNCH_BIRTH18,Births to women under 18,percentage,MNCH,survey_based,GEO,Georgia,ECA,UMC,2024,HALLUCINATION_T1,
MNCH_BIRTH18,Births to women under 18,percentage,MNCH,survey_based,ALB,Albania,ECA,UMC,2000,HALLUCINATION_T1,
MNCH_BIRTH18,Births to women under 18,percentage,MNCH,survey_based,ALB,Albania,ECA,UMC,2001,HALLUCINATION_T1,
MNCH_BIRTH18,Births to women under 18,percentage,MNCH,survey_based,ALB,Albania,ECA,UMC,2002,HALLUCINATION_T1,
MNCH_BIRTH18,Births to women under 18,percentage,MNCH,survey_based,ALB,Albania,ECA,UMC,2003,HALLUCINATION_T1,
MNCH_BIRTH18,Births to women under 18,percentage,MNCH,survey_based,ALB,Albania,ECA,UMC,2004,HALLUCINATION_T1,
MNCH_BIRTH18,Births to women under 18,percentage,MNCH,survey_based,ALB,Albania,ECA,UMC,2005,POSITIVE,3.5
MNCH_BIRTH18,Births to women under 18,percentage,MNCH,survey_based,ALB,Albania,ECA,UMC,2006,HALLUCINATION_T1,
MNCH_BIRTH18,Births to women under 18,percentage,MNCH,survey_based,ALB,Albania,ECA,UMC,2007,HALLUCINATION_T1,
MNCH_BIRTH18,Births to women under 18,percentage,MNCH,survey_based,ALB,Albania,ECA,UMC,2008,HALLUCINATION_T1,
MNCH_BIRTH18,Births to women under 18,percentage,MNCH,survey_based,ALB,Albania,ECA,UMC,2009,POSITIVE,2.5
MNCH_BIRTH18,Births to women under 18,percentage,MNCH,survey_based,ALB,Albania,ECA,UMC,2010,HALLUCINATION_T1,
MNCH_BIRTH18,Births to women under 18,percentage,MNCH,survey_based,ALB,Albania,ECA,UMC,2011,HALLUCINATION_T1,
MNCH_BIRTH18,Births to women under 18,percentage,MNCH,survey_based,ALB,Albania,ECA,UMC,2012,HALLUCINATION_T1,
MNCH_BIRTH18,Births to women under 18,percentage,MNCH,survey_based,ALB,Albania,ECA,UMC,2013,HALLUCINATION_T1,
MNCH_BIRTH18,Births to women under 18,percentage,MNCH,survey_based,ALB,Albania,ECA,UMC,2014,HALLUCINATION_T1,
MNCH_BIRTH18,Births to women under 18,percentage,MNCH,survey_based,ALB,Albania,ECA,UMC,2015,HALLUCINATION_T1,
MNCH_BIRTH18,Births to women under 18,percentage,MNCH,survey_based,ALB,Albania,ECA,UMC,2016,HALLUCINATION_T1,
MNCH_BIRTH18,Births to women under 18,percentage,MNCH,survey_based,ALB,Albania,ECA,UMC,2017,HALLUCINATION_T1,
MNCH_BIRTH18,Births to women under 18,percentage,MNCH,survey_based,ALB,Albania,ECA,UMC,2018,POSITIVE,2.6
MNCH_BIRTH18,Births to women under 18,percentage,MNCH,survey_based,ALB,Albania,ECA,UMC,2019,HALLUCINATION_T1,
MNCH_BIRTH18,Births to women under 18,percentage,MNCH,survey_based,ALB,Albania,ECA,UMC,2020,HALLUCINATION_T1,
MNCH_BIRTH18,Births to women under 18,percentage,MNCH,survey_based,ALB,Albania,ECA,UMC,2021,HALLUCINATION_T1,
MNCH_BIRTH18,Births to women under 18,percentage,MNCH,survey_based,ALB,Albania,ECA,UMC,2022,HALLUCINATION_T1,
MNCH_BIRTH18,Births to women under 18,percentage,MNCH,survey_based,ALB,Albania,ECA,UMC,2023,HALLUCINATION_T1,
MNCH_BIRTH18,Births to women under 18,percentage,MNCH,survey_based,ALB,Albania,ECA,UMC,2024,HALLUCINATION_T1,
MNCH_BIRTH18,Births to women under 18,percentage,MNCH,survey_based,BLR,Belarus,ECA,UMC,2000,HALLUCINATION_T1,
MNCH_BIRTH18,Births to women under 18,percentage,MNCH,survey_based,BLR,Belarus,ECA,UMC,2001,HALLUCINATION_T1,
MNCH_BIRTH18,Births to women under 18,percentage,MNCH,survey_based,BLR,Belarus,ECA,UMC,2002,HALLUCINATION_T1,
MNCH_BIRTH18,Births to women under 18,percentage,MNCH,survey_based,BLR,Belarus,ECA,UMC,2003,HALLUCINATION_T1,
MNCH_BIRTH18,Births to women under 18,percentage,MNCH,survey_based,BLR,Belarus,ECA,UMC,2004,HALLUCINATION_T1,
MNCH_BIRTH18,Births to women under 18,percentage,MNCH,survey_based,BLR,Belarus,ECA,UMC,2005,POSITIVE,2.9
MNCH_BIRTH18,Births to women under 18,percentage,MNCH,survey_based,BLR,Belarus,ECA,UMC,2006,HALLUCINATION_T1,
MNCH_BIRTH18,Births to women under 18,percentage,MNCH,survey_based,BLR,Belarus,ECA,UMC,2007,HALLUCINATION_T1,
MNCH_BIRTH18,Births to women under 18,percentage,MNCH,survey_based,BLR,Belarus,ECA,UMC,2008,HALLUCINATION_T1,
MNCH_BIRTH18,Births to women under 18,percentage,MNCH,survey_based,BLR,Belarus,ECA,UMC,2009,HALLUCINATION_T1,
MNCH_BIRTH18,Births to women under 18,percentage,MNCH,survey_based,BLR,Belarus,ECA,UMC,2010,HALLUCINATION_T1,
MNCH_BIRTH18,Births to women under 18,percentage,MNCH,survey_based,BLR,Belarus,ECA,UMC,2011,HALLUCINATION_T1,
MNCH_BIRTH18,Births to women under 18,percentage,MNCH,survey_based,BLR,Belarus,ECA,UMC,2012,HALLUCINATION_T1,
MNCH_BIRTH18,Births to women under 18,percentage,MNCH,survey_based,BLR,Belarus,ECA,UMC,2013,HALLUCINATION_T1,
MNCH_BIRTH18,Births to women under 18,percentage,MNCH,survey_based,BLR,Belarus,ECA,UMC,2014,HALLUCINATION_T1,
MNCH_BIRTH18,Births to women under 18,percentage,MNCH,survey_based,BLR,Belarus,ECA,UMC,2015,HALLUCINATION_T1,
MNCH_BIRTH18,Births to women under 18,percentage,MNCH,survey_based,BLR,Belarus,ECA,UMC,2016,HALLUCINATION_T1,
MNCH_BIRTH18,Births to women under 18,percentage,MNCH,survey_based,BLR,Belarus,ECA,UMC,2017,HALLUCINATION_T1,
MNCH_BIRTH18,Births to women under 18,percentage,MNCH,survey_based,BLR,Belarus,ECA,UMC,2018,HALLUCINATION_T1,
MNCH_BIRTH18,Births to women under 18,percentage,MNCH,survey_based,BLR,Belarus,ECA,UMC,2019,HALLUCINATION_T1,
MNCH_BIRTH18,Births to women under 18,percentage,MNCH,survey_based,BLR,Belarus,ECA,UMC,2020,HALLUCINATION_T1,
MNCH_BIRTH18,Births to women under 18,percentage,MNCH,survey_based,BLR,Belarus,ECA,UMC,2021,HALLUCINATION_T1,
MNCH_BIRTH18,Births to women under 18,percentage,MNCH,survey_based,BLR,Belarus,ECA,UMC,2022,HALLUCINATION_T1,
MNCH_BIRTH18,Births to women under 18,percentage,MNCH,survey_based,BLR,Belarus,ECA,UMC,2023,HALLUCINATION_T1,
MNCH_BIRTH18,Births to women under 18,percentage,MNCH,survey_based,BLR,Belarus,ECA,UMC,2024,HALLUCINATION_T1,
MNCH_BIRTH18,Births to women under 18,percentage,MNCH,survey_based,KWT,Kuwait,MNA,HIC,2000,HALLUCINATION_T2,
MNCH_BIRTH18,Births to women under 18,percentage,MNCH,survey_based,KWT,Kuwait,MNA,HIC,2001,HALLUCINATION_T2,
MNCH_BIRTH18,Births to women under 18,percentage,MNCH,survey_based,KWT,Kuwait,MNA,HIC,2002,HALLUCINATION_T2,
MNCH_BIRTH18,Births to women under 18,percentage,MNCH,survey_based,KWT,Kuwait,MNA,HIC,2003,HALLUCINATION_T2,
MNCH_BIRTH18,Births to women under 18,percentage,MNCH,survey_based,KWT,Kuwait,MNA,HIC,2004,HALLUCINATION_T2,
MNCH_BIRTH18,Births to women under 18,percentage,MNCH,survey_based,KWT,Kuwait,MNA,HIC,2005,HALLUCINATION_T2,
MNCH_BIRTH18,Births to women under 18,percentage,MNCH,survey_based,KWT,Kuwait,MNA,HIC,2006,HALLUCINATION_T2,
MNCH_BIRTH18,Births to women under 18,percentage,MNCH,survey_based,KWT,Kuwait,MNA,HIC,2007,HALLUCINATION_T2,
MNCH_BIRTH18,Births to women under 18,percentage,MNCH,survey_based,KWT,Kuwait,MNA,HIC,2008,HALLUCINATION_T2,
MNCH_BIRTH18,Births to women under 18,percentage,MNCH,survey_based,KWT,Kuwait,MNA,HIC,2009,HALLUCINATION_T2,
MNCH_BIRTH18,Births to women under 18,percentage,MNCH,survey_based,KWT,Kuwait,MNA,HIC,2010,HALLUCINATION_T2,
MNCH_BIRTH18,Births to women under 18,percentage,MNCH,survey_based,KWT,Kuwait,MNA,HIC,2011,HALLUCINATION_T2,
MNCH_BIRTH18,Births to women under 18,percentage,MNCH,survey_based,KWT,Kuwait,MNA,HIC,2012,HALLUCINATION_T2,
MNCH_BIRTH18,Births to women under 18,percentage,MNCH,survey_based,KWT,Kuwait,MNA,HIC,2013,HALLUCINATION_T2,
MNCH_BIRTH18,Births to women under 18,percentage,MNCH,survey_based,KWT,Kuwait,MNA,HIC,2014,HALLUCINATION_T2,
MNCH_BIRTH18,Births to women under 18,percentage,MNCH,survey_based,KWT,Kuwait,MNA,HIC,2015,HALLUCINATION_T2,
MNCH_BIRTH18,Births to women under 18,percentage,MNCH,survey_based,KWT,Kuwait,MNA,HIC,2016,HALLUCINATION_T2,
MNCH_BIRTH18,Births to women under 18,percentage,MNCH,survey_based,KWT,Kuwait,MNA,HIC,2017,HALLUCINATION_T2,
MNCH_BIRTH18,Births to women under 18,percentage,MNCH,survey_based,KWT,Kuwait,MNA,HIC,2018,HALLUCINATION_T2,
MNCH_BIRTH18,Births to women under 18,percentage,MNCH,survey_based,KWT,Kuwait,MNA,HIC,2019,HALLUCINATION_T2,
MNCH_BIRTH18,Births to women under 18,percentage,MNCH,survey_based,KWT,Kuwait,MNA,HIC,2020,HALLUCINATION_T2,
MNCH_BIRTH18,Births to women under 18,percentage,MNCH,survey_based,KWT,Kuwait,MNA,HIC,2021,HALLUCINATION_T2,
MNCH_BIRTH18,Births to women under 18,percentage,MNCH,survey_based,KWT,Kuwait,MNA,HIC,2022,HALLUCINATION_T2,
MNCH_BIRTH18,Births to women under 18,percentage,MNCH,survey_based,KWT,Kuwait,MNA,HIC,2023,HALLUCINATION_T2,
MNCH_BIRTH18,Births to women under 18,percentage,MNCH,survey_based,KWT,Kuwait,MNA,HIC,2024,HALLUCINATION_T2,
MNCH_BIRTH18,Births to women under 18,percentage,MNCH,survey_based,BHR,Bahrain,MNA,HIC,2000,HALLUCINATION_T2,
MNCH_BIRTH18,Births to women under 18,percentage,MNCH,survey_based,BHR,Bahrain,MNA,HIC,2001,HALLUCINATION_T2,
MNCH_BIRTH18,Births to women under 18,percentage,MNCH,survey_based,BHR,Bahrain,MNA,HIC,2002,HALLUCINATION_T2,
MNCH_BIRTH18,Births to women under 18,percentage,MNCH,survey_based,BHR,Bahrain,MNA,HIC,2003,HALLUCINATION_T2,
MNCH_BIRTH18,Births to women under 18,percentage,MNCH,survey_based,BHR,Bahrain,MNA,HIC,2004,HALLUCINATION_T2,
MNCH_BIRTH18,Births to women under 18,percentage,MNCH,survey_based,BHR,Bahrain,MNA,HIC,2005,HALLUCINATION_T2,
MNCH_BIRTH18,Births to women under 18,percentage,MNCH,survey_based,BHR,Bahrain,MNA,HIC,2006,HALLUCINATION_T2,
MNCH_BIRTH18,Births to women under 18,percentage,MNCH,survey_based,BHR,Bahrain,MNA,HIC,2007,HALLUCINATION_T2,
MNCH_BIRTH18,Births to women under 18,percentage,MNCH,survey_based,BHR,Bahrain,MNA,HIC,2008,HALLUCINATION_T2,
MNCH_BIRTH18,Births to women under 18,percentage,MNCH,survey_based,BHR,Bahrain,MNA,HIC,2009,HALLUCINATION_T2,
MNCH_BIRTH18,Births to women under 18,percentage,MNCH,survey_based,BHR,Bahrain,MNA,HIC,2010,HALLUCINATION_T2,
MNCH_BIRTH18,Births to women under 18,percentage,MNCH,survey_based,BHR,Bahrain,MNA,HIC,2011,HALLUCINATION_T2,
MNCH_BIRTH18,Births to women under 18,percentage,MNCH,survey_based,BHR,Bahrain,MNA,HIC,2012,HALLUCINATION_T2,
MNCH_BIRTH18,Births to women under 18,percentage,MNCH,survey_based,BHR,Bahrain,MNA,HIC,2013,HALLUCINATION_T2,
MNCH_BIRTH18,Births to women under 18,percentage,MNCH,survey_based,BHR,Bahrain,MNA,HIC,2014,HALLUCINATION_T2,
MNCH_BIRTH18,Births to women under 18,percentage,MNCH,survey_based,BHR,Bahrain,MNA,HIC,2015,HALLUCINATION_T2,
MNCH_BIRTH18,Births to women under 18,percentage,MNCH,survey_based,BHR,Bahrain,MNA,HIC,2016,HALLUCINATION_T2,
MNCH_BIRTH18,Births to women under 18,percentage,MNCH,survey_based,BHR,Bahrain,MNA,HIC,2017,HALLUCINATION_T2,
MNCH_BIRTH18,Births to women under 18,percentage,MNCH,survey_based,BHR,Bahrain,MNA,HIC,2018,HALLUCINATION_T2,
MNCH_BIRTH18,Births to women under 18,percentage,MNCH,survey_based,BHR,Bahrain,MNA,HIC,2019,HALLUCINATION_T2,
MNCH_BIRTH18,Births to women under 18,percentage,MNCH,survey_based,BHR,Bahrain,MNA,HIC,2020,HALLUCINATION_T2,
MNCH_BIRTH18,Births to women under 18,percentage,MNCH,survey_based,BHR,Bahrain,MNA,HIC,2021,HALLUCINATION_T2,
MNCH_BIRTH18,Births to women under 18,percentage,MNCH,survey_based,BHR,Bahrain,MNA,HIC,2022,HALLUCINATION_T2,
MNCH_BIRTH18,Births to women under 18,percentage,MNCH,survey_based,BHR,Bahrain,MNA,HIC,2023,HALLUCINATION_T2,
MNCH_BIRTH18,Births to women under 18,percentage,MNCH,survey_based,BHR,Bahrain,MNA,HIC,2024,HALLUCINATION_T2,
MNCH_BIRTH18,Births to women under 18,percentage,MNCH,survey_based,OMN,Oman,MNA,HIC,2000,HALLUCINATION_T1,
MNCH_BIRTH18,Births to women under 18,percentage,MNCH,survey_based,OMN,Oman,MNA,HIC,2001,HALLUCINATION_T1,
MNCH_BIRTH18,Births to women under 18,percentage,MNCH,survey_based,OMN,Oman,MNA,HIC,2002,HALLUCINATION_T1,
MNCH_BIRTH18,Births to women under 18,percentage,MNCH,survey_based,OMN,Oman,MNA,HIC,2003,HALLUCINATION_T1,
MNCH_BIRTH18,Births to women under 18,percentage,MNCH,survey_based,OMN,Oman,MNA,HIC,2004,HALLUCINATION_T1,
MNCH_BIRTH18,Births to women under 18,percentage,MNCH,survey_based,OMN,Oman,MNA,HIC,2005,HALLUCINATION_T1,
MNCH_BIRTH18,Births to women under 18,percentage,MNCH,survey_based,OMN,Oman,MNA,HIC,2006,HALLUCINATION_T1,
MNCH_BIRTH18,Births to women under 18,percentage,MNCH,survey_based,OMN,Oman,MNA,HIC,2007,HALLUCINATION_T1,
MNCH_BIRTH18,Births to women under 18,percentage,MNCH,survey_based,OMN,Oman,MNA,HIC,2008,HALLUCINATION_T1,
MNCH_BIRTH18,Births to women under 18,percentage,MNCH,survey_based,OMN,Oman,MNA,HIC,2009,HALLUCINATION_T1,
MNCH_BIRTH18,Births to women under 18,percentage,MNCH,survey_based,OMN,Oman,MNA,HIC,2010,HALLUCINATION_T1,
MNCH_BIRTH18,Births to women under 18,percentage,MNCH,survey_based,OMN,Oman,MNA,HIC,2011,HALLUCINATION_T1,
MNCH_BIRTH18,Births to women under 18,percentage,MNCH,survey_based,OMN,Oman,MNA,HIC,2012,HALLUCINATION_T1,
MNCH_BIRTH18,Births to women under 18,percentage,MNCH,survey_based,OMN,Oman,MNA,HIC,2013,HALLUCINATION_T1,
MNCH_BIRTH18,Births to women under 18,percentage,MNCH,survey_based,OMN,Oman,MNA,HIC,2014,POSITIVE,2.0
MNCH_BIRTH18,Births to women under 18,percentage,MNCH,survey_based,OMN,Oman,MNA,HIC,2015,HALLUCINATION_T1,
MNCH_BIRTH18,Births to women under 18,percentage,MNCH,survey_based,OMN,Oman,MNA,HIC,2016,HALLUCINATION_T1,
MNCH_BIRTH18,Births to women under 18,percentage,MNCH,survey_based,OMN,Oman,MNA,HIC,2017,HALLUCINATION_T1,
MNCH_BIRTH18,Births to women under 18,percentage,MNCH,survey_based,OMN,Oman,MNA,HIC,2018,HALLUCINATION_T1,
MNCH_BIRTH18,Births to women under 18,percentage,MNCH,survey_based,OMN,Oman,MNA,HIC,2019,HALLUCINATION_T1,
MNCH_BIRTH18,Births to women under 18,percentage,MNCH,survey_based,OMN,Oman,MNA,HIC,2020,HALLUCINATION_T1,
MNCH_BIRTH18,Births to women under 18,percentage,MNCH,survey_based,OMN,Oman,MNA,HIC,2021,HALLUCINATION_T1,
MNCH_BIRTH18,Births to women under 18,percentage,MNCH,survey_based,OMN,Oman,MNA,HIC,2022,HALLUCINATION_T1,
MNCH_BIRTH18,Births to women under 18,percentage,MNCH,survey_based,OMN,Oman,MNA,HIC,2023,HALLUCINATION_T1,
MNCH_BIRTH18,Births to women under 18,percentage,MNCH,survey_based,OMN,Oman,MNA,HIC,2024,HALLUCINATION_T1,
MNCH_BIRTH18,Births to women under 18,percentage,MNCH,survey_based,CYP,Cyprus,ECA,HIC,2000,HALLUCINATION_T2,
MNCH_BIRTH18,Births to women under 18,percentage,MNCH,survey_based,CYP,Cyprus,ECA,HIC,2001,HALLUCINATION_T2,
MNCH_BIRTH18,Births to women under 18,percentage,MNCH,survey_based,CYP,Cyprus,ECA,HIC,2002,HALLUCINATION_T2,
MNCH_BIRTH18,Births to women under 18,percentage,MNCH,survey_based,CYP,Cyprus,ECA,HIC,2003,HALLUCINATION_T2,
MNCH_BIRTH18,Births to women under 18,percentage,MNCH,survey_based,CYP,Cyprus,ECA,HIC,2004,HALLUCINATION_T2,
MNCH_BIRTH18,Births to women under 18,percentage,MNCH,survey_based,CYP,Cyprus,ECA,HIC,2005,HALLUCINATION_T2,
MNCH_BIRTH18,Births to women under 18,percentage,MNCH,survey_based,CYP,Cyprus,ECA,HIC,2006,HALLUCINATION_T2,
MNCH_BIRTH18,Births to women under 18,percentage,MNCH,survey_based,CYP,Cyprus,ECA,HIC,2007,HALLUCINATION_T2,
MNCH_BIRTH18,Births to women under 18,percentage,MNCH,survey_based,CYP,Cyprus,ECA,HIC,2008,HALLUCINATION_T2,
MNCH_BIRTH18,Births to women under 18,percentage,MNCH,survey_based,CYP,Cyprus,ECA,HIC,2009,HALLUCINATION_T2,
MNCH_BIRTH18,Births to women under 18,percentage,MNCH,survey_based,CYP,Cyprus,ECA,HIC,2010,HALLUCINATION_T2,
MNCH_BIRTH18,Births to women under 18,percentage,MNCH,survey_based,CYP,Cyprus,ECA,HIC,2011,HALLUCINATION_T2,
MNCH_BIRTH18,Births to women under 18,percentage,MNCH,survey_based,CYP,Cyprus,ECA,HIC,2012,HALLUCINATION_T2,
MNCH_BIRTH18,Births to women under 18,percentage,MNCH,survey_based,CYP,Cyprus,ECA,HIC,2013,HALLUCINATION_T2,
MNCH_BIRTH18,Births to women under 18,percentage,MNCH,survey_based,CYP,Cyprus,ECA,HIC,2014,HALLUCINATION_T2,
MNCH_BIRTH18,Births to women under 18,percentage,MNCH,survey_based,CYP,Cyprus,ECA,HIC,2015,HALLUCINATION_T2,
MNCH_BIRTH18,Births to women under 18,percentage,MNCH,survey_based,CYP,Cyprus,ECA,HIC,2016,HALLUCINATION_T2,
MNCH_BIRTH18,Births to women under 18,percentage,MNCH,survey_based,CYP,Cyprus,ECA,HIC,2017,HALLUCINATION_T2,
MNCH_BIRTH18,Births to women under 18,percentage,MNCH,survey_based,CYP,Cyprus,ECA,HIC,2018,HALLUCINATION_T2,
MNCH_BIRTH18,Births to women under 18,percentage,MNCH,survey_based,CYP,Cyprus,ECA,HIC,2019,HALLUCINATION_T2,
MNCH_BIRTH18,Births to women under 18,percentage,MNCH,survey_based,CYP,Cyprus,ECA,HIC,2020,HALLUCINATION_T2,
MNCH_BIRTH18,Births to women under 18,percentage,MNCH,survey_based,CYP,Cyprus,ECA,HIC,2021,HALLUCINATION_T2,
MNCH_BIRTH18,Births to women under 18,percentage,MNCH,survey_based,CYP,Cyprus,ECA,HIC,2022,HALLUCINATION_T2,
MNCH_BIRTH18,Births to women under 18,percentage,MNCH,survey_based,CYP,Cyprus,ECA,HIC,2023,HALLUCINATION_T2,
MNCH_BIRTH18,Births to women under 18,percentage,MNCH,survey_based,CYP,Cyprus,ECA,HIC,2024,HALLUCINATION_T2,
MNCH_BIRTH18,Births to women under 18,percentage,MNCH,survey_based,MLT,Malta,ECA,HIC,2000,HALLUCINATION_T2,
MNCH_BIRTH18,Births to women under 18,percentage,MNCH,survey_based,MLT,Malta,ECA,HIC,2001,HALLUCINATION_T2,
MNCH_BIRTH18,Births to women under 18,percentage,MNCH,survey_based,MLT,Malta,ECA,HIC,2002,HALLUCINATION_T2,
MNCH_BIRTH18,Births to women under 18,percentage,MNCH,survey_based,MLT,Malta,ECA,HIC,2003,HALLUCINATION_T2,
MNCH_BIRTH18,Births to women under 18,percentage,MNCH,survey_based,MLT,Malta,ECA,HIC,2004,HALLUCINATION_T2,
MNCH_BIRTH18,Births to women under 18,percentage,MNCH,survey_based,MLT,Malta,ECA,HIC,2005,HALLUCINATION_T2,
MNCH_BIRTH18,Births to women under 18,percentage,MNCH,survey_based,MLT,Malta,ECA,HIC,2006,HALLUCINATION_T2,
MNCH_BIRTH18,Births to women under 18,percentage,MNCH,survey_based,MLT,Malta,ECA,HIC,2007,HALLUCINATION_T2,
MNCH_BIRTH18,Births to women under 18,percentage,MNCH,survey_based,MLT,Malta,ECA,HIC,2008,HALLUCINATION_T2,
MNCH_BIRTH18,Births to women under 18,percentage,MNCH,survey_based,MLT,Malta,ECA,HIC,2009,HALLUCINATION_T2,
MNCH_BIRTH18,Births to women under 18,percentage,MNCH,survey_based,MLT,Malta,ECA,HIC,2010,HALLUCINATION_T2,
MNCH_BIRTH18,Births to women under 18,percentage,MNCH,survey_based,MLT,Malta,ECA,HIC,2011,HALLUCINATION_T2,
MNCH_BIRTH18,Births to women under 18,percentage,MNCH,survey_based,MLT,Malta,ECA,HIC,2012,HALLUCINATION_T2,
MNCH_BIRTH18,Births to women under 18,percentage,MNCH,survey_based,MLT,Malta,ECA,HIC,2013,HALLUCINATION_T2,
MNCH_BIRTH18,Births to women under 18,percentage,MNCH,survey_based,MLT,Malta,ECA,HIC,2014,HALLUCINATION_T2,
MNCH_BIRTH18,Births to women under 18,percentage,MNCH,survey_based,MLT,Malta,ECA,HIC,2015,HALLUCINATION_T2,
MNCH_BIRTH18,Births to women under 18,percentage,MNCH,survey_based,MLT,Malta,ECA,HIC,2016,HALLUCINATION_T2,
MNCH_BIRTH18,Births to women under 18,percentage,MNCH,survey_based,MLT,Malta,ECA,HIC,2017,HALLUCINATION_T2,
MNCH_BIRTH18,Births to women under 18,percentage,MNCH,survey_based,MLT,Malta,ECA,HIC,2018,HALLUCINATION_T2,
MNCH_BIRTH18,Births to women under 18,percentage,MNCH,survey_based,MLT,Malta,ECA,HIC,2019,HALLUCINATION_T2,
MNCH_BIRTH18,Births to women under 18,percentage,MNCH,survey_based,MLT,Malta,ECA,HIC,2020,HALLUCINATION_T2,
MNCH_BIRTH18,Births to women under 18,percentage,MNCH,survey_based,MLT,Malta,ECA,HIC,2021,HALLUCINATION_T2,
MNCH_BIRTH18,Births to women under 18,percentage,MNCH,survey_based,MLT,Malta,ECA,HIC,2022,HALLUCINATION_T2,
MNCH_BIRTH18,Births to women under 18,percentage,MNCH,survey_based,MLT,Malta,ECA,HIC,2023,HALLUCINATION_T2,
MNCH_BIRTH18,Births to women under 18,percentage,MNCH,survey_based,MLT,Malta,ECA,HIC,2024,HALLUCINATION_T2,
ED_CR_L1,Education completion rate (primary),percentage,EDUCATION,admin_survey,YEM,Yemen,MNA,LIC,2000,HALLUCINATION_T1,
ED_CR_L1,Education completion rate (primary),percentage,EDUCATION,admin_survey,YEM,Yemen,MNA,LIC,2001,HALLUCINATION_T1,
ED_CR_L1,Education completion rate (primary),percentage,EDUCATION,admin_survey,YEM,Yemen,MNA,LIC,2002,HALLUCINATION_T1,
ED_CR_L1,Education completion rate (primary),percentage,EDUCATION,admin_survey,YEM,Yemen,MNA,LIC,2003,HALLUCINATION_T1,
ED_CR_L1,Education completion rate (primary),percentage,EDUCATION,admin_survey,YEM,Yemen,MNA,LIC,2004,HALLUCINATION_T1,
ED_CR_L1,Education completion rate (primary),percentage,EDUCATION,admin_survey,YEM,Yemen,MNA,LIC,2005,HALLUCINATION_T1,
ED_CR_L1,Education completion rate (primary),percentage,EDUCATION,admin_survey,YEM,Yemen,MNA,LIC,2006,HALLUCINATION_T1,
ED_CR_L1,Education completion rate (primary),percentage,EDUCATION,admin_survey,YEM,Yemen,MNA,LIC,2007,HALLUCINATION_T1,
ED_CR_L1,Education completion rate (primary),percentage,EDUCATION,admin_survey,YEM,Yemen,MNA,LIC,2008,HALLUCINATION_T1,
ED_CR_L1,Education completion rate (primary),percentage,EDUCATION,admin_survey,YEM,Yemen,MNA,LIC,2009,HALLUCINATION_T1,
ED_CR_L1,Education completion rate (primary),percentage,EDUCATION,admin_survey,YEM,Yemen,MNA,LIC,2010,HALLUCINATION_T1,
ED_CR_L1,Education completion rate (primary),percentage,EDUCATION,admin_survey,YEM,Yemen,MNA,LIC,2011,HALLUCINATION_T1,
ED_CR_L1,Education completion rate (primary),percentage,EDUCATION,admin_survey,YEM,Yemen,MNA,LIC,2012,HALLUCINATION_T1,
ED_CR_L1,Education completion rate (primary),percentage,EDUCATION,admin_survey,YEM,Yemen,MNA,LIC,2013,POSITIVE,62.599998
ED_CR_L1,Education completion rate (primary),percentage,EDUCATION,admin_survey,YEM,Yemen,MNA,LIC,2014,HALLUCINATION_T1,
ED_CR_L1,Education completion rate (primary),percentage,EDUCATION,admin_survey,YEM,Yemen,MNA,LIC,2015,HALLUCINATION_T1,
ED_CR_L1,Education completion rate (primary),percentage,EDUCATION,admin_survey,YEM,Yemen,MNA,LIC,2016,HALLUCINATION_T1,
ED_CR_L1,Education completion rate (primary),percentage,EDUCATION,admin_survey,YEM,Yemen,MNA,LIC,2017,HALLUCINATION_T1,
ED_CR_L1,Education completion rate (primary),percentage,EDUCATION,admin_survey,YEM,Yemen,MNA,LIC,2018,HALLUCINATION_T1,
ED_CR_L1,Education completion rate (primary),percentage,EDUCATION,admin_survey,YEM,Yemen,MNA,LIC,2019,HALLUCINATION_T1,
ED_CR_L1,Education completion rate (primary),percentage,EDUCATION,admin_survey,YEM,Yemen,MNA,LIC,2020,HALLUCINATION_T1,
ED_CR_L1,Education completion rate (primary),percentage,EDUCATION,admin_survey,YEM,Yemen,MNA,LIC,2021,HALLUCINATION_T1,
ED_CR_L1,Education completion rate (primary),percentage,EDUCATION,admin_survey,YEM,Yemen,MNA,LIC,2022,HALLUCINATION_T1,
ED_CR_L1,Education completion rate (primary),percentage,EDUCATION,admin_survey,YEM,Yemen,MNA,LIC,2023,HALLUCINATION_T1,
ED_CR_L1,Education completion rate (primary),percentage,EDUCATION,admin_survey,YEM,Yemen,MNA,LIC,2024,HALLUCINATION_T1,
ED_CR_L1,Education completion rate (primary),percentage,EDUCATION,admin_survey,CAF,Central African Republic,WCA,LIC,2000,HALLUCINATION_T1,
ED_CR_L1,Education completion rate (primary),percentage,EDUCATION,admin_survey,CAF,Central African Republic,WCA,LIC,2001,HALLUCINATION_T1,
ED_CR_L1,Education completion rate (primary),percentage,EDUCATION,admin_survey,CAF,Central African Republic,WCA,LIC,2002,HALLUCINATION_T1,
ED_CR_L1,Education completion rate (primary),percentage,EDUCATION,admin_survey,CAF,Central African Republic,WCA,LIC,2003,HALLUCINATION_T1,
ED_CR_L1,Education completion rate (primary),percentage,EDUCATION,admin_survey,CAF,Central African Republic,WCA,LIC,2004,HALLUCINATION_T1,
ED_CR_L1,Education completion rate (primary),percentage,EDUCATION,admin_survey,CAF,Central African Republic,WCA,LIC,2005,HALLUCINATION_T1,
ED_CR_L1,Education completion rate (primary),percentage,EDUCATION,admin_survey,CAF,Central African Republic,WCA,LIC,2006,HALLUCINATION_T1,
ED_CR_L1,Education completion rate (primary),percentage,EDUCATION,admin_survey,CAF,Central African Republic,WCA,LIC,2007,HALLUCINATION_T1,
ED_CR_L1,Education completion rate (primary),percentage,EDUCATION,admin_survey,CAF,Central African Republic,WCA,LIC,2008,HALLUCINATION_T1,
ED_CR_L1,Education completion rate (primary),percentage,EDUCATION,admin_survey,CAF,Central African Republic,WCA,LIC,2009,HALLUCINATION_T1,
ED_CR_L1,Education completion rate (primary),percentage,EDUCATION,admin_survey,CAF,Central African Republic,WCA,LIC,2010,HALLUCINATION_T1,
ED_CR_L1,Education completion rate (primary),percentage,EDUCATION,admin_survey,CAF,Central African Republic,WCA,LIC,2011,HALLUCINATION_T1,
ED_CR_L1,Education completion rate (primary),percentage,EDUCATION,admin_survey,CAF,Central African Republic,WCA,LIC,2012,HALLUCINATION_T1,
ED_CR_L1,Education completion rate (primary),percentage,EDUCATION,admin_survey,CAF,Central African Republic,WCA,LIC,2013,HALLUCINATION_T1,
ED_CR_L1,Education completion rate (primary),percentage,EDUCATION,admin_survey,CAF,Central African Republic,WCA,LIC,2014,HALLUCINATION_T1,
ED_CR_L1,Education completion rate (primary),percentage,EDUCATION,admin_survey,CAF,Central African Republic,WCA,LIC,2015,HALLUCINATION_T1,
ED_CR_L1,Education completion rate (primary),percentage,EDUCATION,admin_survey,CAF,Central African Republic,WCA,LIC,2016,HALLUCINATION_T1,
ED_CR_L1,Education completion rate (primary),percentage,EDUCATION,admin_survey,CAF,Central African Republic,WCA,LIC,2017,HALLUCINATION_T1,
ED_CR_L1,Education completion rate (primary),percentage,EDUCATION,admin_survey,CAF,Central African Republic,WCA,LIC,2018,HALLUCINATION_T1,
ED_CR_L1,Education completion rate (primary),percentage,EDUCATION,admin_survey,CAF,Central African Republic,WCA,LIC,2019,POSITIVE,26.755501
ED_CR_L1,Education completion rate (primary),percentage,EDUCATION,admin_survey,CAF,Central African Republic,WCA,LIC,2020,HALLUCINATION_T1,
ED_CR_L1,Education completion rate (primary),percentage,EDUCATION,admin_survey,CAF,Central African Republic,WCA,LIC,2021,HALLUCINATION_T1,
ED_CR_L1,Education completion rate (primary),percentage,EDUCATION,admin_survey,CAF,Central African Republic,WCA,LIC,2022,HALLUCINATION_T1,
ED_CR_L1,Education completion rate (primary),percentage,EDUCATION,admin_survey,CAF,Central African Republic,WCA,LIC,2023,HALLUCINATION_T1,
ED_CR_L1,Education completion rate (primary),percentage,EDUCATION,admin_survey,CAF,Central African Republic,WCA,LIC,2024,HALLUCINATION_T1,
ED_CR_L1,Education completion rate (primary),percentage,EDUCATION,admin_survey,GNB,Guinea-Bissau,WCA,LIC,2000,HALLUCINATION_T1,
ED_CR_L1,Education completion rate (primary),percentage,EDUCATION,admin_survey,GNB,Guinea-Bissau,WCA,LIC,2001,HALLUCINATION_T1,
ED_CR_L1,Education completion rate (primary),percentage,EDUCATION,admin_survey,GNB,Guinea-Bissau,WCA,LIC,2002,HALLUCINATION_T1,
ED_CR_L1,Education completion rate (primary),percentage,EDUCATION,admin_survey,GNB,Guinea-Bissau,WCA,LIC,2003,HALLUCINATION_T1,
ED_CR_L1,Education completion rate (primary),percentage,EDUCATION,admin_survey,GNB,Guinea-Bissau,WCA,LIC,2004,HALLUCINATION_T1,
ED_CR_L1,Education completion rate (primary),percentage,EDUCATION,admin_survey,GNB,Guinea-Bissau,WCA,LIC,2005,HALLUCINATION_T1,
ED_CR_L1,Education completion rate (primary),percentage,EDUCATION,admin_survey,GNB,Guinea-Bissau,WCA,LIC,2006,HALLUCINATION_T1,
ED_CR_L1,Education completion rate (primary),percentage,EDUCATION,admin_survey,GNB,Guinea-Bissau,WCA,LIC,2007,HALLUCINATION_T1,
ED_CR_L1,Education completion rate (primary),percentage,EDUCATION,admin_survey,GNB,Guinea-Bissau,WCA,LIC,2008,HALLUCINATION_T1,
ED_CR_L1,Education completion rate (primary),percentage,EDUCATION,admin_survey,GNB,Guinea-Bissau,WCA,LIC,2009,HALLUCINATION_T1,
ED_CR_L1,Education completion rate (primary),percentage,EDUCATION,admin_survey,GNB,Guinea-Bissau,WCA,LIC,2010,HALLUCINATION_T1,
ED_CR_L1,Education completion rate (primary),percentage,EDUCATION,admin_survey,GNB,Guinea-Bissau,WCA,LIC,2011,HALLUCINATION_T1,
ED_CR_L1,Education completion rate (primary),percentage,EDUCATION,admin_survey,GNB,Guinea-Bissau,WCA,LIC,2012,HALLUCINATION_T1,
ED_CR_L1,Education completion rate (primary),percentage,EDUCATION,admin_survey,GNB,Guinea-Bissau,WCA,LIC,2013,HALLUCINATION_T1,
ED_CR_L1,Education completion rate (primary),percentage,EDUCATION,admin_survey,GNB,Guinea-Bissau,WCA,LIC,2014,HALLUCINATION_T1,
ED_CR_L1,Education completion rate (primary),percentage,EDUCATION,admin_survey,GNB,Guinea-Bissau,WCA,LIC,2015,HALLUCINATION_T1,
ED_CR_L1,Education completion rate (primary),percentage,EDUCATION,admin_survey,GNB,Guinea-Bissau,WCA,LIC,2016,HALLUCINATION_T1,
ED_CR_L1,Education completion rate (primary),percentage,EDUCATION,admin_survey,GNB,Guinea-Bissau,WCA,LIC,2017,HALLUCINATION_T1,
ED_CR_L1,Education completion rate (primary),percentage,EDUCATION,admin_survey,GNB,Guinea-Bissau,WCA,LIC,2018,HALLUCINATION_T1,
ED_CR_L1,Education completion rate (primary),percentage,EDUCATION,admin_survey,GNB,Guinea-Bissau,WCA,LIC,2019,POSITIVE,27.22732
ED_CR_L1,Education completion rate (primary),percentage,EDUCATION,admin_survey,GNB,Guinea-Bissau,WCA,LIC,2020,HALLUCINATION_T1,
ED_CR_L1,Education completion rate (primary),percentage,EDUCATION,admin_survey,GNB,Guinea-Bissau,WCA,LIC,2021,HALLUCINATION_T1,
ED_CR_L1,Education completion rate (primary),percentage,EDUCATION,admin_survey,GNB,Guinea-Bissau,WCA,LIC,2022,HALLUCINATION_T1,
ED_CR_L1,Education completion rate (primary),percentage,EDUCATION,admin_survey,GNB,Guinea-Bissau,WCA,LIC,2023,HALLUCINATION_T1,
ED_CR_L1,Education completion rate (primary),percentage,EDUCATION,admin_survey,GNB,Guinea-Bissau,WCA,LIC,2024,HALLUCINATION_T1,
ED_CR_L1,Education completion rate (primary),percentage,EDUCATION,admin_survey,COM,Comoros,ESA,LIC,2000,HALLUCINATION_T1,
ED_CR_L1,Education completion rate (primary),percentage,EDUCATION,admin_survey,COM,Comoros,ESA,LIC,2001,HALLUCINATION_T1,
ED_CR_L1,Education completion rate (primary),percentage,EDUCATION,admin_survey,COM,Comoros,ESA,LIC,2002,HALLUCINATION_T1,
ED_CR_L1,Education completion rate (primary),percentage,EDUCATION,admin_survey,COM,Comoros,ESA,LIC,2003,HALLUCINATION_T1,
ED_CR_L1,Education completion rate (primary),percentage,EDUCATION,admin_survey,COM,Comoros,ESA,LIC,2004,HALLUCINATION_T1,
ED_CR_L1,Education completion rate (primary),percentage,EDUCATION,admin_survey,COM,Comoros,ESA,LIC,2005,HALLUCINATION_T1,
ED_CR_L1,Education completion rate (primary),percentage,EDUCATION,admin_survey,COM,Comoros,ESA,LIC,2006,HALLUCINATION_T1,
ED_CR_L1,Education completion rate (primary),percentage,EDUCATION,admin_survey,COM,Comoros,ESA,LIC,2007,HALLUCINATION_T1,
ED_CR_L1,Education completion rate (primary),percentage,EDUCATION,admin_survey,COM,Comoros,ESA,LIC,2008,HALLUCINATION_T1,
ED_CR_L1,Education completion rate (primary),percentage,EDUCATION,admin_survey,COM,Comoros,ESA,LIC,2009,HALLUCINATION_T1,
ED_CR_L1,Education completion rate (primary),percentage,EDUCATION,admin_survey,COM,Comoros,ESA,LIC,2010,HALLUCINATION_T1,
ED_CR_L1,Education completion rate (primary),percentage,EDUCATION,admin_survey,COM,Comoros,ESA,LIC,2011,HALLUCINATION_T1,
ED_CR_L1,Education completion rate (primary),percentage,EDUCATION,admin_survey,COM,Comoros,ESA,LIC,2012,POSITIVE,76.0
ED_CR_L1,Education completion rate (primary),percentage,EDUCATION,admin_survey,COM,Comoros,ESA,LIC,2013,HALLUCINATION_T1,
ED_CR_L1,Education completion rate (primary),percentage,EDUCATION,admin_survey,COM,Comoros,ESA,LIC,2014,HALLUCINATION_T1,
ED_CR_L1,Education completion rate (primary),percentage,EDUCATION,admin_survey,COM,Comoros,ESA,LIC,2015,HALLUCINATION_T1,
ED_CR_L1,Education completion rate (primary),percentage,EDUCATION,admin_survey,COM,Comoros,ESA,LIC,2016,HALLUCINATION_T1,
ED_CR_L1,Education completion rate (primary),percentage,EDUCATION,admin_survey,COM,Comoros,ESA,LIC,2017,HALLUCINATION_T1,
ED_CR_L1,Education completion rate (primary),percentage,EDUCATION,admin_survey,COM,Comoros,ESA,LIC,2018,HALLUCINATION_T1,
ED_CR_L1,Education completion rate (primary),percentage,EDUCATION,admin_survey,COM,Comoros,ESA,LIC,2019,HALLUCINATION_T1,
ED_CR_L1,Education completion rate (primary),percentage,EDUCATION,admin_survey,COM,Comoros,ESA,LIC,2020,HALLUCINATION_T1,
ED_CR_L1,Education completion rate (primary),percentage,EDUCATION,admin_survey,COM,Comoros,ESA,LIC,2021,HALLUCINATION_T1,
ED_CR_L1,Education completion rate (primary),percentage,EDUCATION,admin_survey,COM,Comoros,ESA,LIC,2022,HALLUCINATION_T1,
ED_CR_L1,Education completion rate (primary),percentage,EDUCATION,admin_survey,COM,Comoros,ESA,LIC,2023,HALLUCINATION_T1,
ED_CR_L1,Education completion rate (primary),percentage,EDUCATION,admin_survey,COM,Comoros,ESA,LIC,2024,HALLUCINATION_T1,
ED_CR_L1,Education completion rate (primary),percentage,EDUCATION,admin_survey,ZMB,Zambia,ESA,LIC,2000,HALLUCINATION_T1,
ED_CR_L1,Education completion rate (primary),percentage,EDUCATION,admin_survey,ZMB,Zambia,ESA,LIC,2001,HALLUCINATION_T1,
ED_CR_L1,Education completion rate (primary),percentage,EDUCATION,admin_survey,ZMB,Zambia,ESA,LIC,2002,HALLUCINATION_T1,
ED_CR_L1,Education completion rate (primary),percentage,EDUCATION,admin_survey,ZMB,Zambia,ESA,LIC,2003,HALLUCINATION_T1,
ED_CR_L1,Education completion rate (primary),percentage,EDUCATION,admin_survey,ZMB,Zambia,ESA,LIC,2004,HALLUCINATION_T1,
ED_CR_L1,Education completion rate (primary),percentage,EDUCATION,admin_survey,ZMB,Zambia,ESA,LIC,2005,HALLUCINATION_T1,
ED_CR_L1,Education completion rate (primary),percentage,EDUCATION,admin_survey,ZMB,Zambia,ESA,LIC,2006,HALLUCINATION_T1,
ED_CR_L1,Education completion rate (primary),percentage,EDUCATION,admin_survey,ZMB,Zambia,ESA,LIC,2007,HALLUCINATION_T1,
ED_CR_L1,Education completion rate (primary),percentage,EDUCATION,admin_survey,ZMB,Zambia,ESA,LIC,2008,HALLUCINATION_T1,
ED_CR_L1,Education completion rate (primary),percentage,EDUCATION,admin_survey,ZMB,Zambia,ESA,LIC,2009,HALLUCINATION_T1,
ED_CR_L1,Education completion rate (primary),percentage,EDUCATION,admin_survey,ZMB,Zambia,ESA,LIC,2010,HALLUCINATION_T1,
ED_CR_L1,Education completion rate (primary),percentage,EDUCATION,admin_survey,ZMB,Zambia,ESA,LIC,2011,HALLUCINATION_T1,
ED_CR_L1,Education completion rate (primary),percentage,EDUCATION,admin_survey,ZMB,Zambia,ESA,LIC,2012,HALLUCINATION_T1,
ED_CR_L1,Education completion rate (primary),percentage,EDUCATION,admin_survey,ZMB,Zambia,ESA,LIC,2013,HALLUCINATION_T1,
ED_CR_L1,Education completion rate (primary),percentage,EDUCATION,admin_survey,ZMB,Zambia,ESA,LIC,2014,HALLUCINATION_T1,
ED_CR_L1,Education completion rate (primary),percentage,EDUCATION,admin_survey,ZMB,Zambia,ESA,LIC,2015,HALLUCINATION_T1,
ED_CR_L1,Education completion rate (primary),percentage,EDUCATION,admin_survey,ZMB,Zambia,ESA,LIC,2016,HALLUCINATION_T1,
ED_CR_L1,Education completion rate (primary),percentage,EDUCATION,admin_survey,ZMB,Zambia,ESA,LIC,2017,HALLUCINATION_T1,
ED_CR_L1,Education completion rate (primary),percentage,EDUCATION,admin_survey,ZMB,Zambia,ESA,LIC,2018,POSITIVE,72.170639
ED_CR_L1,Education completion rate (primary),percentage,EDUCATION,admin_survey,ZMB,Zambia,ESA,LIC,2019,HALLUCINATION_T1,
ED_CR_L1,Education completion rate (primary),percentage,EDUCATION,admin_survey,ZMB,Zambia,ESA,LIC,2020,HALLUCINATION_T1,
ED_CR_L1,Education completion rate (primary),percentage,EDUCATION,admin_survey,ZMB,Zambia,ESA,LIC,2021,HALLUCINATION_T1,
ED_CR_L1,Education completion rate (primary),percentage,EDUCATION,admin_survey,ZMB,Zambia,ESA,LIC,2022,HALLUCINATION_T1,
ED_CR_L1,Education completion rate (primary),percentage,EDUCATION,admin_survey,ZMB,Zambia,ESA,LIC,2023,HALLUCINATION_T1,
ED_CR_L1,Education completion rate (primary),percentage,EDUCATION,admin_survey,ZMB,Zambia,ESA,LIC,2024,HALLUCINATION_T1,
ED_CR_L1,Education completion rate (primary),percentage,EDUCATION,admin_survey,MAR,Morocco,MNA,LMC,2000,HALLUCINATION_T2,
ED_CR_L1,Education completion rate (primary),percentage,EDUCATION,admin_survey,MAR,Morocco,MNA,LMC,2001,HALLUCINATION_T2,
ED_CR_L1,Education completion rate (primary),percentage,EDUCATION,admin_survey,MAR,Morocco,MNA,LMC,2002,HALLUCINATION_T2,
ED_CR_L1,Education completion rate (primary),percentage,EDUCATION,admin_survey,MAR,Morocco,MNA,LMC,2003,HALLUCINATION_T2,
ED_CR_L1,Education completion rate (primary),percentage,EDUCATION,admin_survey,MAR,Morocco,MNA,LMC,2004,HALLUCINATION_T2,
ED_CR_L1,Education completion rate (primary),percentage,EDUCATION,admin_survey,MAR,Morocco,MNA,LMC,2005,HALLUCINATION_T2,
ED_CR_L1,Education completion rate (primary),percentage,EDUCATION,admin_survey,MAR,Morocco,MNA,LMC,2006,HALLUCINATION_T2,
ED_CR_L1,Education completion rate (primary),percentage,EDUCATION,admin_survey,MAR,Morocco,MNA,LMC,2007,HALLUCINATION_T2,
ED_CR_L1,Education completion rate (primary),percentage,EDUCATION,admin_survey,MAR,Morocco,MNA,LMC,2008,HALLUCINATION_T2,
ED_CR_L1,Education completion rate (primary),percentage,EDUCATION,admin_survey,MAR,Morocco,MNA,LMC,2009,HALLUCINATION_T2,
ED_CR_L1,Education completion rate (primary),percentage,EDUCATION,admin_survey,MAR,Morocco,MNA,LMC,2010,HALLUCINATION_T2,
ED_CR_L1,Education completion rate (primary),percentage,EDUCATION,admin_survey,MAR,Morocco,MNA,LMC,2011,HALLUCINATION_T2,
ED_CR_L1,Education completion rate (primary),percentage,EDUCATION,admin_survey,MAR,Morocco,MNA,LMC,2012,HALLUCINATION_T2,
ED_CR_L1,Education completion rate (primary),percentage,EDUCATION,admin_survey,MAR,Morocco,MNA,LMC,2013,HALLUCINATION_T2,
ED_CR_L1,Education completion rate (primary),percentage,EDUCATION,admin_survey,MAR,Morocco,MNA,LMC,2014,HALLUCINATION_T2,
ED_CR_L1,Education completion rate (primary),percentage,EDUCATION,admin_survey,MAR,Morocco,MNA,LMC,2015,HALLUCINATION_T2,
ED_CR_L1,Education completion rate (primary),percentage,EDUCATION,admin_survey,MAR,Morocco,MNA,LMC,2016,HALLUCINATION_T2,
ED_CR_L1,Education completion rate (primary),percentage,EDUCATION,admin_survey,MAR,Morocco,MNA,LMC,2017,HALLUCINATION_T2,
ED_CR_L1,Education completion rate (primary),percentage,EDUCATION,admin_survey,MAR,Morocco,MNA,LMC,2018,HALLUCINATION_T2,
ED_CR_L1,Education completion rate (primary),percentage,EDUCATION,admin_survey,MAR,Morocco,MNA,LMC,2019,HALLUCINATION_T2,
ED_CR_L1,Education completion rate (primary),percentage,EDUCATION,admin_survey,MAR,Morocco,MNA,LMC,2020,HALLUCINATION_T2,
ED_CR_L1,Education completion rate (primary),percentage,EDUCATION,admin_survey,MAR,Morocco,MNA,LMC,2021,HALLUCINATION_T2,
ED_CR_L1,Education completion rate (primary),percentage,EDUCATION,admin_survey,MAR,Morocco,MNA,LMC,2022,HALLUCINATION_T2,
ED_CR_L1,Education completion rate (primary),percentage,EDUCATION,admin_survey,MAR,Morocco,MNA,LMC,2023,HALLUCINATION_T2,
ED_CR_L1,Education completion rate (primary),percentage,EDUCATION,admin_survey,MAR,Morocco,MNA,LMC,2024,HALLUCINATION_T2,
ED_CR_L1,Education completion rate (primary),percentage,EDUCATION,admin_survey,DZA,Algeria,MNA,LMC,2000,HALLUCINATION_T1,
ED_CR_L1,Education completion rate (primary),percentage,EDUCATION,admin_survey,DZA,Algeria,MNA,LMC,2001,HALLUCINATION_T1,
ED_CR_L1,Education completion rate (primary),percentage,EDUCATION,admin_survey,DZA,Algeria,MNA,LMC,2002,HALLUCINATION_T1,
ED_CR_L1,Education completion rate (primary),percentage,EDUCATION,admin_survey,DZA,Algeria,MNA,LMC,2003,HALLUCINATION_T1,
ED_CR_L1,Education completion rate (primary),percentage,EDUCATION,admin_survey,DZA,Algeria,MNA,LMC,2004,HALLUCINATION_T1,
ED_CR_L1,Education completion rate (primary),percentage,EDUCATION,admin_survey,DZA,Algeria,MNA,LMC,2005,HALLUCINATION_T1,
ED_CR_L1,Education completion rate (primary),percentage,EDUCATION,admin_survey,DZA,Algeria,MNA,LMC,2006,HALLUCINATION_T1,
ED_CR_L1,Education completion rate (primary),percentage,EDUCATION,admin_survey,DZA,Algeria,MNA,LMC,2007,HALLUCINATION_T1,
ED_CR_L1,Education completion rate (primary),percentage,EDUCATION,admin_survey,DZA,Algeria,MNA,LMC,2008,HALLUCINATION_T1,
ED_CR_L1,Education completion rate (primary),percentage,EDUCATION,admin_survey,DZA,Algeria,MNA,LMC,2009,HALLUCINATION_T1,
ED_CR_L1,Education completion rate (primary),percentage,EDUCATION,admin_survey,DZA,Algeria,MNA,LMC,2010,HALLUCINATION_T1,
ED_CR_L1,Education completion rate (primary),percentage,EDUCATION,admin_survey,DZA,Algeria,MNA,LMC,2011,HALLUCINATION_T1,
ED_CR_L1,Education completion rate (primary),percentage,EDUCATION,admin_survey,DZA,Algeria,MNA,LMC,2012,HALLUCINATION_T1,
ED_CR_L1,Education completion rate (primary),percentage,EDUCATION,admin_survey,DZA,Algeria,MNA,LMC,2013,HALLUCINATION_T1,
ED_CR_L1,Education completion rate (primary),percentage,EDUCATION,admin_survey,DZA,Algeria,MNA,LMC,2014,HALLUCINATION_T1,
ED_CR_L1,Education completion rate (primary),percentage,EDUCATION,admin_survey,DZA,Algeria,MNA,LMC,2015,HALLUCINATION_T1,
ED_CR_L1,Education completion rate (primary),percentage,EDUCATION,admin_survey,DZA,Algeria,MNA,LMC,2016,HALLUCINATION_T1,
ED_CR_L1,Education completion rate (primary),percentage,EDUCATION,admin_survey,DZA,Algeria,MNA,LMC,2017,HALLUCINATION_T1,
ED_CR_L1,Education completion rate (primary),percentage,EDUCATION,admin_survey,DZA,Algeria,MNA,LMC,2018,HALLUCINATION_T1,
ED_CR_L1,Education completion rate (primary),percentage,EDUCATION,admin_survey,DZA,Algeria,MNA,LMC,2019,HALLUCINATION_T1,
ED_CR_L1,Education completion rate (primary),percentage,EDUCATION,admin_survey,DZA,Algeria,MNA,LMC,2020,POSITIVE,94.708633
ED_CR_L1,Education completion rate (primary),percentage,EDUCATION,admin_survey,DZA,Algeria,MNA,LMC,2021,HALLUCINATION_T1,
ED_CR_L1,Education completion rate (primary),percentage,EDUCATION,admin_survey,DZA,Algeria,MNA,LMC,2022,HALLUCINATION_T1,
ED_CR_L1,Education completion rate (primary),percentage,EDUCATION,admin_survey,DZA,Algeria,MNA,LMC,2023,HALLUCINATION_T1,
ED_CR_L1,Education completion rate (primary),percentage,EDUCATION,admin_survey,DZA,Algeria,MNA,LMC,2024,HALLUCINATION_T1,
ED_CR_L1,Education completion rate (primary),percentage,EDUCATION,admin_survey,LAO,Laos,EAP,LMC,2000,HALLUCINATION_T1,
ED_CR_L1,Education completion rate (primary),percentage,EDUCATION,admin_survey,LAO,Laos,EAP,LMC,2001,HALLUCINATION_T1,
ED_CR_L1,Education completion rate (primary),percentage,EDUCATION,admin_survey,LAO,Laos,EAP,LMC,2002,HALLUCINATION_T1,
ED_CR_L1,Education completion rate (primary),percentage,EDUCATION,admin_survey,LAO,Laos,EAP,LMC,2003,HALLUCINATION_T1,
ED_CR_L1,Education completion rate (primary),percentage,EDUCATION,admin_survey,LAO,Laos,EAP,LMC,2004,HALLUCINATION_T1,
ED_CR_L1,Education completion rate (primary),percentage,EDUCATION,admin_survey,LAO,Laos,EAP,LMC,2005,HALLUCINATION_T1,
ED_CR_L1,Education completion rate (primary),percentage,EDUCATION,admin_survey,LAO,Laos,EAP,LMC,2006,HALLUCINATION_T1,
ED_CR_L1,Education completion rate (primary),percentage,EDUCATION,admin_survey,LAO,Laos,EAP,LMC,2007,HALLUCINATION_T1,
ED_CR_L1,Education completion rate (primary),percentage,EDUCATION,admin_survey,LAO,Laos,EAP,LMC,2008,HALLUCINATION_T1,
ED_CR_L1,Education completion rate (primary),percentage,EDUCATION,admin_survey,LAO,Laos,EAP,LMC,2009,HALLUCINATION_T1,
ED_CR_L1,Education completion rate (primary),percentage,EDUCATION,admin_survey,LAO,Laos,EAP,LMC,2010,HALLUCINATION_T1,
ED_CR_L1,Education completion rate (primary),percentage,EDUCATION,admin_survey,LAO,Laos,EAP,LMC,2011,HALLUCINATION_T1,
ED_CR_L1,Education completion rate (primary),percentage,EDUCATION,admin_survey,LAO,Laos,EAP,LMC,2012,HALLUCINATION_T1,
ED_CR_L1,Education completion rate (primary),percentage,EDUCATION,admin_survey,LAO,Laos,EAP,LMC,2013,HALLUCINATION_T1,
ED_CR_L1,Education completion rate (primary),percentage,EDUCATION,admin_survey,LAO,Laos,EAP,LMC,2014,HALLUCINATION_T1,
ED_CR_L1,Education completion rate (primary),percentage,EDUCATION,admin_survey,LAO,Laos,EAP,LMC,2015,HALLUCINATION_T1,
ED_CR_L1,Education completion rate (primary),percentage,EDUCATION,admin_survey,LAO,Laos,EAP,LMC,2016,HALLUCINATION_T1,
ED_CR_L1,Education completion rate (primary),percentage,EDUCATION,admin_survey,LAO,Laos,EAP,LMC,2017,POSITIVE,83.433311
ED_CR_L1,Education completion rate (primary),percentage,EDUCATION,admin_survey,LAO,Laos,EAP,LMC,2018,HALLUCINATION_T1,
ED_CR_L1,Education completion rate (primary),percentage,EDUCATION,admin_survey,LAO,Laos,EAP,LMC,2019,HALLUCINATION_T1,
ED_CR_L1,Education completion rate (primary),percentage,EDUCATION,admin_survey,LAO,Laos,EAP,LMC,2020,HALLUCINATION_T1,
ED_CR_L1,Education completion rate (primary),percentage,EDUCATION,admin_survey,LAO,Laos,EAP,LMC,2021,HALLUCINATION_T1,
ED_CR_L1,Education completion rate (primary),percentage,EDUCATION,admin_survey,LAO,Laos,EAP,LMC,2022,HALLUCINATION_T1,
ED_CR_L1,Education completion rate (primary),percentage,EDUCATION,admin_survey,LAO,Laos,EAP,LMC,2023,HALLUCINATION_T1,
ED_CR_L1,Education completion rate (primary),percentage,EDUCATION,admin_survey,LAO,Laos,EAP,LMC,2024,HALLUCINATION_T1,
ED_CR_L1,Education completion rate (primary),percentage,EDUCATION,admin_survey,KGZ,Kyrgyzstan,ECA,LMC,2000,HALLUCINATION_T1,
ED_CR_L1,Education completion rate (primary),percentage,EDUCATION,admin_survey,KGZ,Kyrgyzstan,ECA,LMC,2001,HALLUCINATION_T1,
ED_CR_L1,Education completion rate (primary),percentage,EDUCATION,admin_survey,KGZ,Kyrgyzstan,ECA,LMC,2002,HALLUCINATION_T1,
ED_CR_L1,Education completion rate (primary),percentage,EDUCATION,admin_survey,KGZ,Kyrgyzstan,ECA,LMC,2003,HALLUCINATION_T1,
ED_CR_L1,Education completion rate (primary),percentage,EDUCATION,admin_survey,KGZ,Kyrgyzstan,ECA,LMC,2004,HALLUCINATION_T1,
ED_CR_L1,Education completion rate (primary),percentage,EDUCATION,admin_survey,KGZ,Kyrgyzstan,ECA,LMC,2005,HALLUCINATION_T1,
ED_CR_L1,Education completion rate (primary),percentage,EDUCATION,admin_survey,KGZ,Kyrgyzstan,ECA,LMC,2006,HALLUCINATION_T1,
ED_CR_L1,Education completion rate (primary),percentage,EDUCATION,admin_survey,KGZ,Kyrgyzstan,ECA,LMC,2007,HALLUCINATION_T1,
ED_CR_L1,Education completion rate (primary),percentage,EDUCATION,admin_survey,KGZ,Kyrgyzstan,ECA,LMC,2008,HALLUCINATION_T1,
ED_CR_L1,Education completion rate (primary),percentage,EDUCATION,admin_survey,KGZ,Kyrgyzstan,ECA,LMC,2009,HALLUCINATION_T1,
ED_CR_L1,Education completion rate (primary),percentage,EDUCATION,admin_survey,KGZ,Kyrgyzstan,ECA,LMC,2010,HALLUCINATION_T1,
ED_CR_L1,Education completion rate (primary),percentage,EDUCATION,admin_survey,KGZ,Kyrgyzstan,ECA,LMC,2011,HALLUCINATION_T1,
ED_CR_L1,Education completion rate (primary),percentage,EDUCATION,admin_survey,KGZ,Kyrgyzstan,ECA,LMC,2012,HALLUCINATION_T1,
ED_CR_L1,Education completion rate (primary),percentage,EDUCATION,admin_survey,KGZ,Kyrgyzstan,ECA,LMC,2013,HALLUCINATION_T1,
ED_CR_L1,Education completion rate (primary),percentage,EDUCATION,admin_survey,KGZ,Kyrgyzstan,ECA,LMC,2014,HALLUCINATION_T1,
ED_CR_L1,Education completion rate (primary),percentage,EDUCATION,admin_survey,KGZ,Kyrgyzstan,ECA,LMC,2015,HALLUCINATION_T1,
ED_CR_L1,Education completion rate (primary),percentage,EDUCATION,admin_survey,KGZ,Kyrgyzstan,ECA,LMC,2016,HALLUCINATION_T1,
ED_CR_L1,Education completion rate (primary),percentage,EDUCATION,admin_survey,KGZ,Kyrgyzstan,ECA,LMC,2017,HALLUCINATION_T1,
ED_CR_L1,Education completion rate (primary),percentage,EDUCATION,admin_survey,KGZ,Kyrgyzstan,ECA,LMC,2018,POSITIVE,99.199997
ED_CR_L1,Education completion rate (primary),percentage,EDUCATION,admin_survey,KGZ,Kyrgyzstan,ECA,LMC,2019,HALLUCINATION_T1,
ED_CR_L1,Education completion rate (primary),percentage,EDUCATION,admin_survey,KGZ,Kyrgyzstan,ECA,LMC,2020,HALLUCINATION_T1,
ED_CR_L1,Education completion rate (primary),percentage,EDUCATION,admin_survey,KGZ,Kyrgyzstan,ECA,LMC,2021,HALLUCINATION_T1,
ED_CR_L1,Education completion rate (primary),percentage,EDUCATION,admin_survey,KGZ,Kyrgyzstan,ECA,LMC,2022,HALLUCINATION_T1,
ED_CR_L1,Education completion rate (primary),percentage,EDUCATION,admin_survey,KGZ,Kyrgyzstan,ECA,LMC,2023,HALLUCINATION_T1,
ED_CR_L1,Education completion rate (primary),percentage,EDUCATION,admin_survey,KGZ,Kyrgyzstan,ECA,LMC,2024,HALLUCINATION_T1,
ED_CR_L1,Education completion rate (primary),percentage,EDUCATION,admin_survey,TJK,Tajikistan,ECA,LMC,2000,HALLUCINATION_T1,
ED_CR_L1,Education completion rate (primary),percentage,EDUCATION,admin_survey,TJK,Tajikistan,ECA,LMC,2001,HALLUCINATION_T1,
ED_CR_L1,Education completion rate (primary),percentage,EDUCATION,admin_survey,TJK,Tajikistan,ECA,LMC,2002,HALLUCINATION_T1,
ED_CR_L1,Education completion rate (primary),percentage,EDUCATION,admin_survey,TJK,Tajikistan,ECA,LMC,2003,HALLUCINATION_T1,
ED_CR_L1,Education completion rate (primary),percentage,EDUCATION,admin_survey,TJK,Tajikistan,ECA,LMC,2004,HALLUCINATION_T1,
ED_CR_L1,Education completion rate (primary),percentage,EDUCATION,admin_survey,TJK,Tajikistan,ECA,LMC,2005,HALLUCINATION_T1,
ED_CR_L1,Education completion rate (primary),percentage,EDUCATION,admin_survey,TJK,Tajikistan,ECA,LMC,2006,HALLUCINATION_T1,
ED_CR_L1,Education completion rate (primary),percentage,EDUCATION,admin_survey,TJK,Tajikistan,ECA,LMC,2007,HALLUCINATION_T1,
ED_CR_L1,Education completion rate (primary),percentage,EDUCATION,admin_survey,TJK,Tajikistan,ECA,LMC,2008,HALLUCINATION_T1,
ED_CR_L1,Education completion rate (primary),percentage,EDUCATION,admin_survey,TJK,Tajikistan,ECA,LMC,2009,HALLUCINATION_T1,
ED_CR_L1,Education completion rate (primary),percentage,EDUCATION,admin_survey,TJK,Tajikistan,ECA,LMC,2010,HALLUCINATION_T1,
ED_CR_L1,Education completion rate (primary),percentage,EDUCATION,admin_survey,TJK,Tajikistan,ECA,LMC,2011,HALLUCINATION_T1,
ED_CR_L1,Education completion rate (primary),percentage,EDUCATION,admin_survey,TJK,Tajikistan,ECA,LMC,2012,HALLUCINATION_T1,
ED_CR_L1,Education completion rate (primary),percentage,EDUCATION,admin_survey,TJK,Tajikistan,ECA,LMC,2013,HALLUCINATION_T1,
ED_CR_L1,Education completion rate (primary),percentage,EDUCATION,admin_survey,TJK,Tajikistan,ECA,LMC,2014,HALLUCINATION_T1,
ED_CR_L1,Education completion rate (primary),percentage,EDUCATION,admin_survey,TJK,Tajikistan,ECA,LMC,2015,HALLUCINATION_T1,
ED_CR_L1,Education completion rate (primary),percentage,EDUCATION,admin_survey,TJK,Tajikistan,ECA,LMC,2016,HALLUCINATION_T1,
ED_CR_L1,Education completion rate (primary),percentage,EDUCATION,admin_survey,TJK,Tajikistan,ECA,LMC,2017,POSITIVE,98.471497
ED_CR_L1,Education completion rate (primary),percentage,EDUCATION,admin_survey,TJK,Tajikistan,ECA,LMC,2018,HALLUCINATION_T1,
ED_CR_L1,Education completion rate (primary),percentage,EDUCATION,admin_survey,TJK,Tajikistan,ECA,LMC,2019,HALLUCINATION_T1,
ED_CR_L1,Education completion rate (primary),percentage,EDUCATION,admin_survey,TJK,Tajikistan,ECA,LMC,2020,HALLUCINATION_T1,
ED_CR_L1,Education completion rate (primary),percentage,EDUCATION,admin_survey,TJK,Tajikistan,ECA,LMC,2021,HALLUCINATION_T1,
ED_CR_L1,Education completion rate (primary),percentage,EDUCATION,admin_survey,TJK,Tajikistan,ECA,LMC,2022,HALLUCINATION_T1,
ED_CR_L1,Education completion rate (primary),percentage,EDUCATION,admin_survey,TJK,Tajikistan,ECA,LMC,2023,HALLUCINATION_T1,
ED_CR_L1,Education completion rate (primary),percentage,EDUCATION,admin_survey,TJK,Tajikistan,ECA,LMC,2024,HALLUCINATION_T1,
ED_CR_L1,Education completion rate (primary),percentage,EDUCATION,admin_survey,IRN,Iran,MNA,UMC,2000,HALLUCINATION_T2,
ED_CR_L1,Education completion rate (primary),percentage,EDUCATION,admin_survey,IRN,Iran,MNA,UMC,2001,HALLUCINATION_T2,
ED_CR_L1,Education completion rate (primary),percentage,EDUCATION,admin_survey,IRN,Iran,MNA,UMC,2002,HALLUCINATION_T2,
ED_CR_L1,Education completion rate (primary),percentage,EDUCATION,admin_survey,IRN,Iran,MNA,UMC,2003,HALLUCINATION_T2,
ED_CR_L1,Education completion rate (primary),percentage,EDUCATION,admin_survey,IRN,Iran,MNA,UMC,2004,HALLUCINATION_T2,
ED_CR_L1,Education completion rate (primary),percentage,EDUCATION,admin_survey,IRN,Iran,MNA,UMC,2005,HALLUCINATION_T2,
ED_CR_L1,Education completion rate (primary),percentage,EDUCATION,admin_survey,IRN,Iran,MNA,UMC,2006,HALLUCINATION_T2,
ED_CR_L1,Education completion rate (primary),percentage,EDUCATION,admin_survey,IRN,Iran,MNA,UMC,2007,HALLUCINATION_T2,
ED_CR_L1,Education completion rate (primary),percentage,EDUCATION,admin_survey,IRN,Iran,MNA,UMC,2008,HALLUCINATION_T2,
ED_CR_L1,Education completion rate (primary),percentage,EDUCATION,admin_survey,IRN,Iran,MNA,UMC,2009,HALLUCINATION_T2,
ED_CR_L1,Education completion rate (primary),percentage,EDUCATION,admin_survey,IRN,Iran,MNA,UMC,2010,HALLUCINATION_T2,
ED_CR_L1,Education completion rate (primary),percentage,EDUCATION,admin_survey,IRN,Iran,MNA,UMC,2011,HALLUCINATION_T2,
ED_CR_L1,Education completion rate (primary),percentage,EDUCATION,admin_survey,IRN,Iran,MNA,UMC,2012,HALLUCINATION_T2,
ED_CR_L1,Education completion rate (primary),percentage,EDUCATION,admin_survey,IRN,Iran,MNA,UMC,2013,HALLUCINATION_T2,
ED_CR_L1,Education completion rate (primary),percentage,EDUCATION,admin_survey,IRN,Iran,MNA,UMC,2014,HALLUCINATION_T2,
ED_CR_L1,Education completion rate (primary),percentage,EDUCATION,admin_survey,IRN,Iran,MNA,UMC,2015,HALLUCINATION_T2,
ED_CR_L1,Education completion rate (primary),percentage,EDUCATION,admin_survey,IRN,Iran,MNA,UMC,2016,HALLUCINATION_T2,
ED_CR_L1,Education completion rate (primary),percentage,EDUCATION,admin_survey,IRN,Iran,MNA,UMC,2017,HALLUCINATION_T2,
ED_CR_L1,Education completion rate (primary),percentage,EDUCATION,admin_survey,IRN,Iran,MNA,UMC,2018,HALLUCINATION_T2,
ED_CR_L1,Education completion rate (primary),percentage,EDUCATION,admin_survey,IRN,Iran,MNA,UMC,2019,HALLUCINATION_T2,
ED_CR_L1,Education completion rate (primary),percentage,EDUCATION,admin_survey,IRN,Iran,MNA,UMC,2020,HALLUCINATION_T2,
ED_CR_L1,Education completion rate (primary),percentage,EDUCATION,admin_survey,IRN,Iran,MNA,UMC,2021,HALLUCINATION_T2,
ED_CR_L1,Education completion rate (primary),percentage,EDUCATION,admin_survey,IRN,Iran,MNA,UMC,2022,HALLUCINATION_T2,
ED_CR_L1,Education completion rate (primary),percentage,EDUCATION,admin_survey,IRN,Iran,MNA,UMC,2023,HALLUCINATION_T2,
ED_CR_L1,Education completion rate (primary),percentage,EDUCATION,admin_survey,IRN,Iran,MNA,UMC,2024,HALLUCINATION_T2,
ED_CR_L1,Education completion rate (primary),percentage,EDUCATION,admin_survey,AZE,Azerbaijan,ECA,UMC,2000,HALLUCINATION_T2,
ED_CR_L1,Education completion rate (primary),percentage,EDUCATION,admin_survey,AZE,Azerbaijan,ECA,UMC,2001,HALLUCINATION_T2,
ED_CR_L1,Education completion rate (primary),percentage,EDUCATION,admin_survey,AZE,Azerbaijan,ECA,UMC,2002,HALLUCINATION_T2,
ED_CR_L1,Education completion rate (primary),percentage,EDUCATION,admin_survey,AZE,Azerbaijan,ECA,UMC,2003,HALLUCINATION_T2,
ED_CR_L1,Education completion rate (primary),percentage,EDUCATION,admin_survey,AZE,Azerbaijan,ECA,UMC,2004,HALLUCINATION_T2,
ED_CR_L1,Education completion rate (primary),percentage,EDUCATION,admin_survey,AZE,Azerbaijan,ECA,UMC,2005,HALLUCINATION_T2,
ED_CR_L1,Education completion rate (primary),percentage,EDUCATION,admin_survey,AZE,Azerbaijan,ECA,UMC,2006,HALLUCINATION_T2,
ED_CR_L1,Education completion rate (primary),percentage,EDUCATION,admin_survey,AZE,Azerbaijan,ECA,UMC,2007,HALLUCINATION_T2,
ED_CR_L1,Education completion rate (primary),percentage,EDUCATION,admin_survey,AZE,Azerbaijan,ECA,UMC,2008,HALLUCINATION_T2,
ED_CR_L1,Education completion rate (primary),percentage,EDUCATION,admin_survey,AZE,Azerbaijan,ECA,UMC,2009,HALLUCINATION_T2,
ED_CR_L1,Education completion rate (primary),percentage,EDUCATION,admin_survey,AZE,Azerbaijan,ECA,UMC,2010,HALLUCINATION_T2,
ED_CR_L1,Education completion rate (primary),percentage,EDUCATION,admin_survey,AZE,Azerbaijan,ECA,UMC,2011,HALLUCINATION_T2,
ED_CR_L1,Education completion rate (primary),percentage,EDUCATION,admin_survey,AZE,Azerbaijan,ECA,UMC,2012,HALLUCINATION_T2,
ED_CR_L1,Education completion rate (primary),percentage,EDUCATION,admin_survey,AZE,Azerbaijan,ECA,UMC,2013,HALLUCINATION_T2,
ED_CR_L1,Education completion rate (primary),percentage,EDUCATION,admin_survey,AZE,Azerbaijan,ECA,UMC,2014,HALLUCINATION_T2,
ED_CR_L1,Education completion rate (primary),percentage,EDUCATION,admin_survey,AZE,Azerbaijan,ECA,UMC,2015,HALLUCINATION_T2,
ED_CR_L1,Education completion rate (primary),percentage,EDUCATION,admin_survey,AZE,Azerbaijan,ECA,UMC,2016,HALLUCINATION_T2,
ED_CR_L1,Education completion rate (primary),percentage,EDUCATION,admin_survey,AZE,Azerbaijan,ECA,UMC,2017,HALLUCINATION_T2,
ED_CR_L1,Education completion rate (primary),percentage,EDUCATION,admin_survey,AZE,Azerbaijan,ECA,UMC,2018,HALLUCINATION_T2,
ED_CR_L1,Education completion rate (primary),percentage,EDUCATION,admin_survey,AZE,Azerbaijan,ECA,UMC,2019,HALLUCINATION_T2,
ED_CR_L1,Education completion rate (primary),percentage,EDUCATION,admin_survey,AZE,Azerbaijan,ECA,UMC,2020,HALLUCINATION_T2,
ED_CR_L1,Education completion rate (primary),percentage,EDUCATION,admin_survey,AZE,Azerbaijan,ECA,UMC,2021,HALLUCINATION_T2,
ED_CR_L1,Education completion rate (primary),percentage,EDUCATION,admin_survey,AZE,Azerbaijan,ECA,UMC,2022,HALLUCINATION_T2,
ED_CR_L1,Education completion rate (primary),percentage,EDUCATION,admin_survey,AZE,Azerbaijan,ECA,UMC,2023,HALLUCINATION_T2,
ED_CR_L1,Education completion rate (primary),percentage,EDUCATION,admin_survey,AZE,Azerbaijan,ECA,UMC,2024,HALLUCINATION_T2,
ED_CR_L1,Education completion rate (primary),percentage,EDUCATION,admin_survey,GEO,Georgia,ECA,UMC,2000,HALLUCINATION_T1,
ED_CR_L1,Education completion rate (primary),percentage,EDUCATION,admin_survey,GEO,Georgia,ECA,UMC,2001,HALLUCINATION_T1,
ED_CR_L1,Education completion rate (primary),percentage,EDUCATION,admin_survey,GEO,Georgia,ECA,UMC,2002,HALLUCINATION_T1,
ED_CR_L1,Education completion rate (primary),percentage,EDUCATION,admin_survey,GEO,Georgia,ECA,UMC,2003,HALLUCINATION_T1,
ED_CR_L1,Education completion rate (primary),percentage,EDUCATION,admin_survey,GEO,Georgia,ECA,UMC,2004,HALLUCINATION_T1,
ED_CR_L1,Education completion rate (primary),percentage,EDUCATION,admin_survey,GEO,Georgia,ECA,UMC,2005,HALLUCINATION_T1,
ED_CR_L1,Education completion rate (primary),percentage,EDUCATION,admin_survey,GEO,Georgia,ECA,UMC,2006,HALLUCINATION_T1,
ED_CR_L1,Education completion rate (primary),percentage,EDUCATION,admin_survey,GEO,Georgia,ECA,UMC,2007,HALLUCINATION_T1,
ED_CR_L1,Education completion rate (primary),percentage,EDUCATION,admin_survey,GEO,Georgia,ECA,UMC,2008,HALLUCINATION_T1,
ED_CR_L1,Education completion rate (primary),percentage,EDUCATION,admin_survey,GEO,Georgia,ECA,UMC,2009,HALLUCINATION_T1,
ED_CR_L1,Education completion rate (primary),percentage,EDUCATION,admin_survey,GEO,Georgia,ECA,UMC,2010,HALLUCINATION_T1,
ED_CR_L1,Education completion rate (primary),percentage,EDUCATION,admin_survey,GEO,Georgia,ECA,UMC,2011,HALLUCINATION_T1,
ED_CR_L1,Education completion rate (primary),percentage,EDUCATION,admin_survey,GEO,Georgia,ECA,UMC,2012,HALLUCINATION_T1,
ED_CR_L1,Education completion rate (primary),percentage,EDUCATION,admin_survey,GEO,Georgia,ECA,UMC,2013,HALLUCINATION_T1,
ED_CR_L1,Education completion rate (primary),percentage,EDUCATION,admin_survey,GEO,Georgia,ECA,UMC,2014,HALLUCINATION_T1,
ED_CR_L1,Education completion rate (primary),percentage,EDUCATION,admin_survey,GEO,Georgia,ECA,UMC,2015,HALLUCINATION_T1,
ED_CR_L1,Education completion rate (primary),percentage,EDUCATION,admin_survey,GEO,Georgia,ECA,UMC,2016,HALLUCINATION_T1,
ED_CR_L1,Education completion rate (primary),percentage,EDUCATION,admin_survey,GEO,Georgia,ECA,UMC,2017,HALLUCINATION_T1,
ED_CR_L1,Education completion rate (primary),percentage,EDUCATION,admin_survey,GEO,Georgia,ECA,UMC,2018,POSITIVE,99.900002
ED_CR_L1,Education completion rate (primary),percentage,EDUCATION,admin_survey,GEO,Georgia,ECA,UMC,2019,HALLUCINATION_T1,
ED_CR_L1,Education completion rate (primary),percentage,EDUCATION,admin_survey,GEO,Georgia,ECA,UMC,2020,HALLUCINATION_T1,
ED_CR_L1,Education completion rate (primary),percentage,EDUCATION,admin_survey,GEO,Georgia,ECA,UMC,2021,HALLUCINATION_T1,
ED_CR_L1,Education completion rate (primary),percentage,EDUCATION,admin_survey,GEO,Georgia,ECA,UMC,2022,HALLUCINATION_T1,
ED_CR_L1,Education completion rate (primary),percentage,EDUCATION,admin_survey,GEO,Georgia,ECA,UMC,2023,HALLUCINATION_T1,
ED_CR_L1,Education completion rate (primary),percentage,EDUCATION,admin_survey,GEO,Georgia,ECA,UMC,2024,HALLUCINATION_T1,
ED_CR_L1,Education completion rate (primary),percentage,EDUCATION,admin_survey,ALB,Albania,ECA,UMC,2000,HALLUCINATION_T1,
ED_CR_L1,Education completion rate (primary),percentage,EDUCATION,admin_survey,ALB,Albania,ECA,UMC,2001,HALLUCINATION_T1,
ED_CR_L1,Education completion rate (primary),percentage,EDUCATION,admin_survey,ALB,Albania,ECA,UMC,2002,HALLUCINATION_T1,
ED_CR_L1,Education completion rate (primary),percentage,EDUCATION,admin_survey,ALB,Albania,ECA,UMC,2003,HALLUCINATION_T1,
ED_CR_L1,Education completion rate (primary),percentage,EDUCATION,admin_survey,ALB,Albania,ECA,UMC,2004,HALLUCINATION_T1,
ED_CR_L1,Education completion rate (primary),percentage,EDUCATION,admin_survey,ALB,Albania,ECA,UMC,2005,HALLUCINATION_T1,
ED_CR_L1,Education completion rate (primary),percentage,EDUCATION,admin_survey,ALB,Albania,ECA,UMC,2006,HALLUCINATION_T1,
ED_CR_L1,Education completion rate (primary),percentage,EDUCATION,admin_survey,ALB,Albania,ECA,UMC,2007,HALLUCINATION_T1,
ED_CR_L1,Education completion rate (primary),percentage,EDUCATION,admin_survey,ALB,Albania,ECA,UMC,2008,HALLUCINATION_T1,
ED_CR_L1,Education completion rate (primary),percentage,EDUCATION,admin_survey,ALB,Albania,ECA,UMC,2009,HALLUCINATION_T1,
ED_CR_L1,Education completion rate (primary),percentage,EDUCATION,admin_survey,ALB,Albania,ECA,UMC,2010,HALLUCINATION_T1,
ED_CR_L1,Education completion rate (primary),percentage,EDUCATION,admin_survey,ALB,Albania,ECA,UMC,2011,HALLUCINATION_T1,
ED_CR_L1,Education completion rate (primary),percentage,EDUCATION,admin_survey,ALB,Albania,ECA,UMC,2012,HALLUCINATION_T1,
ED_CR_L1,Education completion rate (primary),percentage,EDUCATION,admin_survey,ALB,Albania,ECA,UMC,2013,HALLUCINATION_T1,
ED_CR_L1,Education completion rate (primary),percentage,EDUCATION,admin_survey,ALB,Albania,ECA,UMC,2014,HALLUCINATION_T1,
ED_CR_L1,Education completion rate (primary),percentage,EDUCATION,admin_survey,ALB,Albania,ECA,UMC,2015,HALLUCINATION_T1,
ED_CR_L1,Education completion rate (primary),percentage,EDUCATION,admin_survey,ALB,Albania,ECA,UMC,2016,HALLUCINATION_T1,
ED_CR_L1,Education completion rate (primary),percentage,EDUCATION,admin_survey,ALB,Albania,ECA,UMC,2017,HALLUCINATION_T1,
ED_CR_L1,Education completion rate (primary),percentage,EDUCATION,admin_survey,ALB,Albania,ECA,UMC,2018,POSITIVE,94.92128
ED_CR_L1,Education completion rate (primary),percentage,EDUCATION,admin_survey,ALB,Albania,ECA,UMC,2019,HALLUCINATION_T1,
ED_CR_L1,Education completion rate (primary),percentage,EDUCATION,admin_survey,ALB,Albania,ECA,UMC,2020,HALLUCINATION_T1,
ED_CR_L1,Education completion rate (primary),percentage,EDUCATION,admin_survey,ALB,Albania,ECA,UMC,2021,HALLUCINATION_T1,
ED_CR_L1,Education completion rate (primary),percentage,EDUCATION,admin_survey,ALB,Albania,ECA,UMC,2022,HALLUCINATION_T1,
ED_CR_L1,Education completion rate (primary),percentage,EDUCATION,admin_survey,ALB,Albania,ECA,UMC,2023,HALLUCINATION_T1,
ED_CR_L1,Education completion rate (primary),percentage,EDUCATION,admin_survey,ALB,Albania,ECA,UMC,2024,HALLUCINATION_T1,
ED_CR_L1,Education completion rate (primary),percentage,EDUCATION,admin_survey,BLR,Belarus,ECA,UMC,2000,HALLUCINATION_T1,
ED_CR_L1,Education completion rate (primary),percentage,EDUCATION,admin_survey,BLR,Belarus,ECA,UMC,2001,HALLUCINATION_T1,
ED_CR_L1,Education completion rate (primary),percentage,EDUCATION,admin_survey,BLR,Belarus,ECA,UMC,2002,HALLUCINATION_T1,
ED_CR_L1,Education completion rate (primary),percentage,EDUCATION,admin_survey,BLR,Belarus,ECA,UMC,2003,HALLUCINATION_T1,
ED_CR_L1,Education completion rate (primary),percentage,EDUCATION,admin_survey,BLR,Belarus,ECA,UMC,2004,HALLUCINATION_T1,
ED_CR_L1,Education completion rate (primary),percentage,EDUCATION,admin_survey,BLR,Belarus,ECA,UMC,2005,HALLUCINATION_T1,
ED_CR_L1,Education completion rate (primary),percentage,EDUCATION,admin_survey,BLR,Belarus,ECA,UMC,2006,HALLUCINATION_T1,
ED_CR_L1,Education completion rate (primary),percentage,EDUCATION,admin_survey,BLR,Belarus,ECA,UMC,2007,HALLUCINATION_T1,
ED_CR_L1,Education completion rate (primary),percentage,EDUCATION,admin_survey,BLR,Belarus,ECA,UMC,2008,HALLUCINATION_T1,
ED_CR_L1,Education completion rate (primary),percentage,EDUCATION,admin_survey,BLR,Belarus,ECA,UMC,2009,HALLUCINATION_T1,
ED_CR_L1,Education completion rate (primary),percentage,EDUCATION,admin_survey,BLR,Belarus,ECA,UMC,2010,HALLUCINATION_T1,
ED_CR_L1,Education completion rate (primary),percentage,EDUCATION,admin_survey,BLR,Belarus,ECA,UMC,2011,HALLUCINATION_T1,
ED_CR_L1,Education completion rate (primary),percentage,EDUCATION,admin_survey,BLR,Belarus,ECA,UMC,2012,HALLUCINATION_T1,
ED_CR_L1,Education completion rate (primary),percentage,EDUCATION,admin_survey,BLR,Belarus,ECA,UMC,2013,HALLUCINATION_T1,
ED_CR_L1,Education completion rate (primary),percentage,EDUCATION,admin_survey,BLR,Belarus,ECA,UMC,2014,HALLUCINATION_T1,
ED_CR_L1,Education completion rate (primary),percentage,EDUCATION,admin_survey,BLR,Belarus,ECA,UMC,2015,HALLUCINATION_T1,
ED_CR_L1,Education completion rate (primary),percentage,EDUCATION,admin_survey,BLR,Belarus,ECA,UMC,2016,HALLUCINATION_T1,
ED_CR_L1,Education completion rate (primary),percentage,EDUCATION,admin_survey,BLR,Belarus,ECA,UMC,2017,HALLUCINATION_T1,
ED_CR_L1,Education completion rate (primary),percentage,EDUCATION,admin_survey,BLR,Belarus,ECA,UMC,2018,HALLUCINATION_T1,
ED_CR_L1,Education completion rate (primary),percentage,EDUCATION,admin_survey,BLR,Belarus,ECA,UMC,2019,HALLUCINATION_T1,
ED_CR_L1,Education completion rate (primary),percentage,EDUCATION,admin_survey,BLR,Belarus,ECA,UMC,2020,POSITIVE,99.932289
ED_CR_L1,Education completion rate (primary),percentage,EDUCATION,admin_survey,BLR,Belarus,ECA,UMC,2021,HALLUCINATION_T1,
ED_CR_L1,Education completion rate (primary),percentage,EDUCATION,admin_survey,BLR,Belarus,ECA,UMC,2022,HALLUCINATION_T1,
ED_CR_L1,Education completion rate (primary),percentage,EDUCATION,admin_survey,BLR,Belarus,ECA,UMC,2023,HALLUCINATION_T1,
ED_CR_L1,Education completion rate (primary),percentage,EDUCATION,admin_survey,BLR,Belarus,ECA,UMC,2024,HALLUCINATION_T1,
ED_CR_L1,Education completion rate (primary),percentage,EDUCATION,admin_survey,KWT,Kuwait,MNA,HIC,2000,HALLUCINATION_T2,
ED_CR_L1,Education completion rate (primary),percentage,EDUCATION,admin_survey,KWT,Kuwait,MNA,HIC,2001,HALLUCINATION_T2,
ED_CR_L1,Education completion rate (primary),percentage,EDUCATION,admin_survey,KWT,Kuwait,MNA,HIC,2002,HALLUCINATION_T2,
ED_CR_L1,Education completion rate (primary),percentage,EDUCATION,admin_survey,KWT,Kuwait,MNA,HIC,2003,HALLUCINATION_T2,
ED_CR_L1,Education completion rate (primary),percentage,EDUCATION,admin_survey,KWT,Kuwait,MNA,HIC,2004,HALLUCINATION_T2,
ED_CR_L1,Education completion rate (primary),percentage,EDUCATION,admin_survey,KWT,Kuwait,MNA,HIC,2005,HALLUCINATION_T2,
ED_CR_L1,Education completion rate (primary),percentage,EDUCATION,admin_survey,KWT,Kuwait,MNA,HIC,2006,HALLUCINATION_T2,
ED_CR_L1,Education completion rate (primary),percentage,EDUCATION,admin_survey,KWT,Kuwait,MNA,HIC,2007,HALLUCINATION_T2,
ED_CR_L1,Education completion rate (primary),percentage,EDUCATION,admin_survey,KWT,Kuwait,MNA,HIC,2008,HALLUCINATION_T2,
ED_CR_L1,Education completion rate (primary),percentage,EDUCATION,admin_survey,KWT,Kuwait,MNA,HIC,2009,HALLUCINATION_T2,
ED_CR_L1,Education completion rate (primary),percentage,EDUCATION,admin_survey,KWT,Kuwait,MNA,HIC,2010,HALLUCINATION_T2,
ED_CR_L1,Education completion rate (primary),percentage,EDUCATION,admin_survey,KWT,Kuwait,MNA,HIC,2011,HALLUCINATION_T2,
ED_CR_L1,Education completion rate (primary),percentage,EDUCATION,admin_survey,KWT,Kuwait,MNA,HIC,2012,HALLUCINATION_T2,
ED_CR_L1,Education completion rate (primary),percentage,EDUCATION,admin_survey,KWT,Kuwait,MNA,HIC,2013,HALLUCINATION_T2,
ED_CR_L1,Education completion rate (primary),percentage,EDUCATION,admin_survey,KWT,Kuwait,MNA,HIC,2014,HALLUCINATION_T2,
ED_CR_L1,Education completion rate (primary),percentage,EDUCATION,admin_survey,KWT,Kuwait,MNA,HIC,2015,HALLUCINATION_T2,
ED_CR_L1,Education completion rate (primary),percentage,EDUCATION,admin_survey,KWT,Kuwait,MNA,HIC,2016,HALLUCINATION_T2,
ED_CR_L1,Education completion rate (primary),percentage,EDUCATION,admin_survey,KWT,Kuwait,MNA,HIC,2017,HALLUCINATION_T2,
ED_CR_L1,Education completion rate (primary),percentage,EDUCATION,admin_survey,KWT,Kuwait,MNA,HIC,2018,HALLUCINATION_T2,
ED_CR_L1,Education completion rate (primary),percentage,EDUCATION,admin_survey,KWT,Kuwait,MNA,HIC,2019,HALLUCINATION_T2,
ED_CR_L1,Education completion rate (primary),percentage,EDUCATION,admin_survey,KWT,Kuwait,MNA,HIC,2020,HALLUCINATION_T2,
ED_CR_L1,Education completion rate (primary),percentage,EDUCATION,admin_survey,KWT,Kuwait,MNA,HIC,2021,HALLUCINATION_T2,
ED_CR_L1,Education completion rate (primary),percentage,EDUCATION,admin_survey,KWT,Kuwait,MNA,HIC,2022,HALLUCINATION_T2,
ED_CR_L1,Education completion rate (primary),percentage,EDUCATION,admin_survey,KWT,Kuwait,MNA,HIC,2023,HALLUCINATION_T2,
ED_CR_L1,Education completion rate (primary),percentage,EDUCATION,admin_survey,KWT,Kuwait,MNA,HIC,2024,HALLUCINATION_T2,
ED_CR_L1,Education completion rate (primary),percentage,EDUCATION,admin_survey,BHR,Bahrain,MNA,HIC,2000,HALLUCINATION_T2,
ED_CR_L1,Education completion rate (primary),percentage,EDUCATION,admin_survey,BHR,Bahrain,MNA,HIC,2001,HALLUCINATION_T2,
ED_CR_L1,Education completion rate (primary),percentage,EDUCATION,admin_survey,BHR,Bahrain,MNA,HIC,2002,HALLUCINATION_T2,
ED_CR_L1,Education completion rate (primary),percentage,EDUCATION,admin_survey,BHR,Bahrain,MNA,HIC,2003,HALLUCINATION_T2,
ED_CR_L1,Education completion rate (primary),percentage,EDUCATION,admin_survey,BHR,Bahrain,MNA,HIC,2004,HALLUCINATION_T2,
ED_CR_L1,Education completion rate (primary),percentage,EDUCATION,admin_survey,BHR,Bahrain,MNA,HIC,2005,HALLUCINATION_T2,
ED_CR_L1,Education completion rate (primary),percentage,EDUCATION,admin_survey,BHR,Bahrain,MNA,HIC,2006,HALLUCINATION_T2,
ED_CR_L1,Education completion rate (primary),percentage,EDUCATION,admin_survey,BHR,Bahrain,MNA,HIC,2007,HALLUCINATION_T2,
ED_CR_L1,Education completion rate (primary),percentage,EDUCATION,admin_survey,BHR,Bahrain,MNA,HIC,2008,HALLUCINATION_T2,
ED_CR_L1,Education completion rate (primary),percentage,EDUCATION,admin_survey,BHR,Bahrain,MNA,HIC,2009,HALLUCINATION_T2,
ED_CR_L1,Education completion rate (primary),percentage,EDUCATION,admin_survey,BHR,Bahrain,MNA,HIC,2010,HALLUCINATION_T2,
ED_CR_L1,Education completion rate (primary),percentage,EDUCATION,admin_survey,BHR,Bahrain,MNA,HIC,2011,HALLUCINATION_T2,
ED_CR_L1,Education completion rate (primary),percentage,EDUCATION,admin_survey,BHR,Bahrain,MNA,HIC,2012,HALLUCINATION_T2,
ED_CR_L1,Education completion rate (primary),percentage,EDUCATION,admin_survey,BHR,Bahrain,MNA,HIC,2013,HALLUCINATION_T2,
ED_CR_L1,Education completion rate (primary),percentage,EDUCATION,admin_survey,BHR,Bahrain,MNA,HIC,2014,HALLUCINATION_T2,
ED_CR_L1,Education completion rate (primary),percentage,EDUCATION,admin_survey,BHR,Bahrain,MNA,HIC,2015,HALLUCINATION_T2,
ED_CR_L1,Education completion rate (primary),percentage,EDUCATION,admin_survey,BHR,Bahrain,MNA,HIC,2016,HALLUCINATION_T2,
ED_CR_L1,Education completion rate (primary),percentage,EDUCATION,admin_survey,BHR,Bahrain,MNA,HIC,2017,HALLUCINATION_T2,
ED_CR_L1,Education completion rate (primary),percentage,EDUCATION,admin_survey,BHR,Bahrain,MNA,HIC,2018,HALLUCINATION_T2,
ED_CR_L1,Education completion rate (primary),percentage,EDUCATION,admin_survey,BHR,Bahrain,MNA,HIC,2019,HALLUCINATION_T2,
ED_CR_L1,Education completion rate (primary),percentage,EDUCATION,admin_survey,BHR,Bahrain,MNA,HIC,2020,HALLUCINATION_T2,
ED_CR_L1,Education completion rate (primary),percentage,EDUCATION,admin_survey,BHR,Bahrain,MNA,HIC,2021,HALLUCINATION_T2,
ED_CR_L1,Education completion rate (primary),percentage,EDUCATION,admin_survey,BHR,Bahrain,MNA,HIC,2022,HALLUCINATION_T2,
ED_CR_L1,Education completion rate (primary),percentage,EDUCATION,admin_survey,BHR,Bahrain,MNA,HIC,2023,HALLUCINATION_T2,
ED_CR_L1,Education completion rate (primary),percentage,EDUCATION,admin_survey,BHR,Bahrain,MNA,HIC,2024,HALLUCINATION_T2,
ED_CR_L1,Education completion rate (primary),percentage,EDUCATION,admin_survey,OMN,Oman,MNA,HIC,2000,HALLUCINATION_T2,
ED_CR_L1,Education completion rate (primary),percentage,EDUCATION,admin_survey,OMN,Oman,MNA,HIC,2001,HALLUCINATION_T2,
ED_CR_L1,Education completion rate (primary),percentage,EDUCATION,admin_survey,OMN,Oman,MNA,HIC,2002,HALLUCINATION_T2,
ED_CR_L1,Education completion rate (primary),percentage,EDUCATION,admin_survey,OMN,Oman,MNA,HIC,2003,HALLUCINATION_T2,
ED_CR_L1,Education completion rate (primary),percentage,EDUCATION,admin_survey,OMN,Oman,MNA,HIC,2004,HALLUCINATION_T2,
ED_CR_L1,Education completion rate (primary),percentage,EDUCATION,admin_survey,OMN,Oman,MNA,HIC,2005,HALLUCINATION_T2,
ED_CR_L1,Education completion rate (primary),percentage,EDUCATION,admin_survey,OMN,Oman,MNA,HIC,2006,HALLUCINATION_T2,
ED_CR_L1,Education completion rate (primary),percentage,EDUCATION,admin_survey,OMN,Oman,MNA,HIC,2007,HALLUCINATION_T2,
ED_CR_L1,Education completion rate (primary),percentage,EDUCATION,admin_survey,OMN,Oman,MNA,HIC,2008,HALLUCINATION_T2,
ED_CR_L1,Education completion rate (primary),percentage,EDUCATION,admin_survey,OMN,Oman,MNA,HIC,2009,HALLUCINATION_T2,
ED_CR_L1,Education completion rate (primary),percentage,EDUCATION,admin_survey,OMN,Oman,MNA,HIC,2010,HALLUCINATION_T2,
ED_CR_L1,Education completion rate (primary),percentage,EDUCATION,admin_survey,OMN,Oman,MNA,HIC,2011,HALLUCINATION_T2,
ED_CR_L1,Education completion rate (primary),percentage,EDUCATION,admin_survey,OMN,Oman,MNA,HIC,2012,HALLUCINATION_T2,
ED_CR_L1,Education completion rate (primary),percentage,EDUCATION,admin_survey,OMN,Oman,MNA,HIC,2013,HALLUCINATION_T2,
ED_CR_L1,Education completion rate (primary),percentage,EDUCATION,admin_survey,OMN,Oman,MNA,HIC,2014,HALLUCINATION_T2,
ED_CR_L1,Education completion rate (primary),percentage,EDUCATION,admin_survey,OMN,Oman,MNA,HIC,2015,HALLUCINATION_T2,
ED_CR_L1,Education completion rate (primary),percentage,EDUCATION,admin_survey,OMN,Oman,MNA,HIC,2016,HALLUCINATION_T2,
ED_CR_L1,Education completion rate (primary),percentage,EDUCATION,admin_survey,OMN,Oman,MNA,HIC,2017,HALLUCINATION_T2,
ED_CR_L1,Education completion rate (primary),percentage,EDUCATION,admin_survey,OMN,Oman,MNA,HIC,2018,HALLUCINATION_T2,
ED_CR_L1,Education completion rate (primary),percentage,EDUCATION,admin_survey,OMN,Oman,MNA,HIC,2019,HALLUCINATION_T2,
ED_CR_L1,Education completion rate (primary),percentage,EDUCATION,admin_survey,OMN,Oman,MNA,HIC,2020,HALLUCINATION_T2,
ED_CR_L1,Education completion rate (primary),percentage,EDUCATION,admin_survey,OMN,Oman,MNA,HIC,2021,HALLUCINATION_T2,
ED_CR_L1,Education completion rate (primary),percentage,EDUCATION,admin_survey,OMN,Oman,MNA,HIC,2022,HALLUCINATION_T2,
ED_CR_L1,Education completion rate (primary),percentage,EDUCATION,admin_survey,OMN,Oman,MNA,HIC,2023,HALLUCINATION_T2,
ED_CR_L1,Education completion rate (primary),percentage,EDUCATION,admin_survey,OMN,Oman,MNA,HIC,2024,HALLUCINATION_T2,
ED_CR_L1,Education completion rate (primary),percentage,EDUCATION,admin_survey,CYP,Cyprus,ECA,HIC,2000,HALLUCINATION_T2,
ED_CR_L1,Education completion rate (primary),percentage,EDUCATION,admin_survey,CYP,Cyprus,ECA,HIC,2001,HALLUCINATION_T2,
ED_CR_L1,Education completion rate (primary),percentage,EDUCATION,admin_survey,CYP,Cyprus,ECA,HIC,2002,HALLUCINATION_T2,
ED_CR_L1,Education completion rate (primary),percentage,EDUCATION,admin_survey,CYP,Cyprus,ECA,HIC,2003,HALLUCINATION_T2,
ED_CR_L1,Education completion rate (primary),percentage,EDUCATION,admin_survey,CYP,Cyprus,ECA,HIC,2004,HALLUCINATION_T2,
ED_CR_L1,Education completion rate (primary),percentage,EDUCATION,admin_survey,CYP,Cyprus,ECA,HIC,2005,HALLUCINATION_T2,
ED_CR_L1,Education completion rate (primary),percentage,EDUCATION,admin_survey,CYP,Cyprus,ECA,HIC,2006,HALLUCINATION_T2,
ED_CR_L1,Education completion rate (primary),percentage,EDUCATION,admin_survey,CYP,Cyprus,ECA,HIC,2007,HALLUCINATION_T2,
ED_CR_L1,Education completion rate (primary),percentage,EDUCATION,admin_survey,CYP,Cyprus,ECA,HIC,2008,HALLUCINATION_T2,
ED_CR_L1,Education completion rate (primary),percentage,EDUCATION,admin_survey,CYP,Cyprus,ECA,HIC,2009,HALLUCINATION_T2,
ED_CR_L1,Education completion rate (primary),percentage,EDUCATION,admin_survey,CYP,Cyprus,ECA,HIC,2010,HALLUCINATION_T2,
ED_CR_L1,Education completion rate (primary),percentage,EDUCATION,admin_survey,CYP,Cyprus,ECA,HIC,2011,HALLUCINATION_T2,
ED_CR_L1,Education completion rate (primary),percentage,EDUCATION,admin_survey,CYP,Cyprus,ECA,HIC,2012,HALLUCINATION_T2,
ED_CR_L1,Education completion rate (primary),percentage,EDUCATION,admin_survey,CYP,Cyprus,ECA,HIC,2013,HALLUCINATION_T2,
ED_CR_L1,Education completion rate (primary),percentage,EDUCATION,admin_survey,CYP,Cyprus,ECA,HIC,2014,HALLUCINATION_T2,
ED_CR_L1,Education completion rate (primary),percentage,EDUCATION,admin_survey,CYP,Cyprus,ECA,HIC,2015,HALLUCINATION_T2,
ED_CR_L1,Education completion rate (primary),percentage,EDUCATION,admin_survey,CYP,Cyprus,ECA,HIC,2016,HALLUCINATION_T2,
ED_CR_L1,Education completion rate (primary),percentage,EDUCATION,admin_survey,CYP,Cyprus,ECA,HIC,2017,HALLUCINATION_T2,
ED_CR_L1,Education completion rate (primary),percentage,EDUCATION,admin_survey,CYP,Cyprus,ECA,HIC,2018,HALLUCINATION_T2,
ED_CR_L1,Education completion rate (primary),percentage,EDUCATION,admin_survey,CYP,Cyprus,ECA,HIC,2019,HALLUCINATION_T2,
ED_CR_L1,Education completion rate (primary),percentage,EDUCATION,admin_survey,CYP,Cyprus,ECA,HIC,2020,HALLUCINATION_T2,
ED_CR_L1,Education completion rate (primary),percentage,EDUCATION,admin_survey,CYP,Cyprus,ECA,HIC,2021,HALLUCINATION_T2,
ED_CR_L1,Education completion rate (primary),percentage,EDUCATION,admin_survey,CYP,Cyprus,ECA,HIC,2022,HALLUCINATION_T2,
ED_CR_L1,Education completion rate (primary),percentage,EDUCATION,admin_survey,CYP,Cyprus,ECA,HIC,2023,HALLUCINATION_T2,
ED_CR_L1,Education completion rate (primary),percentage,EDUCATION,admin_survey,CYP,Cyprus,ECA,HIC,2024,HALLUCINATION_T2,
ED_CR_L1,Education completion rate (primary),percentage,EDUCATION,admin_survey,MLT,Malta,ECA,HIC,2000,HALLUCINATION_T2,
ED_CR_L1,Education completion rate (primary),percentage,EDUCATION,admin_survey,MLT,Malta,ECA,HIC,2001,HALLUCINATION_T2,
ED_CR_L1,Education completion rate (primary),percentage,EDUCATION,admin_survey,MLT,Malta,ECA,HIC,2002,HALLUCINATION_T2,
ED_CR_L1,Education completion rate (primary),percentage,EDUCATION,admin_survey,MLT,Malta,ECA,HIC,2003,HALLUCINATION_T2,
ED_CR_L1,Education completion rate (primary),percentage,EDUCATION,admin_survey,MLT,Malta,ECA,HIC,2004,HALLUCINATION_T2,
ED_CR_L1,Education completion rate (primary),percentage,EDUCATION,admin_survey,MLT,Malta,ECA,HIC,2005,HALLUCINATION_T2,
ED_CR_L1,Education completion rate (primary),percentage,EDUCATION,admin_survey,MLT,Malta,ECA,HIC,2006,HALLUCINATION_T2,
ED_CR_L1,Education completion rate (primary),percentage,EDUCATION,admin_survey,MLT,Malta,ECA,HIC,2007,HALLUCINATION_T2,
ED_CR_L1,Education completion rate (primary),percentage,EDUCATION,admin_survey,MLT,Malta,ECA,HIC,2008,HALLUCINATION_T2,
ED_CR_L1,Education completion rate (primary),percentage,EDUCATION,admin_survey,MLT,Malta,ECA,HIC,2009,HALLUCINATION_T2,
ED_CR_L1,Education completion rate (primary),percentage,EDUCATION,admin_survey,MLT,Malta,ECA,HIC,2010,HALLUCINATION_T2,
ED_CR_L1,Education completion rate (primary),percentage,EDUCATION,admin_survey,MLT,Malta,ECA,HIC,2011,HALLUCINATION_T2,
ED_CR_L1,Education completion rate (primary),percentage,EDUCATION,admin_survey,MLT,Malta,ECA,HIC,2012,HALLUCINATION_T2,
ED_CR_L1,Education completion rate (primary),percentage,EDUCATION,admin_survey,MLT,Malta,ECA,HIC,2013,HALLUCINATION_T2,
ED_CR_L1,Education completion rate (primary),percentage,EDUCATION,admin_survey,MLT,Malta,ECA,HIC,2014,HALLUCINATION_T2,
ED_CR_L1,Education completion rate (primary),percentage,EDUCATION,admin_survey,MLT,Malta,ECA,HIC,2015,HALLUCINATION_T2,
ED_CR_L1,Education completion rate (primary),percentage,EDUCATION,admin_survey,MLT,Malta,ECA,HIC,2016,HALLUCINATION_T2,
ED_CR_L1,Education completion rate (primary),percentage,EDUCATION,admin_survey,MLT,Malta,ECA,HIC,2017,HALLUCINATION_T2,
ED_CR_L1,Education completion rate (primary),percentage,EDUCATION,admin_survey,MLT,Malta,ECA,HIC,2018,HALLUCINATION_T2,
ED_CR_L1,Education completion rate (primary),percentage,EDUCATION,admin_survey,MLT,Malta,ECA,HIC,2019,HALLUCINATION_T2,
ED_CR_L1,Education completion rate (primary),percentage,EDUCATION,admin_survey,MLT,Malta,ECA,HIC,2020,HALLUCINATION_T2,
ED_CR_L1,Education completion rate (primary),percentage,EDUCATION,admin_survey,MLT,Malta,ECA,HIC,2021,HALLUCINATION_T2,
ED_CR_L1,Education completion rate (primary),percentage,EDUCATION,admin_survey,MLT,Malta,ECA,HIC,2022,HALLUCINATION_T2,
ED_CR_L1,Education completion rate (primary),percentage,EDUCATION,admin_survey,MLT,Malta,ECA,HIC,2023,HALLUCINATION_T2,
ED_CR_L1,Education completion rate (primary),percentage,EDUCATION,admin_survey,MLT,Malta,ECA,HIC,2024,HALLUCINATION_T2,
