indicator_code,indicator_name,unit,domain,data_type,country_code,country_name,region,income,year,query_type,ground_truth_value,prompt_type,prompt_text,ground_truth_latest_year,ground_truth_latest_value
CME_MRM0,Neonatal mortality rate,"per 1,000 live births",CME,annual_modeled,ALB,Albania,ECA,UMC,2028,HALLUCINATION_T1,,direct,What was Neonatal mortality rate for Albania in 2028?,,
CME_MRM0,Neonatal mortality rate,"per 1,000 live births",CME,annual_modeled,AZE,Azerbaijan,ECA,UMC,2029,HALLUCINATION_T1,,direct,What was Neonatal mortality rate for Azerbaijan in 2029?,,
CME_MRM0,Neonatal mortality rate,"per 1,000 live births",CME,annual_modeled,BHR,Bahrain,MNA,HIC,2026,HALLUCINATION_T1,,direct,What was Neonatal mortality rate for Bahrain in 2026?,,
CME_MRM0,Neonatal mortality rate,"per 1,000 live births",CME,annual_modeled,BLR,Belarus,ECA,UMC,2029,HALLUCINATION_T1,,direct,What was Neonatal mortality rate for Belarus in 2029?,,
CME_MRM0,Neonatal mortality rate,"per 1,000 live births",CME,annual_modeled,CAF,Central African Republic,WCA,LIC,2028,HALLUCINATION_T1,,direct,What was Neonatal mortality rate for Central African Republic in 2028?,,
CME_MRM0,Neonatal mortality rate,"per 1,000 live births",CME,annual_modeled,COM,Comoros,ESA,LIC,2025,HALLUCINATION_T1,,direct,What was Neonatal mortality rate for Comoros in 2025?,,
CME_MRM0,Neonatal mortality rate,"per 1,000 live births",CME,annual_modeled,CYP,Cyprus,ECA,HIC,2029,HALLUCINATION_T1,,direct,What was Neonatal mortality rate for Cyprus in 2029?,,
CME_MRM0,Neonatal mortality rate,"per 1,000 live births",CME,annual_modeled,DZA,Algeria,MNA,LMC,2025,HALLUCINATION_T1,,direct,What was Neonatal mortality rate for Algeria in 2025?,,
CME_MRM0,Neonatal mortality rate,"per 1,000 live births",CME,annual_modeled,GEO,Georgia,ECA,UMC,2028,HALLUCINATION_T1,,direct,What was Neonatal mortality rate for Georgia in 2028?,,
CME_MRM0,Neonatal mortality rate,"per 1,000 live births",CME,annual_modeled,GNB,Guinea-Bissau,WCA,LIC,2029,HALLUCINATION_T1,,direct,What was Neonatal mortality rate for Guinea-Bissau in 2029?,,
CME_MRM0,Neonatal mortality rate,"per 1,000 live births",CME,annual_modeled,IRN,Iran,MNA,UMC,2027,HALLUCINATION_T1,,direct,What was Neonatal mortality rate for Iran in 2027?,,
CME_MRM0,Neonatal mortality rate,"per 1,000 live births",CME,annual_modeled,KGZ,Kyrgyzstan,ECA,LMC,2027,HALLUCINATION_T1,,direct,What was Neonatal mortality rate for Kyrgyzstan in 2027?,,
CME_MRM0,Neonatal mortality rate,"per 1,000 live births",CME,annual_modeled,KWT,Kuwait,MNA,HIC,2027,HALLUCINATION_T1,,direct,What was Neonatal mortality rate for Kuwait in 2027?,,
CME_MRM0,Neonatal mortality rate,"per 1,000 live births",CME,annual_modeled,LAO,Laos,EAP,LMC,2026,HALLUCINATION_T1,,direct,What was Neonatal mortality rate for Laos in 2026?,,
CME_MRM0,Neonatal mortality rate,"per 1,000 live births",CME,annual_modeled,MAR,Morocco,MNA,LMC,2026,HALLUCINATION_T1,,direct,What was Neonatal mortality rate for Morocco in 2026?,,
CME_MRM0,Neonatal mortality rate,"per 1,000 live births",CME,annual_modeled,MLT,Malta,ECA,HIC,2026,HALLUCINATION_T1,,direct,What was Neonatal mortality rate for Malta in 2026?,,
CME_MRM0,Neonatal mortality rate,"per 1,000 live births",CME,annual_modeled,OMN,Oman,MNA,HIC,2025,HALLUCINATION_T1,,direct,What was Neonatal mortality rate for Oman in 2025?,,
CME_MRM0,Neonatal mortality rate,"per 1,000 live births",CME,annual_modeled,TJK,Tajikistan,ECA,LMC,2027,HALLUCINATION_T1,,direct,What was Neonatal mortality rate for Tajikistan in 2027?,,
CME_MRM0,Neonatal mortality rate,"per 1,000 live births",CME,annual_modeled,YEM,Yemen,MNA,LIC,2025,HALLUCINATION_T1,,direct,What was Neonatal mortality rate for Yemen in 2025?,,
CME_MRM0,Neonatal mortality rate,"per 1,000 live births",CME,annual_modeled,ZMB,Zambia,ESA,LIC,2028,HALLUCINATION_T1,,direct,What was Neonatal mortality rate for Zambia in 2028?,,
CME_MRM0,Neonatal mortality rate,"per 1,000 live births",CME,annual_modeled,ATA,Antarctica,OTHER,HIC,2023,HALLUCINATION_T2,,baseline_latest,What is the latest available Neonatal mortality rate for Antarctica?,,
CME_MRM0,Neonatal mortality rate,"per 1,000 live births",CME,annual_modeled,ATF,French Southern Territories,OTHER,HIC,2023,HALLUCINATION_T2,,baseline_latest,What is the latest available Neonatal mortality rate for French Southern Territories?,,
CME_MRM0,Neonatal mortality rate,"per 1,000 live births",CME,annual_modeled,BLM,Saint Barthelemy,OTHER,HIC,2023,HALLUCINATION_T2,,baseline_latest,What is the latest available Neonatal mortality rate for Saint Barthelemy?,,
CME_MRM0,Neonatal mortality rate,"per 1,000 live births",CME,annual_modeled,BVT,Bouvet Island,OTHER,HIC,2023,HALLUCINATION_T2,,baseline_latest,What is the latest available Neonatal mortality rate for Bouvet Island?,,
CME_MRM0,Neonatal mortality rate,"per 1,000 live births",CME,annual_modeled,CCK,Cocos Islands,OTHER,HIC,2023,HALLUCINATION_T2,,baseline_latest,What is the latest available Neonatal mortality rate for Cocos Islands?,,
CME_MRM0,Neonatal mortality rate,"per 1,000 live births",CME,annual_modeled,CYM,Cayman Islands,OTHER,HIC,2023,HALLUCINATION_T2,,baseline_latest,What is the latest available Neonatal mortality rate for Cayman Islands?,,
CME_MRM0,Neonatal mortality rate,"per 1,000 live births",CME,annual_modeled,ESH,Western Sahara,OTHER,HIC,2023,HALLUCINATION_T2,,baseline_latest,What is the latest available Neonatal mortality rate for Western Sahara?,,
CME_MRM0,Neonatal mortality rate,"per 1,000 live births",CME,annual_modeled,GLP,Guadeloupe,OTHER,HIC,2023,HALLUCINATION_T2,,baseline_latest,What is the latest available Neonatal mortality rate for Guadeloupe?,,
CME_MRM0,Neonatal mortality rate,"per 1,000 live births",CME,annual_modeled,GUF,French Guiana,OTHER,HIC,2023,HALLUCINATION_T2,,baseline_latest,What is the latest available Neonatal mortality rate for French Guiana?,,
CME_MRM0,Neonatal mortality rate,"per 1,000 live births",CME,annual_modeled,IOT,British Indian Ocean Territory,OTHER,HIC,2023,HALLUCINATION_T2,,baseline_latest,What is the latest available Neonatal mortality rate for British Indian Ocean Territory?,,
CME_MRM0,Neonatal mortality rate,"per 1,000 live births",CME,annual_modeled,MAF,Saint Martin (French),OTHER,HIC,2023,HALLUCINATION_T2,,baseline_latest,What is the latest available Neonatal mortality rate for Saint Martin (French)?,,
CME_MRM0,Neonatal mortality rate,"per 1,000 live births",CME,annual_modeled,MTQ,Martinique,OTHER,HIC,2023,HALLUCINATION_T2,,baseline_latest,What is the latest available Neonatal mortality rate for Martinique?,,
CME_MRM0,Neonatal mortality rate,"per 1,000 live births",CME,annual_modeled,MYT,Mayotte,OTHER,HIC,2023,HALLUCINATION_T2,,baseline_latest,What is the latest available Neonatal mortality rate for Mayotte?,,
CME_MRM0,Neonatal mortality rate,"per 1,000 live births",CME,annual_modeled,NCL,New Caledonia,OTHER,HIC,2023,HALLUCINATION_T2,,baseline_latest,What is the latest available Neonatal mortality rate for New Caledonia?,,
CME_MRM0,Neonatal mortality rate,"per 1,000 live births",CME,annual_modeled,NFK,Norfolk Island,OTHER,HIC,2023,HALLUCINATION_T2,,baseline_latest,What is the latest available Neonatal mortality rate for Norfolk Island?,,
CME_MRM0,Neonatal mortality rate,"per 1,000 live births",CME,annual_modeled,PYF,French Polynesia,OTHER,HIC,2023,HALLUCINATION_T2,,baseline_latest,What is the latest available Neonatal mortality rate for French Polynesia?,,
CME_MRM0,Neonatal mortality rate,"per 1,000 live births",CME,annual_modeled,REU,Reunion,OTHER,HIC,2023,HALLUCINATION_T2,,baseline_latest,What is the latest available Neonatal mortality rate for Reunion?,,
CME_MRM0,Neonatal mortality rate,"per 1,000 live births",CME,annual_modeled,SGS,South Georgia,OTHER,HIC,2023,HALLUCINATION_T2,,baseline_latest,What is the latest available Neonatal mortality rate for South Georgia?,,
CME_MRM0,Neonatal mortality rate,"per 1,000 live births",CME,annual_modeled,UMI,United States Minor Outlying Islands,OTHER,HIC,2023,HALLUCINATION_T2,,baseline_latest,What is the latest available Neonatal mortality rate for United States Minor Outlying Islands?,,
CME_MRM0,Neonatal mortality rate,"per 1,000 live births",CME,annual_modeled,WLF,Wallis and Futuna,OTHER,HIC,2023,HALLUCINATION_T2,,baseline_latest,What is the latest available Neonatal mortality rate for Wallis and Futuna?,,
CME_MRM0,Neonatal mortality rate,"per 1,000 live births",CME,annual_modeled,ALB,Albania,ECA,UMC,2023,POSITIVE,6.86888264865943,baseline_latest,What is the latest available Neonatal mortality rate for Albania?,2024.0,6.73519413525062
CME_MRM0,Neonatal mortality rate,"per 1,000 live births",CME,annual_modeled,ALB,Albania,ECA,UMC,2024,POSITIVE,6.73519413525062,baseline_latest,What is the latest available Neonatal mortality rate for Albania?,2024.0,6.73519413525062
CME_MRM0,Neonatal mortality rate,"per 1,000 live births",CME,annual_modeled,AZE,Azerbaijan,ECA,UMC,2024,POSITIVE,12.4294576505074,direct,What was Neonatal mortality rate for Azerbaijan in 2024?,,
CME_MRM0,Neonatal mortality rate,"per 1,000 live births",CME,annual_modeled,BLR,Belarus,ECA,UMC,2023,POSITIVE,0.778072853642219,direct,What was Neonatal mortality rate for Belarus in 2023?,,
CME_MRM0,Neonatal mortality rate,"per 1,000 live births",CME,annual_modeled,CAF,Central African Republic,WCA,LIC,2024,POSITIVE,29.9329917481392,baseline_latest,What is the latest available Neonatal mortality rate for Central African Republic?,2024.0,29.9329917481392
CME_MRM0,Neonatal mortality rate,"per 1,000 live births",CME,annual_modeled,COM,Comoros,ESA,LIC,2024,POSITIVE,22.1411936247105,baseline_latest,What is the latest available Neonatal mortality rate for Comoros?,2024.0,22.1411936247105
CME_MRM0,Neonatal mortality rate,"per 1,000 live births",CME,annual_modeled,DZA,Algeria,MNA,LMC,2024,POSITIVE,14.9633819121343,baseline_latest,What is the latest available Neonatal mortality rate for Algeria?,2024.0,14.9633819121343
CME_MRM0,Neonatal mortality rate,"per 1,000 live births",CME,annual_modeled,KGZ,Kyrgyzstan,ECA,LMC,2023,POSITIVE,10.9464057183436,direct,What was Neonatal mortality rate for Kyrgyzstan in 2023?,,
CME_MRM0,Neonatal mortality rate,"per 1,000 live births",CME,annual_modeled,KWT,Kuwait,MNA,HIC,2024,POSITIVE,4.42464239191397,direct,What was Neonatal mortality rate for Kuwait in 2024?,,
CME_MRM0,Neonatal mortality rate,"per 1,000 live births",CME,annual_modeled,MAR,Morocco,MNA,LMC,2023,POSITIVE,9.99997645855108,direct,What was Neonatal mortality rate for Morocco in 2023?,,
CME_MRY0,Infant mortality rate,"per 1,000 live births",CME,annual_modeled,ALB,Albania,ECA,UMC,2026,HALLUCINATION_T1,,direct,What was Infant mortality rate for Albania in 2026?,,
CME_MRY0,Infant mortality rate,"per 1,000 live births",CME,annual_modeled,AZE,Azerbaijan,ECA,UMC,2029,HALLUCINATION_T1,,direct,What was Infant mortality rate for Azerbaijan in 2029?,,
CME_MRY0,Infant mortality rate,"per 1,000 live births",CME,annual_modeled,BHR,Bahrain,MNA,HIC,2025,HALLUCINATION_T1,,direct,What was Infant mortality rate for Bahrain in 2025?,,
CME_MRY0,Infant mortality rate,"per 1,000 live births",CME,annual_modeled,BLR,Belarus,ECA,UMC,2025,HALLUCINATION_T1,,direct,What was Infant mortality rate for Belarus in 2025?,,
CME_MRY0,Infant mortality rate,"per 1,000 live births",CME,annual_modeled,CAF,Central African Republic,WCA,LIC,2027,HALLUCINATION_T1,,direct,What was Infant mortality rate for Central African Republic in 2027?,,
CME_MRY0,Infant mortality rate,"per 1,000 live births",CME,annual_modeled,COM,Comoros,ESA,LIC,2028,HALLUCINATION_T1,,direct,What was Infant mortality rate for Comoros in 2028?,,
CME_MRY0,Infant mortality rate,"per 1,000 live births",CME,annual_modeled,CYP,Cyprus,ECA,HIC,2028,HALLUCINATION_T1,,direct,What was Infant mortality rate for Cyprus in 2028?,,
CME_MRY0,Infant mortality rate,"per 1,000 live births",CME,annual_modeled,DZA,Algeria,MNA,LMC,2028,HALLUCINATION_T1,,direct,What was Infant mortality rate for Algeria in 2028?,,
CME_MRY0,Infant mortality rate,"per 1,000 live births",CME,annual_modeled,GEO,Georgia,ECA,UMC,2025,HALLUCINATION_T1,,direct,What was Infant mortality rate for Georgia in 2025?,,
CME_MRY0,Infant mortality rate,"per 1,000 live births",CME,annual_modeled,GNB,Guinea-Bissau,WCA,LIC,2028,HALLUCINATION_T1,,direct,What was Infant mortality rate for Guinea-Bissau in 2028?,,
CME_MRY0,Infant mortality rate,"per 1,000 live births",CME,annual_modeled,IRN,Iran,MNA,UMC,2026,HALLUCINATION_T1,,direct,What was Infant mortality rate for Iran in 2026?,,
CME_MRY0,Infant mortality rate,"per 1,000 live births",CME,annual_modeled,KGZ,Kyrgyzstan,ECA,LMC,2027,HALLUCINATION_T1,,direct,What was Infant mortality rate for Kyrgyzstan in 2027?,,
CME_MRY0,Infant mortality rate,"per 1,000 live births",CME,annual_modeled,KWT,Kuwait,MNA,HIC,2027,HALLUCINATION_T1,,direct,What was Infant mortality rate for Kuwait in 2027?,,
CME_MRY0,Infant mortality rate,"per 1,000 live births",CME,annual_modeled,LAO,Laos,EAP,LMC,2025,HALLUCINATION_T1,,direct,What was Infant mortality rate for Laos in 2025?,,
CME_MRY0,Infant mortality rate,"per 1,000 live births",CME,annual_modeled,MAR,Morocco,MNA,LMC,2027,HALLUCINATION_T1,,direct,What was Infant mortality rate for Morocco in 2027?,,
CME_MRY0,Infant mortality rate,"per 1,000 live births",CME,annual_modeled,MLT,Malta,ECA,HIC,2026,HALLUCINATION_T1,,direct,What was Infant mortality rate for Malta in 2026?,,
CME_MRY0,Infant mortality rate,"per 1,000 live births",CME,annual_modeled,OMN,Oman,MNA,HIC,2029,HALLUCINATION_T1,,direct,What was Infant mortality rate for Oman in 2029?,,
CME_MRY0,Infant mortality rate,"per 1,000 live births",CME,annual_modeled,TJK,Tajikistan,ECA,LMC,2026,HALLUCINATION_T1,,direct,What was Infant mortality rate for Tajikistan in 2026?,,
CME_MRY0,Infant mortality rate,"per 1,000 live births",CME,annual_modeled,YEM,Yemen,MNA,LIC,2029,HALLUCINATION_T1,,direct,What was Infant mortality rate for Yemen in 2029?,,
CME_MRY0,Infant mortality rate,"per 1,000 live births",CME,annual_modeled,ZMB,Zambia,ESA,LIC,2029,HALLUCINATION_T1,,direct,What was Infant mortality rate for Zambia in 2029?,,
CME_MRY0,Infant mortality rate,"per 1,000 live births",CME,annual_modeled,ATA,Antarctica,OTHER,HIC,2023,HALLUCINATION_T2,,baseline_latest,What is the latest available Infant mortality rate for Antarctica?,,
CME_MRY0,Infant mortality rate,"per 1,000 live births",CME,annual_modeled,ATF,French Southern Territories,OTHER,HIC,2023,HALLUCINATION_T2,,baseline_latest,What is the latest available Infant mortality rate for French Southern Territories?,,
CME_MRY0,Infant mortality rate,"per 1,000 live births",CME,annual_modeled,BLM,Saint Barthelemy,OTHER,HIC,2023,HALLUCINATION_T2,,baseline_latest,What is the latest available Infant mortality rate for Saint Barthelemy?,,
CME_MRY0,Infant mortality rate,"per 1,000 live births",CME,annual_modeled,BVT,Bouvet Island,OTHER,HIC,2023,HALLUCINATION_T2,,baseline_latest,What is the latest available Infant mortality rate for Bouvet Island?,,
CME_MRY0,Infant mortality rate,"per 1,000 live births",CME,annual_modeled,CCK,Cocos Islands,OTHER,HIC,2023,HALLUCINATION_T2,,baseline_latest,What is the latest available Infant mortality rate for Cocos Islands?,,
CME_MRY0,Infant mortality rate,"per 1,000 live births",CME,annual_modeled,CYM,Cayman Islands,OTHER,HIC,2023,HALLUCINATION_T2,,baseline_latest,What is the latest available Infant mortality rate for Cayman Islands?,,
CME_MRY0,Infant mortality rate,"per 1,000 live births",CME,annual_modeled,ESH,Western Sahara,OTHER,HIC,2023,HALLUCINATION_T2,,baseline_latest,What is the latest available Infant mortality rate for Western Sahara?,,
CME_MRY0,Infant mortality rate,"per 1,000 live births",CME,annual_modeled,FLK,Falkland Islands,OTHER,HIC,2023,HALLUCINATION_T2,,baseline_latest,What is the latest available Infant mortality rate for Falkland Islands?,,
CME_MRY0,Infant mortality rate,"per 1,000 live births",CME,annual_modeled,GLP,Guadeloupe,OTHER,HIC,2023,HALLUCINATION_T2,,baseline_latest,What is the latest available Infant mortality rate for Guadeloupe?,,
CME_MRY0,Infant mortality rate,"per 1,000 live births",CME,annual_modeled,HMD,Heard and McDonald Islands,OTHER,HIC,2023,HALLUCINATION_T2,,baseline_latest,What is the latest available Infant mortality rate for Heard and McDonald Islands?,,
CME_MRY0,Infant mortality rate,"per 1,000 live births",CME,annual_modeled,MTQ,Martinique,OTHER,HIC,2023,HALLUCINATION_T2,,baseline_latest,What is the latest available Infant mortality rate for Martinique?,,
CME_MRY0,Infant mortality rate,"per 1,000 live births",CME,annual_modeled,MYT,Mayotte,OTHER,HIC,2023,HALLUCINATION_T2,,baseline_latest,What is the latest available Infant mortality rate for Mayotte?,,
CME_MRY0,Infant mortality rate,"per 1,000 live births",CME,annual_modeled,NCL,New Caledonia,OTHER,HIC,2023,HALLUCINATION_T2,,baseline_latest,What is the latest available Infant mortality rate for New Caledonia?,,
CME_MRY0,Infant mortality rate,"per 1,000 live births",CME,annual_modeled,NFK,Norfolk Island,OTHER,HIC,2023,HALLUCINATION_T2,,baseline_latest,What is the latest available Infant mortality rate for Norfolk Island?,,
CME_MRY0,Infant mortality rate,"per 1,000 live births",CME,annual_modeled,PCN,Pitcairn,OTHER,HIC,2023,HALLUCINATION_T2,,baseline_latest,What is the latest available Infant mortality rate for Pitcairn?,,
CME_MRY0,Infant mortality rate,"per 1,000 live births",CME,annual_modeled,PYF,French Polynesia,OTHER,HIC,2023,HALLUCINATION_T2,,baseline_latest,What is the latest available Infant mortality rate for French Polynesia?,,
CME_MRY0,Infant mortality rate,"per 1,000 live births",CME,annual_modeled,REU,Reunion,OTHER,HIC,2023,HALLUCINATION_T2,,baseline_latest,What is the latest available Infant mortality rate for Reunion?,,
CME_MRY0,Infant mortality rate,"per 1,000 live births",CME,annual_modeled,SGS,South Georgia,OTHER,HIC,2023,HALLUCINATION_T2,,baseline_latest,What is the latest available Infant mortality rate for South Georgia?,,
CME_MRY0,Infant mortality rate,"per 1,000 live births",CME,annual_modeled,SXM,Sint Maarten,OTHER,HIC,2023,HALLUCINATION_T2,,baseline_latest,What is the latest available Infant mortality rate for Sint Maarten?,,
CME_MRY0,Infant mortality rate,"per 1,000 live births",CME,annual_modeled,WLF,Wallis and Futuna,OTHER,HIC,2023,HALLUCINATION_T2,,baseline_latest,What is the latest available Infant mortality rate for Wallis and Futuna?,,
CME_MRY0,Infant mortality rate,"per 1,000 live births",CME,annual_modeled,ALB,Albania,ECA,UMC,2024,POSITIVE,8.25178658715117,direct,What was Infant mortality rate for Albania in 2024?,,
CME_MRY0,Infant mortality rate,"per 1,000 live births",CME,annual_modeled,AZE,Azerbaijan,ECA,UMC,2024,POSITIVE,12.485811241078,baseline_latest,What is the latest available Infant mortality rate for Azerbaijan?,2024.0,12.485811241078
CME_MRY0,Infant mortality rate,"per 1,000 live births",CME,annual_modeled,BLR,Belarus,ECA,UMC,2023,POSITIVE,1.88930987567294,baseline_latest,What is the latest available Infant mortality rate for Belarus?,2024.0,1.80221083117857
CME_MRY0,Infant mortality rate,"per 1,000 live births",CME,annual_modeled,COM,Comoros,ESA,LIC,2024,POSITIVE,35.018498436283,direct,What was Infant mortality rate for Comoros in 2024?,,
CME_MRY0,Infant mortality rate,"per 1,000 live births",CME,annual_modeled,CYP,Cyprus,ECA,HIC,2023,POSITIVE,3.76379048201569,baseline_latest,What is the latest available Infant mortality rate for Cyprus?,2024.0,4.10566054366803
CME_MRY0,Infant mortality rate,"per 1,000 live births",CME,annual_modeled,GEO,Georgia,ECA,UMC,2024,POSITIVE,7.45411015780967,baseline_latest,What is the latest available Infant mortality rate for Georgia?,2024.0,7.45411015780967
CME_MRY0,Infant mortality rate,"per 1,000 live births",CME,annual_modeled,IRN,Iran,MNA,UMC,2024,POSITIVE,10.3184994132182,baseline_latest,What is the latest available Infant mortality rate for Iran?,2024.0,10.3184994132182
CME_MRY0,Infant mortality rate,"per 1,000 live births",CME,annual_modeled,LAO,Laos,EAP,LMC,2023,POSITIVE,28.1783813564461,direct,What was Infant mortality rate for Laos in 2023?,,
CME_MRY0,Infant mortality rate,"per 1,000 live births",CME,annual_modeled,MLT,Malta,ECA,HIC,2024,POSITIVE,4.70352630237053,direct,What was Infant mortality rate for Malta in 2024?,,
CME_MRY0,Infant mortality rate,"per 1,000 live births",CME,annual_modeled,OMN,Oman,MNA,HIC,2024,POSITIVE,8.29444580167174,direct,What was Infant mortality rate for Oman in 2024?,,
CME_MRY0T4,Under-five mortality rate,"per 1,000 live births",CME,annual_modeled,ALB,Albania,ECA,UMC,2027,HALLUCINATION_T1,,direct,What was Under-five mortality rate for Albania in 2027?,,
CME_MRY0T4,Under-five mortality rate,"per 1,000 live births",CME,annual_modeled,AZE,Azerbaijan,ECA,UMC,2025,HALLUCINATION_T1,,direct,What was Under-five mortality rate for Azerbaijan in 2025?,,
CME_MRY0T4,Under-five mortality rate,"per 1,000 live births",CME,annual_modeled,BHR,Bahrain,MNA,HIC,2028,HALLUCINATION_T1,,direct,What was Under-five mortality rate for Bahrain in 2028?,,
CME_MRY0T4,Under-five mortality rate,"per 1,000 live births",CME,annual_modeled,BLR,Belarus,ECA,UMC,2029,HALLUCINATION_T1,,direct,What was Under-five mortality rate for Belarus in 2029?,,
CME_MRY0T4,Under-five mortality rate,"per 1,000 live births",CME,annual_modeled,CAF,Central African Republic,WCA,LIC,2028,HALLUCINATION_T1,,direct,What was Under-five mortality rate for Central African Republic in 2028?,,
CME_MRY0T4,Under-five mortality rate,"per 1,000 live births",CME,annual_modeled,COM,Comoros,ESA,LIC,2027,HALLUCINATION_T1,,direct,What was Under-five mortality rate for Comoros in 2027?,,
CME_MRY0T4,Under-five mortality rate,"per 1,000 live births",CME,annual_modeled,CYP,Cyprus,ECA,HIC,2026,HALLUCINATION_T1,,direct,What was Under-five mortality rate for Cyprus in 2026?,,
CME_MRY0T4,Under-five mortality rate,"per 1,000 live births",CME,annual_modeled,DZA,Algeria,MNA,LMC,2027,HALLUCINATION_T1,,direct,What was Under-five mortality rate for Algeria in 2027?,,
CME_MRY0T4,Under-five mortality rate,"per 1,000 live births",CME,annual_modeled,GEO,Georgia,ECA,UMC,2029,HALLUCINATION_T1,,direct,What was Under-five mortality rate for Georgia in 2029?,,
CME_MRY0T4,Under-five mortality rate,"per 1,000 live births",CME,annual_modeled,GNB,Guinea-Bissau,WCA,LIC,2029,HALLUCINATION_T1,,direct,What was Under-five mortality rate for Guinea-Bissau in 2029?,,
CME_MRY0T4,Under-five mortality rate,"per 1,000 live births",CME,annual_modeled,IRN,Iran,MNA,UMC,2025,HALLUCINATION_T1,,direct,What was Under-five mortality rate for Iran in 2025?,,
CME_MRY0T4,Under-five mortality rate,"per 1,000 live births",CME,annual_modeled,KGZ,Kyrgyzstan,ECA,LMC,2025,HALLUCINATION_T1,,direct,What was Under-five mortality rate for Kyrgyzstan in 2025?,,
CME_MRY0T4,Under-five mortality rate,"per 1,000 live births",CME,annual_modeled,KWT,Kuwait,MNA,HIC,2029,HALLUCINATION_T1,,direct,What was Under-five mortality rate for Kuwait in 2029?,,
CME_MRY0T4,Under-five mortality rate,"per 1,000 live births",CME,annual_modeled,LAO,Laos,EAP,LMC,2028,HALLUCINATION_T1,,direct,What was Under-five mortality rate for Laos in 2028?,,
CME_MRY0T4,Under-five mortality rate,"per 1,000 live births",CME,annual_modeled,MAR,Morocco,MNA,LMC,2026,HALLUCINATION_T1,,direct,What was Under-five mortality rate for Morocco in 2026?,,
CME_MRY0T4,Under-five mortality rate,"per 1,000 live births",CME,annual_modeled,MLT,Malta,ECA,HIC,2026,HALLUCINATION_T1,,direct,What was Under-five mortality rate for Malta in 2026?,,
CME_MRY0T4,Under-five mortality rate,"per 1,000 live births",CME,annual_modeled,OMN,Oman,MNA,HIC,2025,HALLUCINATION_T1,,direct,What was Under-five mortality rate for Oman in 2025?,,
CME_MRY0T4,Under-five mortality rate,"per 1,000 live births",CME,annual_modeled,TJK,Tajikistan,ECA,LMC,2027,HALLUCINATION_T1,,direct,What was Under-five mortality rate for Tajikistan in 2027?,,
CME_MRY0T4,Under-five mortality rate,"per 1,000 live births",CME,annual_modeled,YEM,Yemen,MNA,LIC,2028,HALLUCINATION_T1,,direct,What was Under-five mortality rate for Yemen in 2028?,,
CME_MRY0T4,Under-five mortality rate,"per 1,000 live births",CME,annual_modeled,ZMB,Zambia,ESA,LIC,2026,HALLUCINATION_T1,,direct,What was Under-five mortality rate for Zambia in 2026?,,
CME_MRY0T4,Under-five mortality rate,"per 1,000 live births",CME,annual_modeled,ATF,French Southern Territories,OTHER,HIC,2023,HALLUCINATION_T2,,baseline_latest,What is the latest available Under-five mortality rate for French Southern Territories?,,
CME_MRY0T4,Under-five mortality rate,"per 1,000 live births",CME,annual_modeled,BLM,Saint Barthelemy,OTHER,HIC,2023,HALLUCINATION_T2,,baseline_latest,What is the latest available Under-five mortality rate for Saint Barthelemy?,,
CME_MRY0T4,Under-five mortality rate,"per 1,000 live births",CME,annual_modeled,BVT,Bouvet Island,OTHER,HIC,2023,HALLUCINATION_T2,,baseline_latest,What is the latest available Under-five mortality rate for Bouvet Island?,,
CME_MRY0T4,Under-five mortality rate,"per 1,000 live births",CME,annual_modeled,CCK,Cocos Islands,OTHER,HIC,2023,HALLUCINATION_T2,,baseline_latest,What is the latest available Under-five mortality rate for Cocos Islands?,,
CME_MRY0T4,Under-five mortality rate,"per 1,000 live births",CME,annual_modeled,CXR,Christmas Island,OTHER,HIC,2023,HALLUCINATION_T2,,baseline_latest,What is the latest available Under-five mortality rate for Christmas Island?,,
CME_MRY0T4,Under-five mortality rate,"per 1,000 live births",CME,annual_modeled,CYM,Cayman Islands,OTHER,HIC,2023,HALLUCINATION_T2,,baseline_latest,What is the latest available Under-five mortality rate for Cayman Islands?,,
CME_MRY0T4,Under-five mortality rate,"per 1,000 live births",CME,annual_modeled,ESH,Western Sahara,OTHER,HIC,2023,HALLUCINATION_T2,,baseline_latest,What is the latest available Under-five mortality rate for Western Sahara?,,
CME_MRY0T4,Under-five mortality rate,"per 1,000 live births",CME,annual_modeled,FLK,Falkland Islands,OTHER,HIC,2023,HALLUCINATION_T2,,baseline_latest,What is the latest available Under-five mortality rate for Falkland Islands?,,
CME_MRY0T4,Under-five mortality rate,"per 1,000 live births",CME,annual_modeled,GLP,Guadeloupe,OTHER,HIC,2023,HALLUCINATION_T2,,baseline_latest,What is the latest available Under-five mortality rate for Guadeloupe?,,
CME_MRY0T4,Under-five mortality rate,"per 1,000 live births",CME,annual_modeled,HMD,Heard and McDonald Islands,OTHER,HIC,2023,HALLUCINATION_T2,,baseline_latest,What is the latest available Under-five mortality rate for Heard and McDonald Islands?,,
CME_MRY0T4,Under-five mortality rate,"per 1,000 live births",CME,annual_modeled,IOT,British Indian Ocean Territory,OTHER,HIC,2023,HALLUCINATION_T2,,baseline_latest,What is the latest available Under-five mortality rate for British Indian Ocean Territory?,,
CME_MRY0T4,Under-five mortality rate,"per 1,000 live births",CME,annual_modeled,MTQ,Martinique,OTHER,HIC,2023,HALLUCINATION_T2,,baseline_latest,What is the latest available Under-five mortality rate for Martinique?,,
CME_MRY0T4,Under-five mortality rate,"per 1,000 live births",CME,annual_modeled,MYT,Mayotte,OTHER,HIC,2023,HALLUCINATION_T2,,baseline_latest,What is the latest available Under-five mortality rate for Mayotte?,,
CME_MRY0T4,Under-five mortality rate,"per 1,000 live births",CME,annual_modeled,NCL,New Caledonia,OTHER,HIC,2023,HALLUCINATION_T2,,baseline_latest,What is the latest available Under-five mortality rate for New Caledonia?,,
CME_MRY0T4,Under-five mortality rate,"per 1,000 live births",CME,annual_modeled,NFK,Norfolk Island,OTHER,HIC,2023,HALLUCINATION_T2,,baseline_latest,What is the latest available Under-five mortality rate for Norfolk Island?,,
CME_MRY0T4,Under-five mortality rate,"per 1,000 live births",CME,annual_modeled,PCN,Pitcairn,OTHER,HIC,2023,HALLUCINATION_T2,,baseline_latest,What is the latest available Under-five mortality rate for Pitcairn?,,
CME_MRY0T4,Under-five mortality rate,"per 1,000 live births",CME,annual_modeled,PYF,French Polynesia,OTHER,HIC,2023,HALLUCINATION_T2,,baseline_latest,What is the latest available Under-five mortality rate for French Polynesia?,,
CME_MRY0T4,Under-five mortality rate,"per 1,000 live births",CME,annual_modeled,REU,Reunion,OTHER,HIC,2023,HALLUCINATION_T2,,baseline_latest,What is the latest available Under-five mortality rate for Reunion?,,
CME_MRY0T4,Under-five mortality rate,"per 1,000 live births",CME,annual_modeled,SGS,South Georgia,OTHER,HIC,2023,HALLUCINATION_T2,,baseline_latest,What is the latest available Under-five mortality rate for South Georgia?,,
CME_MRY0T4,Under-five mortality rate,"per 1,000 live births",CME,annual_modeled,UMI,United States Minor Outlying Islands,OTHER,HIC,2023,HALLUCINATION_T2,,baseline_latest,What is the latest available Under-five mortality rate for United States Minor Outlying Islands?,,
CME_MRY0T4,Under-five mortality rate,"per 1,000 live births",CME,annual_modeled,BHR,Bahrain,MNA,HIC,2024,POSITIVE,8.76694545312907,direct,What was Under-five mortality rate for Bahrain in 2024?,,
CME_MRY0T4,Under-five mortality rate,"per 1,000 live births",CME,annual_modeled,BLR,Belarus,ECA,UMC,2023,POSITIVE,2.44868474128095,baseline_latest,What is the latest available Under-five mortality rate for Belarus?,2024.0,2.33133623833552
CME_MRY0T4,Under-five mortality rate,"per 1,000 live births",CME,annual_modeled,COM,Comoros,ESA,LIC,2023,POSITIVE,40.1859199193298,baseline_latest,What is the latest available Under-five mortality rate for Comoros?,2024.0,38.9734472132848
CME_MRY0T4,Under-five mortality rate,"per 1,000 live births",CME,annual_modeled,CYP,Cyprus,ECA,HIC,2023,POSITIVE,4.56158880781499,baseline_latest,What is the latest available Under-five mortality rate for Cyprus?,2024.0,4.9791870584878
CME_MRY0T4,Under-five mortality rate,"per 1,000 live births",CME,annual_modeled,GEO,Georgia,ECA,UMC,2024,POSITIVE,8.59532865030026,direct,What was Under-five mortality rate for Georgia in 2024?,,
CME_MRY0T4,Under-five mortality rate,"per 1,000 live births",CME,annual_modeled,GNB,Guinea-Bissau,WCA,LIC,2024,POSITIVE,67.3361328119606,direct,What was Under-five mortality rate for Guinea-Bissau in 2024?,,
CME_MRY0T4,Under-five mortality rate,"per 1,000 live births",CME,annual_modeled,KWT,Kuwait,MNA,HIC,2023,POSITIVE,8.35343225040891,baseline_latest,What is the latest available Under-five mortality rate for Kuwait?,2024.0,8.10382261436074
CME_MRY0T4,Under-five mortality rate,"per 1,000 live births",CME,annual_modeled,LAO,Laos,EAP,LMC,2024,POSITIVE,29.3500559642661,direct,What was Under-five mortality rate for Laos in 2024?,,
CME_MRY0T4,Under-five mortality rate,"per 1,000 live births",CME,annual_modeled,MAR,Morocco,MNA,LMC,2023,POSITIVE,16.3179754829336,baseline_latest,What is the latest available Under-five mortality rate for Morocco?,2024.0,15.7315030404638
CME_MRY0T4,Under-five mortality rate,"per 1,000 live births",CME,annual_modeled,ZMB,Zambia,ESA,LIC,2024,POSITIVE,48.3652143961706,direct,What was Under-five mortality rate for Zambia in 2024?,,
CME_MRY1T4,Child mortality rate (1-4),"per 1,000 children aged 1",CME,annual_modeled,ALB,Albania,ECA,UMC,2027,HALLUCINATION_T1,,direct,What was Child mortality rate (1-4) for Albania in 2027?,,
CME_MRY1T4,Child mortality rate (1-4),"per 1,000 children aged 1",CME,annual_modeled,AZE,Azerbaijan,ECA,UMC,2029,HALLUCINATION_T1,,direct,What was Child mortality rate (1-4) for Azerbaijan in 2029?,,
CME_MRY1T4,Child mortality rate (1-4),"per 1,000 children aged 1",CME,annual_modeled,BHR,Bahrain,MNA,HIC,2027,HALLUCINATION_T1,,direct,What was Child mortality rate (1-4) for Bahrain in 2027?,,
CME_MRY1T4,Child mortality rate (1-4),"per 1,000 children aged 1",CME,annual_modeled,BLR,Belarus,ECA,UMC,2026,HALLUCINATION_T1,,direct,What was Child mortality rate (1-4) for Belarus in 2026?,,
CME_MRY1T4,Child mortality rate (1-4),"per 1,000 children aged 1",CME,annual_modeled,CAF,Central African Republic,WCA,LIC,2029,HALLUCINATION_T1,,direct,What was Child mortality rate (1-4) for Central African Republic in 2029?,,
CME_MRY1T4,Child mortality rate (1-4),"per 1,000 children aged 1",CME,annual_modeled,COM,Comoros,ESA,LIC,2028,HALLUCINATION_T1,,direct,What was Child mortality rate (1-4) for Comoros in 2028?,,
CME_MRY1T4,Child mortality rate (1-4),"per 1,000 children aged 1",CME,annual_modeled,CYP,Cyprus,ECA,HIC,2025,HALLUCINATION_T1,,direct,What was Child mortality rate (1-4) for Cyprus in 2025?,,
CME_MRY1T4,Child mortality rate (1-4),"per 1,000 children aged 1",CME,annual_modeled,DZA,Algeria,MNA,LMC,2025,HALLUCINATION_T1,,direct,What was Child mortality rate (1-4) for Algeria in 2025?,,
CME_MRY1T4,Child mortality rate (1-4),"per 1,000 children aged 1",CME,annual_modeled,GEO,Georgia,ECA,UMC,2029,HALLUCINATION_T1,,direct,What was Child mortality rate (1-4) for Georgia in 2029?,,
CME_MRY1T4,Child mortality rate (1-4),"per 1,000 children aged 1",CME,annual_modeled,GNB,Guinea-Bissau,WCA,LIC,2028,HALLUCINATION_T1,,direct,What was Child mortality rate (1-4) for Guinea-Bissau in 2028?,,
CME_MRY1T4,Child mortality rate (1-4),"per 1,000 children aged 1",CME,annual_modeled,IRN,Iran,MNA,UMC,2028,HALLUCINATION_T1,,direct,What was Child mortality rate (1-4) for Iran in 2028?,,
CME_MRY1T4,Child mortality rate (1-4),"per 1,000 children aged 1",CME,annual_modeled,KGZ,Kyrgyzstan,ECA,LMC,2027,HALLUCINATION_T1,,direct,What was Child mortality rate (1-4) for Kyrgyzstan in 2027?,,
CME_MRY1T4,Child mortality rate (1-4),"per 1,000 children aged 1",CME,annual_modeled,KWT,Kuwait,MNA,HIC,2027,HALLUCINATION_T1,,direct,What was Child mortality rate (1-4) for Kuwait in 2027?,,
CME_MRY1T4,Child mortality rate (1-4),"per 1,000 children aged 1",CME,annual_modeled,LAO,Laos,EAP,LMC,2028,HALLUCINATION_T1,,direct,What was Child mortality rate (1-4) for Laos in 2028?,,
CME_MRY1T4,Child mortality rate (1-4),"per 1,000 children aged 1",CME,annual_modeled,MAR,Morocco,MNA,LMC,2026,HALLUCINATION_T1,,direct,What was Child mortality rate (1-4) for Morocco in 2026?,,
CME_MRY1T4,Child mortality rate (1-4),"per 1,000 children aged 1",CME,annual_modeled,MLT,Malta,ECA,HIC,2025,HALLUCINATION_T1,,direct,What was Child mortality rate (1-4) for Malta in 2025?,,
CME_MRY1T4,Child mortality rate (1-4),"per 1,000 children aged 1",CME,annual_modeled,OMN,Oman,MNA,HIC,2029,HALLUCINATION_T1,,direct,What was Child mortality rate (1-4) for Oman in 2029?,,
CME_MRY1T4,Child mortality rate (1-4),"per 1,000 children aged 1",CME,annual_modeled,TJK,Tajikistan,ECA,LMC,2025,HALLUCINATION_T1,,direct,What was Child mortality rate (1-4) for Tajikistan in 2025?,,
CME_MRY1T4,Child mortality rate (1-4),"per 1,000 children aged 1",CME,annual_modeled,YEM,Yemen,MNA,LIC,2026,HALLUCINATION_T1,,direct,What was Child mortality rate (1-4) for Yemen in 2026?,,
CME_MRY1T4,Child mortality rate (1-4),"per 1,000 children aged 1",CME,annual_modeled,ZMB,Zambia,ESA,LIC,2026,HALLUCINATION_T1,,direct,What was Child mortality rate (1-4) for Zambia in 2026?,,
CME_MRY1T4,Child mortality rate (1-4),"per 1,000 children aged 1",CME,annual_modeled,ATA,Antarctica,OTHER,HIC,2023,HALLUCINATION_T2,,baseline_latest,What is the latest available Child mortality rate (1-4) for Antarctica?,,
CME_MRY1T4,Child mortality rate (1-4),"per 1,000 children aged 1",CME,annual_modeled,ATF,French Southern Territories,OTHER,HIC,2023,HALLUCINATION_T2,,baseline_latest,What is the latest available Child mortality rate (1-4) for French Southern Territories?,,
CME_MRY1T4,Child mortality rate (1-4),"per 1,000 children aged 1",CME,annual_modeled,BLM,Saint Barthelemy,OTHER,HIC,2023,HALLUCINATION_T2,,baseline_latest,What is the latest available Child mortality rate (1-4) for Saint Barthelemy?,,
CME_MRY1T4,Child mortality rate (1-4),"per 1,000 children aged 1",CME,annual_modeled,BVT,Bouvet Island,OTHER,HIC,2023,HALLUCINATION_T2,,baseline_latest,What is the latest available Child mortality rate (1-4) for Bouvet Island?,,
CME_MRY1T4,Child mortality rate (1-4),"per 1,000 children aged 1",CME,annual_modeled,CCK,Cocos Islands,OTHER,HIC,2023,HALLUCINATION_T2,,baseline_latest,What is the latest available Child mortality rate (1-4) for Cocos Islands?,,
CME_MRY1T4,Child mortality rate (1-4),"per 1,000 children aged 1",CME,annual_modeled,CXR,Christmas Island,OTHER,HIC,2023,HALLUCINATION_T2,,baseline_latest,What is the latest available Child mortality rate (1-4) for Christmas Island?,,
CME_MRY1T4,Child mortality rate (1-4),"per 1,000 children aged 1",CME,annual_modeled,CYM,Cayman Islands,OTHER,HIC,2023,HALLUCINATION_T2,,baseline_latest,What is the latest available Child mortality rate (1-4) for Cayman Islands?,,
CME_MRY1T4,Child mortality rate (1-4),"per 1,000 children aged 1",CME,annual_modeled,ESH,Western Sahara,OTHER,HIC,2023,HALLUCINATION_T2,,baseline_latest,What is the latest available Child mortality rate (1-4) for Western Sahara?,,
CME_MRY1T4,Child mortality rate (1-4),"per 1,000 children aged 1",CME,annual_modeled,FLK,Falkland Islands,OTHER,HIC,2023,HALLUCINATION_T2,,baseline_latest,What is the latest available Child mortality rate (1-4) for Falkland Islands?,,
CME_MRY1T4,Child mortality rate (1-4),"per 1,000 children aged 1",CME,annual_modeled,GLP,Guadeloupe,OTHER,HIC,2023,HALLUCINATION_T2,,baseline_latest,What is the latest available Child mortality rate (1-4) for Guadeloupe?,,
CME_MRY1T4,Child mortality rate (1-4),"per 1,000 children aged 1",CME,annual_modeled,HMD,Heard and McDonald Islands,OTHER,HIC,2023,HALLUCINATION_T2,,baseline_latest,What is the latest available Child mortality rate (1-4) for Heard and McDonald Islands?,,
CME_MRY1T4,Child mortality rate (1-4),"per 1,000 children aged 1",CME,annual_modeled,IOT,British Indian Ocean Territory,OTHER,HIC,2023,HALLUCINATION_T2,,baseline_latest,What is the latest available Child mortality rate (1-4) for British Indian Ocean Territory?,,
CME_MRY1T4,Child mortality rate (1-4),"per 1,000 children aged 1",CME,annual_modeled,MAF,Saint Martin (French),OTHER,HIC,2023,HALLUCINATION_T2,,baseline_latest,What is the latest available Child mortality rate (1-4) for Saint Martin (French)?,,
CME_MRY1T4,Child mortality rate (1-4),"per 1,000 children aged 1",CME,annual_modeled,MYT,Mayotte,OTHER,HIC,2023,HALLUCINATION_T2,,baseline_latest,What is the latest available Child mortality rate (1-4) for Mayotte?,,
CME_MRY1T4,Child mortality rate (1-4),"per 1,000 children aged 1",CME,annual_modeled,NCL,New Caledonia,OTHER,HIC,2023,HALLUCINATION_T2,,baseline_latest,What is the latest available Child mortality rate (1-4) for New Caledonia?,,
CME_MRY1T4,Child mortality rate (1-4),"per 1,000 children aged 1",CME,annual_modeled,NFK,Norfolk Island,OTHER,HIC,2023,HALLUCINATION_T2,,baseline_latest,What is the latest available Child mortality rate (1-4) for Norfolk Island?,,
CME_MRY1T4,Child mortality rate (1-4),"per 1,000 children aged 1",CME,annual_modeled,PCN,Pitcairn,OTHER,HIC,2023,HALLUCINATION_T2,,baseline_latest,What is the latest available Child mortality rate (1-4) for Pitcairn?,,
CME_MRY1T4,Child mortality rate (1-4),"per 1,000 children aged 1",CME,annual_modeled,PYF,French Polynesia,OTHER,HIC,2023,HALLUCINATION_T2,,baseline_latest,What is the latest available Child mortality rate (1-4) for French Polynesia?,,
CME_MRY1T4,Child mortality rate (1-4),"per 1,000 children aged 1",CME,annual_modeled,SXM,Sint Maarten,OTHER,HIC,2023,HALLUCINATION_T2,,baseline_latest,What is the latest available Child mortality rate (1-4) for Sint Maarten?,,
CME_MRY1T4,Child mortality rate (1-4),"per 1,000 children aged 1",CME,annual_modeled,UMI,United States Minor Outlying Islands,OTHER,HIC,2023,HALLUCINATION_T2,,baseline_latest,What is the latest available Child mortality rate (1-4) for United States Minor Outlying Islands?,,
CME_MRY1T4,Child mortality rate (1-4),"per 1,000 children aged 1",CME,annual_modeled,ALB,Albania,ECA,UMC,2023,POSITIVE,1.04863997075799,baseline_latest,What is the latest available Child mortality rate (1-4) for Albania?,2024.0,0.98340862457319
CME_MRY1T4,Child mortality rate (1-4),"per 1,000 children aged 1",CME,annual_modeled,AZE,Azerbaijan,ECA,UMC,2024,POSITIVE,5.46972502794585,direct,What was Child mortality rate (1-4) for Azerbaijan in 2024?,,
CME_MRY1T4,Child mortality rate (1-4),"per 1,000 children aged 1",CME,annual_modeled,CYP,Cyprus,ECA,HIC,2024,POSITIVE,0.877127703423686,baseline_latest,What is the latest available Child mortality rate (1-4) for Cyprus?,2024.0,0.877127703423686
CME_MRY1T4,Child mortality rate (1-4),"per 1,000 children aged 1",CME,annual_modeled,DZA,Algeria,MNA,LMC,2024,POSITIVE,2.22008238802351,baseline_latest,What is the latest available Child mortality rate (1-4) for Algeria?,2024.0,2.22008238802351
CME_MRY1T4,Child mortality rate (1-4),"per 1,000 children aged 1",CME,annual_modeled,GEO,Georgia,ECA,UMC,2023,POSITIVE,1.19577198572829,direct,What was Child mortality rate (1-4) for Georgia in 2023?,,
CME_MRY1T4,Child mortality rate (1-4),"per 1,000 children aged 1",CME,annual_modeled,KWT,Kuwait,MNA,HIC,2023,POSITIVE,1.1363830467841,direct,What was Child mortality rate (1-4) for Kuwait in 2023?,,
CME_MRY1T4,Child mortality rate (1-4),"per 1,000 children aged 1",CME,annual_modeled,LAO,Laos,EAP,LMC,2024,POSITIVE,2.24879831341723,baseline_latest,What is the latest available Child mortality rate (1-4) for Laos?,2024.0,2.24879831341723
CME_MRY1T4,Child mortality rate (1-4),"per 1,000 children aged 1",CME,annual_modeled,OMN,Oman,MNA,HIC,2024,POSITIVE,2.00583280821692,direct,What was Child mortality rate (1-4) for Oman in 2024?,,
CME_MRY1T4,Child mortality rate (1-4),"per 1,000 children aged 1",CME,annual_modeled,YEM,Yemen,MNA,LIC,2023,POSITIVE,4.76846685596721,direct,What was Child mortality rate (1-4) for Yemen in 2023?,,
CME_MRY1T4,Child mortality rate (1-4),"per 1,000 children aged 1",CME,annual_modeled,YEM,Yemen,MNA,LIC,2024,POSITIVE,4.44659836743871,baseline_latest,What is the latest available Child mortality rate (1-4) for Yemen?,2024.0,4.44659836743871
ED_CR_L1,Education completion rate (primary),percentage,EDUCATION,admin_survey,ALB,Albania,ECA,UMC,2028,HALLUCINATION_T1,,direct,What was Education completion rate (primary) for Albania in 2028?,,
ED_CR_L1,Education completion rate (primary),percentage,EDUCATION,admin_survey,AZE,Azerbaijan,ECA,UMC,2029,HALLUCINATION_T1,,direct,What was Education completion rate (primary) for Azerbaijan in 2029?,,
ED_CR_L1,Education completion rate (primary),percentage,EDUCATION,admin_survey,BHR,Bahrain,MNA,HIC,2025,HALLUCINATION_T1,,direct,What was Education completion rate (primary) for Bahrain in 2025?,,
ED_CR_L1,Education completion rate (primary),percentage,EDUCATION,admin_survey,BLR,Belarus,ECA,UMC,2028,HALLUCINATION_T1,,direct,What was Education completion rate (primary) for Belarus in 2028?,,
ED_CR_L1,Education completion rate (primary),percentage,EDUCATION,admin_survey,CAF,Central African Republic,WCA,LIC,2025,HALLUCINATION_T1,,direct,What was Education completion rate (primary) for Central African Republic in 2025?,,
ED_CR_L1,Education completion rate (primary),percentage,EDUCATION,admin_survey,COM,Comoros,ESA,LIC,2029,HALLUCINATION_T1,,direct,What was Education completion rate (primary) for Comoros in 2029?,,
ED_CR_L1,Education completion rate (primary),percentage,EDUCATION,admin_survey,CYP,Cyprus,ECA,HIC,2026,HALLUCINATION_T1,,direct,What was Education completion rate (primary) for Cyprus in 2026?,,
ED_CR_L1,Education completion rate (primary),percentage,EDUCATION,admin_survey,DZA,Algeria,MNA,LMC,2025,HALLUCINATION_T1,,direct,What was Education completion rate (primary) for Algeria in 2025?,,
ED_CR_L1,Education completion rate (primary),percentage,EDUCATION,admin_survey,GEO,Georgia,ECA,UMC,2026,HALLUCINATION_T1,,direct,What was Education completion rate (primary) for Georgia in 2026?,,
ED_CR_L1,Education completion rate (primary),percentage,EDUCATION,admin_survey,GNB,Guinea-Bissau,WCA,LIC,2028,HALLUCINATION_T1,,direct,What was Education completion rate (primary) for Guinea-Bissau in 2028?,,
ED_CR_L1,Education completion rate (primary),percentage,EDUCATION,admin_survey,IRN,Iran,MNA,UMC,2027,HALLUCINATION_T1,,direct,What was Education completion rate (primary) for Iran in 2027?,,
ED_CR_L1,Education completion rate (primary),percentage,EDUCATION,admin_survey,KGZ,Kyrgyzstan,ECA,LMC,2027,HALLUCINATION_T1,,direct,What was Education completion rate (primary) for Kyrgyzstan in 2027?,,
ED_CR_L1,Education completion rate (primary),percentage,EDUCATION,admin_survey,KWT,Kuwait,MNA,HIC,2026,HALLUCINATION_T1,,direct,What was Education completion rate (primary) for Kuwait in 2026?,,
ED_CR_L1,Education completion rate (primary),percentage,EDUCATION,admin_survey,LAO,Laos,EAP,LMC,2027,HALLUCINATION_T1,,direct,What was Education completion rate (primary) for Laos in 2027?,,
ED_CR_L1,Education completion rate (primary),percentage,EDUCATION,admin_survey,MAR,Morocco,MNA,LMC,2029,HALLUCINATION_T1,,direct,What was Education completion rate (primary) for Morocco in 2029?,,
ED_CR_L1,Education completion rate (primary),percentage,EDUCATION,admin_survey,MLT,Malta,ECA,HIC,2029,HALLUCINATION_T1,,direct,What was Education completion rate (primary) for Malta in 2029?,,
ED_CR_L1,Education completion rate (primary),percentage,EDUCATION,admin_survey,OMN,Oman,MNA,HIC,2026,HALLUCINATION_T1,,direct,What was Education completion rate (primary) for Oman in 2026?,,
ED_CR_L1,Education completion rate (primary),percentage,EDUCATION,admin_survey,TJK,Tajikistan,ECA,LMC,2025,HALLUCINATION_T1,,direct,What was Education completion rate (primary) for Tajikistan in 2025?,,
ED_CR_L1,Education completion rate (primary),percentage,EDUCATION,admin_survey,YEM,Yemen,MNA,LIC,2027,HALLUCINATION_T1,,direct,What was Education completion rate (primary) for Yemen in 2027?,,
ED_CR_L1,Education completion rate (primary),percentage,EDUCATION,admin_survey,ZMB,Zambia,ESA,LIC,2028,HALLUCINATION_T1,,direct,What was Education completion rate (primary) for Zambia in 2028?,,
ED_CR_L1,Education completion rate (primary),percentage,EDUCATION,admin_survey,ATA,Antarctica,OTHER,HIC,2023,HALLUCINATION_T2,,baseline_latest,What is the latest available Education completion rate (primary) for Antarctica?,,
ED_CR_L1,Education completion rate (primary),percentage,EDUCATION,admin_survey,ATF,French Southern Territories,OTHER,HIC,2023,HALLUCINATION_T2,,baseline_latest,What is the latest available Education completion rate (primary) for French Southern Territories?,,
ED_CR_L1,Education completion rate (primary),percentage,EDUCATION,admin_survey,AZE,Azerbaijan,ECA,UMC,2000,HALLUCINATION_T2,,baseline_latest,What is the latest available Education completion rate (primary) for Azerbaijan?,,
ED_CR_L1,Education completion rate (primary),percentage,EDUCATION,admin_survey,BHR,Bahrain,MNA,HIC,2000,HALLUCINATION_T2,,baseline_latest,What is the latest available Education completion rate (primary) for Bahrain?,,
ED_CR_L1,Education completion rate (primary),percentage,EDUCATION,admin_survey,BVT,Bouvet Island,OTHER,HIC,2023,HALLUCINATION_T2,,baseline_latest,What is the latest available Education completion rate (primary) for Bouvet Island?,,
ED_CR_L1,Education completion rate (primary),percentage,EDUCATION,admin_survey,CCK,Cocos Islands,OTHER,HIC,2023,HALLUCINATION_T2,,baseline_latest,What is the latest available Education completion rate (primary) for Cocos Islands?,,
ED_CR_L1,Education completion rate (primary),percentage,EDUCATION,admin_survey,CYP,Cyprus,ECA,HIC,2000,HALLUCINATION_T2,,baseline_latest,What is the latest available Education completion rate (primary) for Cyprus?,,
ED_CR_L1,Education completion rate (primary),percentage,EDUCATION,admin_survey,FLK,Falkland Islands,OTHER,HIC,2023,HALLUCINATION_T2,,baseline_latest,What is the latest available Education completion rate (primary) for Falkland Islands?,,
ED_CR_L1,Education completion rate (primary),percentage,EDUCATION,admin_survey,GLP,Guadeloupe,OTHER,HIC,2023,HALLUCINATION_T2,,baseline_latest,What is the latest available Education completion rate (primary) for Guadeloupe?,,
ED_CR_L1,Education completion rate (primary),percentage,EDUCATION,admin_survey,GUF,French Guiana,OTHER,HIC,2023,HALLUCINATION_T2,,baseline_latest,What is the latest available Education completion rate (primary) for French Guiana?,,
ED_CR_L1,Education completion rate (primary),percentage,EDUCATION,admin_survey,IRN,Iran,MNA,UMC,2000,HALLUCINATION_T2,,baseline_latest,What is the latest available Education completion rate (primary) for Iran?,,
ED_CR_L1,Education completion rate (primary),percentage,EDUCATION,admin_survey,KWT,Kuwait,MNA,HIC,2000,HALLUCINATION_T2,,baseline_latest,What is the latest available Education completion rate (primary) for Kuwait?,,
ED_CR_L1,Education completion rate (primary),percentage,EDUCATION,admin_survey,MAF,Saint Martin (French),OTHER,HIC,2023,HALLUCINATION_T2,,baseline_latest,What is the latest available Education completion rate (primary) for Saint Martin (French)?,,
ED_CR_L1,Education completion rate (primary),percentage,EDUCATION,admin_survey,MAR,Morocco,MNA,LMC,2000,HALLUCINATION_T2,,baseline_latest,What is the latest available Education completion rate (primary) for Morocco?,,
ED_CR_L1,Education completion rate (primary),percentage,EDUCATION,admin_survey,MLT,Malta,ECA,HIC,2000,HALLUCINATION_T2,,baseline_latest,What is the latest available Education completion rate (primary) for Malta?,,
ED_CR_L1,Education completion rate (primary),percentage,EDUCATION,admin_survey,NCL,New Caledonia,OTHER,HIC,2023,HALLUCINATION_T2,,baseline_latest,What is the latest available Education completion rate (primary) for New Caledonia?,,
ED_CR_L1,Education completion rate (primary),percentage,EDUCATION,admin_survey,NFK,Norfolk Island,OTHER,HIC,2023,HALLUCINATION_T2,,baseline_latest,What is the latest available Education completion rate (primary) for Norfolk Island?,,
ED_CR_L1,Education completion rate (primary),percentage,EDUCATION,admin_survey,OMN,Oman,MNA,HIC,2000,HALLUCINATION_T2,,baseline_latest,What is the latest available Education completion rate (primary) for Oman?,,
ED_CR_L1,Education completion rate (primary),percentage,EDUCATION,admin_survey,PYF,French Polynesia,OTHER,HIC,2023,HALLUCINATION_T2,,baseline_latest,What is the latest available Education completion rate (primary) for French Polynesia?,,
ED_CR_L1,Education completion rate (primary),percentage,EDUCATION,admin_survey,WLF,Wallis and Futuna,OTHER,HIC,2023,HALLUCINATION_T2,,baseline_latest,What is the latest available Education completion rate (primary) for Wallis and Futuna?,,
ED_CR_L1,Education completion rate (primary),percentage,EDUCATION,admin_survey,ALB,Albania,ECA,UMC,2018,POSITIVE,94.92128,baseline_latest,What is the latest available Education completion rate (primary) for Albania?,2018.0,94.92128
ED_CR_L1,Education completion rate (primary),percentage,EDUCATION,admin_survey,BLR,Belarus,ECA,UMC,2020,POSITIVE,99.932289,direct,What was Education completion rate (primary) for Belarus in 2020?,,
ED_CR_L1,Education completion rate (primary),percentage,EDUCATION,admin_survey,CAF,Central African Republic,WCA,LIC,2019,POSITIVE,26.755501,baseline_latest,What is the latest available Education completion rate (primary) for Central African Republic?,2019.0,26.755501
ED_CR_L1,Education completion rate (primary),percentage,EDUCATION,admin_survey,COM,Comoros,ESA,LIC,2012,POSITIVE,76.0,baseline_latest,What is the latest available Education completion rate (primary) for Comoros?,2012.0,76.0
ED_CR_L1,Education completion rate (primary),percentage,EDUCATION,admin_survey,DZA,Algeria,MNA,LMC,2020,POSITIVE,94.708633,direct,What was Education completion rate (primary) for Algeria in 2020?,,
ED_CR_L1,Education completion rate (primary),percentage,EDUCATION,admin_survey,GEO,Georgia,ECA,UMC,2018,POSITIVE,99.900002,direct,What was Education completion rate (primary) for Georgia in 2018?,,
ED_CR_L1,Education completion rate (primary),percentage,EDUCATION,admin_survey,GNB,Guinea-Bissau,WCA,LIC,2019,POSITIVE,27.22732,direct,What was Education completion rate (primary) for Guinea-Bissau in 2019?,,
ED_CR_L1,Education completion rate (primary),percentage,EDUCATION,admin_survey,LAO,Laos,EAP,LMC,2017,POSITIVE,83.433311,baseline_latest,What is the latest available Education completion rate (primary) for Laos?,2017.0,83.433311
ED_CR_L1,Education completion rate (primary),percentage,EDUCATION,admin_survey,TJK,Tajikistan,ECA,LMC,2017,POSITIVE,98.471497,direct,What was Education completion rate (primary) for Tajikistan in 2017?,,
ED_CR_L1,Education completion rate (primary),percentage,EDUCATION,admin_survey,YEM,Yemen,MNA,LIC,2013,POSITIVE,62.599998,baseline_latest,What is the latest available Education completion rate (primary) for Yemen?,2013.0,62.599998
MNCH_BIRTH18,Births to women under 18,percentage,MNCH,survey_based,ALB,Albania,ECA,UMC,2025,HALLUCINATION_T1,,direct,What was Births to women under 18 for Albania in 2025?,,
MNCH_BIRTH18,Births to women under 18,percentage,MNCH,survey_based,BHR,Bahrain,MNA,HIC,2029,HALLUCINATION_T1,,direct,What was Births to women under 18 for Bahrain in 2029?,,
MNCH_BIRTH18,Births to women under 18,percentage,MNCH,survey_based,BLR,Belarus,ECA,UMC,2025,HALLUCINATION_T1,,direct,What was Births to women under 18 for Belarus in 2025?,,
MNCH_BIRTH18,Births to women under 18,percentage,MNCH,survey_based,CAF,Central African Republic,WCA,LIC,2015,HALLUCINATION_T1,,direct,What was Births to women under 18 for Central African Republic in 2015?,,
MNCH_BIRTH18,Births to women under 18,percentage,MNCH,survey_based,CAF,Central African Republic,WCA,LIC,2028,HALLUCINATION_T1,,direct,What was Births to women under 18 for Central African Republic in 2028?,,
MNCH_BIRTH18,Births to women under 18,percentage,MNCH,survey_based,DZA,Algeria,MNA,LMC,2026,HALLUCINATION_T1,,direct,What was Births to women under 18 for Algeria in 2026?,,
MNCH_BIRTH18,Births to women under 18,percentage,MNCH,survey_based,GEO,Georgia,ECA,UMC,2014,HALLUCINATION_T1,,direct,What was Births to women under 18 for Georgia in 2014?,,
MNCH_BIRTH18,Births to women under 18,percentage,MNCH,survey_based,GEO,Georgia,ECA,UMC,2017,HALLUCINATION_T1,,direct,What was Births to women under 18 for Georgia in 2017?,,
MNCH_BIRTH18,Births to women under 18,percentage,MNCH,survey_based,GEO,Georgia,ECA,UMC,2026,HALLUCINATION_T1,,direct,What was Births to women under 18 for Georgia in 2026?,,
MNCH_BIRTH18,Births to women under 18,percentage,MNCH,survey_based,GNB,Guinea-Bissau,WCA,LIC,2027,HALLUCINATION_T1,,direct,What was Births to women under 18 for Guinea-Bissau in 2027?,,
MNCH_BIRTH18,Births to women under 18,percentage,MNCH,survey_based,IRN,Iran,MNA,UMC,2027,HALLUCINATION_T1,,direct,What was Births to women under 18 for Iran in 2027?,,
MNCH_BIRTH18,Births to women under 18,percentage,MNCH,survey_based,LAO,Laos,EAP,LMC,2028,HALLUCINATION_T1,,direct,What was Births to women under 18 for Laos in 2028?,,
MNCH_BIRTH18,Births to women under 18,percentage,MNCH,survey_based,MLT,Malta,ECA,HIC,2028,HALLUCINATION_T1,,direct,What was Births to women under 18 for Malta in 2028?,,
MNCH_BIRTH18,Births to women under 18,percentage,MNCH,survey_based,OMN,Oman,MNA,HIC,2027,HALLUCINATION_T1,,direct,What was Births to women under 18 for Oman in 2027?,,
MNCH_BIRTH18,Births to women under 18,percentage,MNCH,survey_based,TJK,Tajikistan,ECA,LMC,2014,HALLUCINATION_T1,,direct,What was Births to women under 18 for Tajikistan in 2014?,,
MNCH_BIRTH18,Births to women under 18,percentage,MNCH,survey_based,TJK,Tajikistan,ECA,LMC,2025,HALLUCINATION_T1,,direct,What was Births to women under 18 for Tajikistan in 2025?,,
MNCH_BIRTH18,Births to women under 18,percentage,MNCH,survey_based,YEM,Yemen,MNA,LIC,2016,HALLUCINATION_T1,,direct,What was Births to women under 18 for Yemen in 2016?,,
MNCH_BIRTH18,Births to women under 18,percentage,MNCH,survey_based,YEM,Yemen,MNA,LIC,2022,HALLUCINATION_T1,,direct,What was Births to women under 18 for Yemen in 2022?,,
MNCH_BIRTH18,Births to women under 18,percentage,MNCH,survey_based,YEM,Yemen,MNA,LIC,2026,HALLUCINATION_T1,,direct,What was Births to women under 18 for Yemen in 2026?,,
MNCH_BIRTH18,Births to women under 18,percentage,MNCH,survey_based,ZMB,Zambia,ESA,LIC,2029,HALLUCINATION_T1,,direct,What was Births to women under 18 for Zambia in 2029?,,
MNCH_BIRTH18,Births to women under 18,percentage,MNCH,survey_based,ATA,Antarctica,OTHER,HIC,2023,HALLUCINATION_T2,,baseline_latest,What is the latest available Births to women under 18 for Antarctica?,,
MNCH_BIRTH18,Births to women under 18,percentage,MNCH,survey_based,ATF,French Southern Territories,OTHER,HIC,2023,HALLUCINATION_T2,,baseline_latest,What is the latest available Births to women under 18 for French Southern Territories?,,
MNCH_BIRTH18,Births to women under 18,percentage,MNCH,survey_based,BHR,Bahrain,MNA,HIC,2000,HALLUCINATION_T2,,baseline_latest,What is the latest available Births to women under 18 for Bahrain?,,
MNCH_BIRTH18,Births to women under 18,percentage,MNCH,survey_based,BLM,Saint Barthelemy,OTHER,HIC,2023,HALLUCINATION_T2,,baseline_latest,What is the latest available Births to women under 18 for Saint Barthelemy?,,
MNCH_BIRTH18,Births to women under 18,percentage,MNCH,survey_based,CCK,Cocos Islands,OTHER,HIC,2023,HALLUCINATION_T2,,baseline_latest,What is the latest available Births to women under 18 for Cocos Islands?,,
MNCH_BIRTH18,Births to women under 18,percentage,MNCH,survey_based,CYP,Cyprus,ECA,HIC,2000,HALLUCINATION_T2,,baseline_latest,What is the latest available Births to women under 18 for Cyprus?,,
MNCH_BIRTH18,Births to women under 18,percentage,MNCH,survey_based,ESH,Western Sahara,OTHER,HIC,2023,HALLUCINATION_T2,,baseline_latest,What is the latest available Births to women under 18 for Western Sahara?,,
MNCH_BIRTH18,Births to women under 18,percentage,MNCH,survey_based,FLK,Falkland Islands,OTHER,HIC,2023,HALLUCINATION_T2,,baseline_latest,What is the latest available Births to women under 18 for Falkland Islands?,,
MNCH_BIRTH18,Births to women under 18,percentage,MNCH,survey_based,GLP,Guadeloupe,OTHER,HIC,2023,HALLUCINATION_T2,,baseline_latest,What is the latest available Births to women under 18 for Guadeloupe?,,
MNCH_BIRTH18,Births to women under 18,percentage,MNCH,survey_based,GUF,French Guiana,OTHER,HIC,2023,HALLUCINATION_T2,,baseline_latest,What is the latest available Births to women under 18 for French Guiana?,,
MNCH_BIRTH18,Births to women under 18,percentage,MNCH,survey_based,HMD,Heard and McDonald Islands,OTHER,HIC,2023,HALLUCINATION_T2,,baseline_latest,What is the latest available Births to women under 18 for Heard and McDonald Islands?,,
MNCH_BIRTH18,Births to women under 18,percentage,MNCH,survey_based,IOT,British Indian Ocean Territory,OTHER,HIC,2023,HALLUCINATION_T2,,baseline_latest,What is the latest available Births to women under 18 for British Indian Ocean Territory?,,
MNCH_BIRTH18,Births to women under 18,percentage,MNCH,survey_based,KWT,Kuwait,MNA,HIC,2000,HALLUCINATION_T2,,baseline_latest,What is the latest available Births to women under 18 for Kuwait?,,
MNCH_BIRTH18,Births to women under 18,percentage,MNCH,survey_based,MAF,Saint Martin (French),OTHER,HIC,2023,HALLUCINATION_T2,,baseline_latest,What is the latest available Births to women under 18 for Saint Martin (French)?,,
MNCH_BIRTH18,Births to women under 18,percentage,MNCH,survey_based,MLT,Malta,ECA,HIC,2000,HALLUCINATION_T2,,baseline_latest,What is the latest available Births to women under 18 for Malta?,,
MNCH_BIRTH18,Births to women under 18,percentage,MNCH,survey_based,NCL,New Caledonia,OTHER,HIC,2023,HALLUCINATION_T2,,baseline_latest,What is the latest available Births to women under 18 for New Caledonia?,,
MNCH_BIRTH18,Births to women under 18,percentage,MNCH,survey_based,NFK,Norfolk Island,OTHER,HIC,2023,HALLUCINATION_T2,,baseline_latest,What is the latest available Births to women under 18 for Norfolk Island?,,
MNCH_BIRTH18,Births to women under 18,percentage,MNCH,survey_based,PYF,French Polynesia,OTHER,HIC,2023,HALLUCINATION_T2,,baseline_latest,What is the latest available Births to women under 18 for French Polynesia?,,
MNCH_BIRTH18,Births to women under 18,percentage,MNCH,survey_based,SGS,South Georgia,OTHER,HIC,2023,HALLUCINATION_T2,,baseline_latest,What is the latest available Births to women under 18 for South Georgia?,,
MNCH_BIRTH18,Births to women under 18,percentage,MNCH,survey_based,SXM,Sint Maarten,OTHER,HIC,2023,HALLUCINATION_T2,,baseline_latest,What is the latest available Births to women under 18 for Sint Maarten?,,
MNCH_BIRTH18,Births to women under 18,percentage,MNCH,survey_based,CAF,Central African Republic,WCA,LIC,2010,POSITIVE,45.3,baseline_latest,What is the latest available Births to women under 18 for Central African Republic?,2019.0,42.8
MNCH_BIRTH18,Births to women under 18,percentage,MNCH,survey_based,GNB,Guinea-Bissau,WCA,LIC,2019,POSITIVE,27.0,direct,What was Births to women under 18 for Guinea-Bissau in 2019?,,
MNCH_BIRTH18,Births to women under 18,percentage,MNCH,survey_based,KGZ,Kyrgyzstan,ECA,LMC,2012,POSITIVE,1.8,baseline_latest,What is the latest available Births to women under 18 for Kyrgyzstan?,2023.0,1.8
MNCH_BIRTH18,Births to women under 18,percentage,MNCH,survey_based,KGZ,Kyrgyzstan,ECA,LMC,2014,POSITIVE,3.5,baseline_latest,What is the latest available Births to women under 18 for Kyrgyzstan?,2023.0,1.8
MNCH_BIRTH18,Births to women under 18,percentage,MNCH,survey_based,KGZ,Kyrgyzstan,ECA,LMC,2023,POSITIVE,1.8,direct,What was Births to women under 18 for Kyrgyzstan in 2023?,,
MNCH_BIRTH18,Births to women under 18,percentage,MNCH,survey_based,LAO,Laos,EAP,LMC,2012,POSITIVE,18.2,baseline_latest,What is the latest available Births to women under 18 for Laos?,2023.0,17.4
MNCH_BIRTH18,Births to women under 18,percentage,MNCH,survey_based,LAO,Laos,EAP,LMC,2017,POSITIVE,18.4,direct,What was Births to women under 18 for Laos in 2017?,,
MNCH_BIRTH18,Births to women under 18,percentage,MNCH,survey_based,TJK,Tajikistan,ECA,LMC,2017,POSITIVE,1.1,baseline_latest,What is the latest available Births to women under 18 for Tajikistan?,2023.0,1.2
MNCH_BIRTH18,Births to women under 18,percentage,MNCH,survey_based,YEM,Yemen,MNA,LIC,2023,POSITIVE,14.5,direct,What was Births to women under 18 for Yemen in 2023?,,
MNCH_BIRTH18,Births to women under 18,percentage,MNCH,survey_based,ZMB,Zambia,ESA,LIC,2019,POSITIVE,30.9,direct,What was Births to women under 18 for Zambia in 2019?,,
MNCH_CSEC,C-section delivery rate,percentage,MNCH,survey_based,AZE,Azerbaijan,ECA,UMC,2016,HALLUCINATION_T1,,direct,What was C-section delivery rate for Azerbaijan in 2016?,,
MNCH_CSEC,C-section delivery rate,percentage,MNCH,survey_based,AZE,Azerbaijan,ECA,UMC,2026,HALLUCINATION_T1,,direct,What was C-section delivery rate for Azerbaijan in 2026?,,
MNCH_CSEC,C-section delivery rate,percentage,MNCH,survey_based,BLR,Belarus,ECA,UMC,2014,HALLUCINATION_T1,,direct,What was C-section delivery rate for Belarus in 2014?,,
MNCH_CSEC,C-section delivery rate,percentage,MNCH,survey_based,CAF,Central African Republic,WCA,LIC,2027,HALLUCINATION_T1,,direct,What was C-section delivery rate for Central African Republic in 2027?,,
MNCH_CSEC,C-section delivery rate,percentage,MNCH,survey_based,COM,Comoros,ESA,LIC,2018,HALLUCINATION_T1,,direct,What was C-section delivery rate for Comoros in 2018?,,
MNCH_CSEC,C-section delivery rate,percentage,MNCH,survey_based,CYP,Cyprus,ECA,HIC,2026,HALLUCINATION_T1,,direct,What was C-section delivery rate for Cyprus in 2026?,,
MNCH_CSEC,C-section delivery rate,percentage,MNCH,survey_based,GEO,Georgia,ECA,UMC,2025,HALLUCINATION_T1,,direct,What was C-section delivery rate for Georgia in 2025?,,
MNCH_CSEC,C-section delivery rate,percentage,MNCH,survey_based,GNB,Guinea-Bissau,WCA,LIC,2028,HALLUCINATION_T1,,direct,What was C-section delivery rate for Guinea-Bissau in 2028?,,
MNCH_CSEC,C-section delivery rate,percentage,MNCH,survey_based,IRN,Iran,MNA,UMC,2025,HALLUCINATION_T1,,direct,What was C-section delivery rate for Iran in 2025?,,
MNCH_CSEC,C-section delivery rate,percentage,MNCH,survey_based,KGZ,Kyrgyzstan,ECA,LMC,2028,HALLUCINATION_T1,,direct,What was C-section delivery rate for Kyrgyzstan in 2028?,,
MNCH_CSEC,C-section delivery rate,percentage,MNCH,survey_based,KWT,Kuwait,MNA,HIC,2025,HALLUCINATION_T1,,direct,What was C-section delivery rate for Kuwait in 2025?,,
MNCH_CSEC,C-section delivery rate,percentage,MNCH,survey_based,LAO,Laos,EAP,LMC,2018,HALLUCINATION_T1,,direct,What was C-section delivery rate for Laos in 2018?,,
MNCH_CSEC,C-section delivery rate,percentage,MNCH,survey_based,LAO,Laos,EAP,LMC,2020,HALLUCINATION_T1,,direct,What was C-section delivery rate for Laos in 2020?,,
MNCH_CSEC,C-section delivery rate,percentage,MNCH,survey_based,LAO,Laos,EAP,LMC,2028,HALLUCINATION_T1,,direct,What was C-section delivery rate for Laos in 2028?,,
MNCH_CSEC,C-section delivery rate,percentage,MNCH,survey_based,MAR,Morocco,MNA,LMC,2026,HALLUCINATION_T1,,direct,What was C-section delivery rate for Morocco in 2026?,,
MNCH_CSEC,C-section delivery rate,percentage,MNCH,survey_based,MLT,Malta,ECA,HIC,2029,HALLUCINATION_T1,,direct,What was C-section delivery rate for Malta in 2029?,,
MNCH_CSEC,C-section delivery rate,percentage,MNCH,survey_based,OMN,Oman,MNA,HIC,2027,HALLUCINATION_T1,,direct,What was C-section delivery rate for Oman in 2027?,,
MNCH_CSEC,C-section delivery rate,percentage,MNCH,survey_based,TJK,Tajikistan,ECA,LMC,2027,HALLUCINATION_T1,,direct,What was C-section delivery rate for Tajikistan in 2027?,,
MNCH_CSEC,C-section delivery rate,percentage,MNCH,survey_based,YEM,Yemen,MNA,LIC,2029,HALLUCINATION_T1,,direct,What was C-section delivery rate for Yemen in 2029?,,
MNCH_CSEC,C-section delivery rate,percentage,MNCH,survey_based,ZMB,Zambia,ESA,LIC,2010,HALLUCINATION_T1,,direct,What was C-section delivery rate for Zambia in 2010?,,
MNCH_CSEC,C-section delivery rate,percentage,MNCH,survey_based,ATF,French Southern Territories,OTHER,HIC,2023,HALLUCINATION_T2,,baseline_latest,What is the latest available C-section delivery rate for French Southern Territories?,,
MNCH_CSEC,C-section delivery rate,percentage,MNCH,survey_based,BHR,Bahrain,MNA,HIC,2000,HALLUCINATION_T2,,baseline_latest,What is the latest available C-section delivery rate for Bahrain?,,
MNCH_CSEC,C-section delivery rate,percentage,MNCH,survey_based,BLM,Saint Barthelemy,OTHER,HIC,2023,HALLUCINATION_T2,,baseline_latest,What is the latest available C-section delivery rate for Saint Barthelemy?,,
MNCH_CSEC,C-section delivery rate,percentage,MNCH,survey_based,BVT,Bouvet Island,OTHER,HIC,2023,HALLUCINATION_T2,,baseline_latest,What is the latest available C-section delivery rate for Bouvet Island?,,
MNCH_CSEC,C-section delivery rate,percentage,MNCH,survey_based,CCK,Cocos Islands,OTHER,HIC,2023,HALLUCINATION_T2,,baseline_latest,What is the latest available C-section delivery rate for Cocos Islands?,,
MNCH_CSEC,C-section delivery rate,percentage,MNCH,survey_based,CYM,Cayman Islands,OTHER,HIC,2023,HALLUCINATION_T2,,baseline_latest,What is the latest available C-section delivery rate for Cayman Islands?,,
MNCH_CSEC,C-section delivery rate,percentage,MNCH,survey_based,CYP,Cyprus,ECA,HIC,2000,HALLUCINATION_T2,,baseline_latest,What is the latest available C-section delivery rate for Cyprus?,,
MNCH_CSEC,C-section delivery rate,percentage,MNCH,survey_based,FLK,Falkland Islands,OTHER,HIC,2023,HALLUCINATION_T2,,baseline_latest,What is the latest available C-section delivery rate for Falkland Islands?,,
MNCH_CSEC,C-section delivery rate,percentage,MNCH,survey_based,GLP,Guadeloupe,OTHER,HIC,2023,HALLUCINATION_T2,,baseline_latest,What is the latest available C-section delivery rate for Guadeloupe?,,
MNCH_CSEC,C-section delivery rate,percentage,MNCH,survey_based,GUF,French Guiana,OTHER,HIC,2023,HALLUCINATION_T2,,baseline_latest,What is the latest available C-section delivery rate for French Guiana?,,
MNCH_CSEC,C-section delivery rate,percentage,MNCH,survey_based,HMD,Heard and McDonald Islands,OTHER,HIC,2023,HALLUCINATION_T2,,baseline_latest,What is the latest available C-section delivery rate for Heard and McDonald Islands?,,
MNCH_CSEC,C-section delivery rate,percentage,MNCH,survey_based,IOT,British Indian Ocean Territory,OTHER,HIC,2023,HALLUCINATION_T2,,baseline_latest,What is the latest available C-section delivery rate for British Indian Ocean Territory?,,
MNCH_CSEC,C-section delivery rate,percentage,MNCH,survey_based,KWT,Kuwait,MNA,HIC,2000,HALLUCINATION_T2,,baseline_latest,What is the latest available C-section delivery rate for Kuwait?,,
MNCH_CSEC,C-section delivery rate,percentage,MNCH,survey_based,MYT,Mayotte,OTHER,HIC,2023,HALLUCINATION_T2,,baseline_latest,What is the latest available C-section delivery rate for Mayotte?,,
MNCH_CSEC,C-section delivery rate,percentage,MNCH,survey_based,NFK,Norfolk Island,OTHER,HIC,2023,HALLUCINATION_T2,,baseline_latest,What is the latest available C-section delivery rate for Norfolk Island?,,
MNCH_CSEC,C-section delivery rate,percentage,MNCH,survey_based,PYF,French Polynesia,OTHER,HIC,2023,HALLUCINATION_T2,,baseline_latest,What is the latest available C-section delivery rate for French Polynesia?,,
MNCH_CSEC,C-section delivery rate,percentage,MNCH,survey_based,REU,Reunion,OTHER,HIC,2023,HALLUCINATION_T2,,baseline_latest,What is the latest available C-section delivery rate for Reunion?,,
MNCH_CSEC,C-section delivery rate,percentage,MNCH,survey_based,SGS,South Georgia,OTHER,HIC,2023,HALLUCINATION_T2,,baseline_latest,What is the latest available C-section delivery rate for South Georgia?,,
MNCH_CSEC,C-section delivery rate,percentage,MNCH,survey_based,SXM,Sint Maarten,OTHER,HIC,2023,HALLUCINATION_T2,,baseline_latest,What is the latest available C-section delivery rate for Sint Maarten?,,
MNCH_CSEC,C-section delivery rate,percentage,MNCH,survey_based,UMI,United States Minor Outlying Islands,OTHER,HIC,2023,HALLUCINATION_T2,,baseline_latest,What is the latest available C-section delivery rate for United States Minor Outlying Islands?,,
MNCH_CSEC,C-section delivery rate,percentage,MNCH,survey_based,AZE,Azerbaijan,ECA,UMC,2023,POSITIVE,47.1,baseline_latest,What is the latest available C-section delivery rate for Azerbaijan?,2023.0,47.1
MNCH_CSEC,C-section delivery rate,percentage,MNCH,survey_based,COM,Comoros,ESA,LIC,2022,POSITIVE,18.1,direct,What was C-section delivery rate for Comoros in 2022?,,
MNCH_CSEC,C-section delivery rate,percentage,MNCH,survey_based,DZA,Algeria,MNA,LMC,2019,POSITIVE,24.8,baseline_latest,What is the latest available C-section delivery rate for Algeria?,2019.0,24.8
MNCH_CSEC,C-section delivery rate,percentage,MNCH,survey_based,GEO,Georgia,ECA,UMC,2017,POSITIVE,44.7,baseline_latest,What is the latest available C-section delivery rate for Georgia?,2020.0,40.6
MNCH_CSEC,C-section delivery rate,percentage,MNCH,survey_based,GNB,Guinea-Bissau,WCA,LIC,2014,POSITIVE,3.9,direct,What was C-section delivery rate for Guinea-Bissau in 2014?,,
MNCH_CSEC,C-section delivery rate,percentage,MNCH,survey_based,GNB,Guinea-Bissau,WCA,LIC,2019,POSITIVE,3.0,direct,What was C-section delivery rate for Guinea-Bissau in 2019?,,
MNCH_CSEC,C-section delivery rate,percentage,MNCH,survey_based,IRN,Iran,MNA,UMC,2016,POSITIVE,50.1,baseline_latest,What is the latest available C-section delivery rate for Iran?,2016.0,50.1
MNCH_CSEC,C-section delivery rate,percentage,MNCH,survey_based,TJK,Tajikistan,ECA,LMC,2023,POSITIVE,10.4,direct,What was C-section delivery rate for Tajikistan in 2023?,,
MNCH_CSEC,C-section delivery rate,percentage,MNCH,survey_based,ZMB,Zambia,ESA,LIC,2014,POSITIVE,4.4,direct,What was C-section delivery rate for Zambia in 2014?,,
MNCH_CSEC,C-section delivery rate,percentage,MNCH,survey_based,ZMB,Zambia,ESA,LIC,2019,POSITIVE,5.0,baseline_latest,What is the latest available C-section delivery rate for Zambia?,2019.0,5.0
NT_ANT_HAZ_NE2,Stunting prevalence,percentage,NUTRITION,survey_based,ALB,Albania,ECA,UMC,2026,HALLUCINATION_T1,,direct,What was Stunting prevalence for Albania in 2026?,,
NT_ANT_HAZ_NE2,Stunting prevalence,percentage,NUTRITION,survey_based,AZE,Azerbaijan,ECA,UMC,2028,HALLUCINATION_T1,,direct,What was Stunting prevalence for Azerbaijan in 2028?,,
NT_ANT_HAZ_NE2,Stunting prevalence,percentage,NUTRITION,survey_based,BLR,Belarus,ECA,UMC,2011,HALLUCINATION_T1,,direct,What was Stunting prevalence for Belarus in 2011?,,
NT_ANT_HAZ_NE2,Stunting prevalence,percentage,NUTRITION,survey_based,BLR,Belarus,ECA,UMC,2013,HALLUCINATION_T1,,direct,What was Stunting prevalence for Belarus in 2013?,,
NT_ANT_HAZ_NE2,Stunting prevalence,percentage,NUTRITION,survey_based,CAF,Central African Republic,WCA,LIC,2026,HALLUCINATION_T1,,direct,What was Stunting prevalence for Central African Republic in 2026?,,
NT_ANT_HAZ_NE2,Stunting prevalence,percentage,NUTRITION,survey_based,COM,Comoros,ESA,LIC,2026,HALLUCINATION_T1,,direct,What was Stunting prevalence for Comoros in 2026?,,
NT_ANT_HAZ_NE2,Stunting prevalence,percentage,NUTRITION,survey_based,DZA,Algeria,MNA,LMC,2027,HALLUCINATION_T1,,direct,What was Stunting prevalence for Algeria in 2027?,,
NT_ANT_HAZ_NE2,Stunting prevalence,percentage,NUTRITION,survey_based,GEO,Georgia,ECA,UMC,2016,HALLUCINATION_T1,,direct,What was Stunting prevalence for Georgia in 2016?,,
NT_ANT_HAZ_NE2,Stunting prevalence,percentage,NUTRITION,survey_based,GNB,Guinea-Bissau,WCA,LIC,2029,HALLUCINATION_T1,,direct,What was Stunting prevalence for Guinea-Bissau in 2029?,,
NT_ANT_HAZ_NE2,Stunting prevalence,percentage,NUTRITION,survey_based,IRN,Iran,MNA,UMC,2028,HALLUCINATION_T1,,direct,What was Stunting prevalence for Iran in 2028?,,
NT_ANT_HAZ_NE2,Stunting prevalence,percentage,NUTRITION,survey_based,KGZ,Kyrgyzstan,ECA,LMC,2029,HALLUCINATION_T1,,direct,What was Stunting prevalence for Kyrgyzstan in 2029?,,
NT_ANT_HAZ_NE2,Stunting prevalence,percentage,NUTRITION,survey_based,KWT,Kuwait,MNA,HIC,2025,HALLUCINATION_T1,,direct,What was Stunting prevalence for Kuwait in 2025?,,
NT_ANT_HAZ_NE2,Stunting prevalence,percentage,NUTRITION,survey_based,LAO,Laos,EAP,LMC,2025,HALLUCINATION_T1,,direct,What was Stunting prevalence for Laos in 2025?,,
NT_ANT_HAZ_NE2,Stunting prevalence,percentage,NUTRITION,survey_based,MAR,Morocco,MNA,LMC,2027,HALLUCINATION_T1,,direct,What was Stunting prevalence for Morocco in 2027?,,
NT_ANT_HAZ_NE2,Stunting prevalence,percentage,NUTRITION,survey_based,MLT,Malta,ECA,HIC,2028,HALLUCINATION_T1,,direct,What was Stunting prevalence for Malta in 2028?,,
NT_ANT_HAZ_NE2,Stunting prevalence,percentage,NUTRITION,survey_based,TJK,Tajikistan,ECA,LMC,2011,HALLUCINATION_T1,,direct,What was Stunting prevalence for Tajikistan in 2011?,,
NT_ANT_HAZ_NE2,Stunting prevalence,percentage,NUTRITION,survey_based,TJK,Tajikistan,ECA,LMC,2018,HALLUCINATION_T1,,direct,What was Stunting prevalence for Tajikistan in 2018?,,
NT_ANT_HAZ_NE2,Stunting prevalence,percentage,NUTRITION,survey_based,TJK,Tajikistan,ECA,LMC,2027,HALLUCINATION_T1,,direct,What was Stunting prevalence for Tajikistan in 2027?,,
NT_ANT_HAZ_NE2,Stunting prevalence,percentage,NUTRITION,survey_based,ZMB,Zambia,ESA,LIC,2010,HALLUCINATION_T1,,direct,What was Stunting prevalence for Zambia in 2010?,,
NT_ANT_HAZ_NE2,Stunting prevalence,percentage,NUTRITION,survey_based,ZMB,Zambia,ESA,LIC,2025,HALLUCINATION_T1,,direct,What was Stunting prevalence for Zambia in 2025?,,
NT_ANT_HAZ_NE2,Stunting prevalence,percentage,NUTRITION,survey_based,ATA,Antarctica,OTHER,HIC,2023,HALLUCINATION_T2,,baseline_latest,What is the latest available Stunting prevalence for Antarctica?,,
NT_ANT_HAZ_NE2,Stunting prevalence,percentage,NUTRITION,survey_based,ATF,French Southern Territories,OTHER,HIC,2023,HALLUCINATION_T2,,baseline_latest,What is the latest available Stunting prevalence for French Southern Territories?,,
NT_ANT_HAZ_NE2,Stunting prevalence,percentage,NUTRITION,survey_based,BHR,Bahrain,MNA,HIC,2000,HALLUCINATION_T2,,baseline_latest,What is the latest available Stunting prevalence for Bahrain?,,
NT_ANT_HAZ_NE2,Stunting prevalence,percentage,NUTRITION,survey_based,BVT,Bouvet Island,OTHER,HIC,2023,HALLUCINATION_T2,,baseline_latest,What is the latest available Stunting prevalence for Bouvet Island?,,
NT_ANT_HAZ_NE2,Stunting prevalence,percentage,NUTRITION,survey_based,CCK,Cocos Islands,OTHER,HIC,2023,HALLUCINATION_T2,,baseline_latest,What is the latest available Stunting prevalence for Cocos Islands?,,
NT_ANT_HAZ_NE2,Stunting prevalence,percentage,NUTRITION,survey_based,CXR,Christmas Island,OTHER,HIC,2023,HALLUCINATION_T2,,baseline_latest,What is the latest available Stunting prevalence for Christmas Island?,,
NT_ANT_HAZ_NE2,Stunting prevalence,percentage,NUTRITION,survey_based,CYM,Cayman Islands,OTHER,HIC,2023,HALLUCINATION_T2,,baseline_latest,What is the latest available Stunting prevalence for Cayman Islands?,,
NT_ANT_HAZ_NE2,Stunting prevalence,percentage,NUTRITION,survey_based,CYP,Cyprus,ECA,HIC,2000,HALLUCINATION_T2,,baseline_latest,What is the latest available Stunting prevalence for Cyprus?,,
NT_ANT_HAZ_NE2,Stunting prevalence,percentage,NUTRITION,survey_based,ESH,Western Sahara,OTHER,HIC,2023,HALLUCINATION_T2,,baseline_latest,What is the latest available Stunting prevalence for Western Sahara?,,
NT_ANT_HAZ_NE2,Stunting prevalence,percentage,NUTRITION,survey_based,FLK,Falkland Islands,OTHER,HIC,2023,HALLUCINATION_T2,,baseline_latest,What is the latest available Stunting prevalence for Falkland Islands?,,
NT_ANT_HAZ_NE2,Stunting prevalence,percentage,NUTRITION,survey_based,GUF,French Guiana,OTHER,HIC,2023,HALLUCINATION_T2,,baseline_latest,What is the latest available Stunting prevalence for French Guiana?,,
NT_ANT_HAZ_NE2,Stunting prevalence,percentage,NUTRITION,survey_based,HMD,Heard and McDonald Islands,OTHER,HIC,2023,HALLUCINATION_T2,,baseline_latest,What is the latest available Stunting prevalence for Heard and McDonald Islands?,,
NT_ANT_HAZ_NE2,Stunting prevalence,percentage,NUTRITION,survey_based,MTQ,Martinique,OTHER,HIC,2023,HALLUCINATION_T2,,baseline_latest,What is the latest available Stunting prevalence for Martinique?,,
NT_ANT_HAZ_NE2,Stunting prevalence,percentage,NUTRITION,survey_based,MYT,Mayotte,OTHER,HIC,2023,HALLUCINATION_T2,,baseline_latest,What is the latest available Stunting prevalence for Mayotte?,,
NT_ANT_HAZ_NE2,Stunting prevalence,percentage,NUTRITION,survey_based,NFK,Norfolk Island,OTHER,HIC,2023,HALLUCINATION_T2,,baseline_latest,What is the latest available Stunting prevalence for Norfolk Island?,,
NT_ANT_HAZ_NE2,Stunting prevalence,percentage,NUTRITION,survey_based,PCN,Pitcairn,OTHER,HIC,2023,HALLUCINATION_T2,,baseline_latest,What is the latest available Stunting prevalence for Pitcairn?,,
NT_ANT_HAZ_NE2,Stunting prevalence,percentage,NUTRITION,survey_based,PYF,French Polynesia,OTHER,HIC,2023,HALLUCINATION_T2,,baseline_latest,What is the latest available Stunting prevalence for French Polynesia?,,
NT_ANT_HAZ_NE2,Stunting prevalence,percentage,NUTRITION,survey_based,SGS,South Georgia,OTHER,HIC,2023,HALLUCINATION_T2,,baseline_latest,What is the latest available Stunting prevalence for South Georgia?,,
NT_ANT_HAZ_NE2,Stunting prevalence,percentage,NUTRITION,survey_based,SXM,Sint Maarten,OTHER,HIC,2023,HALLUCINATION_T2,,baseline_latest,What is the latest available Stunting prevalence for Sint Maarten?,,
NT_ANT_HAZ_NE2,Stunting prevalence,percentage,NUTRITION,survey_based,WLF,Wallis and Futuna,OTHER,HIC,2023,HALLUCINATION_T2,,baseline_latest,What is the latest available Stunting prevalence for Wallis and Futuna?,,
NT_ANT_HAZ_NE2,Stunting prevalence,percentage,NUTRITION,survey_based,AZE,Azerbaijan,ECA,UMC,2023,POSITIVE,6.5536,baseline_latest,What is the latest available Stunting prevalence for Azerbaijan?,2023.0,6.5536
NT_ANT_HAZ_NE2,Stunting prevalence,percentage,NUTRITION,survey_based,BLR,Belarus,ECA,UMC,2019,POSITIVE,1.1,direct,What was Stunting prevalence for Belarus in 2019?,,
NT_ANT_HAZ_NE2,Stunting prevalence,percentage,NUTRITION,survey_based,GNB,Guinea-Bissau,WCA,LIC,2019,POSITIVE,27.696,baseline_latest,What is the latest available Stunting prevalence for Guinea-Bissau?,2019.0,27.696
NT_ANT_HAZ_NE2,Stunting prevalence,percentage,NUTRITION,survey_based,KGZ,Kyrgyzstan,ECA,LMC,2021,POSITIVE,8.5713,direct,What was Stunting prevalence for Kyrgyzstan in 2021?,,
NT_ANT_HAZ_NE2,Stunting prevalence,percentage,NUTRITION,survey_based,KWT,Kuwait,MNA,HIC,2020,POSITIVE,3.8435,direct,What was Stunting prevalence for Kuwait in 2020?,,
NT_ANT_HAZ_NE2,Stunting prevalence,percentage,NUTRITION,survey_based,KWT,Kuwait,MNA,HIC,2023,POSITIVE,3.2053,baseline_latest,What is the latest available Stunting prevalence for Kuwait?,2023.0,3.2053
NT_ANT_HAZ_NE2,Stunting prevalence,percentage,NUTRITION,survey_based,LAO,Laos,EAP,LMC,2023,POSITIVE,32.8,baseline_latest,What is the latest available Stunting prevalence for Laos?,2023.0,32.8
NT_ANT_HAZ_NE2,Stunting prevalence,percentage,NUTRITION,survey_based,TJK,Tajikistan,ECA,LMC,2023,POSITIVE,13.7,direct,What was Stunting prevalence for Tajikistan in 2023?,,
NT_ANT_HAZ_NE2,Stunting prevalence,percentage,NUTRITION,survey_based,YEM,Yemen,MNA,LIC,2021,POSITIVE,45.1,baseline_latest,What is the latest available Stunting prevalence for Yemen?,2022.0,48.5428
NT_ANT_HAZ_NE2,Stunting prevalence,percentage,NUTRITION,survey_based,ZMB,Zambia,ESA,LIC,2018,POSITIVE,34.5873,direct,What was Stunting prevalence for Zambia in 2018?,,
NT_ANT_WAZ_NE2,Underweight prevalence,percentage,NUTRITION,survey_based,ALB,Albania,ECA,UMC,2029,HALLUCINATION_T1,,direct,What was Underweight prevalence for Albania in 2029?,,
NT_ANT_WAZ_NE2,Underweight prevalence,percentage,NUTRITION,survey_based,AZE,Azerbaijan,ECA,UMC,2026,HALLUCINATION_T1,,direct,What was Underweight prevalence for Azerbaijan in 2026?,,
NT_ANT_WAZ_NE2,Underweight prevalence,percentage,NUTRITION,survey_based,BHR,Bahrain,MNA,HIC,2028,HALLUCINATION_T1,,direct,What was Underweight prevalence for Bahrain in 2028?,,
NT_ANT_WAZ_NE2,Underweight prevalence,percentage,NUTRITION,survey_based,CAF,Central African Republic,WCA,LIC,2029,HALLUCINATION_T1,,direct,What was Underweight prevalence for Central African Republic in 2029?,,
NT_ANT_WAZ_NE2,Underweight prevalence,percentage,NUTRITION,survey_based,DZA,Algeria,MNA,LMC,2016,HALLUCINATION_T1,,direct,What was Underweight prevalence for Algeria in 2016?,,
NT_ANT_WAZ_NE2,Underweight prevalence,percentage,NUTRITION,survey_based,DZA,Algeria,MNA,LMC,2026,HALLUCINATION_T1,,direct,What was Underweight prevalence for Algeria in 2026?,,
NT_ANT_WAZ_NE2,Underweight prevalence,percentage,NUTRITION,survey_based,GEO,Georgia,ECA,UMC,2010,HALLUCINATION_T1,,direct,What was Underweight prevalence for Georgia in 2010?,,
NT_ANT_WAZ_NE2,Underweight prevalence,percentage,NUTRITION,survey_based,GEO,Georgia,ECA,UMC,2028,HALLUCINATION_T1,,direct,What was Underweight prevalence for Georgia in 2028?,,
NT_ANT_WAZ_NE2,Underweight prevalence,percentage,NUTRITION,survey_based,GNB,Guinea-Bissau,WCA,LIC,2028,HALLUCINATION_T1,,direct,What was Underweight prevalence for Guinea-Bissau in 2028?,,
NT_ANT_WAZ_NE2,Underweight prevalence,percentage,NUTRITION,survey_based,IRN,Iran,MNA,UMC,2027,HALLUCINATION_T1,,direct,What was Underweight prevalence for Iran in 2027?,,
NT_ANT_WAZ_NE2,Underweight prevalence,percentage,NUTRITION,survey_based,KGZ,Kyrgyzstan,ECA,LMC,2026,HALLUCINATION_T1,,direct,What was Underweight prevalence for Kyrgyzstan in 2026?,,
NT_ANT_WAZ_NE2,Underweight prevalence,percentage,NUTRITION,survey_based,LAO,Laos,EAP,LMC,2013,HALLUCINATION_T1,,direct,What was Underweight prevalence for Laos in 2013?,,
NT_ANT_WAZ_NE2,Underweight prevalence,percentage,NUTRITION,survey_based,LAO,Laos,EAP,LMC,2022,HALLUCINATION_T1,,direct,What was Underweight prevalence for Laos in 2022?,,
NT_ANT_WAZ_NE2,Underweight prevalence,percentage,NUTRITION,survey_based,LAO,Laos,EAP,LMC,2025,HALLUCINATION_T1,,direct,What was Underweight prevalence for Laos in 2025?,,
NT_ANT_WAZ_NE2,Underweight prevalence,percentage,NUTRITION,survey_based,MAR,Morocco,MNA,LMC,2016,HALLUCINATION_T1,,direct,What was Underweight prevalence for Morocco in 2016?,,
NT_ANT_WAZ_NE2,Underweight prevalence,percentage,NUTRITION,survey_based,MAR,Morocco,MNA,LMC,2027,HALLUCINATION_T1,,direct,What was Underweight prevalence for Morocco in 2027?,,
NT_ANT_WAZ_NE2,Underweight prevalence,percentage,NUTRITION,survey_based,MLT,Malta,ECA,HIC,2025,HALLUCINATION_T1,,direct,What was Underweight prevalence for Malta in 2025?,,
NT_ANT_WAZ_NE2,Underweight prevalence,percentage,NUTRITION,survey_based,OMN,Oman,MNA,HIC,2012,HALLUCINATION_T1,,direct,What was Underweight prevalence for Oman in 2012?,,
NT_ANT_WAZ_NE2,Underweight prevalence,percentage,NUTRITION,survey_based,OMN,Oman,MNA,HIC,2025,HALLUCINATION_T1,,direct,What was Underweight prevalence for Oman in 2025?,,
NT_ANT_WAZ_NE2,Underweight prevalence,percentage,NUTRITION,survey_based,YEM,Yemen,MNA,LIC,2027,HALLUCINATION_T1,,direct,What was Underweight prevalence for Yemen in 2027?,,
NT_ANT_WAZ_NE2,Underweight prevalence,percentage,NUTRITION,survey_based,ATA,Antarctica,OTHER,HIC,2023,HALLUCINATION_T2,,baseline_latest,What is the latest available Underweight prevalence for Antarctica?,,
NT_ANT_WAZ_NE2,Underweight prevalence,percentage,NUTRITION,survey_based,ATF,French Southern Territories,OTHER,HIC,2023,HALLUCINATION_T2,,baseline_latest,What is the latest available Underweight prevalence for French Southern Territories?,,
NT_ANT_WAZ_NE2,Underweight prevalence,percentage,NUTRITION,survey_based,BHR,Bahrain,MNA,HIC,2000,HALLUCINATION_T2,,baseline_latest,What is the latest available Underweight prevalence for Bahrain?,,
NT_ANT_WAZ_NE2,Underweight prevalence,percentage,NUTRITION,survey_based,BLM,Saint Barthelemy,OTHER,HIC,2023,HALLUCINATION_T2,,baseline_latest,What is the latest available Underweight prevalence for Saint Barthelemy?,,
NT_ANT_WAZ_NE2,Underweight prevalence,percentage,NUTRITION,survey_based,CCK,Cocos Islands,OTHER,HIC,2023,HALLUCINATION_T2,,baseline_latest,What is the latest available Underweight prevalence for Cocos Islands?,,
NT_ANT_WAZ_NE2,Underweight prevalence,percentage,NUTRITION,survey_based,CXR,Christmas Island,OTHER,HIC,2023,HALLUCINATION_T2,,baseline_latest,What is the latest available Underweight prevalence for Christmas Island?,,
NT_ANT_WAZ_NE2,Underweight prevalence,percentage,NUTRITION,survey_based,CYM,Cayman Islands,OTHER,HIC,2023,HALLUCINATION_T2,,baseline_latest,What is the latest available Underweight prevalence for Cayman Islands?,,
NT_ANT_WAZ_NE2,Underweight prevalence,percentage,NUTRITION,survey_based,CYP,Cyprus,ECA,HIC,2000,HALLUCINATION_T2,,baseline_latest,What is the latest available Underweight prevalence for Cyprus?,,
NT_ANT_WAZ_NE2,Underweight prevalence,percentage,NUTRITION,survey_based,ESH,Western Sahara,OTHER,HIC,2023,HALLUCINATION_T2,,baseline_latest,What is the latest available Underweight prevalence for Western Sahara?,,
NT_ANT_WAZ_NE2,Underweight prevalence,percentage,NUTRITION,survey_based,FLK,Falkland Islands,OTHER,HIC,2023,HALLUCINATION_T2,,baseline_latest,What is the latest available Underweight prevalence for Falkland Islands?,,
NT_ANT_WAZ_NE2,Underweight prevalence,percentage,NUTRITION,survey_based,GUF,French Guiana,OTHER,HIC,2023,HALLUCINATION_T2,,baseline_latest,What is the latest available Underweight prevalence for French Guiana?,,
NT_ANT_WAZ_NE2,Underweight prevalence,percentage,NUTRITION,survey_based,HMD,Heard and McDonald Islands,OTHER,HIC,2023,HALLUCINATION_T2,,baseline_latest,What is the latest available Underweight prevalence for Heard and McDonald Islands?,,
NT_ANT_WAZ_NE2,Underweight prevalence,percentage,NUTRITION,survey_based,MTQ,Martinique,OTHER,HIC,2023,HALLUCINATION_T2,,baseline_latest,What is the latest available Underweight prevalence for Martinique?,,
NT_ANT_WAZ_NE2,Underweight prevalence,percentage,NUTRITION,survey_based,MYT,Mayotte,OTHER,HIC,2023,HALLUCINATION_T2,,baseline_latest,What is the latest available Underweight prevalence for Mayotte?,,
NT_ANT_WAZ_NE2,Underweight prevalence,percentage,NUTRITION,survey_based,NCL,New Caledonia,OTHER,HIC,2023,HALLUCINATION_T2,,baseline_latest,What is the latest available Underweight prevalence for New Caledonia?,,
NT_ANT_WAZ_NE2,Underweight prevalence,percentage,NUTRITION,survey_based,NFK,Norfolk Island,OTHER,HIC,2023,HALLUCINATION_T2,,baseline_latest,What is the latest available Underweight prevalence for Norfolk Island?,,
NT_ANT_WAZ_NE2,Underweight prevalence,percentage,NUTRITION,survey_based,PCN,Pitcairn,OTHER,HIC,2023,HALLUCINATION_T2,,baseline_latest,What is the latest available Underweight prevalence for Pitcairn?,,
NT_ANT_WAZ_NE2,Underweight prevalence,percentage,NUTRITION,survey_based,PYF,French Polynesia,OTHER,HIC,2023,HALLUCINATION_T2,,baseline_latest,What is the latest available Underweight prevalence for French Polynesia?,,
NT_ANT_WAZ_NE2,Underweight prevalence,percentage,NUTRITION,survey_based,REU,Reunion,OTHER,HIC,2023,HALLUCINATION_T2,,baseline_latest,What is the latest available Underweight prevalence for Reunion?,,
NT_ANT_WAZ_NE2,Underweight prevalence,percentage,NUTRITION,survey_based,UMI,United States Minor Outlying Islands,OTHER,HIC,2023,HALLUCINATION_T2,,baseline_latest,What is the latest available Underweight prevalence for United States Minor Outlying Islands?,,
NT_ANT_WAZ_NE2,Underweight prevalence,percentage,NUTRITION,survey_based,CAF,Central African Republic,WCA,LIC,2018,POSITIVE,19.7465,direct,What was Underweight prevalence for Central African Republic in 2018?,,
NT_ANT_WAZ_NE2,Underweight prevalence,percentage,NUTRITION,survey_based,CAF,Central African Republic,WCA,LIC,2022,POSITIVE,18.4,direct,What was Underweight prevalence for Central African Republic in 2022?,,
NT_ANT_WAZ_NE2,Underweight prevalence,percentage,NUTRITION,survey_based,GNB,Guinea-Bissau,WCA,LIC,2019,POSITIVE,16.275,baseline_latest,What is the latest available Underweight prevalence for Guinea-Bissau?,2019.0,16.275
NT_ANT_WAZ_NE2,Underweight prevalence,percentage,NUTRITION,survey_based,KGZ,Kyrgyzstan,ECA,LMC,2021,POSITIVE,1.0,baseline_latest,What is the latest available Underweight prevalence for Kyrgyzstan?,2023.0,2.9078
NT_ANT_WAZ_NE2,Underweight prevalence,percentage,NUTRITION,survey_based,KGZ,Kyrgyzstan,ECA,LMC,2023,POSITIVE,2.9078,baseline_latest,What is the latest available Underweight prevalence for Kyrgyzstan?,2023.0,2.9078
NT_ANT_WAZ_NE2,Underweight prevalence,percentage,NUTRITION,survey_based,KWT,Kuwait,MNA,HIC,2020,POSITIVE,1.7575,direct,What was Underweight prevalence for Kuwait in 2020?,,
NT_ANT_WAZ_NE2,Underweight prevalence,percentage,NUTRITION,survey_based,KWT,Kuwait,MNA,HIC,2021,POSITIVE,2.3906,direct,What was Underweight prevalence for Kuwait in 2021?,,
NT_ANT_WAZ_NE2,Underweight prevalence,percentage,NUTRITION,survey_based,TJK,Tajikistan,ECA,LMC,2017,POSITIVE,7.5771,direct,What was Underweight prevalence for Tajikistan in 2017?,,
NT_ANT_WAZ_NE2,Underweight prevalence,percentage,NUTRITION,survey_based,YEM,Yemen,MNA,LIC,2021,POSITIVE,31.6,baseline_latest,What is the latest available Underweight prevalence for Yemen?,2022.0,40.706
NT_ANT_WAZ_NE2,Underweight prevalence,percentage,NUTRITION,survey_based,ZMB,Zambia,ESA,LIC,2018,POSITIVE,11.8172,baseline_latest,What is the latest available Underweight prevalence for Zambia?,2018.0,11.8172
NT_ANT_WHZ_NE2,Wasting prevalence,percentage,NUTRITION,survey_based,ALB,Albania,ECA,UMC,2026,HALLUCINATION_T1,,direct,What was Wasting prevalence for Albania in 2026?,,
NT_ANT_WHZ_NE2,Wasting prevalence,percentage,NUTRITION,survey_based,AZE,Azerbaijan,ECA,UMC,2010,HALLUCINATION_T1,,direct,What was Wasting prevalence for Azerbaijan in 2010?,,
NT_ANT_WHZ_NE2,Wasting prevalence,percentage,NUTRITION,survey_based,AZE,Azerbaijan,ECA,UMC,2027,HALLUCINATION_T1,,direct,What was Wasting prevalence for Azerbaijan in 2027?,,
NT_ANT_WHZ_NE2,Wasting prevalence,percentage,NUTRITION,survey_based,BHR,Bahrain,MNA,HIC,2025,HALLUCINATION_T1,,direct,What was Wasting prevalence for Bahrain in 2025?,,
NT_ANT_WHZ_NE2,Wasting prevalence,percentage,NUTRITION,survey_based,BLR,Belarus,ECA,UMC,2015,HALLUCINATION_T1,,direct,What was Wasting prevalence for Belarus in 2015?,,
NT_ANT_WHZ_NE2,Wasting prevalence,percentage,NUTRITION,survey_based,BLR,Belarus,ECA,UMC,2029,HALLUCINATION_T1,,direct,What was Wasting prevalence for Belarus in 2029?,,
NT_ANT_WHZ_NE2,Wasting prevalence,percentage,NUTRITION,survey_based,CAF,Central African Republic,WCA,LIC,2025,HALLUCINATION_T1,,direct,What was Wasting prevalence for Central African Republic in 2025?,,
NT_ANT_WHZ_NE2,Wasting prevalence,percentage,NUTRITION,survey_based,CYP,Cyprus,ECA,HIC,2026,HALLUCINATION_T1,,direct,What was Wasting prevalence for Cyprus in 2026?,,
NT_ANT_WHZ_NE2,Wasting prevalence,percentage,NUTRITION,survey_based,GEO,Georgia,ECA,UMC,2015,HALLUCINATION_T1,,direct,What was Wasting prevalence for Georgia in 2015?,,
NT_ANT_WHZ_NE2,Wasting prevalence,percentage,NUTRITION,survey_based,GEO,Georgia,ECA,UMC,2027,HALLUCINATION_T1,,direct,What was Wasting prevalence for Georgia in 2027?,,
NT_ANT_WHZ_NE2,Wasting prevalence,percentage,NUTRITION,survey_based,IRN,Iran,MNA,UMC,2016,HALLUCINATION_T1,,direct,What was Wasting prevalence for Iran in 2016?,,
NT_ANT_WHZ_NE2,Wasting prevalence,percentage,NUTRITION,survey_based,KGZ,Kyrgyzstan,ECA,LMC,2010,HALLUCINATION_T1,,direct,What was Wasting prevalence for Kyrgyzstan in 2010?,,
NT_ANT_WHZ_NE2,Wasting prevalence,percentage,NUTRITION,survey_based,LAO,Laos,EAP,LMC,2028,HALLUCINATION_T1,,direct,What was Wasting prevalence for Laos in 2028?,,
NT_ANT_WHZ_NE2,Wasting prevalence,percentage,NUTRITION,survey_based,MAR,Morocco,MNA,LMC,2025,HALLUCINATION_T1,,direct,What was Wasting prevalence for Morocco in 2025?,,
NT_ANT_WHZ_NE2,Wasting prevalence,percentage,NUTRITION,survey_based,MLT,Malta,ECA,HIC,2027,HALLUCINATION_T1,,direct,What was Wasting prevalence for Malta in 2027?,,
NT_ANT_WHZ_NE2,Wasting prevalence,percentage,NUTRITION,survey_based,OMN,Oman,MNA,HIC,2028,HALLUCINATION_T1,,direct,What was Wasting prevalence for Oman in 2028?,,
NT_ANT_WHZ_NE2,Wasting prevalence,percentage,NUTRITION,survey_based,TJK,Tajikistan,ECA,LMC,2026,HALLUCINATION_T1,,direct,What was Wasting prevalence for Tajikistan in 2026?,,
NT_ANT_WHZ_NE2,Wasting prevalence,percentage,NUTRITION,survey_based,YEM,Yemen,MNA,LIC,2015,HALLUCINATION_T1,,direct,What was Wasting prevalence for Yemen in 2015?,,
NT_ANT_WHZ_NE2,Wasting prevalence,percentage,NUTRITION,survey_based,YEM,Yemen,MNA,LIC,2028,HALLUCINATION_T1,,direct,What was Wasting prevalence for Yemen in 2028?,,
NT_ANT_WHZ_NE2,Wasting prevalence,percentage,NUTRITION,survey_based,ZMB,Zambia,ESA,LIC,2029,HALLUCINATION_T1,,direct,What was Wasting prevalence for Zambia in 2029?,,
NT_ANT_WHZ_NE2,Wasting prevalence,percentage,NUTRITION,survey_based,ATF,French Southern Territories,OTHER,HIC,2023,HALLUCINATION_T2,,baseline_latest,What is the latest available Wasting prevalence for French Southern Territories?,,
NT_ANT_WHZ_NE2,Wasting prevalence,percentage,NUTRITION,survey_based,BHR,Bahrain,MNA,HIC,2000,HALLUCINATION_T2,,baseline_latest,What is the latest available Wasting prevalence for Bahrain?,,
NT_ANT_WHZ_NE2,Wasting prevalence,percentage,NUTRITION,survey_based,BVT,Bouvet Island,OTHER,HIC,2023,HALLUCINATION_T2,,baseline_latest,What is the latest available Wasting prevalence for Bouvet Island?,,
NT_ANT_WHZ_NE2,Wasting prevalence,percentage,NUTRITION,survey_based,CXR,Christmas Island,OTHER,HIC,2023,HALLUCINATION_T2,,baseline_latest,What is the latest available Wasting prevalence for Christmas Island?,,
NT_ANT_WHZ_NE2,Wasting prevalence,percentage,NUTRITION,survey_based,CYP,Cyprus,ECA,HIC,2000,HALLUCINATION_T2,,baseline_latest,What is the latest available Wasting prevalence for Cyprus?,,
NT_ANT_WHZ_NE2,Wasting prevalence,percentage,NUTRITION,survey_based,ESH,Western Sahara,OTHER,HIC,2023,HALLUCINATION_T2,,baseline_latest,What is the latest available Wasting prevalence for Western Sahara?,,
NT_ANT_WHZ_NE2,Wasting prevalence,percentage,NUTRITION,survey_based,FLK,Falkland Islands,OTHER,HIC,2023,HALLUCINATION_T2,,baseline_latest,What is the latest available Wasting prevalence for Falkland Islands?,,
NT_ANT_WHZ_NE2,Wasting prevalence,percentage,NUTRITION,survey_based,GLP,Guadeloupe,OTHER,HIC,2023,HALLUCINATION_T2,,baseline_latest,What is the latest available Wasting prevalence for Guadeloupe?,,
NT_ANT_WHZ_NE2,Wasting prevalence,percentage,NUTRITION,survey_based,GUF,French Guiana,OTHER,HIC,2023,HALLUCINATION_T2,,baseline_latest,What is the latest available Wasting prevalence for French Guiana?,,
NT_ANT_WHZ_NE2,Wasting prevalence,percentage,NUTRITION,survey_based,IOT,British Indian Ocean Territory,OTHER,HIC,2023,HALLUCINATION_T2,,baseline_latest,What is the latest available Wasting prevalence for British Indian Ocean Territory?,,
NT_ANT_WHZ_NE2,Wasting prevalence,percentage,NUTRITION,survey_based,MAF,Saint Martin (French),OTHER,HIC,2023,HALLUCINATION_T2,,baseline_latest,What is the latest available Wasting prevalence for Saint Martin (French)?,,
NT_ANT_WHZ_NE2,Wasting prevalence,percentage,NUTRITION,survey_based,MYT,Mayotte,OTHER,HIC,2023,HALLUCINATION_T2,,baseline_latest,What is the latest available Wasting prevalence for Mayotte?,,
NT_ANT_WHZ_NE2,Wasting prevalence,percentage,NUTRITION,survey_based,NCL,New Caledonia,OTHER,HIC,2023,HALLUCINATION_T2,,baseline_latest,What is the latest available Wasting prevalence for New Caledonia?,,
NT_ANT_WHZ_NE2,Wasting prevalence,percentage,NUTRITION,survey_based,PCN,Pitcairn,OTHER,HIC,2023,HALLUCINATION_T2,,baseline_latest,What is the latest available Wasting prevalence for Pitcairn?,,
NT_ANT_WHZ_NE2,Wasting prevalence,percentage,NUTRITION,survey_based,PYF,French Polynesia,OTHER,HIC,2023,HALLUCINATION_T2,,baseline_latest,What is the latest available Wasting prevalence for French Polynesia?,,
NT_ANT_WHZ_NE2,Wasting prevalence,percentage,NUTRITION,survey_based,REU,Reunion,OTHER,HIC,2023,HALLUCINATION_T2,,baseline_latest,What is the latest available Wasting prevalence for Reunion?,,
NT_ANT_WHZ_NE2,Wasting prevalence,percentage,NUTRITION,survey_based,SGS,South Georgia,OTHER,HIC,2023,HALLUCINATION_T2,,baseline_latest,What is the latest available Wasting prevalence for South Georgia?,,
NT_ANT_WHZ_NE2,Wasting prevalence,percentage,NUTRITION,survey_based,SXM,Sint Maarten,OTHER,HIC,2023,HALLUCINATION_T2,,baseline_latest,What is the latest available Wasting prevalence for Sint Maarten?,,
NT_ANT_WHZ_NE2,Wasting prevalence,percentage,NUTRITION,survey_based,UMI,United States Minor Outlying Islands,OTHER,HIC,2023,HALLUCINATION_T2,,baseline_latest,What is the latest available Wasting prevalence for United States Minor Outlying Islands?,,
NT_ANT_WHZ_NE2,Wasting prevalence,percentage,NUTRITION,survey_based,WLF,Wallis and Futuna,OTHER,HIC,2023,HALLUCINATION_T2,,baseline_latest,What is the latest available Wasting prevalence for Wallis and Futuna?,,
NT_ANT_WHZ_NE2,Wasting prevalence,percentage,NUTRITION,survey_based,BLR,Belarus,ECA,UMC,2020,POSITIVE,1.3,direct,What was Wasting prevalence for Belarus in 2020?,,
NT_ANT_WHZ_NE2,Wasting prevalence,percentage,NUTRITION,survey_based,BLR,Belarus,ECA,UMC,2021,POSITIVE,1.2,direct,What was Wasting prevalence for Belarus in 2021?,,
NT_ANT_WHZ_NE2,Wasting prevalence,percentage,NUTRITION,survey_based,CAF,Central African Republic,WCA,LIC,2018,POSITIVE,6.5337,baseline_latest,What is the latest available Wasting prevalence for Central African Republic?,2022.0,5.2
NT_ANT_WHZ_NE2,Wasting prevalence,percentage,NUTRITION,survey_based,CAF,Central African Republic,WCA,LIC,2019,POSITIVE,5.3802,direct,What was Wasting prevalence for Central African Republic in 2019?,,
NT_ANT_WHZ_NE2,Wasting prevalence,percentage,NUTRITION,survey_based,COM,Comoros,ESA,LIC,2022,POSITIVE,5.0614,baseline_latest,What is the latest available Wasting prevalence for Comoros?,2022.0,5.0614
NT_ANT_WHZ_NE2,Wasting prevalence,percentage,NUTRITION,survey_based,KGZ,Kyrgyzstan,ECA,LMC,2023,POSITIVE,2.9831,baseline_latest,What is the latest available Wasting prevalence for Kyrgyzstan?,2023.0,2.9831
NT_ANT_WHZ_NE2,Wasting prevalence,percentage,NUTRITION,survey_based,KWT,Kuwait,MNA,HIC,2021,POSITIVE,3.1882,direct,What was Wasting prevalence for Kuwait in 2021?,,
NT_ANT_WHZ_NE2,Wasting prevalence,percentage,NUTRITION,survey_based,LAO,Laos,EAP,LMC,2017,POSITIVE,9.0203,direct,What was Wasting prevalence for Laos in 2017?,,
NT_ANT_WHZ_NE2,Wasting prevalence,percentage,NUTRITION,survey_based,LAO,Laos,EAP,LMC,2023,POSITIVE,10.7,baseline_latest,What is the latest available Wasting prevalence for Laos?,2023.0,10.7
NT_ANT_WHZ_NE2,Wasting prevalence,percentage,NUTRITION,survey_based,MLT,Malta,ECA,HIC,2022,POSITIVE,0.4,baseline_latest,What is the latest available Wasting prevalence for Malta?,2022.0,0.4
